symbol,log2FC_mut_vs_ctrl,t,p,fdr_bh
TRIM4,8.770510222111257,243.8377697303296,8.393418856852066e-27,5.145165759250316e-23
MIR4458HG,8.124393818171086,176.8289098078998,7.533590845559969e-25,2.3090455941641306e-21
CTSF,8.06387025596901,70.03566531218367,3.172712687850214e-19,6.482909592173937e-16
NUDT16P1,6.254215013538356,50.56770248323755,2.9801407134640025e-17,3.653652514706867e-14
LOC107986675,5.63358600219863,47.2600897108572,7.64347421072617e-17,7.809082818625237e-14
LINC02506,4.909382980099321,45.24958573167111,1.3995796201477894e-16,1.2256318673579927e-13
TSPYL5,3.405997443881245,33.89928641733148,7.706239139998275e-15,4.132995427289348e-12
RNF24,1.5764816535738992,33.7802631791843,8.090692516716504e-15,4.132995427289348e-12
NAP1L6P,4.706289941416561,32.3403601473789,1.4780775082298845e-14,6.150071152879118e-12
LOC101927610,4.793428323898489,32.0463698576974,1.676978513923887e-14,6.424923931470892e-12
ZNF337,1.4784265563630905,31.820657458702865,1.84908759514516e-14,6.496217467891111e-12
SMAD3,1.4599292787110294,31.17174455032177,2.4580755338685156e-14,7.930527906638948e-12
ZNF343,1.4023180298657991,30.17631467838658,3.847780001018537e-14,9.82787141926818e-12
LOC642366,1.9366369512049835,29.559034501427636,5.1174404675502016e-14,1.2547964026433093e-11
STK35,1.2934537130187624,28.462670661613757,8.616474508109587e-14,1.821344439127992e-11
ZNF133,1.3665773514259465,28.12546336776043,1.0153721521781909e-13,2.0747437642841035e-11
PLD1,2.812158746054538,27.86337092233241,1.155082203548382e-13,2.1456526993186608e-11
RASSF2,1.7086091508339305,26.898845620678724,1.875554259563415e-13,3.284899317463924e-11
TCF4,1.53631499841655,26.308991267335415,2.5438386278912253e-13,4.331591885825892e-11
TBC1D20,1.2032056142947247,25.895830630058153,3.1616472082000054e-13,4.969460868273342e-11
HOXB1,2.2966459660048004,25.54248696132664,3.817888570102843e-13,5.844512888680876e-11
PTPRA,0.9801678049046776,25.453867779623742,4.004397085229964e-13,5.844512888680876e-11
LOC105377908,5.498746233284057,25.081896826906608,4.900539180627061e-13,6.777199382056539e-11
PANK2,1.129660336902633,25.054292602913375,4.975105582260102e-13,6.777199382056539e-11
LOC100131532,5.366054986729503,24.786872207162304,5.763673402341076e-13,7.680721294858869e-11
CPXM1,2.3916104210754496,24.152592679693807,8.221169114610492e-13,1.0041072791552541e-10
PLD6,4.399062829337948,23.29152635787447,1.3509159933656189e-12,1.505657279878408e-10
TLE4,0.9207846927232866,23.14219243146078,1.4750552547385908e-12,1.5863313529030812e-10
DNMT3B,1.5787438433359053,23.097332643382664,1.514688581850145e-12,1.6008691390933429e-10
ULBP1,1.9767137220463449,22.60944720715587,2.027457035916107e-12,2.0045663919622154e-10
PRDM16,1.7804061383837417,22.470354303261264,2.2056088031987495e-12,2.112559681813802e-10
ATRN,1.008477647984971,22.258251020532217,2.510270562774629e-12,2.2556000396043375e-10
FEZF1-AS1,3.978666558351957,22.150858294918635,2.6814262254605547e-12,2.3097616435396066e-10
MXRA5,1.7063734833866153,22.131889399157338,2.712933741188445e-12,2.3097616435396066e-10
ARHGAP17,0.7503878225347241,22.061773748209077,2.8328778094803464e-12,2.3744269468533095e-10
PLEKHG3,1.0569888072849905,21.792259250646904,3.3494946006033066e-12,2.701631829170825e-10
ZNF621,0.6061369506800897,21.55191088644378,3.895647696479126e-12,3.065364487516154e-10
ARHGAP22,2.3506308704307606,21.39651281061319,4.298955801705309e-12,3.2940748830566934e-10
CASC15,1.7272627496829822,21.272674971446175,4.652302565407362e-12,3.520816632832979e-10
THSD7A,0.9462554271524191,21.145708946410014,5.047028096901754e-12,3.717464457128454e-10
RALGAPA2,1.2109684415217332,20.994737794651122,5.5635497798171504e-12,4.0123011941504867e-10
EVC,2.2960524736954526,20.948870923981875,5.731456289140911e-12,4.0786026097434597e-10
CLCN2,1.3675499342021455,20.933599941989932,5.788555090500506e-12,4.0786026097434597e-10
PCNX1,0.672112280892329,20.83206611809822,6.184006993854472e-12,4.3077230536736263e-10
AKR1E2,1.4466838545654215,20.25795318490431,9.03791681094114e-12,5.957250543125718e-10
WASH6P,0.7532556545127533,20.07549698269721,1.0217891435480005e-11,6.457286030875509e-10
PLCH2,1.193374890780895,19.951207839410667,1.1115397744744894e-11,6.81373881752862e-10
LINC00668,6.184555141822436,19.80728498972424,1.2261174233672037e-11,7.272377025625949e-10
PLXNA4,1.2974139427381506,19.79813960880134,1.2338127417048919e-11,7.272377025625949e-10
HOXA9,1.226376182573942,19.44359874072927,1.5758027614177932e-11,8.707180796565956e-10
SCRT2,1.5535063634943096,19.430238327316815,1.590527300682952e-11,8.707180796565956e-10
SLC23A2,1.2921536173733414,19.177304045393004,1.8989075192517492e-11,9.722588898879502e-10
GPR63,1.7315956336270921,19.136652660303277,1.954165472114288e-11,9.8495841670467e-10
RRBP1,1.348557259036596,19.12747831940649,1.9668724562008333e-11,9.8495841670467e-10
BARD1,1.5171141780821475,18.94886000518115,2.23270615165515e-11,1.0949190967716856e-09
GREB1,0.6786936277111038,18.901216201886488,2.3099273343820113e-11,1.1237979809334705e-09
SNX18,1.3482556764271834,18.827208546703275,2.4355948098764752e-11,1.1573795491893639e-09
RIN2,1.3495969537228731,18.480145803599548,3.1306087813921466e-11,1.4215282836988042e-09
SIX1,2.2011880208757786,18.330300130897058,3.493718032193627e-11,1.5407547868594915e-09
NDST3,1.6885049012831819,18.29458173674195,3.5867527727912013e-11,1.5593471274617068e-09
PREX2,1.6723389320428326,18.12602199931974,4.062966421719527e-11,1.7058893263795e-09
CCDC152,7.799854785510867,18.11120683487133,4.107940211277943e-11,1.7130390132744075e-09
LRRTM1,1.7689289219583622,17.6264813480554,5.916564207671935e-11,2.324906320065959e-09
SLFN5,1.1765881627240058,17.51494762604752,6.44309331805501e-11,2.475744971770208e-09
MFAP1,1.2540813963071122,17.511130421225896,6.461977087817834e-11,2.475744971770208e-09
DLL4,1.059070701548275,17.241413719711947,7.958318927941907e-11,2.9388250017038493e-09
NOP56,1.0366540483936058,17.150779741291387,8.541002650304396e-11,3.098008653631121e-09
SP140L,2.341599089963798,16.978976972999934,9.774362455381837e-11,3.3903453979775837e-09
UBOX5,1.2709759037338586,16.898879667577514,1.0413207759643722e-10,3.5368205170885774e-09
SLX4IP,1.2219601903936854,16.895256488986483,1.0443140515383891e-10,3.5368205170885774e-09
KCNB2,0.762355002741593,16.881190653408435,1.0560218786119825e-10,3.5568209427975014e-09
MAPK4,1.0120091751200992,16.851279773297886,1.081387134160258e-10,3.60266474587086e-09
CBX2,1.192642395363913,16.327807761581052,1.6486846258192164e-10,5.130170942269947e-09
DUSP10,1.633949040316989,16.29593992585489,1.6922293563053763e-10,5.171241866547046e-09
PCDHB3,1.2987601270972906,16.294862159541147,1.693723338538936e-10,5.171241866547046e-09
CLSPN,1.1962136605605804,16.167028689805996,1.8813212771251068e-10,5.598300693581022e-09
NVL,0.8171641309940613,16.118318857576345,1.9585389684246321e-10,5.774197544988379e-09
POU3F1,2.585166028464904,16.00024576487176,2.1601143177653836e-10,6.142420999793431e-09
NEUROD1,1.8324572411044122,15.987923210618765,2.1823940743918272e-10,6.165011832268157e-09
GAB2,0.6301143647471491,15.885456589054847,2.3774459599733274e-10,6.56474943001644e-09
EPHA7,2.041987774226053,15.85245485755397,2.444165297698072e-10,6.7187144730444756e-09
ARHGAP28,1.1850967537562302,15.773591087117214,2.6118365032405054e-10,7.14757043074299e-09
NEUROD2,5.053437577913777,15.535085413061894,3.198065887754228e-10,8.413795661774e-09
LINC00645,1.470755184519446,15.522327426116696,3.233148184918661e-10,8.448373573209023e-09
EBF1,1.1132041412018172,15.395835665889829,3.6040720053355676e-10,9.091753659550218e-09
ZIC3,2.122440416829674,15.35037489128866,3.7482651623951404e-10,9.378312426727433e-09
MGLL,2.4880259758985708,15.31575018155935,3.8622160632181684e-10,9.624140027450151e-09
LRRC57,0.7702642811260062,15.171631093452309,4.377809131609126e-10,1.0820955635791912e-08
LHX4,1.3808593742942141,15.165189641518435,4.4025056451423616e-10,1.0838297030009108e-08
ZKSCAN3,0.6510317787358383,15.157719733404072,4.431331611662807e-10,1.0865625111797203e-08
ZEB2,0.922986324321128,15.112297344416564,4.611008128214931e-10,1.1216460248395845e-08
LOC101927468,2.075873358403061,15.006705275857167,5.059446174185803e-10,1.2210395688094084e-08
MECOM,1.7320429628112861,14.984866695796562,5.157875164311403e-10,1.2350693264542538e-08
ESF1,1.430784461309177,14.917857292593073,5.472863489956375e-10,1.2953147951132268e-08
RNF165,0.6027268204060118,14.907388583619234,5.523899774612694e-10,1.302365600706762e-08
HSPA1L,2.5307043328264274,14.840647211560658,5.861451040939173e-10,1.3661861171466589e-08
IRX2,1.439280150857986,14.804189533344125,6.055078284691808e-10,1.4006652786853127e-08
KIF27,0.7177410474916941,14.712848242580169,6.570804578255959e-10,1.5142493257409408e-08
LINC01019,5.880463634748829,14.663594279291083,6.868181029828508e-10,1.576480070677499e-08
LINC01234,2.182251199030319,14.655981902169176,6.915408635976608e-10,1.576480070677499e-08
FAM50B,3.1607952385792744,14.655566503679724,6.917995742451015e-10,1.576480070677499e-08
LINC00654,7.385102853913251,14.620777593348038,7.138370027658857e-10,1.6173389310219024e-08
RCOR2,0.9998652971796169,14.469541636002262,8.187255916298023e-10,1.8053193801045638e-08
ZNF619,1.4695763049229222,14.449762699047087,8.336152390375292e-10,1.831563231290342e-08
POLR2D,0.6212137151664529,14.36521176317134,9.006013785022706e-10,1.9507725972505013e-08
PCDHB4,1.2072706040263643,14.278108462871463,9.75653103291384e-10,2.083886245009123e-08
ANKRD65,2.333963916797007,14.175715899247134,1.0725056035038346e-09,2.2438427813919815e-08
PTN,1.2731377993721333,14.164027971844641,1.0841967737798255e-09,2.2605871507722212e-08
SLC43A3,0.8727525710544781,14.15501524977369,1.093304817373876e-09,2.2667391063498e-08
QSER1,0.6734668974424632,14.147131891657985,1.1013384874284015e-09,2.2731329723690576e-08
GRID2,1.9928637618758362,14.127908033595968,1.1211940958554533e-09,2.306348928722795e-08
PTPN21,0.982402826964068,14.105750793446242,1.1445542758211888e-09,2.3309361165394972e-08
BCL11A,1.5825932493790384,14.042009855740895,1.2146982033999826e-09,2.4626511310648568e-08
ZNF441,0.6310047367577567,14.039752632699877,1.2172647515703942e-09,2.4626511310648568e-08
LOC107985729,3.6200044389538433,13.975152726684712,1.2932244102706638e-09,2.5906750441043036e-08
C20orf194,0.8817922474860097,13.969228209697897,1.3004396119283504e-09,2.5966432642087255e-08
SALL1,0.8343013312091737,13.845661002490536,1.4611406749564973e-09,2.8615949960010635e-08
LDB3,2.5127323863467286,13.83299164756295,1.4787764030548026e-09,2.8869106212502993e-08
NAV1,0.6837698869161734,13.787918703675517,1.5433816054830848e-09,2.9751349816387767e-08
PAK5,0.9476277534142684,13.770249180170051,1.5695238024463471e-09,3.016044172099093e-08
LOC105370469,2.2110956810621345,13.762489305117665,1.5811534785360293e-09,3.028897132320581e-08
RBM6,0.4981282495304382,13.730749239977953,1.629687679758788e-09,3.1121450083867196e-08
SORBS1,0.77742456717806,13.710260354190002,1.6618596808543189e-09,3.153931840135286e-08
DCBLD1,1.3741630388378268,13.679495610856414,1.7114455483491695e-09,3.2181476108528864e-08
ABL1,0.5983312210500764,13.656338639487648,1.7498094114954402e-09,3.260283189199711e-08
CNTN2,1.475745734073038,13.607149448846796,1.8343772726106745e-09,3.3972002057714306e-08
LINC01139,6.59485787264746,13.60261394461211,1.842391485242743e-09,3.401765001366872e-08
GZF1,1.26338552985558,13.563733928933038,1.9126440075104204e-09,3.510331666478706e-08
NHS,1.316356830283852,13.548231379299224,1.941447449587754e-09,3.5419859720157537e-08
ZNF311,1.9945204281798732,13.540174060343176,1.956600162660483e-09,3.559038278073816e-08
TSSC2,1.5850027601540806,13.52081355637387,1.9935278059355383e-09,3.59421336776025e-08
NKX6-1,2.208597626582299,13.496787336477794,2.04039120360506e-09,3.657192420496789e-08
LOC105379585,4.593599881371154,13.481345004695447,2.0711308117834727e-09,3.690706940765316e-08
FAM66B,1.3238836171559036,13.442132639204353,2.151428020307571e-09,3.789728093242934e-08
CCEPR,0.8422291870192704,13.430012753914337,2.176913124979431e-09,3.812707844606833e-08
IRX1,3.3280555639667795,13.418151040039804,2.2021672643416546e-09,3.845950236585283e-08
AKAP13,0.8651290641181973,13.396883326766522,2.2482327162894708e-09,3.904154830270384e-08
XPC,0.5873223025882962,13.334124715043613,2.390257522300566e-09,4.1274024258316816e-08
ZC3H18,0.48064764609963045,13.229127964493596,2.649693295488284e-09,4.4869115749566795e-08
RBCK1,1.1528446061096287,13.217353973145233,2.680605509517777e-09,4.526752554640213e-08
FHDC1,1.456769763312553,13.209795002438593,2.7006538239930223e-09,4.548079104691545e-08
SHC4,0.692041801854364,13.192694376277695,2.746601328419901e-09,4.609352959318423e-08
PITX1,5.0197713182422925,13.186260888617644,2.764102535284311e-09,4.609352959318423e-08
LOC100134868,4.387021371364435,13.185054711182982,2.7673969496366175e-09,4.609352959318423e-08
PAX7,4.198229848329001,13.18475719999761,2.7682101809055294e-09,4.609352959318423e-08
HYDIN2,2.7179407999108847,13.159383315562554,2.838514677418765e-09,4.7027283709667645e-08
GMEB1,0.683626348249886,13.118402607896051,2.9561119510779944e-09,4.8448220884554577e-08
PER2,0.589797064703498,13.110780471522313,2.9785514756470722e-09,4.855989506839509e-08
XRN2,1.1563079782157184,13.052328548746408,3.156789232510243e-09,5.1329225451691746e-08
SHISA3,2.0559260185959523,12.972008901606777,3.4204840224822564e-09,5.4888918999518925e-08
NR4A1,1.022338676869981,12.874871283168828,3.771140723396117e-09,5.942697335326014e-08
KIZ,0.8348103439329214,12.831219259009105,3.9410234695644e-09,6.16287598684433e-08
SYNJ2,2.2700228385068035,12.781838706811559,4.143083587550733e-09,6.445965074031978e-08
MAML1,0.6930616522320623,12.741048450663248,4.3183205364161225e-09,6.684672951573442e-08
PCDHA6,2.2818090624785055,12.732725252478456,4.355038305156477e-09,6.707634374524924e-08
PROSER1,0.600327514668395,12.722446983365032,4.40084060180258e-09,6.761191200263112e-08
ZSCAN29,0.5376713468934171,12.677425569376137,4.607601414976313e-09,7.02601907308577e-08
HOXA6,1.7973381260813124,12.658789416096432,4.696195703647612e-09,7.143344829617832e-08
RBMS3,0.8692223388328416,12.627978046546543,4.846675284461067e-09,7.335831973764528e-08
ZNF587B,0.9040009298834822,12.610423438720751,4.934700890711844e-09,7.450669078833401e-08
DRAXIN,1.7307219727508598,12.602777178157897,4.973573424328761e-09,7.490910341802286e-08
WASH9P,0.7263212233074539,12.52926137184232,5.364410971186965e-09,8.056955594488354e-08
WASH4P,0.8874874924541736,12.527226332267068,5.3756848909392126e-09,8.056955594488354e-08
SDCBP2-AS1,1.9027066804177444,12.507853848943515,5.484279373324587e-09,8.19966647767798e-08
HCRTR2,1.7542164768655102,12.471238653090055,5.6959655946289715e-09,8.474822595892135e-08
PRDM6,2.7726426314078734,12.453320564667257,5.802714091865777e-09,8.612745129088914e-08
SLC10A4,1.311861657515197,12.432351076990747,5.930355097097411e-09,8.759777528965573e-08
LZTS3,0.8676047922199083,12.388055684524124,6.209919510896376e-09,9.08953963011374e-08
SOX9,1.3609789602108509,12.383846500176372,6.237206448556014e-09,9.103351316582945e-08
EBF3,1.1565627648511914,12.346992433464612,6.481648815615444e-09,9.393027716246495e-08
JARID2,0.7707505532699643,12.326657628570253,6.620875566014024e-09,9.572162080109899e-08
AGAP11,1.6442500252082137,12.269736031060443,7.0278161632629935e-09,9.998337295986036e-08
FAM13A,1.3228205381787796,12.26946368617385,7.029826059657392e-09,9.998337295986036e-08
CCDC77,0.9248625306258513,12.231720962561878,7.314377706880896e-09,1.0331137175847901e-07
SALL4,0.971419972045589,12.202490632042384,7.54317662855086e-09,1.0563715019250748e-07
INKA2,1.1276551909394679,12.20188807541218,7.547972558616358e-09,1.0563715019250748e-07
KAT6A,0.5276236487922169,12.193015749394984,7.618967360707672e-09,1.0638785859029164e-07
C20orf96,1.059504685701146,12.143088680445643,8.031966895894469e-09,1.1119869666175349e-07
LOC105376204,0.7279095336311926,12.139191699493216,8.065191268151814e-09,1.1135050106705093e-07
FOXP1,0.9001025588974693,12.126788772837168,8.171912492404762e-09,1.12317990086191e-07
GDF6,1.77707919279191,12.111777826655105,8.303090176728177e-09,1.1386564381061235e-07
BRPF1,0.6466109909955261,12.080705437414355,8.581805781859022e-09,1.1690326542843512e-07
LINC02106,2.051367754177591,12.030987183345893,9.04870415446907e-09,1.2244714451853288e-07
FILIP1L,1.5522562445516064,12.027334921417836,9.08405275576502e-09,1.2265472112960258e-07
FOXO4,0.7489131005030653,11.964587226485952,9.714890885010519e-09,1.2980265500008775e-07
SNX5,0.9406320768956352,11.921263008480585,1.0177586505515906e-08,1.3533320017095988e-07
DLG5,0.5451649747081182,11.845121519768618,1.1048583171339522e-08,1.4440898686633533e-07
LINC01587,4.541488576692541,11.832542547051883,1.1199958991244162e-08,1.4514957424170553e-07
UPF3A,0.5497869430441484,11.738202236378923,1.2408127317972216e-08,1.593074443297887e-07
CCDC144NL-AS1,1.0143101265344747,11.737151351324599,1.2422342314786135e-08,1.593074443297887e-07
OTUD7B,0.589604160101809,11.711975473858205,1.2768124117634356e-08,1.630595850856221e-07
HEPH,2.737766576783622,11.705262096707056,1.2862050613595566e-08,1.6391760969093725e-07
VSTM4,1.2387061282795373,11.697449240102031,1.2972286975039986e-08,1.64979500325716e-07
MPP6,1.4121059783315624,11.671806276510775,1.3341224301962511e-08,1.6932030014706044e-07
BNIP2,0.5356116409064302,11.557544328905587,1.5126358239434685e-08,1.8918965913307583e-07
TRIM9,1.2043514783792253,11.525897858394046,1.5664558973616502e-08,1.9477433368817272e-07
IRX6,6.602819504453974,11.492761943785261,1.6249999997193548e-08,2.008316531911219e-07
NINL,1.7009403661048768,11.375640756476885,1.8513187124464797e-08,2.2517031165271667e-07
MGME1,0.9890972964071207,11.370865644225677,1.8612300647760103e-08,2.25927530635187e-07
INAVA,1.5302148176193855,11.323112360175992,1.963512540329028e-08,2.3647017430681613e-07
ZNF646,0.5226163010717912,11.270276252505315,2.0836926739968138e-08,2.4898705831579864e-07
GSE1,0.7738131144318752,11.267306197609347,2.090676676426923e-08,2.493355647178412e-07
PUS7L,0.7738229893530891,11.258536884241419,2.111443223344104e-08,2.4993396142994623e-07
SHB,0.9759923776272389,11.258301717797451,2.1120031324749126e-08,2.4993396142994623e-07
RBM20,1.7808420243196352,11.191333775372206,2.278062470832467e-08,2.680330699847029e-07
LINC00847,0.7230940655220721,11.165921568637037,2.3446661544072657e-08,2.748145989773717e-07
PLIN2,1.2239441185027344,11.157733688608063,2.3665649618268177e-08,2.768519697709617e-07
RNU6-36P,1.1766189543716268,11.111359473804159,2.494771960514194e-08,2.892043912935919e-07
CABP7,1.6460538940146745,11.106973440494151,2.507274599772974e-08,2.899923263511006e-07
C2orf91,4.475477132672757,11.104639174854771,2.51395572360156e-08,2.902174874892196e-07
VSX2,1.7488156794114826,11.014464327207135,2.7871187335236415e-08,3.175657590427495e-07
FNDC5,0.7253920665244753,10.980350794102197,2.898544234060859e-08,3.2722055533688887e-07
ZNF233,0.8460576766848612,10.968563136043834,2.938140180390227e-08,3.310808695917664e-07
MYBL1,1.6029890010992713,10.95162113779257,2.996061044277004e-08,3.369881504847346e-07
CCDC187,1.5166325114863508,10.930771790212535,3.069012310568346e-08,3.4267842374834174e-07
LIMCH1,0.6956377594775386,10.867167081216257,3.303477607348776e-08,3.6619019408766716e-07
STAT6,1.839250117026758,10.852077189951718,3.3618534655290094e-08,3.7198847912802937e-07
MLXIP,0.8223293259874653,10.80862957423447,3.5361436666972366e-08,3.884688293343021e-07
RGS16,1.3927314259662227,10.797000665433021,3.584405894643482e-08,3.930663351371117e-07
CHEK1,0.8938527950757934,10.786385197411802,3.629074038040864e-08,3.972539973784017e-07
LOC105379152,2.4893185000555635,10.781469631998823,3.649958121863213e-08,3.988278660788146e-07
PRKX,0.5556506982035252,10.699960382802944,4.0155372130077305e-08,4.341312718824936e-07
BCL2L11,0.9983137651385142,10.687520047231587,4.074674992861038e-08,4.3744446567530065e-07
PCDHB2,1.106454853212621,10.678599290490387,4.117651523687674e-08,4.4127978741617906e-07
TXLNA,0.6353349165050796,10.638494756427297,4.316900156773105e-08,4.5692026103904715e-07
HPS5,0.6285238147534905,10.638136219490507,4.318727012648745e-08,4.5692026103904715e-07
LMBR1L,0.5075501664279248,10.637881501196544,4.3200253800842766e-08,4.5692026103904715e-07
LOC643406,4.610023886161646,10.63725394747935,4.323225960891474e-08,4.5692026103904715e-07
ZNF256,0.51793519152477,10.625195122212967,4.3852192871520706e-08,4.618796259491786e-07
WASH3P,0.7106563874545891,10.619654482943222,4.414019503092629e-08,4.641156012685731e-07
SEC14L1P1,1.3428751691366738,10.616283921561722,4.431637997797985e-08,4.6427080199333053e-07
TET1,0.7538705164900968,10.591361641382393,4.5642544256448536e-08,4.726162099527526e-07
ZNF114,1.2693238440939414,10.569714452941406,4.68286908271511e-08,4.8245357104275e-07
SNPH,0.6802210370700756,10.564390387396411,4.7125413447331986e-08,4.8329064158241e-07
WDR76,1.2817816509880902,10.543146823240317,4.832941767340069e-08,4.929439772677973e-07
LRFN5,0.6766156950175637,10.487456998409202,5.164363161332111e-08,5.25000765820329e-07
IQGAP2,1.0062152120292673,10.476970904081776,5.2294276014146926e-08,5.307349535872859e-07
SLC43A1,1.276585742762814,10.47361530524762,5.2504321296096326e-08,5.319859331323479e-07
H19,1.3777582430986008,10.461415050779461,5.3275592197410255e-08,5.389098682675328e-07
RARG,0.9201566580879343,10.455353152527808,5.3663281478291046e-08,5.413692173466918e-07
STOX2,0.584968991550865,10.454853845085147,5.369534814792637e-08,5.413692173466918e-07
LOC101929204,4.261166376237499,10.4173298819695,5.616449295123651e-08,5.634833744534858e-07
KANSL1,0.6104976276394714,10.412949332418913,5.646051320136557e-08,5.646051320136557e-07
KLHL13,1.1536747382525243,10.336154178472704,6.192852562739414e-08,6.172713204811805e-07
SEMA3F,0.9638778636007482,10.28773793242023,6.566312336413181e-08,6.502664720874443e-07
CDC14B,0.6843233370844697,10.23318263529475,7.015995741299808e-08,6.848416225185958e-07
ZNF333,0.6365001566780597,10.203515148130595,7.274174039717421e-08,7.089139405956724e-07
LOC102723872,3.038523628701068,10.14897789735341,7.775482490973612e-08,7.517934963670068e-07
POLR3F,1.141914288054151,10.110094849507412,8.155245113432752e-08,7.872701188242957e-07
DSC2,1.4535801200157596,10.073068287368669,8.535233370464417e-08,8.19786372204773e-07
MTHFSD,0.5027708038618711,10.06680893050258,8.601308139209484e-08,8.238440452086584e-07
POU3F2,1.1442930648736442,10.048766057581506,8.794830585209591e-08,8.371476939027141e-07
ATAD3C,1.489512047117305,10.022771644797862,9.081813007549345e-08,8.604561628481837e-07
LOC107984243,1.2270086585460604,9.993564891922325,9.416170069273556e-08,8.866531877825944e-07
AGO1,0.6963708678707057,9.96546355422594,9.750237333120849e-08,9.111121166468109e-07
IRAK4,1.0196557927626755,9.934728907898451,1.013007303585628e-07,9.41947469187656e-07
NAV2,1.1003964605340404,9.925588164035876,1.0246048259478143e-07,9.48765495930529e-07
NEUROD4,2.615417352566895,9.908426376568661,1.046761877103301e-07,9.650656048143102e-07
GREM2,1.964471988878852,9.802955010193394,1.1946018449325036e-07,1.0913426690665047e-06
ZNF763,0.721969556544474,9.7992066984339,1.2002477217695766e-07,1.0948688295308787e-06
PDE2A,1.6817006779381054,9.750108773846057,1.27687525646985e-07,1.1561662218848123e-06
CRNKL1,1.1006612028122575,9.738015829956,1.2965351697430404e-07,1.1653816526252366e-06
CLDN5,2.7343337336803253,9.696665848915934,1.3662241064336112e-07,1.2195785863281418e-06
RANBP10,0.5987587944725921,9.67253804196195,1.4087159308398909e-07,1.253327816552762e-06
PAG1,1.0285522744412676,9.63011022206065,1.486875635349874e-07,1.3114457042726227e-06
PPIC,0.8127804470590888,9.618448474645586,1.5091560690934024e-07,1.3272778627751158e-06
LINC00965,2.1797304168577547,9.59840885838497,1.5482747879903408e-07,1.3558463500543986e-06
KCNH8,1.3473234688821025,9.585886853900405,1.5732639237555583e-07,1.371850334654562e-06
SPANXN3,3.261744501652644,9.580292625746395,1.5845658978120466e-07,1.3797427490891827e-06
AFDN,0.41818760709304736,9.576263549686677,1.5927591777631908e-07,1.3849097531472852e-06
TNS1,1.462514890509482,9.546230683508117,1.655267325873362e-07,1.435189350438997e-06
LHX1-DT,2.1843108842773438,9.533727385626877,1.6820537408989783e-07,1.454300342977537e-06
UBXN2A,0.6888955145027201,9.523572643687167,1.704147247466279e-07,1.469257753441391e-06
CLDN15,0.6654181567134668,9.514793706861782,1.7234957037537256e-07,1.4838523404508903e-06
NHSL1,1.2641094890469864,9.50840858155074,1.7377146757247847e-07,1.4939959273762876e-06
LINC02078,2.074376134389388,9.497954547627625,1.7612641101712916e-07,1.503775140754675e-06
MNX1,0.6909650917732598,9.493474896837608,1.7714587140825527e-07,1.5102979022706603e-06
EMP2,1.007843300936706,9.463853481901088,1.8404659428468678e-07,1.556132549283892e-06
ZC3H6,0.680086516902772,9.453176688197999,1.8660336975228814e-07,1.5718231804874704e-06
NTN3,0.9809624820008971,9.435568957344884,1.9090258397235276e-07,1.5986045662233559e-06
RBBP9,1.1019409391508415,9.423958184836625,1.9379496376821552e-07,1.6162763644886547e-06
ITPRIP,1.1172935733334304,9.417752338417033,1.953599503659938e-07,1.6249070498555521e-06
SLFN13,2.4479676525715726,9.41433281299067,1.9622800986257154e-07,1.6299155832758313e-06
UBE2O,0.48185401349913115,9.36114782923388,2.1026920279695115e-07,1.7418246123585278e-06
ANKEF1,0.9283386261255756,9.305508111279645,2.2610578841749875e-07,1.852979255346614e-06
LOC100996442,1.5093455012337789,9.285672088883482,2.3205361764313235e-07,1.899183813287585e-06
ATXN3,0.6287201516247102,9.282531510009926,2.33010439470262e-07,1.9044719919369416e-06
CUX2,0.5701137676878087,9.279902659677214,2.338145738291615e-07,1.9084997837187216e-06
KNOP1,0.6802761585954399,9.266942378958987,2.3782223168914335e-07,1.9386306918277244e-06
LINC02449,0.7630602604645573,9.238508033423944,2.4687241118995587e-07,2.0070661546345218e-06
INSM1,1.2518978051267304,9.215391764004687,2.5449906392649485e-07,2.0635969072346742e-06
MIR762HG,1.004697066851536,9.202703585348958,2.5879110240134933e-07,2.0878147879472934e-06
LHX1,1.794688533226819,9.202536409337107,2.5884816294289444e-07,2.0878147879472934e-06
DACH1,1.41979961146228,9.18226058777066,2.658686534723013e-07,2.136008972195553e-06
IRX5,1.2511775260090612,9.170912680862344,2.698857561937507e-07,2.1654446144865072e-06
HYDIN,1.2101925996493852,9.147406239528904,2.784131263324782e-07,2.2280319378826255e-06
AKAP3,1.0762431088446485,9.145058890989029,2.7928022490677033e-07,2.2320570778076953e-06
TMEM196,0.7257682349119907,9.139523056537483,2.8133649532820345e-07,2.245563432762874e-06
ITGB8,0.7180894088930998,9.122308151006344,2.8783416466995586e-07,2.2944387898918456e-06
GOLGA6L4,1.351769103469392,9.03854031815651,3.218037906773712e-07,2.545364176583594e-06
BEND7,0.5995625668473735,9.021473077228627,3.292323062792233e-07,2.590749727203644e-06
MORN1,0.6576689441032098,9.000335678242095,3.3868523772000294e-07,2.6515204434528967e-06
NOL8,0.4473633228172888,8.998532516468748,3.395048503845329e-07,2.654546853134167e-06
GRM2,1.5767268962426721,8.980714355600208,3.477179346454783e-07,2.7049631210365252e-06
ZNF75D,0.6809260481477719,8.967938836621846,3.5373617995611576e-07,2.7378823019330675e-06
MAVS,1.7741096217491068,8.959252158316247,3.578912712649227e-07,2.763064852460927e-06
EDNRB,1.950001089090571,8.952758446420756,3.610311847309611e-07,2.7803029678401903e-06
TANC1,1.6223052475446544,8.946440523932084,3.6411413780526996e-07,2.797017123742237e-06
LMX1A,3.7322185498969414,8.902290756844595,3.864522207714943e-07,2.9464578523995773e-06
LOC105375728,3.388591849903723,8.88250504220187,3.9693025859241085e-07,3.0168713424024485e-06
BFSP2-AS1,1.0104500985033587,8.881154949757676,3.976561247408121e-07,3.0168713424024485e-06
ELK4,0.5763383182311652,8.870967171824807,4.0317907131514444e-07,3.0474570988432006e-06
FLJ12825,0.7341113566919932,8.860725906798391,4.088130237322057e-07,3.0862362505891883e-06
DENND6A,0.5873715018333491,8.84973430198398,4.149526997431005e-07,3.128733148124485e-06
VWC2L,1.4999655056703831,8.845031569420401,4.1760932657038927e-07,3.1400063077051673e-06
LOC105374997,0.8900379951403752,8.844369950669128,4.1798452644166664e-07,3.1400063077051673e-06
SLC9A9,1.3524923946802234,8.836910091558206,4.2223977520752173e-07,3.1642173863350954e-06
DPF3,0.7546138413900582,8.820679852430722,4.316572237841092e-07,3.2229705015792807e-06
CC2D2A,0.7020653783666697,8.815525542829818,4.3469433322395194e-07,3.2338304158529437e-06
IRF2BP2,1.0166537369467241,8.77854327765369,4.5716093388462516e-07,3.3712250144123715e-06
CSNK2A1,1.013830973914672,8.777899622382519,4.5756267732317997e-07,3.3712250144123715e-06
CYCSP6,3.15646497413563,8.766025112997909,4.6504176289469483e-07,3.4028452714122457e-06
TRERF1,0.8129542391632315,8.761092991763569,4.6818620535356824e-07,3.4166445700206826e-06
LMX1B,4.296601219419598,8.752615875996176,4.736434886272305e-07,3.452359792253178e-06
EXOSC2,0.4811537450820669,8.738795366222863,4.826856805350133e-07,3.509920784910595e-06
ADH1C,3.8973905421478707,8.731283232377782,4.876771245169008e-07,3.537823400341541e-06
RNU6-5P,1.0668187264841746,8.726451968466677,4.909161353517039e-07,3.5571110043805494e-06
INO80D,0.5392773749706655,8.716897589553133,4.973889465095447e-07,3.5997570745023716e-06
MAST4,0.9680021112217106,8.689882666947819,5.161848275473766e-07,3.7275792050764256e-06
IGF2,0.6145176677449905,8.689767314930982,5.162666794632766e-07,3.7275792050764256e-06
NDUFAF5,1.0162495846406465,8.679965550629147,5.23272326759273e-07,3.7737168976874635e-06
GABRB2,1.6703194005742823,8.652098371151448,5.437456985434969e-07,3.898434072598405e-06
C1QTNF6,0.8737461839857775,8.640232914991564,5.52719000244422e-07,3.958139569507367e-06
EMSY,0.6062442750074566,8.635575648823608,5.562838269307227e-07,3.979019672211588e-06
LSM8,0.4819164142252855,8.631945064350612,5.590796871245422e-07,3.994357205213804e-06
LOC107985400,1.1256013211095568,8.607855514775638,5.780118340308975e-07,4.120014584429537e-06
MCM8,1.5539946459866214,8.587397902703069,5.94622855410533e-07,4.233493732481495e-06
RORB,0.972194650671271,8.581756185770125,5.992921831312878e-07,4.261787798833868e-06
GOLGA6L5P,1.41693212693154,8.575764593641741,6.042936297717993e-07,4.2874073501170485e-06
EYA4,2.9357626160563526,8.57070704466583,6.085497953533533e-07,4.3027801126996615e-06
THRAP3,0.41754781514016065,8.570687710352797,6.085661268695932e-07,4.3027801126996615e-06
TXNL4B,0.49571713641110415,8.553809549094773,6.230015726357341e-07,4.388324695372357e-06
LOC105369151,0.6821869493114895,8.553791688790943,6.230170387370873e-07,4.388324695372357e-06
NRROS,1.6257198376452544,8.553201108111855,6.235286802070674e-07,4.388324695372357e-06
TRNK,1.433348897194458,8.551818573252966,6.247281611947028e-07,4.391724344178358e-06
ATF4,0.5410631122891446,8.539156475137736,6.358280935119522e-07,4.459526559757742e-06
KAT14,0.9615411017497624,8.47573659720225,6.946544397903566e-07,4.827927115549757e-06
LOC107987142,1.0850847343577819,8.471264226976745,6.990148526099688e-07,4.852730516986534e-06
EDA2R,0.6097222637117792,8.465645682979162,7.045338577435022e-07,4.885511932090123e-06
TSC1,0.7613320954558463,8.438482424474799,7.318742534020298e-07,5.052240060083831e-06
NHLH1,1.8371699960427228,8.425009567933008,7.458496415300711e-07,5.14292272506112e-06
ZNF717,0.8216567829719209,8.422175172012508,7.48825568217507e-07,5.157641273228447e-06
FGF18,0.9463870321386879,8.419117048470211,7.520504963966257e-07,5.174039891034024e-06
KALRN,0.5228871039666957,8.409910607476025,7.618481661845533e-07,5.235570917837793e-06
TET2,0.6525201205969726,8.395858868479163,7.770636640255956e-07,5.3281882108242735e-06
ZNF43,0.5862282121884128,8.382711911535223,7.915909191826088e-07,5.421734452055187e-06
TCERG1,0.3964164220076547,8.37789480168238,7.969855048745224e-07,5.448886028220617e-06
NUMA1,0.9334591849565238,8.377585764906089,7.973329147330984e-07,5.448886028220617e-06
ZNF618,0.5284162863568299,8.357702422693826,8.20025601750017e-07,5.597724876088646e-06
GDF11,0.7086354455817935,8.345492841856855,8.342982444550061e-07,5.68881895273547e-06
SRGAP1,0.699640727335443,8.33479872239829,8.470154015145884e-07,5.762712998095924e-06
ASXL2,0.44092966413168294,8.328326792099908,8.548111624823395e-07,5.802870903673024e-06
GATAD2A,0.6512657395477212,8.30297096615348,8.860927957404753e-07,5.9818545048236485e-06
MME,2.5844210530442573,8.302224453001616,8.870319322813535e-07,5.9818545048236485e-06
PROCA1,0.6597434336553801,8.294553467502837,8.967435198166997e-07,6.020851890992737e-06
CREB5,1.193804440270807,8.254073919657097,9.498887729132657e-07,6.334160885772063e-06
HSPA1A,1.0167579928573434,8.243043196018267,9.649416461032442e-07,6.422467199362527e-06
GALNT5,4.156969849751303,8.239633341095738,9.696457522598305e-07,6.446777073050717e-06
BRD8,0.44170127842629175,8.205009658404286,1.0188087759236742e-06,6.708160898401851e-06
BDKRB2,3.510057543620024,8.188732595628927,1.0428259818994034e-06,6.85157906649876e-06
GPCPD1,1.2601988119130751,8.17607332953075,1.061918870430277e-06,6.96955318601456e-06
TRMT6,0.8620945823080225,8.1744279414723,1.0644274935973118e-06,6.978546027541733e-06
RGS8,1.4212865773380006,8.16688622146862,1.076006381059171e-06,7.039401404367896e-06
AS3MT,0.7183287532743226,8.147123553229369,1.1069848169718402e-06,7.226642095886454e-06
ARHGEF34P,1.6939482446361356,8.107819456372757,1.1714331883216392e-06,7.606870174164881e-06
ZNF280C,0.5800162575958854,8.067850167670588,1.2410572048171094e-06,7.999664211912597e-06
PLXNA2,0.7561640786074575,8.056101329566262,1.2623453097083591e-06,8.111296382088303e-06
LOC107985544,0.8114584859576995,8.053614415748239,1.266900751563476e-06,8.132043567627338e-06
CLEC2D,0.7756163764779147,8.051227517530616,1.2712893402298222e-06,8.151677464025952e-06
LGALS8-AS1,0.9743712450568988,8.048108095904528,1.2770490054494164e-06,8.180052668134715e-06
CAPN10-DT,1.054688517420096,8.035901659122414,1.2998534494617198e-06,8.317433867641277e-06
C15orf40,0.5037874141832445,8.026572086037563,1.317573424369598e-06,8.395764128259496e-06
PTPN3,1.2588274997532796,8.025485105806263,1.319654515218787e-06,8.400293020032362e-06
LOC105374816,2.4652640903799705,8.020290787172886,1.329647458940833e-06,8.455123364426667e-06
UPF2,0.47097199582411586,7.999419678659954,1.3706136032298544e-06,8.67960887169319e-06
PHF12,0.46231253671679545,7.995277442570419,1.37890159787661e-06,8.723082347764313e-06
ABTB1,1.1520457897738654,7.9923313840017,1.384828454936545e-06,8.751544771918578e-06
SIM1,3.7216914383126745,7.969189296517497,1.4323328339388035e-06,9.035149776089096e-06
SCAF11,0.424532357556254,7.958273198670371,1.4553357542007241e-06,9.159351307238643e-06
PCNA,1.2982598240039058,7.935002137957566,1.5056873259985872e-06,9.456827160216536e-06
SRXN1,0.9102998022796155,7.931245391694771,1.5139869347059554e-06,9.499222016118226e-06
GGACT,1.420416265518503,7.92440407231962,1.5292256171876533e-06,9.575232924780711e-06
SERPINA5,2.407596541329746,7.919948269530379,1.5392378077096347e-06,9.618274985993945e-06
ADGRA1-AS1,1.3109747809183803,7.897022837076012,1.591858119572959e-06,9.906690632469279e-06
LOC107986399,4.080961328690674,7.8919641070908755,1.60372338319154e-06,9.952376108143282e-06
PLEKHG4,1.0875625643641564,7.891817027278846,1.60406975446094e-06,9.952376108143282e-06
ZNF254,0.9059193269589063,7.861593274232903,1.6769516681550157e-06,1.0383549217969947e-05
PLCD1,0.9347084190173152,7.850123050566493,1.7055200942177934e-06,1.05179458526711e-05
NANP,0.9025412202337918,7.84778975652155,1.7113942351267553e-06,1.0543564483745739e-05
ODF2L,0.3366671551475514,7.836998510080286,1.7388409750533288e-06,1.0680456089255416e-05
FIRRE,1.4297603739375746,7.82188691761635,1.7780605256657842e-06,1.087775551130864e-05
ZNF426,0.6445223444026251,7.808380558521584,1.8139053334284755e-06,1.1074939934179837e-05
LINC01315,1.0297612388441733,7.799027265393863,1.8391751741922515e-06,1.1206902403378233e-05
MFNG,2.77988056820312,7.795212510777044,1.849588063218363e-06,1.1257593994383667e-05
SMOX,0.8332153132193295,7.78880789013172,1.86721066391648e-06,1.1343906213883076e-05
SBNO2,0.4941862905905751,7.784906038256,1.8780336702929322e-06,1.1398362771183836e-05
LOC100507053,0.9982552542066699,7.772259382327113,1.9135710311907817e-06,1.1591097254149695e-05
PRDM16-DT,1.6320616405379962,7.7653485814560375,1.933290076969637e-06,1.1675929233324015e-05
LINC00652,1.6268429413705772,7.7549358244600715,1.9634079137933267e-06,1.182263725096617e-05
LOC389765,0.5371366825197927,7.754288518851171,1.9652964696141153e-06,1.182263725096617e-05
CDC14A,0.6536450130956637,7.749950279364955,1.978003195128779e-06,1.188741135896021e-05
KCNK10,1.2559565415271474,7.7451398920433565,1.992194378868666e-06,1.1960971148349583e-05
B3GNT8,1.617440546262208,7.744402657455739,1.994378791338403e-06,1.1962369854113905e-05
ZNF518A,0.43329359945350115,7.738816860779511,2.011011838488409e-06,1.2015008846499687e-05
RPRM,1.3342412815992049,7.7363742565623115,2.0183312689310922e-06,1.2035380037497661e-05
TBC1D2,1.1985544549660967,7.719231975513956,2.070497672464957e-06,1.2310524473530734e-05
MFSD4B,0.4671223857018779,7.710175408590656,2.0986313262382674e-06,1.242957490805853e-05
CREBBP,0.5643362831943423,7.701234831400329,2.126800995449544e-06,1.257212160280203e-05
LINC01770,2.257403968961595,7.697494185408488,2.138705146691704e-06,1.2618154522829784e-05
PPP1R17,0.9939448495975357,7.69264988120328,2.154226235599257e-06,1.2695723302689676e-05
CECR2,0.7995357160877026,7.688030519101292,2.169137454145538e-06,1.2748621854182308e-05
NEURL2,3.3561105268393687,7.682797374899199,2.1861617444750445e-06,1.2824087553714854e-05
PYROXD2,1.899720597098227,7.680987585194574,2.192082083910069e-06,1.2846523111251172e-05
ZSCAN23,1.04400116975776,7.680238535748459,2.1945373910630486e-06,1.2847430659485765e-05
LOC105370550,0.6558162686134958,7.679662180318871,2.1964286021437326e-06,1.2847430659485765e-05
TASP1,1.0226709704379444,7.677357413977969,2.2040085173037903e-06,1.2879477798924914e-05
BAZ1B,0.4839373160673165,7.676575045017811,2.2065878488277665e-06,1.2882270012680198e-05
EPG5,0.4556281452875349,7.671956447150242,2.2218796473717312e-06,1.294688425702349e-05
ZNF75A,0.7134585258010246,7.6655472679902745,2.2432855828384277e-06,1.3034446087961669e-05
FKBP14,0.5792333015975152,7.664108500011965,2.2481207725499765e-06,1.3050170772472874e-05
GRIN2A,0.48694918752836225,7.661862263216437,2.2556915962658085e-06,1.3072193999564934e-05
PDZD7,0.7736150213553968,7.656331131040068,2.2744489975313505e-06,1.3153181466855829e-05
GNB4,1.00741413090647,7.592870593733852,2.50184006482864e-06,1.4359812357115695e-05
ZSCAN22,0.6070334987082288,7.57935428167178,2.553302130838351e-06,1.4614138246535099e-05
SLC44A5,0.7100663259094508,7.573957740123463,2.57416006064445e-06,1.4706058873951983e-05
LOC100507373,1.5367101275239547,7.560306996569865,2.6277280165438386e-06,1.498416068968719e-05
LOC105378936,1.5535637754496407,7.559152345125291,2.6323127397207623e-06,1.4991905138446336e-05
LOC112268190,0.9335352748399939,7.558733614470174,2.633977460702562e-06,1.4991905138446336e-05
NASP,0.48088112899068763,7.551955229871146,2.661081026336579e-06,1.5119136715212333e-05
PDE11A,1.6538503377106006,7.542044280297799,2.7012414122167387e-06,1.531611178058526e-05
ITPA,1.0431252613160422,7.52075247794176,2.78969771877106e-06,1.573214996878252e-05
LOC102724093,1.3617469730709935,7.520004542406091,2.792860046623746e-06,1.5735507431804743e-05
RHBDL3,0.9948193043215913,7.51839776528312,2.7996664236708394e-06,1.5759371145181126e-05
ADRA1D,3.6433106618106854,7.499039479075304,2.8830590620434654e-06,1.6135960209337494e-05
TJAP1,0.6903468752156486,7.497261698355556,2.890847831483924e-06,1.6139250643894765e-05
CENPC,0.5490386605188969,7.493091558352038,2.909205219913483e-06,1.621220727097241e-05
ENOX2,0.49080262141041914,7.485096773191194,2.9447439813516632e-06,1.6365621582670622e-05
ZNF445,0.4434041816007697,7.482128928440023,2.958053132278346e-06,1.6424517122105395e-05
FAM182B,0.9725418231407894,7.480945147565075,2.9633794350813324e-06,1.6424517122105395e-05
CD163L1,3.5580397991012336,7.475508933111774,2.987969420746381e-06,1.6530913853046312e-05
NHLRC4,1.2871860566625504,7.472588739332016,3.0012673433280793e-06,1.658951200595232e-05
LOC102724117,1.4433302584397312,7.470085961728644,3.012714146653075e-06,1.663778172881383e-05
LOC105372582,1.306265401230911,7.4059714799013845,3.322220925601338e-06,1.818052227286783e-05
NPIPB2,1.1001471677186772,7.3996453238931625,3.3545286063433266e-06,1.8327326521287516e-05
NEU4,2.2281157267993605,7.396936356368417,3.3684645097569717e-06,1.838707697667875e-05
ARID1A,0.4379206286892097,7.391353853043359,3.3973758948616285e-06,1.8528393447955324e-05
ZFHX3,0.5698276053531336,7.389606906126438,3.406476894454934e-06,1.856151410045222e-05
WASH7P,0.7127504571020267,7.377249927604723,3.471591483976928e-06,1.88827469359171e-05
LINC01971,1.773670762671762,7.370548971440309,3.507449767805437e-06,1.906087506794976e-05
CHD7,0.7094378141396772,7.356358169138488,3.584683909323012e-06,1.942892339889484e-05
ZNF543,0.49408075252052447,7.3550246968566535,3.5920330406045893e-06,1.945155701316796e-05
ZNF70,1.1699472110986733,7.346894688845234,3.637184934845159e-06,1.9678679303266395e-05
ZNF814,0.636086788845352,7.344347639823013,3.6514534122269884e-06,1.9720080207259123e-05
TAP2,1.1596343313231625,7.343807302388975,3.6544879470548716e-06,1.9720080207259123e-05
LINC01012,1.1959829890099478,7.314090182877437,3.82554404552055e-06,2.0516697286999975e-05
FASTKD5,0.9553418847412185,7.309296422098937,3.85391932429709e-06,2.0614769160507122e-05
RAD51C,0.9962694919446519,7.304600728782002,3.881929391860162e-06,2.074649273940958e-05
ZBTB40,0.563064297933913,7.29415339433895,3.945021334961355e-06,2.1046980664328207e-05
NMU,2.7428310928577067,7.252563399583638,4.2071093092908064e-06,2.2386788251695e-05
NUTM2E,0.5383127424803823,7.244754648911818,4.258332381860042e-06,2.2639702949524766e-05
CASP8AP2,0.7001248745309123,7.226990107056556,4.3773275723015506e-06,2.3211953302948532e-05
TF,1.3364573989249584,7.196766126404582,4.587908157316692e-06,2.4244721555475275e-05
STK32B,2.080581137163428,7.19496429637998,4.600794747435559e-06,2.4291879243565872e-05
CRLS1,0.8950924460449384,7.144996042146764,4.973797207806259e-06,2.603704259936154e-05
STAM-AS1,1.364571994889292,7.139947047337454,5.013221248346631e-06,2.6221029225567274e-05
TRIM56,1.4460382279162713,7.135829859637984,5.0456131916494554e-06,2.6367952996428954e-05
PPM1F-AS1,0.7197765628996955,7.133902222060445,5.060854601145094e-06,2.6425075557938184e-05
GJC1,0.7416501544180292,7.133179559427163,5.066581034016079e-06,2.643246105405835e-05
DPPA4,1.155506821872206,7.130662906978662,5.086576528755036e-06,2.6493468237611656e-05
DSP,0.47484665302205703,7.130619921820961,5.086918779065077e-06,2.6493468237611656e-05
SHLD1,0.9839849412809988,7.112174804344775,5.236043169180017e-06,2.7154775488217852e-05
ZC3H4,0.5164711758535873,7.107794759985084,5.272127132472387e-06,2.7318799088804507e-05
DOC2B,0.8914663774453628,7.104905947506857,5.296069256386315e-06,2.74196828899055e-05
GINS1,0.94287748083279,7.094376504366085,5.384310307267575e-06,2.7853014500886276e-05
FAM182A,1.1756630957371743,7.089844267971402,5.422767958553984e-06,2.8028303192188803e-05
LY6G5B,0.48760295199381065,7.088330955778023,5.435673316206908e-06,2.80713373448596e-05
KCNN1,1.1586656085706435,7.079854449602938,5.508560748630863e-06,2.8399896878979975e-05
TIMM29,0.501832718574854,7.074492151849553,5.5552010013022556e-06,2.859226040132899e-05
ZCCHC3,1.0676560478832289,7.073864579883912,5.5606866354146335e-06,2.859648412339908e-05
PCDH8,1.0520149717091511,7.069130123371892,5.602255098195267e-06,2.878610540816176e-05
THNSL2,1.022943206394499,7.06661669432397,5.624455878421944e-06,2.887597532221651e-05
LOC102724055,2.5718038869355033,7.060454378838445,5.679279875473603e-06,2.9108683642686613e-05
FOXP2,2.2950905709602596,7.0595856054083495,5.687054215536255e-06,2.9124179065361105e-05
ZNF462,0.6108746305579335,7.049433803343447,5.778734481186661e-06,2.954432224326458e-05
SEC23B,0.9548731834974689,7.03413185416657,5.919878735733636e-06,3.0115233734478992e-05
INO80,0.5576264135821131,7.030150106472837,5.957198364328872e-06,3.0254868246342985e-05
PINK1-AS,0.5255742058300716,7.026757569727462,5.989191023424835e-06,3.039216968012768e-05
C5orf38,1.1037997618125057,7.024143519261559,6.013965740859614e-06,3.0492646808494154e-05
CEP164,0.5637372152262019,7.0191508764713335,6.061584053087811e-06,3.0683328030906926e-05
CCDC125,0.9293762244517811,7.017014412579492,6.082082173322498e-06,3.076168623965917e-05
MBNL2,0.44167121891287436,6.99744380043145,6.273283525857677e-06,3.162436514268714e-05
RBBP6,0.8130382579923638,6.987725502259405,6.370572067002714e-06,3.208841969657078e-05
CFLAR,0.5661846364806468,6.9839360643540855,6.408937035518245e-06,3.2255159300268345e-05
CHD1,0.5477932511636564,6.983134953521187,6.417078739852158e-06,3.226964124306294e-05
HRC,2.693214424003144,6.965334133323697,6.600826902299897e-06,3.316644992712981e-05
ZNF862,0.46502733050672546,6.918017539600818,7.116701514487023e-06,3.551230329225071e-05
LINC01686,1.3692622951589808,6.917740831061982,7.119840252231015e-06,3.551230329225071e-05
LOC101929440,0.9232684586429155,6.910646064134836,7.200816736804982e-06,3.5857844513902954e-05
ZNF205-AS1,0.9996709139617896,6.895479072017567,7.377195053887879e-06,3.667656583968588e-05
NKAP,0.5621285263348458,6.865733299944184,7.73644810355825e-06,3.8307291498232695e-05
SERPINB9P1,1.1831412171540212,6.852596329669633,7.900927972067778e-06,3.905861973288345e-05
TBX3,0.9270157557614845,6.850583429697019,7.92645361562933e-06,3.915323180000628e-05
PALLD,0.3878680170623454,6.842364494850295,8.031582243877811e-06,3.957684819531429e-05
SNAPC4,0.45430795765719123,6.835196848053527,8.124461676074754e-06,3.990102995623978e-05
LOC101929823,1.1789670484584447,6.834976856322254,8.127330176610001e-06,3.990102995623978e-05
PODXL,0.505837303347617,6.831746270260034,8.169577164028892e-06,4.005888870378426e-05
RUNX1T1,0.628209832387247,6.816119728386417,8.377215582046948e-06,4.095082258209553e-05
NWD2,0.7764433591031115,6.813396870766145,8.41396017039509e-06,4.1054050252144104e-05
LOC102723403,1.2932939048270742,6.813066918726726,8.418424333922534e-06,4.1054050252144104e-05
LOC107986293,1.3769564914936034,6.810459166399194,8.45379433344285e-06,4.119376730048066e-05
RNFT2,0.8705158680227839,6.778093721908126,8.906027817295963e-06,4.315727313835909e-05
LOC102724859,0.9173261027801899,6.7703949620604895,9.017302730745306e-06,4.362751834212212e-05
GABRR1,2.6380154249351295,6.767615412887469,9.057835783406174e-06,4.3789064157949404e-05
RBM33,0.5044568566856723,6.7643761153106,9.105315117480107e-06,4.394927690563233e-05
ALS2CL,3.0853336574760237,6.756480147662716,9.22214879209362e-06,4.4478184182166714e-05
BAZ1A,0.7300165167622632,6.7345484528347574,9.555011727494058e-06,4.58704421928779e-05
TFDP2,0.7506122003449043,6.734502741752242,9.555718544911106e-06,4.58704421928779e-05
LOC105371026,1.3315794822711482,6.733505230102641,9.571156484076596e-06,4.590859878512483e-05
PCDHGA12,2.352891401389867,6.72860901137578,9.647313854894057e-06,4.623771222087613e-05
CFAP43,0.9011659854488482,6.724182284704941,9.716717248128876e-06,4.6533966196117196e-05
CES3,2.917301565509414,6.70984905775184,9.945062715751614e-06,4.744220579576451e-05
ATXN7L2,0.6034132684500266,6.706233555905392,1.000354863218916e-05,4.768410040071505e-05
LOC101928705,0.6277489018497514,6.698641395190706,1.0127543058290985e-05,4.8237637099707645e-05
SEMA5B,0.8214889134926419,6.693129289469717,1.021857824159763e-05,4.863345079269679e-05
SPATA25,3.145374789207864,6.665856395093497,1.0681836851902028e-05,5.056344393989145e-05
PGBD4,0.5335732328897396,6.656247253236599,1.0850274952108217e-05,5.112389350993341e-05
DNAJA4,3.230941733100897,6.655738039284711,1.0859278480391015e-05,5.1127017730258776e-05
POU4F1,1.2997685229642597,6.642316597167191,1.1099439876771755e-05,5.2183691196055766e-05
ECHDC3,3.117150456444884,6.642244799233761,1.1100739530123444e-05,5.2183691196055766e-05
LINC00467,0.8288008795430812,6.640582766718761,1.1130869639018532e-05,5.228523439630927e-05
ZNF532,0.6321784017603148,6.63630568174683,1.1208802601741627e-05,5.2530550419477195e-05
EDRF1-DT,1.1682769560659487,6.625835639071973,1.1402008210585395e-05,5.331373785727572e-05
PMEL,3.5714622208342632,6.610140751808069,1.1698211979099217e-05,5.457385040477793e-05
MYB,1.3389222015656157,6.601760916822819,1.1859663116104175e-05,5.524295965176185e-05
FAM193A,0.459441065992057,6.590117538667962,1.2087889606462132e-05,5.6177985813201566e-05
FGD3,0.639455086228738,6.577845114138027,1.233344945502446e-05,5.72324338828917e-05
CENPB,0.913960776568651,6.572369732979014,1.244469268839331e-05,5.761779922949471e-05
CEP89,0.38061301704304795,6.566081281346985,1.25737571271763e-05,5.817141976572885e-05
CRACD,0.5482340504063516,6.548848570331231,1.2934701892921368e-05,5.9706116418379515e-05
ROBO3,1.0212028553355776,6.5471231157374605,1.2971436947938274e-05,5.983063091863177e-05
MT1F,1.6718413350837444,6.537976712794743,1.3168003569923569e-05,6.060049690963324e-05
DST,1.0706912578496544,6.534898355185995,1.3234862827293527e-05,6.086249747285021e-05
ZNF483,0.5112811974435187,6.524093165338523,1.3472379032088326e-05,6.190830844580318e-05
C2orf68,0.634180079802695,6.517738658891872,1.3614149080519275e-05,6.251290926111098e-05
PSTPIP1,2.8977305159707725,6.508109614637009,1.3831968690437887e-05,6.337067867891199e-05
PCDHB17P,0.6459213131283418,6.497764816860441,1.4070063504810608e-05,6.426936608382193e-05
ZNF629,0.47424134916946153,6.4958782103886765,1.4113947603406045e-05,6.442181594108642e-05
LOC107984285,0.8988693182209186,6.492846750872503,1.4184763325726326e-05,6.469687439486785e-05
DRGX,3.941475020541817,6.479451523392163,1.4502176662306165e-05,6.599728503336064e-05
LOC107987126,1.0929848809094451,6.453138682883016,1.5147600848484371e-05,6.8781328297192e-05
SLC6A16,1.5090450211863677,6.450572840612121,1.5212132427954461e-05,6.897216847881719e-05
C2CD3,0.4274959564780719,6.442545423169157,1.5415894959924275e-05,6.974128125781239e-05
DDRGK1,1.0047977941097097,6.441646958223814,1.5438878664305347e-05,6.979375089394674e-05
SNRPB,1.0738632212928567,6.435396466212258,1.5599772158104354e-05,7.031367891851448e-05
LOC100287497,1.0779707388468036,6.42627814100568,1.5837650952186527e-05,7.122876033521893e-05
ZNF141,0.5934241938519633,6.421663712465878,1.59594805671699e-05,7.156665389667263e-05
ZKSCAN1,0.41448049211272636,6.405747778689317,1.638729582295505e-05,7.343137675052227e-05
FAM90A1,3.5851240348354176,6.404536977642325,1.6420330788940868e-05,7.352565941286159e-05
ZBED3,0.5419300034249491,6.398766867810672,1.657872311457948e-05,7.41266029849542e-05
ZNF836,0.4237968816099891,6.396475008273638,1.6642080084564998e-05,7.430149374973301e-05
STAT4,0.8294672677811838,6.393197413886472,1.6733129049070858e-05,7.461576354140545e-05
CROCCP2,0.4378521732747034,6.38205068797429,1.7046709118422997e-05,7.588694763684311e-05
NBPF1,0.5865660103423525,6.38043555876912,1.709265511525651e-05,7.603626694958084e-05
CCDC177,0.7712817105710055,6.377367546085251,1.718028998881033e-05,7.631534610971545e-05
EBF2,1.0213175888529114,6.376716183067881,1.7198956171783576e-05,7.634294086389089e-05
SH3BP2,0.42135947678776847,6.37153085640071,1.734831402159477e-05,7.695019171662513e-05
LOC105375567,2.470637437279907,6.369392803066076,1.7410294197665142e-05,7.716927218487875e-05
LOC105370841,0.7536332992034026,6.316338182208208,1.902511636626381e-05,8.378158284856118e-05
MYO15B,1.9033989060800014,6.303307551423847,1.9445282086361717e-05,8.550902380874988e-05
PSMG4,0.508518727179926,6.2748405200836945,2.0397411649406577e-05,8.926948830436693e-05
MMRN2,0.6018385972919155,6.2724240396810105,2.0480456072781724e-05,8.954721521123535e-05
ZNF737,0.6080009683163401,6.262699709324459,2.0818242902549253e-05,9.089446509446362e-05
MEI4,2.7995722978088753,6.262041678833093,2.0841310491672987e-05,9.093041517007503e-05
ALKBH3,0.8459719111225416,6.256308518007072,2.104342720202186e-05,9.174694790070697e-05
TMEM39A,0.6826311735958627,6.255572081376494,2.1069538125719638e-05,9.179550014972379e-05
ZNF786,0.63265907018364,6.252007166841847,2.119641612126883e-05,9.227736121094524e-05
HRH2,1.1804989530333592,6.250530366277508,2.1249211062716007e-05,9.231584962044587e-05
ROCK1,0.7624779034959803,6.245071466799867,2.1445564350991644e-05,9.303702014973728e-05
SPRY1,0.8775848469810631,6.238874917245023,2.16707583874947e-05,9.394748862471182e-05
FLT3LG,2.761563452104902,6.230219470079897,2.1989472786311622e-05,9.526181496826165e-05
LOC107987095,1.144339230065516,6.217895198727028,2.2451789387427528e-05,9.704446466378864e-05
TRNR,1.376660174685738,6.2175656774766,2.2464289617930844e-05,9.704446466378864e-05
BTG2,0.9048610574391831,6.207466816872176,2.2850945319247082e-05,9.843731188122601e-05
SFSWAP,0.4686456967559957,6.198662001727941,2.3193749729312188e-05,9.963397746368866e-05
LOC107986909,1.2771010834296221,6.1973996666517985,2.3243337320794477e-05,9.977707127203792e-05
SMG1,0.5011673200709943,6.192653637368198,2.3430769628103165e-05,0.00010051127909046355
MORN3,1.6790375029693425,6.190753579478926,2.350625111361446e-05,0.00010076455896955009
HAUS5,0.5978866311825577,6.179250631348166,2.3968692237313212e-05,0.00010260341020581703
ORC2,0.48027227583300763,6.163735913292005,2.4607572071639192e-05,0.00010497175838493267
LINC02527,1.2169640029495519,6.1607631465529575,2.4732011951062684e-05,0.00010542923036162326
RTN4RL2,1.2964831850678646,6.151723361581851,2.511448550013743e-05,0.00010691096952489059
RP1L1,2.1632314815870255,6.149613095021846,2.520466024378453e-05,0.00010722037980180373
GUSBP16,0.782362614702797,6.149001293583818,2.5230866806213887e-05,0.00010725742962697028
RASSF5,0.6658319546014873,6.141295175032094,2.5563415090487152e-05,0.00010859579660754418
ZNF224,0.4702892071930249,6.140654264884695,2.559127892226269e-05,0.00010862464643242154
ICE1,0.6372812814254023,6.131285799475921,2.600222969984728e-05,0.00011007850004148054
FAM27E4,0.5186774015366462,6.130063414493899,2.6056357845971323e-05,0.00011023152077005122
LOC105371453,0.9518466576787749,6.125027079657871,2.6280619096529232e-05,0.0001111035828011891
RPS6KA2-IT1,1.1994566956639559,6.119075656679518,2.654823772883112e-05,0.00011208037002598815
FAM167B,0.9957721215554874,6.118193922798769,2.658812902687161e-05,0.000112171528516671
LOC105372511,2.286969447588423,6.103408489616541,2.726648840851818e-05,0.0001147176211010408
PSMF1,0.8276373437203055,6.102785042263865,2.7295487731738445e-05,0.0001147608640573091
ANKRD11,0.9313188114621311,6.102029277785905,2.7330685049991645e-05,0.00011483008866103413
PAX3,1.9046022311979929,6.099441662373376,2.7451555529231356e-05,0.0001152589283521837
XKR5,0.8719397810139905,6.0957768854491405,2.7623700555775015e-05,0.00011590231650027436
MED18,0.5110079977345561,6.0949399266841064,2.766317329964091e-05,0.00011598854468317289
GPR88,1.4417454085281693,6.08787588398559,2.7998691861472733e-05,0.00011715493591182788
ITPR1-DT,1.2367878683668734,6.08019128629744,2.8368530662268942e-05,0.0001183792327840086
IQCC,0.6612856699920642,6.0752362597105725,2.860971342233422e-05,0.00011930445121014203
GOLGA1,0.4145479802198757,6.074521308579833,2.864469013145493e-05,0.00011936910299511809
ARAP2,0.7133989385146627,6.072274408336778,2.875490445232193e-05,0.00011974698661191131
GJA5,2.1209582269376495,6.069516556764193,2.8890789318463817e-05,0.00012023118704832532
DPYD,1.0988591527936862,6.061221559294362,2.9303569371590773e-05,0.00012170113837930314
NCKAP5,0.6738850328107668,6.051668387401217,2.978662417890062e-05,0.00012328967334008156
TSPEAR-AS2,2.5821703410715635,6.048863221401433,2.9930045541638314e-05,0.00012368553613867572
COX19,0.46300274919184736,6.048733488828029,2.9936695926997344e-05,0.00012368553613867572
PIK3C2A,0.35093145269699705,6.043066534231169,3.0228712366286652e-05,0.0001246985240951125
MPHOSPH10,0.4620775031154982,6.0219750156249505,3.134203062800687e-05,0.00012903065664854405
GATAD2B,0.34754908364198545,6.012898176079127,3.183429031697249e-05,0.00013088142162511157
LNCOC1,1.2410501053985312,6.012044554589986,3.1880998954018694e-05,0.00013098560562207413
SH3BGRL,0.8539528820857238,6.0035088264034195,3.235202407693328e-05,0.0001324768921787582
KIF16B,0.6313639956866678,5.9978592978528225,3.266778327423542e-05,0.00013368058175638393
FRAS1,1.0351013681406385,5.994594771300453,3.285171104080624e-05,0.00013434355482331038
DMTF1,0.46766961151109426,5.985401931231643,3.3375495872201825e-05,0.00013612228190059694
BATF2,1.108833563364777,5.9813254998448295,3.361055155743473e-05,0.00013698981452598067
CHROMR,0.5704807346428306,5.976564873811646,3.3887254595908296e-05,0.00013793417707365062
ZFP36,1.1267371435907696,5.974160497364355,3.402791003485894e-05,0.00013841478998917405
ALPL,1.347691564393626,5.96244909649528,3.472181454938582e-05,0.00014086348324800468
DDX51,0.446580276374112,5.946392328784303,3.569734478403493e-05,0.0001446296916894475
KRTAP5-AS1,0.8620798139861361,5.933819859873957,3.6481190229198725e-05,0.00014758949764873645
C22orf46,1.0625343866531558,5.932574908671336,3.6559782230732045e-05,0.00014773333228370957
PCDHA10,0.9079273315949543,5.931017683040415,3.665833714841652e-05,0.00014803399652160294
SLTM,0.6433115823714737,5.9070862945157865,3.820839101629275e-05,0.0001536859822374505
PRPF4B,0.38687266709446133,5.902473948056039,3.851493682702619e-05,0.00015461464489172926
SRCAP,0.44940887111190114,5.888891874134627,3.943266288827097e-05,0.00015798838137588304
FAM110A,0.9511402608759427,5.8818199386531,3.991953448152724e-05,0.00015962605764628963
SCARA3,0.8071601264050925,5.881183534390347,3.996365541778998e-05,0.00015969831011150755
GPATCH8,0.6397285974026318,5.880509940618992,4.0010410215307e-05,0.00015978098672301752
LOC100129917,0.8908040462900616,5.868307847659812,4.086734797490053e-05,0.00016288481345002616
GTF2IP20,1.3828718893190661,5.857021275678491,4.167708624659988e-05,0.00016546667013708373
EP300,0.4472981718206775,5.846741211951075,4.2429218975741683e-05,0.0001680175144194422
LINC00653,2.0869058062493457,5.845060514258038,4.255352965492121e-05,0.00016840099211405232
KCNJ12,0.9074121081845887,5.8386800142224,4.3028933418651104e-05,0.00017006277360176098
FKBP1A,0.9035689118440036,5.834275556037659,4.3360342148777895e-05,0.00017115189785705634
SLC30A7,0.47741289650795055,5.8311663884697,4.3595894362286065e-05,0.0001719709346465982
YEATS2,0.5076268010455041,5.820024637587762,4.445104609480387e-05,0.00017500636644903514
KIAA0754,0.8292152602468691,5.8182005350187795,4.4592711862163084e-05,0.00017545142728822832
ZC3H13,0.3813612274157174,5.806324725868845,4.55266415447604e-05,0.00017866729364236956
CEP128,0.6415337350532706,5.803442519368511,4.575637091913833e-05,0.0001793429423333742
IDH3B,0.8730182742190835,5.803430663496018,4.5757318402838054e-05,0.0001793429423333742
LOC105375835,1.3712026567691142,5.800115879244955,4.6023031602660894e-05,0.00018015401259534563
TCEANC2,0.5655523168271618,5.7973396816746785,4.6246812692320826e-05,0.0001807990827831165
WDR31,0.6993260859552857,5.794318384707731,4.649164345194624e-05,0.00018164039156177847
CRABP1,1.8658228861170156,5.7923280786006615,4.665366778846485e-05,0.00018215731435878313
LOC100132057,0.8211186099457713,5.78954199833363,4.6881465518013556e-05,0.00018281385726808086
LOC107986257,2.464454597851511,5.788721115848542,4.69488046754114e-05,0.00018296005890672083
MESTIT1,1.2479543515659317,5.779666348384381,4.769833469734343e-05,0.0001852920099459539
LOC105372321,0.589102836425815,5.776315974062186,4.79788306018916e-05,0.00018616208832414173
ALMS1,0.6580284440367413,5.768329104842967,4.865447289448685e-05,0.00018839101187264097
TMED2-DT,1.0989490409520581,5.768023952866118,4.868048332891734e-05,0.00018839101187264097
GTF2H2B,0.4911162137559424,5.758731050083831,4.9479587929638125e-05,0.00019112153371687567
CEP162,0.7406604422938183,5.755088621538628,4.979653206932074e-05,0.00019210367626490632
LRRIQ1,0.8485948137715743,5.751552385759751,5.0106265894796636e-05,0.00019307375666422237
NOL9,0.5593996941375049,5.750546260955913,5.019475828968487e-05,0.00019326567329479657
LOC100130111,0.8419998463302962,5.75011683534252,5.0232577568934874e-05,0.00019326567329479657
ACVR2B-AS1,0.6618571359240987,5.749858077277186,5.025538062510697e-05,0.00019326567329479657
MREG,0.9236045468185349,5.74151372758002,5.099655476373423e-05,0.00019562508179079527
LOC105376177,0.9013942016455,5.740460345933198,5.1090928434748705e-05,0.00019586453489994342
CEP78,0.6562950195070129,5.738164441816317,5.129725393863845e-05,0.00019653260415240854
EIF5B,0.5036778800676164,5.7346887041899395,5.1611265343749e-05,0.00019748879934905201
RESF1,0.6082415484763167,5.719441208457268,5.3012695835082445e-05,0.00020209441882403944
ZNF66,1.1124696580268225,5.7143715995021225,5.348741385881432e-05,0.00020365083661772162
C3orf20,1.0612096974056995,5.6970660371439195,5.514163273483702e-05,0.00020929920041148662
LOC283731,1.543709055050964,5.6920016327320395,5.563577473482353e-05,0.00021100099013017946
LOC102724382,1.286043616002447,5.691766535010872,5.565882561835239e-05,0.00021100099013017946
ZNF280D,0.40289761779150746,5.682896602655101,5.6535833015143545e-05,0.00021406093661694253
LOC105370214,0.9042768729999157,5.673072957623964,5.752400190838517e-05,0.00021745463198083025
RIF1,0.4361615617626352,5.672929487724627,5.7538566569805324e-05,0.00021745463198083025
GNRH2,1.3835411763936334,5.66762848337345,5.8079418186873975e-05,0.00021922834574232604
LOC112268260,0.7928224199815631,5.664622353842698,5.8388484236162125e-05,0.0002202593282262608
PDE4DIPP1,2.9309630602578127,5.657741381803755,5.910241207950488e-05,0.00022267841797625379
SPEN,0.6606333430019538,5.647078932912977,6.0226739688505924e-05,0.00022677513162809663
ZDHHC11B,1.1948062993814552,5.633342612503164,6.170820443817692e-05,0.0002319259921557477
CTC-338M12.4,0.5554214968515636,5.622939401383752,6.285547948693537e-05,0.00023580421619027772
LOC101927278,1.3620772101240868,5.6224316207919705,6.291204467739611e-05,0.00023587206964675118
ZNF708,0.5105520465701229,5.617718005140095,6.343966961249066e-05,0.0002375596669056614
TFAP4,0.49706767022669057,5.606867292879019,6.467188718120326e-05,0.00024158358831247775
CHST8,0.9328661534865961,5.605495469012366,6.482944208948054e-05,0.00024202465286754917
USP36,0.3504041495024644,5.592670149172075,6.632196238033707e-05,0.0002466951634656956
ZNF234,0.7952646827112041,5.579215581387925,6.792630109955073e-05,0.0002520509841042651
TRIP11,0.5403946170297451,5.5757165272013545,6.835013147831114e-05,0.00025331699272191494
ACIN1,0.511676445004735,5.550025864448646,7.154770379326425e-05,0.00026357417322879197
HSP90B2P,1.0618163032591346,5.5433789315306035,7.240015658287165e-05,0.00026655433024204395
HLA-DMB,1.8989356271281737,5.533839219852704,7.364215708143161e-05,0.00027047718568554575
FNBP4,0.706103786515213,5.52786987062204,7.443060710455248e-05,0.000272719439062108
PAN3,0.40977165423744866,5.524155289917867,7.49256794290777e-05,0.00027420562083596794
BTN2A2,1.3896926751032574,5.50480087906212,7.756133784263387e-05,0.0002833438623214217
CSPP1,0.58891506241493,5.501751136272826,7.798538444033588e-05,0.0002845921988616655
CACNG6,0.6915216506018768,5.501675696552999,7.799590441885776e-05,0.0002845921988616655
LOC440300,1.028393178523994,5.496699604924241,7.869309228988598e-05,0.0002866242755418901
EFS,0.9555530343079842,5.487654141892632,7.997711957689337e-05,0.00029095533709576045
PDLIM1,1.0389950160434593,5.4812638827159645,8.089738538355174e-05,0.00029360625956256493
DNAJC2,0.3040337067320979,5.479441602553559,8.116183093420803e-05,0.0002943917299566244
TPBG,0.6620265825533023,5.473717045799176,8.199844398277819e-05,0.0002968992685259482
NSFL1C,0.794146678837384,5.463964525653295,8.344448628987441e-05,0.00030155442435174124
KMT2A,0.8870456218260805,5.463697090104069,8.348451234050913e-05,0.00030155442435174124
LOC107986596,1.1019118527787028,5.463392766586126,8.353008361325557e-05,0.00030155442435174124
LTB4R,0.8304441218409407,5.462959338863002,8.359503250463282e-05,0.0003016112708966446
ARID4B,0.647252111587541,5.458565689419193,8.425639703789564e-05,0.00030346164150546435
CSPG4P11,0.5636228116724168,5.454671049565859,8.484720626922893e-05,0.00030541008480937956
LINC01456,0.7195364079394978,5.451434798837492,8.534142299510904e-05,0.0003070087576056446
USP49,0.47900053055292824,5.450164362795577,8.553625390999419e-05,0.0003075291709491287
NTN4,0.7899954933045312,5.4480211717860625,8.586597956904626e-05,0.0003083529319029019
FAM86B3P,0.5580573909712148,5.444936916149867,8.634281249292337e-05,0.00030970242280960815
LOC729652,2.5594134409863187,5.44410631511981,8.647169632056293e-05,0.0003099833324240063
SNRPB2,0.9543974434069006,5.443283922452172,8.659950398219142e-05,0.00031026005810101307
NECAP2,0.41150256851848105,5.431753298735634,8.84123461533521e-05,0.00031620051453911806
IQCN,1.3905640005409403,5.425435485165746,8.942235679051763e-05,0.0003194400041526067
ZNF135,0.4573001151584033,5.422476104516554,8.98995916560774e-05,0.0003206892724615207
SMPD4BP,0.683642144314774,5.4075770308494455,9.234287154417089e-05,0.00032834211285717377
HMBOX1,0.628406698892819,5.401644139455475,9.33349642308672e-05,0.00033167729317983534
LOC105370092,3.092628823032503,5.397353120205112,9.405941884733145e-05,0.0003336714337581839
PRDM15,0.533348285934361,5.391397764089141,9.50745826048002e-05,0.00033694118108983854
IBA57,0.6389078457553322,5.390981103179252,9.514603335505881e-05,0.00033694118108983854
NEAT1,1.3650578814038894,5.380554109712709,9.695242831188744e-05,0.0003427441669849308
LOC105375740,1.0178400297517174,5.373742949691463,9.815166269988095e-05,0.0003463843939840358
LOC105372188,3.1457721207068907,5.3701195959686565,9.879590747919447e-05,0.0003484573721792072
GON4L,0.4761892291741551,5.36682297552395,9.93858837002608e-05,0.00035013532590953954
CACNA1C-AS2,0.9564546029987347,5.3625854069441194,0.00010014964880956856,0.00035262340448170897
GPN2,0.4085268643344358,5.354175066102503,0.00010168365599094891,0.0003572039032805254
HOXC9,0.7438559832472945,5.352553709563043,0.0001019821857915505,0.0003578424721821434
MTX3,0.5627876194847957,5.339265938747689,0.00010446342436349276,0.0003657114742137125
LOC105374490,1.0196957794637591,5.33627859268709,0.00010502985705422552,0.0003674846025926955
NEK8,0.5562515848581461,5.327797107129902,0.00010665552714151402,0.00037211063254267556
IRAG1,0.6066098489642765,5.325538189956279,0.00010709290151190392,0.00037342405362228155
C5orf58,1.2433711223853008,5.324869458678887,0.00010722273991063287,0.0003736523125778598
RTN4RL1,0.7786290058589919,5.324558345392733,0.00010728320034974063,0.0003736523125778598
ECT2L,2.065506826466689,5.323548560735963,0.00010747968222611579,0.0003737098423403799
ZNF284,0.573170364241228,5.319937967312721,0.00010818529334316058,0.00037571976362126344
CDK5RAP2,0.4443893351825328,5.315935731524216,0.00010897307919336123,0.0003780446946549544
LRRC66,1.153950109284233,5.310443323967212,0.0001100639155261777,0.00038139728783237383
C14orf39,0.7265086009160789,5.308233469746684,0.00011050601053335814,0.00038249680664567215
DENND3,0.8259218095494805,5.293015212006674,0.00011360113366453258,0.000392766468902191
TFAP2A,2.3025618386834807,5.292632709904407,0.00011368007988694345,0.00039281786341993424
MRPS26,0.8248662864432743,5.292166713248142,0.00011377633604123746,0.00039292898024382287
MPHOSPH8,0.43251029260089346,5.282928238191273,0.00011570223939329422,0.0003991304037596475
AOC2,0.613091804856296,5.28195571102617,0.00011590694149558632,0.0003996116711855704
XRN1,0.2846566102861039,5.26942915440131,0.0001185775279991766,0.0004081304023778509
ZNF808,0.6686173796121349,5.263656158692262,0.00011982976667447592,0.00041220901779715906
DRP2,1.09354097649316,5.25891979437177,0.00012086741560236015,0.0004153123641493653
CEP350,0.8742245836613359,5.257240964323017,0.00012123745555534662,0.00041635047762144246
ABCA13,2.7981207056783797,5.255298902006992,0.00012166698625757834,0.00041735793271346124
EVC2,0.9711201797814436,5.245168642951678,0.0001239333218966166,0.00042465693863960857
ANKRD31,1.0371942351388073,5.240254685455388,0.0001250484401128852,0.0004282385127888192
RAD54L2,0.5242009592147486,5.2356833926582,0.00012609516670661615,0.000431582005534091
SYCP2L,0.8498655673076843,5.2343973533166785,0.00012639128082922105,0.00043211296792143057
GPATCH4,0.49187470965292435,5.233307737398092,0.0001266427337296799,0.0004327313031008572
ZNF8,1.0888009793801834,5.232693321848748,0.00012678475296690618,0.0004329752287950612
EGFLAM,1.2353200999868579,5.219943904180352,0.00012976939012630183,0.0004421825244437077
CCDC66,0.8996531196668074,5.2180981036257545,0.00013020750745736844,0.0004434289003964825
ZNF121,1.0682940909029643,5.215425788507132,0.0001308445320436815,0.00044510376327845034
CLK1,0.47532496465593194,5.214418565258703,0.00013108547317856558,0.00044567606798924406
GDF9,0.6621374149626541,5.204663526748333,0.00013344301212440715,0.00045318873369674007
XPNPEP3,0.6896700314852335,5.195594078076499,0.00013567440789902027,0.0004602568458334224
PPIG,0.4253237748303531,5.193128735907881,0.00013628764591669363,0.0004615708671101282
ZNF710-AS1,1.3618633281477512,5.185672750362213,0.00013815986598714213,0.00046713732956490966
POU3F3,1.783616083288705,5.185160271722043,0.0001382895286795632,0.000467142421979779
CDH3,0.5944858933948534,5.181243027347187,0.0001392848215126059,0.00046964574030378115
CCDC134,0.4465660501510157,5.170689865283527,0.00014200338060061854,0.00047776109938627427
EIF2AK2,0.6083807992187548,5.162725622600756,0.00014409148881331304,0.00048310764220046466
ZMYM1,0.3500433399381546,5.162526174383649,0.00014414418883925773,0.00048310764220046466
CCZ1P,1.3287580969523758,5.152532759691306,0.00014681054530925553,0.0004915066317562732
GOLGA6L3,1.147566050800812,5.1462782324977265,0.0001485053483734576,0.0004963673857847847
VCAN,0.7465096875680548,5.145655929245124,0.00014867508333834783,0.000496663902378241
KRT8P33,1.6209609535345029,5.144803056795387,0.00014890803412163347,0.0004971711596762599
EFNB2,0.4823308543896869,5.141610089375142,0.00014978352295017897,0.0004995500520590843
MT1X,1.2939352429426807,5.134473015107709,0.00015175984498846584,0.0005050422637238305
ZNF383,0.5547687503902641,5.131802768853645,0.00015250620637167984,0.0005072507026903947
FLJ46875,0.6810100294398342,5.126251877049653,0.00015406996341414027,0.0005118964096090406
RAD54B,0.9679941048981504,5.121205393848061,0.00015550607455601498,0.0005158291325911103
ROCK2,0.6544525246000974,5.107769512168316,0.00015939778920772533,0.0005273116286256645
STK10,0.3834505535346806,5.1061367886795015,0.00015987755329244474,0.0005286134852657423
TONSL-AS1,0.8131281706619677,5.102170976805581,0.00016104913285997212,0.000531054967418843
NBEAL1,0.3211110600035745,5.101529251467601,0.00016123954756757964,0.0005313970035426146
PRPF39,0.4346211964327459,5.095018481956532,0.00016318471111647392,0.0005375186884169721
ZNF594,0.5024906941638115,5.087194478324318,0.0001655544890369842,0.0005438633535888066
ARHGEF7-AS2,0.9569080303857034,5.080526961385891,0.00016760217216995102,0.0005494124681293046
AGO3,0.6363456999792034,5.079955242980122,0.0001677789739409383,0.000549698081377847
TMEM269,0.8029537566663937,5.074729594572852,0.00016940398556279152,0.0005541336347384803
CEP57L1,0.5801989937487737,5.0721306310066,0.00017021825561348966,0.0005565002170190356
UGDH-AS1,0.5471024337970617,5.068818629269821,0.00017126181536759817,0.0005593153586592311
PLEKHH1,0.6597496485938109,5.061110359167154,0.00017371636128606397,0.0005667276714654455
RPL7L1,0.4561932828787091,5.060206183092151,0.00017400666114075275,0.0005670711498101086
LOC100130298,2.578907031293165,5.056370209107982,0.00017524387033297803,0.0005704965083065084
MCRIP2P1,0.8712590476896785,5.040883190336394,0.00018033243458722513,0.0005858176067936884
NXT1,0.8416631066872371,5.032478872126643,0.00018315777596034498,0.0005943658902260004
PCAT6,0.8126625156335572,5.028519338228296,0.0001845047583563779,0.0005977876156049664
RBM25,0.33951214575523014,5.021280132658986,0.0001869940766593271,0.0006045747309713478
NR4A2,3.094332667293294,5.010912368062786,0.00019062003170589967,0.0006150004180827184
LOC107985246,1.2540059204877025,5.010625008403976,0.0001907215634395737,0.0006150043050418657
LOC107987097,0.3804368235474967,5.010071038458022,0.00019091745392562758,0.0006153122989295989
LOC101929547,0.7454572879848282,5.009124729550064,0.00019125256305403785,0.0006160684243411729
CASTOR2,0.6054954490343086,5.008457052921571,0.00019148936927581978,0.0006165072655781383
GUSBP13,1.0451932490746252,4.999688838631851,0.00019462758116074096,0.0006252445777670407
POLH,0.9257025315535139,4.999510415952179,0.0001946919908968968,0.0006252445777670407
LOC100270746,0.7010365148602729,4.999451685293244,0.00019471319721978478,0.0006252445777670407
WAS,0.7262092427604993,4.995616204956823,0.00019610330218279622,0.0006285039990085055
SNORD47,0.9431958025951117,4.995365423130205,0.0001961945514964486,0.0006285039990085055
METTL2A,0.3829250910707686,4.995238117358752,0.00019624088973936043,0.0006285039990085055
HMGN5,0.6832356953034042,4.993377880735455,0.00019691929642471265,0.0006301865481887173
GRAMD4,0.45709566909132815,4.992296067056029,0.00019731493921659412,0.0006309549177870225
ZNF648,1.2725885756409698,4.988746876282952,0.00019861875337255451,0.0006344621981103487
LINC01694,2.1302707484862844,4.984539156216359,0.0002001760625268478,0.0006377750848698425
INPP5B,0.7534278003058884,4.983848572205193,0.0002004328598502228,0.0006382615225360342
ATE1-AS1,1.0755063741638258,4.980740604609673,0.00020159280866120866,0.0006416219714918013
HAS1,1.2760651860387715,4.973427607620567,0.00020434968589624254,0.0006497217710290284
TPTE2P6,2.125937999097034,4.966652796410186,0.00020693855668653125,0.0006569307884455913
LOC100421561,0.4730517647651908,4.963875223339232,0.00020800976085278938,0.0006599895621260864
LOC101928076,0.7968870691715133,4.962825979468824,0.00020841590853767615,0.0006605943740103179
ADAP2,0.83423546493389,4.960211728411587,0.0002094314280895062,0.000663470105523862
LINC02202,1.2258611487943663,4.959591313201121,0.0002096731837908542,0.0006638928804948019
LINC01122,0.6377698152033504,4.955681023074602,0.00021120356859791195,0.0006677039069134606
LOC102724191,0.6550803453017756,4.95486993231506,0.0002115224553753255,0.0006683673461086317
LOC105370119,0.930460713103394,4.947135230274286,0.00021458860066809752,0.0006773574264137167
LOC100506302,0.6745643793973713,4.941136174385437,0.0002169984077475439,0.0006839075781452155
KIAA1958,1.082740921529487,4.940633857347006,0.0002172014556082782,0.0006839587944841866
SPPL2A,0.4103502382752022,4.940268202710879,0.000217349385261859,0.0006839587944841866
ZNF724,0.7635425883085032,4.938859410494887,0.0002179203045262593,0.0006854035232149665
LOC105369228,0.6380851546409083,4.938469399371041,0.0002180786327477003,0.000685549753201745
ITGB1-DT,0.7720194529109315,4.925902735899083,0.00022324448882239255,0.0007008945555892742
NUTM2B,0.5869311409512566,4.922660670344394,0.00022459768824527283,0.0007042372526565332
UPF3AP2,0.6936343644921686,4.918644190671261,0.00022628591245853395,0.0007084436380851957
IP6K3,1.1393704567064187,4.9151807887947845,0.00022775221894366925,0.0007126702920493581
TRIOBP,0.5779507064730531,4.9118011850201295,0.00022919253772161365,0.00071571587174401
ARID4A,0.4367039674293606,4.911450133922261,0.00022934268858063427,0.0007158201023417963
VSTM5,1.0140926893948943,4.908344065724764,0.00023067565721420727,0.0007196141367547534
LOC101928344,1.2522464894880376,4.907877633127636,0.00023087651863957465,0.0007198743943339739
LOC112268434,1.8050703456794546,4.89639739559014,0.0002358778159006069,0.000733602745545774
PPP1R12A,0.43754250986536625,4.892044235954618,0.00023780346700918447,0.0007384677065685414
SNTB2,0.3742953302196487,4.881658180030944,0.0002424638538454854,0.0007521778461907012
GOLIM4,0.437211492426369,4.879143022107943,0.00024360660440238545,0.0007553406600842806
IRGQ,0.4489850237656224,4.87187710340103,0.0002469392708667383,0.0007649003185513419
ZNF431,0.7711001744668627,4.8701204098784245,0.0002477520786255459,0.0007670304252396952
ZC3H11A,0.49494325577248327,4.865682582472688,0.00024981778559062754,0.0007728291958363146
ERVK13-1,0.3384872128360796,4.854486473473389,0.000255108935349559,0.000788612089608067
CRYBG3,0.8827243476075566,4.853273548988853,0.00025568907226990504,0.0007896090745665077
GLYCTK-AS1,1.613137685818602,4.849675565493095,0.0002574180200709367,0.0007941481947835138
SH3BP5-AS1,0.9630495385829739,4.838230307660497,0.00026299874612840604,0.0008105491773590393
USF3,0.49287578556514156,4.834986909619186,0.00026460289328787706,0.0008142649276378948
NRSN2-AS1,0.8717195436563834,4.834171246509387,0.00026500790192901345,0.0008151020766808091
LOC107985736,0.7524286589471864,4.830262624246984,0.00026695760689805906,0.0008206871265221173
LOC105375120,1.5587969737694005,4.825894245778977,0.0002691542224226677,0.0008270252548626332
RAI1,0.5504394423278888,4.823756510179733,0.00027023597833754034,0.0008295175499294554
LOC400940,0.6379772995197834,4.821752687766814,0.00027125405505486406,0.0008318095835349258
LOC100506282,0.8267760578342949,4.820539134541737,0.00027187255043136,0.0008329137839827668
CCT6P1,0.5782444670868927,4.820513000034023,0.00027188588609290644,0.0008329137839827668
FSCN2,0.5821757116371948,4.820237469661726,0.0002720265222286981,0.0008329283622686909
NAA16,0.40764621963353664,4.817439910119685,0.0002734587206152396,0.0008364780226404286
PNISR,0.4775883706007843,4.812916647243809,0.0002757909109593474,0.0008423509138917785
ZNF625,0.8329265694603741,4.812637818550035,0.0002759353463830757,0.000842372347275027
DRD2,0.23903952515346272,4.808665124677855,0.0002780017538114113,0.0008482582134713546
PRDM8,1.1167608055332041,4.807014167853067,0.00027886520597378105,0.0008501456725995117
PROSER3,0.7967636618325434,4.805247809557074,0.00027979208559283665,0.000852024582555434
GAL3ST2,2.0250519374464306,4.8041925637219,0.00028034733577244123,0.0008532915433391582
SLC35E1P1,0.9499264072122993,4.80221892533037,0.0002813888880577294,0.0008560366668952263
NMNAT1,0.5043008656872574,4.7929004309946475,0.0002863608910273959,0.0008681465192868135
ZNF101,0.6610416137756552,4.7898338241276,0.00028801691847391237,0.0008718734371580655
SRRM1,0.5652053550954441,4.783290196306653,0.0002915838035593932,0.0008809308604332579
CLASRP,0.49072125520029364,4.77942731541576,0.00029371084545672083,0.0008864832509353514
NAA20,0.7993421430606109,4.7768235365659635,0.00029515362716023237,0.0008903994756359373
APOL2,0.9673814119795049,4.776101975924683,0.00029555474702014177,0.0008911709784719474
ASXL3,0.668072123732136,4.770713262542679,0.00029856824450301417,0.0008998148175041676
LOC112268035,0.7655631711632988,4.764882182232869,0.00030186493383752255,0.0009088566033516764
SPATA5,0.5348612015109987,4.764597420668083,0.00030202688865487803,0.0009088978043467857
TGFB3,0.8046185804813715,4.759107581714078,0.00030516679131340103,0.0009174460180241041
SETD1B,0.46335029426000335,4.757779719598357,0.0003059313152463313,0.000919293609049025
TRNM,1.0909335206891757,4.755452228476912,0.0003072761614276896,0.000922882346669151
CEP95,0.7830500459036535,4.753667090324187,0.00030831177103538915,0.0009255392538917411
LOC105371277,2.626814605222959,4.7435600070142305,0.00031424360465758373,0.0009420574912857762
RBM5,0.3014911913108818,4.742767978750635,0.0003147134009978581,0.0009429096520610314
OLFML2A,0.7925995478715425,4.733455666154695,0.00032029180899936576,0.0009582180523016652
SLC17A7,0.8603072743118472,4.731391274325645,0.0003215422312079166,0.0009614896962461116
CCDC88B,0.944044884037331,4.728103988700668,0.0003235437937208342,0.0009665318983960593
AKNA,1.0132906503417873,4.724727666539697,0.0003256129744753614,0.0009722394220818146
ZNF480,0.5919822951737646,4.723140302064626,0.00032659051227553577,0.0009742091680043963
PTPRD-AS1,0.4794340776934978,4.70844179707013,0.0003357875254475143,0.0010006696796272547
CSRP2,0.7742866539071727,4.703611866491027,0.00033886773515906597,0.001008868002197705
NIPBL,0.8043097296862113,4.701765574872424,0.0003400528751661464,0.001011904914936154
CCDC69,1.61465331825696,4.700432094816575,0.00034091150201283755,0.001013475997739425
PHF21A,0.32961581413659624,4.700057469533042,0.0003411531256620848,0.0010137026952537955
TRMT9B,1.27616145004506,4.693619855863444,0.000345332969400059,0.0010251288631585285
RFC1,0.4652481634352303,4.692339451722642,0.0003461706029417286,0.0010266210914527316
APCS,0.8265155269334324,4.689683223782279,0.00034791499144066226,0.0010312954049957737
LOC112268093,1.1838643937731292,4.6894244480955125,0.00034808541825445845,0.0010313018916867232
TSPEAR-AS1,2.0075173041504635,4.6844497394550055,0.00035137851935669487,0.0010400514955897291
PPAN-P2RY11,0.5617745053577459,4.684195641381481,0.0003515475854587143,0.0010400514955897291
VWA1,1.0699080331152007,4.6802168205052865,0.0003542059078130787,0.0010474106198235275
DDX12P,0.5676323408413563,4.679231683874181,0.00035486729566396854,0.0010488604254677565
FKBP1C,0.977913535872952,4.678079135999689,0.00035564269676744055,0.001050139562227558
PINLYP,0.6913793656169553,4.67338751858111,0.00035881718109483383,0.0010590030429038669
PMS2CL,0.4165521668944513,4.672669243864121,0.00035930576283947,0.0010599347094350103
SLX4,0.4118487391860846,4.671082361110431,0.0003603876220024227,0.001062614777717581
RBM28,0.46853389754047853,4.664472681199244,0.0003649300814487577,0.0010754910573465791
MTMR11,0.9391515741987351,4.658213903002081,0.0003692858782857457,0.0010872826291506345
GPR21,0.7370371959393416,4.64754848135513,0.0003768325397993342,0.0011079057405131503
GRIP1,0.6691662045291906,4.646437851595961,0.00037762749953227227,0.0011091789995844893
ZNF440,0.40109541953279426,4.645813629776105,0.0003780750607567603,0.0011099617444630943
LOC100419928,0.894873905458907,4.644465757028091,0.0003790433412167083,0.00111227174804137
LRRCC1,0.4280299294709275,4.6416554400215375,0.00038107044732444215,0.001117685091913316
REL,0.6558027949945595,4.633612447072773,0.0003869339828664303,0.001133256242222273
JMJD1C,0.46103948486375895,4.630154990559835,0.00038948308971313057,0.001139776793701491
MINDY1,0.6021666767103309,4.629537697480351,0.00038994002628682674,0.0011404257448178665
PLEKHA8P1,0.3879835443765395,4.622110410273398,0.0003954814644845578,0.0011544292272811139
SETD5,0.5617677205067746,4.618979484512554,0.0003978417060862256,0.0011607661391283021
SCAND2P,0.9258473767729117,4.617366178296727,0.0003990635618952122,0.0011628314974657047
LOC102723811,0.7529198518504324,4.617293530086472,0.00039911867384467256,0.0011628314974657047
PDE4B,0.7108353900284873,4.612213094486803,0.0004029923028048683,0.0011718893814961302
LINC02565,2.301058244043912,4.6090369622174805,0.00040543365825597546,0.0011781594194679498
LRP2BP,0.8010227630886598,4.608908333069652,0.0004055328507467168,0.0011781594194679498
NDUFB4,0.7951094161016382,4.606884635128098,0.00040709672646812304,0.0011821425548316409
AGBL1,0.9200894145252604,4.602373265268043,0.0004106054587584894,0.001191202774344316
ZNF609,0.37341973208371065,4.598319175438372,0.000413785147360094,0.0011998594859590238
LOC105371480,0.8090097335799101,4.5937820811132495,0.00041737379389738437,0.0012096933128089675
GUSBP15,0.6069519743671377,4.587689830575498,0.00042224305142568634,0.0012209197666223854
CFL1P5,1.103206234068743,4.584895745285694,0.0004244957927099847,0.0012265392985636328
UFL1-AS1,1.2721895193631916,4.584783329754402,0.00042458668703948267,0.0012265392985636328
ZMAT1,0.4833664616001926,4.581320440580673,0.0004273964817112709,0.0012340746268912344
LOC107984138,0.7613167342703688,4.580650979697763,0.0004279418912576662,0.0012350676993453358
PKD2,0.5081893834465873,4.577335305939944,0.0004306537670899997,0.0012417858639509733
TRNL2,1.0080870501095784,4.576266017509457,0.00043153210697430126,0.0012436726919381601
ADGRG3,1.6574978963511007,4.574085713385936,0.0004333287893883324,0.00124803730206217
KCNJ14,1.2708969162860062,4.573934432500498,0.00043345373835079276,0.00124803730206217
WAC-AS1,0.40975850866760904,4.56834749057694,0.0004380943285324346,0.001260806682583955
RRN3P1,0.4465247023547864,4.559356926394316,0.00044566981397775373,0.0012802042922603705
UBN2,0.5219167624500834,4.558725242523308,0.0004462071239545652,0.0012811473863426157
PLEKHG2,0.3566101586820963,4.549197898952572,0.00045439254059859613,0.001303428298488252
GAS2L2,1.1924622294455953,4.546445987994496,0.00045678553268107815,0.0013084557548294433
DNM1P46,1.1011461338465545,4.5460809099837824,0.0004571039695596079,0.001308756344418681
SEPTIN14P4,0.7045911178966132,4.543626730560978,0.0004592505573426221,0.001313863512723436
LOC112267942,0.5671838358184512,4.538892811880146,0.00046342054732525416,0.0013249850536864777
PCM1,0.348613900324578,4.53777126103124,0.000464414197311569,0.0013265885505684613
RBM19,0.3141702579118813,4.535542795275566,0.00046639504977680663,0.0013310063571377211
ZNF587,0.7840055646597974,4.53366771609003,0.00046806852476818814,0.0013339191338117124
LOC107984836,0.7650093876295111,4.532015693897895,0.0004695480513671584,0.001337135294560789
PDCL3P4,0.6783206218042996,4.531920640607907,0.0004696333261320358,0.001337135294560789
CROCC,0.6768100514005788,4.527903558291637,0.00047325177825699856,0.0013461871929073786
IGF2-AS,3.007876450650194,4.526551410789105,0.0004744761977490166,0.0013490441058448383
SENP7,0.2571717820459065,4.522929156957485,0.000477772388990867,0.0013577861587918472
DEPDC7,0.8804443094661943,4.521061446048401,0.00047948118291408354,0.0013620109598069194
LARP1,0.4166549939573575,4.513504846338713,0.0004864593317622573,0.0013797379568694361
LOC644656,1.1578330490421973,4.51332992257512,0.0004866220983281763,0.0013797379568694361
ANKRD13B,0.3921753611889937,4.503055943843809,0.0004962811013177447,0.0014049283660312764
MMP2,0.7669235957502484,4.502755904050296,0.000496566130358786,0.0014049283660312764
PHAX,0.375210710012735,4.502665030433992,0.0004966524908955589,0.0014049283660312764
ARSF,2.372840857975877,4.49867639785211,0.0005004583124191937,0.0014137370760966162
LOC105372485,1.0319078533725825,4.497099785043043,0.0005019709337277614,0.0014170311566913593
PRORSD1P,1.3517085466843608,4.493508363163259,0.0005054341875547751,0.0014258221673772533
CLK4,0.5031421823820125,4.484083188934461,0.000514640485701366,0.001449791441796587
GNL3L,0.7126931947705596,4.481935549066326,0.000516762295790761,0.0014544319895304705
LSMEM1,0.4231840845383479,4.479089832743661,0.0005195876662761744,0.0014610423826940133
CCDC18,0.9490004431808047,4.476913829538856,0.0005217588368574302,0.001466474860126569
PTOV1-AS1,1.4518841313204227,4.469926116689627,0.000528794387687664,0.0014828497696822414
TEX22,1.7504059370052716,4.462041946046936,0.0005368498826096101,0.0015047506997699636
ZC3H8,0.7457149992126918,4.460650798176497,0.0005382843158579948,0.0015080817441542542
MMACHC,0.9422023280526978,4.454930408777861,0.0005442242709964154,0.0015235410102015345
ANGPT1,1.186811257424643,4.452687481213149,0.0005465716582854029,0.0015275181205771677
PHACTR4,0.8077171546407568,4.45265500009458,0.0005466057285646323,0.0015275181205771677
DTD1,0.8069994349127305,4.452549003774805,0.0005467169260271298,0.0015275181205771677
GUSBP3,0.6494983682026689,4.450605451009149,0.0005487599782913503,0.0015325278664810832
LOC105371731,2.5149607866322836,4.449818175686178,0.0005495897917923123,0.0015341463677991233
NBPF12,0.9249341489849026,4.449001235698796,0.0005504522377900648,0.0015358544459049145
LOC101927837,0.732089870126062,4.445153409997119,0.0005545331623024351,0.0015458336902746373
RAD52,0.5723281095629675,4.436048194297022,0.0005643144023201447,0.0015702438884350827
AFG3L1P,0.9866017453115614,4.43528479283447,0.0005651425052996996,0.0015718346449578758
ZNF638,0.37035040463951696,4.429939966886894,0.0005709754485538668,0.0015866180868699927
ISLR2,1.1351765772645852,4.428457849076799,0.0005726038615269408,0.0015904221437064553
FBXO8,0.8045622234223619,4.4244536572575806,0.0005770272209342389,0.0016019822755103644
LNPEP,0.36800985791998386,4.424031354944813,0.0005774957748196585,0.0016025573108395233
KMT2E,0.43881874876981647,4.422747902833447,0.0005789221967856182,0.001605788717780923
LINC01504,2.1423656663149013,4.416686983425722,0.00058570738772797,0.0016224068173395646
RIPK1,0.3820954145976395,4.4095552214136635,0.0005937962171308376,0.0016433276799151398
LOC100419798,0.5956591245082246,4.407853643677947,0.0005957430582978691,0.0016479715466452786
ADAM12,0.4424343898654103,4.405642680178496,0.0005982825150759188,0.001653958513993705
DNMT3A,0.5582111099127848,4.405499823039733,0.000598446979451556,0.001653958513993705
LOC107984248,0.5885515865811864,4.3981887839427865,0.0006069261753915647,0.0016751271747637514
LOC100506691,2.290825176078221,4.394163685511443,0.0006116470194297553,0.001685879599417446
TLR9,1.218809240386444,4.385208700700493,0.0006222857644206643,0.0017111927161419945
CCDC40,0.6155236560827984,4.385073518664477,0.0006224478131878418,0.0017111927161419945
LOC112268113,0.7208213305380928,4.385025262946863,0.0006225056699831399,0.0017111927161419945
SNORD29,1.0370926492168058,4.384636869640046,0.0006229715402933314,0.0017117057561623138
LRRC37A2,0.5977112909228828,4.375272815295391,0.000634312660093861,0.0017405266814571926
ARAP3,0.6955087909978221,4.374790163052723,0.0006349029341308083,0.001741366884215595
KMT2D,0.49153956241820773,4.374416772212527,0.0006353599708591149,0.0017418410650117955
KATNIP,0.44818978869450404,4.369922971987604,0.0006408870494219585,0.0017550319208338673
SRRM2,0.3412953412340145,4.369806935324809,0.0006410304193714565,0.0017550319208338673
LOC101928701,1.906953375211505,4.367152320831655,0.0006443193633925209,0.0017632489721411398
LOC107986253,1.7873855476013358,4.363135452635876,0.0006493290757283839,0.0017753734318532528
EPCAM-DT,1.4517352300463444,4.35431576421395,0.000660469586240893,0.0018010135959326842
GUSBP14,0.674095109177145,4.348604615088478,0.0006677881291650391,0.0018193516585696399
ACCS,1.0674341832841108,4.346656032670942,0.0006703041509089438,0.0018250817589729558
UBE2D3-AS1,0.629965142506837,4.346514864380779,0.0006704868060696731,0.0018250817589729558
MEIS3P2,0.7022816329983627,4.345380382791543,0.0006719565490970244,0.0018281278294229309
FLRT1,0.6148580117536491,4.345190934971087,0.0006722023046524121,0.0018281278294229309
CRTC2,0.7970447792268833,4.343107152455644,0.0006749115288082575,0.0018338091166000845
KCND3,0.8378836773542883,4.342894396833477,0.0006751887726209446,0.0018338091166000845
UBE2Q2P1,1.568826675858947,4.340547803004502,0.0006782544107697588,0.0018413195473953152
ZNF557,1.2037615992256847,4.335242633703098,0.000685237990395226,0.0018586322482843961
ZNF90,0.7655440132623333,4.330753426449373,0.0006912051164848872,0.0018731597542229704
C2orf50,1.3273503285610655,4.330273904100864,0.000691845651222894,0.001874067097656359
CTC1,0.4382816814163975,4.3280479870478,0.000694826969143452,0.0018813115374776328
LIPJ,0.776843714300112,4.321438330295763,0.0007037576909213301,0.0019029707301930982
AOC3,0.8990806305839176,4.318093149201117,0.0007083224011469302,0.0019144692764685545
KCNN2,0.6801159214543521,4.3126471761126615,0.0007158188915484127,0.0019321751674116117
IPP,0.48922618191979544,4.310579991096018,0.0007186856916490578,0.00193820646274031
PRKXP1,1.2382214727342447,4.308059382566562,0.0007221972563933389,0.0019459644754686453
SNORD35B,1.0071628397254273,4.306320773375489,0.000724629643033498,0.0019516606818081473
ZNF846,0.8622357179111922,4.304351880504615,0.0007273943602509959,0.0019582465649269237
LOC101927432,1.8370333052816215,4.303840621842891,0.0007281140379490374,0.0019593235525143106
TRMT13,0.467219885489822,4.295052972692193,0.0007405989088708254,0.001989245416063845
DNAAF1,0.8032671974826643,4.29423866696258,0.0007417668822748156,0.001989245416063845
LOC102724030,1.1374423581681425,4.294195026184152,0.0007418295303624713,0.001989245416063845
H6PD,0.4387896013937092,4.29189576942969,0.0007451378950844413,0.0019972432430553676
CCT6P3,0.8061270492386152,4.284188307423717,0.0007563388819837558,0.002026379959161024
CD46,0.2235594094604978,4.280523523013179,0.000761725233884317,0.0020381386659584734
SNHG12,0.6302173327312645,4.276934234780978,0.0007670387701419077,0.0020514605850653986
NOL4,0.42335506254022115,4.275067476270371,0.00076981730905312,0.0020579939400329813
DENND11,0.4646140220562569,4.273605789825331,0.0007720001316321005,0.002061480914398894
GPR137B,0.6637689338726054,4.273518601879036,0.0007721305349852953,0.002061480914398894
MIR34AHG,3.958331898930774,4.265967304033219,0.000783510838267547,0.0020909540437875763
MICALL1,0.3657682436994494,4.264623821431437,0.0007855535101281995,0.0020945815646306494
ATF4P3,0.6557975255496779,4.260752338105253,0.0007914704280704446,0.002109440749596446
HDAC7,0.8254438550396119,4.251804956532053,0.0008053204947668198,0.0021435582426924038
PHC3,0.40171447636948693,4.251216479229651,0.0008062400895713186,0.002144327030156095
SYNE2,0.7035022503553797,4.251172447151774,0.0008063089403768026,0.002144327030156095
SLC17A8,1.0597770982648635,4.250463554825278,0.0008074182307030489,0.002145415584832982
SOX9-AS1,1.6627491445446334,4.24847464054151,0.0008105388878244744,0.002152774429100532
CLK2,0.31961812474605494,4.246435770594164,0.0008137507627180698,0.0021603690668955252
H2BU1,1.0194617321505994,4.244613720054303,0.0008166321165907585,0.0021670800323382467
LOC105369691,1.0486976080483472,4.244217507232327,0.0008172600626870925,0.002167807955115481
LTA,2.2379173559388823,4.240913900578429,0.0008225151589477138,0.0021803988010704353
LOC107984277,1.731196403553723,4.240261540414469,0.0008235569663730388,0.0021816785669259843
LINC00900,0.7711316039659893,4.236573701606242,0.0008294718660866718,0.0021954501464211133
NUAK1,0.8092870731300591,4.233861773148945,0.0008338492781927737,0.0022060837614681496
SIRT7,0.3886786977934149,4.2309528189880234,0.0008385710409633474,0.0022157071039247064
LOC112267911,2.1577541786611536,4.229201524280524,0.0008414269168025517,0.002222295131408721
TMEM44-AS1,0.5094450872344373,4.216572173695755,0.0008623191882405889,0.002273893023729748
BDH2,0.82475761038882,4.216495766314965,0.0008624471908926043,0.002273893023729748
SORCS2,0.6350782781457913,4.214654090817587,0.0008655383828041533,0.002280081773351723
PHYKPL,0.4068031884356595,4.213859607050241,0.0008668754000762384,0.002281642852068416
LOC105379362,0.5962761143594867,4.212459155838949,0.0008692373394133661,0.0022868776354523323
LINC00174,1.1694942152343142,4.2117647683776935,0.0008704109065852992,0.002288982778793601
CCNL1,0.47946588890800496,4.210369051237404,0.0008727746863775847,0.0022919767530780832
SNAP25-AS1,0.685019524844616,4.209653138605403,0.0008739897031414165,0.0022934746918907892
ESCO1,0.5265304939254571,4.208400921831287,0.0008761190802469386,0.0022980787171218374
MCM9,0.43052990753946146,4.1995104886505885,0.0008913907400522475,0.0023341414936011435
SKIDA1,0.542364446356463,4.198565389126138,0.0008930301502145212,0.0023374358756682386
ZFP30,0.5545320858627721,4.195134291532077,0.0008990078788490188,0.002352077805097945
LINC00997,0.3948731180457226,4.193285087627793,0.0009022465783624388,0.002359544166109961
CYP20A1,0.8599901206097287,4.190870084717607,0.0009064942189264912,0.0023686315268624854
TCP11L1,0.43562529540481965,4.189936894464947,0.0009081410458040949,0.00237192356658675
MRPS30-DT,1.2048711534983683,4.183469197518992,0.0009196392847745403,0.002399910096069788
NBPF9,0.33662445389632994,4.1805816647809975,0.0009248207525722139,0.002411378653027508
C3orf62,0.29681622850420186,4.175303655783955,0.000934369136930616,0.0024321370740486947
UVSSA,0.4152065689346899,4.173831581398743,0.0009370502063752496,0.002437648198895149
LOC730234,1.8948549831260861,4.163634360155464,0.0009558397774171209,0.002481701751616667
LOC100289580,1.2491400039957408,4.161445123543508,0.0009599237325143044,0.002490195717440832
CCAR1,0.3899150376913903,4.159119903196044,0.0009642809208812419,0.002500440797378178
LOC105376333,0.9412556909731943,4.149825524169808,0.0009819006057195892,0.002542902709362519
LOC100129534,0.9909582613489855,4.145875399349008,0.0009894884307591859,0.0025593097386302993
LOC102724965,1.2484830926130197,4.143406639919256,0.000994261127144558,0.002570569679205458
MYO9B,0.5381417437789519,4.142059057622354,0.0009968762525475402,0.0025746022931226833
BCHE,1.2377452569693508,4.14120706676797,0.0009985332602947658,0.0025772668992029113
SLC2A9,0.7923191116321936,4.138460189966859,0.0010038947777914304,0.0025900147255309212
ZNF782,0.5232149271909063,4.1334782325482315,0.0010136941198682446,0.0026130971214433723
KAT6B,0.4345795764595625,4.1306101367028125,0.00101937988972535,0.002626649316526438
H2AC15,0.9415095173458611,4.129654291893218,0.001021282013455328,0.002630444849782001
NPIPB9,0.8347206959332846,4.128801581273511,0.0010229819645047548,0.002633716691480112
LOC101926984,0.676857184359151,4.125525978138754,0.0010295391127686936,0.0026494856260588125
LAMB2P1,1.3977084819190249,4.125191200368056,0.0010302116921313649,0.002650103933178878
LRRC46,0.9812149290975815,4.124100911875448,0.0010324052332033686,0.002654632583698259
SNORD22,0.932635706496328,4.123143881259496,0.001034334610089893,0.002657592754268906
ZNF221,1.2308753723598023,4.122647196392019,0.0010353373813907609,0.002658826203571581
ARL9,0.8623213596848722,4.121491622416556,0.0010376742516487064,0.0026637115421300544
SOGA3,0.43447325679689613,4.119147816442463,0.0010424306133911,0.0026748010297561503
WASHC1,0.8189719120487619,4.117444436491799,0.0010459013210924093,0.002682583723136598
ENPEP,0.6513780179736777,4.1126979494014115,0.0010556349519393368,0.0027064166689201733
LOC100506639,0.6325405809798315,4.1114913813205805,0.001058123995031262,0.0027105307520023554
TOX3,0.40902949124951576,4.1110265049888275,0.0010590845942369477,0.0027118582133134877
C6orf52,1.1638275438130417,4.108997200788469,0.0010632883073237514,0.0027203494674017514
MYH3,1.306372156554804,4.102366338243734,0.0010771434792570622,0.0027500957455524905
ZNF192P1,1.0168318412599584,4.101542744905863,0.0010788772130411169,0.002752191975007094
HPX,2.112438695498279,4.097553038428523,0.0010873163479140492,0.00277141339405951
LXN,0.9765640368887241,4.0956381831251125,0.0010913906336645425,0.0027783324685895536
TCOF1,0.4961571962378176,4.091954554623347,0.0010992723170196554,0.0027937559300706834
ZNF397,1.0127333342190712,4.090243339325701,0.0011029534865123318,0.0028017498966693296
SMC6,0.3703138315977745,4.088909631657436,0.0011058312945613148,0.00280693409344135
NLRX1,0.6975705738259784,4.088121522414563,0.0011075354430401783,0.0028100961365216445
ZNF154,0.6227786980293734,4.086683974874134,0.0011106508034348437,0.0028168346814462526
PLEKHH2,1.619222709295433,4.085199663789019,0.0011138769037286487,0.0028234370242417412
SRSF5,0.26715581570353464,4.078477112411671,0.001128608462512605,0.002856469808093422
LOC105376600,1.465456726498188,4.077622332999578,0.0011304958070927794,0.002858885848794859
SBSN,2.338095164138475,4.077395717799835,0.0011309967117688377,0.002858973131192979
LOC100422781,0.4472807879107075,4.076383156735089,0.001133237623391862,0.0028634569791393715
LRRC37A3,0.3027608301875878,4.072435242490477,0.0011420182097817018,0.0028837226990784098
MYSM1,0.3320486377425921,4.07214376347435,0.0011426692391617386,0.0028837226990784098
NOS1,2.071006532741728,4.069938119448254,0.0011476079329269086,0.002892613745411986
DNAJC22,1.0456343499314285,4.066586049531101,0.0011551553918798753,0.0029104408352748196
HIVEP1,0.6068720107481468,4.065016968793177,0.0011587057070730246,0.0029181865178133284
FIGN,0.8840599566254934,4.064416908175065,0.001160066391766483,0.002920413544775581
CCDC17,1.9098158384101709,4.062467069809024,0.0011644990814841597,0.0029279652869146425
SNORA8,0.7840434230262315,4.058114235491504,0.0011744571717507185,0.0029505829765704523
STK33,0.3346780904019908,4.057629262159917,0.0011755720287644883,0.0029510903333575507
RAD50,0.327727061457685,4.057607554062076,0.001175621956616499,0.0029510903333575507
GLRA1,0.4052838914773132,4.054819204909181,0.0011820530964996544,0.0029631479573031315
MBL1P,1.6219021897220187,4.052731036170051,0.0011868928346339522,0.0029720805050270126
LOC102723750,0.7373223196830648,4.04879119662927,0.0011960793555729188,0.002991418380115052
ZNRD2-AS1,0.5706166253106408,4.046358518590036,0.0012017878497095982,0.0030025449419815993
WNK1,0.3926453033964648,4.045401816700411,0.001204040448997485,0.0030064227911831293
TMEM230,0.7125783017769384,4.040036460063101,0.0012167535469594193,0.003034458601652254
NOS3,2.0355177784828156,4.038411409826387,0.0012206310429601077,0.003042890725231989
CCDC186,0.20638766121390567,4.027207700701385,0.0012477094596304737,0.0031053426664777927
CHD2,0.6926114596144014,4.024643013795818,0.0012539938561596919,0.003118451252843372
LOC107983971,1.8266718645719446,4.021005128493195,0.001262963419813979,0.003139483277964189
TRNW,0.7217600680986632,4.019383571084057,0.0012669825971316966,0.0031481975356373324
NEFH,0.48887066436131876,4.019076124123857,0.001267746102909079,0.003148334061531829
LOC105374690,2.3211221312000205,4.018947875682987,0.0012680647304929994,0.003148334061531829
CDK15,1.4151980813038219,4.01841704022807,0.0012693844370102478,0.0031488594460356285
LOC106660606,1.2757786513028926,4.0182479469835215,0.0012698051128368466,0.0031488594460356285
GPR179,1.8577493282016373,4.0109304159149275,0.0012881468414062344,0.00319044045972534
MISP,0.7656617191731354,4.004084363000396,0.0013055514981664892,0.0032309368929190874
PCDHGA9,1.8647301627641242,4.002878199245417,0.0013086426823360779,0.0032372799203874724
HCG15,1.4660607110032533,4.0017756050546085,0.0013114749671346028,0.0032416699792480303
ASH1L,0.3282487944997404,4.001146481504658,0.0013130938266250186,0.003244363223382251
GUSBP9,0.8981889045438358,4.000400121047629,0.0013150170033790125,0.003247805894727376
LOC102724660,1.286536535808952,3.998151571584537,0.001320828313137683,0.0032591188692418296
LOC112268131,1.9846958412972908,3.998010971216285,0.0013211925595539881,0.0032591188692418296
LINC00482,1.4480471115215845,3.9955556328056443,0.0013275700244354323,0.0032735334874453743
BOD1L1,0.8296007009508567,3.9921512983479355,0.0013364643774993945,0.0032928161712505177
LOC107984852,0.9369379142487508,3.980039741040192,0.001368603318698393,0.0033652380038592653
LOC101928592,0.8449048501847545,3.979370430026464,0.0013704021940411423,0.0033669600999888583
DHRS3,0.8742783055903871,3.974369239752723,0.0013839201738383303,0.003397449205297944
LOC105379082,0.9256913514185805,3.971323078811496,0.0013922203332275686,0.0034153213660810724
LOC100507437,0.4893586316175964,3.971288613407301,0.0013923145340679608,0.0034153213660810724
SAPCD2,0.8308021112539445,3.9658856642205964,0.0014071625004225662,0.0034476043675420987
PACSIN1,2.443454655219679,3.9634933225030284,0.0014137883994965947,0.0034610714412596348
LOC101929540,1.7614936196841848,3.9547738600898334,0.0014382083679298462,0.0035180436134916028
LOC105378967,2.0958381460449655,3.9539324016420982,0.0014405876042815579,0.0035224579235125448
HELLS,0.49651017497192684,3.9524968893648555,0.0014446557968060486,0.0035287470546263833
KMT2B,0.3781257779765872,3.9522747043929356,0.0014452865065906488,0.0035287470546263833
INHBE,0.8501225187335565,3.9522127964795866,0.0014454622926862721,0.0035287470546263833
LOC112267918,1.7877264792490528,3.950373428926204,0.0014506950843339184,0.003540111810098296
CCDC84,0.4190835650097919,3.94875230808049,0.0014553229874803076,0.0035499920068660113
LPA,1.7234418705744303,3.944018066478655,0.0014689243684603709,0.003578897606781428
CREBZF,0.27331726135994533,3.943682082407347,0.0014698945509664645,0.0035798385369187236
CD2AP,0.47257388460909117,3.9420280667676724,0.0014746801855547397,0.003590067330202762
SMG1P6,0.7353652813166514,3.937908604399537,0.001486668305698142,0.003612527495101497
TADA2A,0.6421283992137176,3.936477659469303,0.001490855711875948,0.0036208183493659117
SNORD97,1.4602217792077707,3.9350424615785338,0.001495067629585441,0.003628172830308295
LINC02175,1.0395638222896075,3.9293337673373308,0.0015119414207478434,0.00366621871407606
LINC02689,1.7402358130380116,3.9277432610936085,0.001516677100219247,0.003676247775541315
MBD6,0.4436559469432735,3.9267688538907346,0.0015195858233705093,0.003681842330933289
LINC01002,1.1742661511096122,3.9207824413367027,0.0015375810530641374,0.003722500732734266
LINC02588,1.797898078987213,3.9190986073291687,0.0015426816675805344,0.0037319015873199194
FAM86JP,0.45444343636153517,3.9186231378869794,0.0015441250602638281,0.0037339197709732805
NBPF11,0.5904714460257474,3.91824206028508,0.0015452828980847906,0.003735246121947857
LOC101928530,1.953511487301796,3.9127351852230006,0.0015621135855999543,0.003771467617064876
LOC105370941,0.9041218808814351,3.9047380668671483,0.0015868880667774129,0.0038267599722051696
RPLP1P6,1.7353340853459736,3.9032246295049062,0.001591621396402865,0.0038351569024958976
GOLGA2,0.272606813744743,3.902001852604025,0.0015954561668710268,0.0038428865630331607
TRNG,0.9006574629235167,3.898329015054291,0.001607031240480088,0.0038646926261839696
LOC101926889,1.9080795553920045,3.8967248150318605,0.001612113709239821,0.0038753949167216087
ZNF721,0.3934633201360399,3.8919764017002763,0.0016272538172466201,0.003907193850263135
SH3GL1P1,1.0165140848214234,3.889302803118202,0.0016358420447544907,0.0039262771082008725
INTS6L,0.20512510889453855,3.889071645065647,0.0016365867411064965,0.003926527093143962
ADGRA2,0.6727952086688065,3.8872630189388517,0.0016424253101137616,0.003937452933514806
NCOR1,0.4793655962431591,3.883392123748587,0.0016549925579749563,0.003964480023597687
LUC7L3,0.4357221073231723,3.8804511171902183,0.0016646061837325972,0.003982251430775956
MLLT6,0.6031982840041457,3.8803280037448458,0.0016650098559671735,0.003982251430775956
ST8SIA6,1.954249903370007,3.876394832190235,0.001677958724084126,0.0040069680477739355
TAOK3,0.3103142924067216,3.8744919477853776,0.001684260153530692,0.004020449665554183
BSN,0.4752884735318866,3.8694854464601196,0.0017009544515160485,0.0040571403843554
CLIP1,0.42387614254249784,3.8669146251246165,0.0017095922013945282,0.004074572392903755
TRHDE-AS1,0.7938941383312792,3.86502561984579,0.0017159675189260394,0.004088177571323988
FAM27E3,0.6507019627105555,3.8638687259144597,0.0017198839194169924,0.004095916249427414
ZNF780B,0.37436885525476504,3.8623324632841887,0.001725098636134937,0.0041067396658280245
ZNF382,0.8965842315723002,3.8615237919095997,0.001727850059033496,0.0041116928811627835
IQCE,0.4590091148303332,3.8579932886177204,0.0017399145919427224,0.004137190243835876
SERPINB1,0.9386508068197671,3.8544257580205246,0.0017521926499251461,0.004159930652223526
KRBA2,1.1254890890417695,3.852318656659093,0.0017594858085171767,0.0041756283415448295
CCL3L3,1.2376038622208927,3.8517267187937576,0.001761540186456578,0.004178885968645056
IKBKB,0.5969651019671806,3.8510425907920225,0.0017639175565047492,0.0041829070102027514
CSPG4P10,0.7112340596666408,3.846394038343203,0.0017801580367759581,0.004217527538074392
ECEL1,0.8654492643267466,3.846273561306174,0.0017805809573469046,0.004217527538074392
LAG3,0.7877539810628826,3.8372212979442115,0.0018126516827630008,0.004283560067593367
TIAF1,0.8395158184384542,3.836066754573472,0.0018167840332604587,0.004291670953328174
SCRT1,0.39104064251247245,3.8289819028806207,0.001842352603690127,0.004343388099400618
RASA2,0.2398830229003527,3.8288234458131427,0.0018429286209691693,0.004343388099400618
CCNB3,1.7111493207622204,3.8212332758913616,0.0018707354473075028,0.004405535263924315
LOC107986871,1.1787523217711708,3.819831579898818,0.0018759170323061477,0.004416041247325916
KIAA1656,0.8502821513009621,3.81746696686424,0.001884691244326163,0.004434993216015117
ANXA11,1.0837618139752723,3.815880982735578,0.001890599589485062,0.004445483499633077
GPATCH1,0.3226539922300973,3.8150349522748104,0.0018937590377655525,0.004449809642871646
LOC101060341,1.3791138127262812,3.8149995801945957,0.0018938912493070353,0.004449809642871646
ZNF91,0.35649454099314243,3.8133273982889966,0.001900152132295532,0.004461100180379782
CEL,1.0616939740837097,3.8119596341669104,0.0019052888552669575,0.004471447428325594
LOC105374301,1.08880001264789,3.8099595442601295,0.0019128257119851064,0.004485700694134928
LINC00663,0.8866122824295644,3.8092195207225625,0.0019156219780692284,0.004487349090021873
ITPR1,0.9891570331996726,3.809192349758452,0.0019157247257075433,0.004487349090021873
ENPP5,1.7593637262153417,3.807748614232366,0.0019211923003934204,0.004496719664532901
LOC105371038,1.8628995868455334,3.805638973523603,0.0019292102286709181,0.004510319870996464
NYAP2,0.5115230480593341,3.8025742584588462,0.0019409185872923836,0.00453596299660782
LINC01061,0.8512411867387106,3.801510959636193,0.0019449976198995665,0.004542032537136892
CELSR1,1.2238140030742166,3.8005734636278756,0.0019486012650097267,0.004548715062646468
CC2D1B,0.6842828703094797,3.7994302790753682,0.001953004729500107,0.004555524730531071
NKTR,0.8801877928140606,3.7988502105052233,0.001955242973323877,0.004559010812657043
FAM157A,0.9243041941170818,3.797520481854998,0.0019603836744957544,0.004569259286942576
LRRC37A,0.605999684001244,3.7908779950908893,0.0019862695441873923,0.004620138084845225
ATXN7,0.27724661231953307,3.7907594264675333,0.0019867347457833626,0.004620138084845225
LOC107986064,0.6026154733622657,3.7903899253384443,0.00198818518528128,0.004621757749629975
AGPAT2,2.139162594861598,3.7894535774887843,0.0019918655381427515,0.004628557903265757
LOC112268254,1.9901542073690752,3.786860590155795,0.0020020935007057845,0.004650562015659893
NFATC1,1.762961225905676,3.7847589527549523,0.0020104224381932516,0.004666372414284223
STK24-AS1,0.9973909030905842,3.7837383791735815,0.002014479716344096,0.00467401993231995
CACNA1C-AS1,0.7867542698774704,3.7821485113658873,0.002020816775212946,0.004685176562804598
LINC00632,0.7818799143004775,3.7792057314806686,0.002032599825515596,0.004710713395240303
GPT,1.4405128778551635,3.772308277901756,0.002060491491548391,0.0047699444271871744
MAMSTR,0.5922823661063675,3.7715066787012304,0.0020637580506319506,0.004775702850273257
THPO,0.8434662137836533,3.77023450972535,0.0020689529928299417,0.00478591767775379
NPIPB6,0.8619198202440401,3.766137551163752,0.002085773361540784,0.004821424441483968
SDHAP1,0.37581169307990203,3.766112743847977,0.0020858756311281377,0.004821424441483968
LOC100129215,1.3113849731461191,3.763968163123789,0.002094736038633658,0.0048364338669771465
IMPDH1P5,0.9218150630502444,3.7573178895752575,0.002122455303128461,0.00489490256139107
BACE1-AS,0.8982776226702828,3.756304169274754,0.0021267131791372694,0.004902877693911794
LOC642846,0.7078504310087012,3.75360968781293,0.002138072818679203,0.004927212924249441
NPIPB11,0.9278110962070863,3.7508772442016776,0.0021496553291277926,0.004946466654487
LARP7,0.34954482426940836,3.74720264081394,0.002165331902648229,0.004980669629731199
ZNF337-AS1,1.4221498209387766,3.743466378085401,0.002181390358568012,0.005013844356213691
LOC105379028,0.7719088247064857,3.742395739582046,0.002186014174821892,0.005022588789976835
GASAL1,0.61113826527119,3.73759822958176,0.0022068556941193065,0.005066676181629719
C9orf147,0.5482260424989555,3.7349758094882786,0.0022183331120147636,0.005091107514143802
LOC653712,0.9964455935607199,3.734787837277508,0.0022191581203576246,0.005091107514143802
DCLRE1C,0.2903077620603965,3.7257254288340103,0.002259303967217477,0.0051735275752869386
ANKRD11P2,0.7886637136702803,3.7217303349078565,0.0022772348874069634,0.0052106942365825635
HFM1,0.755109150591812,3.7180917354412593,0.0022936911895558086,0.005244433790368186
PRKCZ-AS1,0.42495640458867084,3.717899900713701,0.0022945621360721037,0.005244469013468305
CARD9,1.397286661360753,3.7157631442236183,0.002304285871757595,0.0052627691482392165
C1QTNF3,0.7683255907325051,3.712756453327319,0.0023180391401237755,0.0052868993290713165
TRPM7,0.5091448653422654,3.7082622360703206,0.002338751842915301,0.005331554033867905
C8orf34-AS1,1.3908803892456534,3.7073464702907,0.002342995305625484,0.005337505046141822
LOC112268256,1.2476656121721892,3.7073230861060007,0.0023431037649539383,0.005337505046141822
ZNF283,0.2905210763158129,3.705370795914341,0.00235217672978652,0.0053561825236223505
MZF1-AS1,0.5794123716562878,3.7011679828086526,0.002371829550618484,0.005398928757999
SDHAP2,0.26873174513424525,3.6993353015137598,0.0023804513438030876,0.005414533112249694
RBL2,0.25988181709175917,3.696625750283136,0.002393256510757654,0.005441640360142589
IMPDH1P8,1.168947762774843,3.6959649242957013,0.002396390095078774,0.005446745006612119
PANK2-AS1,0.8525071168238079,3.6945219129517795,0.0024032471841217403,0.005458552716181463
TMCO5A,1.6128631848960975,3.689075350417086,0.002429308303365881,0.005511347113113563
CSPG4P5,0.6528889239964708,3.6865087502596547,0.0024416881311372543,0.005537383738021224
DUSP8P5,0.5346330298927178,3.6858690951721376,0.0024447833916616097,0.005542352881244699
LOC112267983,0.6646861750864858,3.6842905392184053,0.0024524389501188446,0.0055576527779033335
LINC02604,1.1465721587739135,3.68065334436207,0.0024701708058819175,0.005593700421151147
DCAF16,0.5516370557609191,3.6785964780656184,0.0024802556946726243,0.0056123910698941265
LOC339803,0.40611867906926163,3.6764588606787574,0.002490780655501276,0.0056341274605988265
LOC105372118,1.0093992456571292,3.6749639397000804,0.0024981680186379022,0.005648753210715728
LEMD1-DT,0.4583736917011081,3.6739916574417446,0.002502984581001605,0.005657557330951268
SUGT1P4-STRA6LP-CCDC180,1.1820001667379956,3.673484815307718,0.0025054991362877346,0.005661153595814159
LINC01410,0.7251197307031195,3.6723942806872047,0.002510918186354552,0.005669218593868657
MRC2,0.8579870508356724,3.669951818311938,0.002523098246864227,0.005694621595463075
LINC00537,0.4539019306562714,3.6629144344987887,0.002558527450021538,0.005766093113467658
ELOCP19,0.7674189700755957,3.662611745280058,0.0025600625536058193,0.005767432360751073
ZNF417,0.7985007551715951,3.660138849257237,0.002572638910567355,0.005793635753775859
SLC39A8,1.4379441975927514,3.6575622213930234,0.00258580928351074,0.005821157145766007
ESR2,0.765995858127627,3.6561437728775297,0.002593088725306917,0.005835401573469677
TMEM265,0.44137342313907085,3.6551151543360514,0.002598380527640966,0.0058451642695189435
MALAT1,0.7782238247730753,3.6521331776277637,0.002613783312840053,0.0058776565325420116
LRFN2,0.9753719373047784,3.6506212381689114,0.002621628158449583,0.005893135537695615
LOC112268201,0.7062058750474278,3.6440008546828957,0.002656259933137901,0.005966608057946256
DNAH10,2.329228618728967,3.643127508485651,0.002660862875652282,0.005974758032142304
DND1P1,0.8942259561247287,3.6423706171771943,0.0026648585671659045,0.005977161733160262
CEP295,0.7055321532935115,3.639847251629051,0.0026782234844339864,0.006004941462904293
ORC1,0.37000501397166136,3.6389602316328578,0.0026829376297494464,0.006013311762473165
SYK,0.9334222834800552,3.6363821893755297,0.0026966865196775777,0.00604191826228931
RPL13AP26,0.730219909300026,3.634374733992659,0.0027074417174732085,0.006061584268849805
EDEM1,0.32803277416508564,3.6316524127561873,0.0027220961814571377,0.006092168525860626
LOC107987276,1.6803715707209652,3.631296129278443,0.002724020004556218,0.006094080685179764
SETD6,0.2703429220463554,3.629919618452485,0.002731465662706638,0.006106449493942995
ROCK1P1,0.5474964277275712,3.627096171910304,0.00274680231989583,0.00613849734632207
METTL2B,0.46109772956662975,3.624466599611453,0.0027611641085149383,0.006166096898067968
LINC00444,3.9416674548065953,3.6238553255594117,0.0027645135223842245,0.006171328438534339
GGT1,1.421488540518137,3.6199356771350426,0.002786088590256306,0.006217227178111087
LOC107985209,1.4815014050657833,3.618412114756925,0.0027945206232663964,0.006227610434228013
LENG8-AS1,0.7769040030557085,3.618360763738562,0.0027948052699121144,0.006227610434228013
BMS1P1,0.7822237498937877,3.6172915173973106,0.002800738925636593,0.0062385645400262766
LOC105374297,0.9779248890179266,3.612755026229044,0.0028260554802943603,0.0062926698489663745
LRRC1,0.356199226067035,3.610666211953413,0.0028377899963061893,0.006316504240144133
RSRP1,0.634296282810653,3.602864551822808,0.0028820548084780274,0.006405727329938472
MIR4477B,0.562179797318177,3.602018977343897,0.0028868940836805188,0.006414157569032831
LOC107983979,0.546671199721823,3.6005799946924073,0.0028951483366040165,0.006430166414269065
TNRC6A,0.7313226860762899,3.5998069956503906,0.0028995922250445753,0.0064377038535035295
HNRNPUL2-BSCL2,4.228934875377809,3.5953467577491587,0.002925368474126102,0.006487883048622649
TCF20,0.4943881441418189,3.5934375917063335,0.0029364723450328875,0.00650780975259892
XIST,1.3301272171199279,3.592276504136057,0.0029432461204246907,0.006515745293681241
ASAP1,0.2990562986972723,3.588114034188782,0.0029676598025201143,0.006566755040724446
LOC107984754,1.2462822212180114,3.587864811831871,0.002969128006882022,0.006566755040724446
LOC100130357,1.084335331241547,3.5878014110410765,0.002969501626898559,0.006566755040724446
TTC12,0.3995025847342501,3.5872093225802826,0.0029729930874622277,0.00657024699390814
EDIL3-DT,0.39222008964038924,3.5871701323102405,0.0029732243329691974,0.00657024699390814
KCNMB3,0.970345355074931,3.5867285851208948,0.002975830974118384,0.006573637431115566
LOC101928841,1.5376908587483227,3.583720968005508,0.002993647673347069,0.006610612477527929
LOC101928222,0.8149780990978193,3.5808281271183424,0.0030108859983050775,0.0066442388072805525
DFFA,0.5092748596609036,3.580801807231113,0.0030110432963499794,0.0066442388072805525
ZNF570,0.7244550192076255,3.580470891230056,0.0030130216886689806,0.006646211929305812
PRRC2C,0.784137751252906,3.5801861651533464,0.0030147249825968917,0.006647577029970844
LOC390314,1.2246175537768718,3.5796424806564886,0.0030179801216423624,0.006652361792760763
LOC100128494,0.8995920283815407,3.575842232681402,0.0030408321331328748,0.006700323859131748
PIDD1,0.5571167428068114,3.573806789164348,0.0030531435567940036,0.006725034136955531
KCNJ18,0.8029241850546466,3.56878032528278,0.003083762051167132,0.006785162014951371
CNTRL,1.218336292387884,3.5654205448510554,0.003104400512368469,0.006823695828896177
TNRC18P1,1.1547200026094238,3.5646876340904914,0.003108921112371931,0.00683071197807883
KLRD1,2.0423613728973393,3.5586830542884242,0.0031462082675133935,0.006902740400807838
GLIS1,1.5148753024189583,3.558186746273133,0.0031493103363783204,0.006905607463983398
EFCAB5,0.997462323522037,3.558113548798392,0.003149768102658659,0.006905607463983398
LOC105375798,1.6899241026232559,3.556898988462372,0.003157373583960672,0.006917333834767305
EPN3,1.8163693094707851,3.556428547009292,0.0031603244234202584,0.006921325014493099
OTUD3,0.3321588247056766,3.5541333738140035,0.003174760794528243,0.006947977033365987
HOXB-AS1,0.864718136664223,3.550881554413961,0.0031953282505422344,0.0069879993492058135
EHBP1L1,0.38262904093089695,3.5483357420275343,0.003211523972348483,0.007015909462044263
ACRBP,1.1620497513497157,3.5480618468696687,0.0032132713364365164,0.007017225968064071
SNORA81,1.2788572394964897,3.5474157649830653,0.0032173969306394786,0.007021232888864366
ZNF578,0.30356024333961623,3.547189390438473,0.003218843721362911,0.007021890395713397
TSIX,1.379686434992764,3.545893518160666,0.0032271384479327808,0.00703628159435606
TEP1,1.5399351057963373,3.5454725995857768,0.003229837330812454,0.007038358634155828
LOC105369203,1.8936495600922556,3.5394526780429305,0.0032686862293145927,0.007120485638130225
NHSL2,0.39377427525514586,3.5390362476770476,0.0032713909655700765,0.007121371354092549
ZNF436-AS1,0.599905920321187,3.539032353409024,0.003271416269677752,0.007121371354092549
STARD9,1.2620748235754848,3.536874899685393,0.0032854652984648197,0.007149415079726426
TIAM1,0.38886229413786894,3.533430580014231,0.0033080203153985533,0.00719594199197769
YWHAZP4,1.4180518361777146,3.5303445292164786,0.0033283616941197965,0.007232491026215652
NCK1-DT,0.6302741844398451,3.5279707864600605,0.0033440936648657933,0.007264101405254186
LOC388572,0.7034067876333968,3.523920889488434,0.003371107444360685,0.007320187259628409
LOC107987000,0.8711763344803197,3.5199463753389244,0.0033978320828939724,0.0073677788001910325
TMEM51-AS1,0.9717502804717952,3.51727209869046,0.0034159338969946213,0.007401793845378942
SMG1P4,0.7151707756279189,3.5165923896554587,0.0034205502118439595,0.00740917766735105
TRNV,0.8557780009552403,3.5144270470125067,0.0034352982845155693,0.007438494695895599
MUTYH,0.3098048151842196,3.5125297341409976,0.003448273434151173,0.007463953443272137
ATAD5,0.7577191340563623,3.511852171254462,0.003452919028940604,0.007471370860362126
PAX5,1.1921742694716586,3.5114196080204936,0.003455888120076879,0.007475156731147237
TTC21A,0.9040324010783811,3.5109264600781542,0.003459276197067779,0.0074798458864287435
LOC105371532,1.127503687699146,3.5077829619428944,0.003480951721846974,0.007516109212723477
LOXL4,1.3610378332276731,3.502272451376451,0.003519279056310974,0.007594693738342164
CD2BP2-DT,0.4743726292538,3.500202547800344,0.0035337853794736264,0.007616773690637598
LOC112267936,0.9492157175994727,3.499310626363541,0.0035400546917341183,0.007627604660924481
LPXN,0.5248229524263112,3.4969436499828386,0.0035567464797711663,0.007658186133121619
LOC112267941,0.6046261302708555,3.4967367728230747,0.0035582091244648765,0.0076586453416326175
C3orf35,1.6621516554306188,3.4944825422615406,0.0035741860700962643,0.007690333664334889
FAM227A,0.9428740271535285,3.4890620775609564,0.003612899919526537,0.00777090403743778
ZBTB8A,0.498471823222518,3.4875198298603514,0.0036239918033759352,0.0077920272727795455
ZDHHC11,1.0006513313404797,3.4858453784850285,0.0036360732907639954,0.007808815974544242
SMG1P1,0.6446300836097709,3.4853510078522456,0.00363964801048595,0.00781198960233854
ZNF493,0.1723285967820901,3.4841373732501824,0.0036484386188265347,0.007828116462515456
CYP21A2,1.4865797498435955,3.48145200340282,0.003667965292695534,0.007867259357670967
LOC102724322,1.0885888522522136,3.480396967270546,0.0036756657215843576,0.007881018143865727
URGCP-MRPS24,1.9108815899964633,3.4785147179193148,0.003689444161765703,0.0079077946544139
ERICH1,0.3853238677422613,3.4722917697369504,0.0037353681980935795,0.008003427841423853
LOC105373456,0.7591162801338347,3.4715366136208403,0.0037409800580106103,0.008012651207409169
LOC100128288,0.9251379766553507,3.470090764984509,0.003751748387724354,0.008027301087870956
NPIPB12,0.7895226898905658,3.467574617132672,0.003770562407288986,0.008061927993261766
LOC652276,0.3897127246171619,3.4654527798388157,0.0037865017460597928,0.008090364483564493
NAIPP2,0.790333394871875,3.4605782322194547,0.0038233765911013244,0.008160619256076295
LOC112268089,0.49289507545599254,3.459596509486501,0.0038308466568507233,0.008173717370864926
PASK,0.3471385364379366,3.4543054820959345,0.003871360121120058,0.00825441305824903
LOC105372507,0.9717502210506737,3.450981614427638,0.003897030940521461,0.008303371451302244
PLXNB2,0.29277113190546705,3.450033400359607,0.0039043854737773665,0.008316151130734974
LOC102724416,0.4276422803235648,3.4475560266343774,0.0039236663490413905,0.008351414833202682
LY6G6C,1.5069599337166224,3.4462079358857975,0.003934198414931783,0.00837092547154871
NFIB,0.4515781594791673,3.44515730428064,0.0039424262467103255,0.008383123674385852
SH3D21,0.5726911880678023,3.445126660779662,0.003942666485033346,0.008383123674385852
TYK2,0.3353219469438212,3.4446380274194768,0.0039464992509004385,0.008388363525665634
SCN8A,0.227998518841205,3.4438054447246262,0.003953038527417467,0.008399350493264844
RBM22P2,1.9514093200361953,3.4430133921419968,0.003959269574738816,0.008406762207533405
ZFYVE16,0.15582605371014305,3.4423687324507664,0.003964348370244111,0.008414631409140028
LOC286059,1.1713552151471933,3.4404940499961114,0.003979154819226941,0.008440214201336036
GOLGB1,0.9192545682316443,3.4400737887192836,0.003982481703876651,0.00844142906112167
TTC28,0.4706927898193779,3.4388183364318614,0.003992436800597873,0.008459605111532997
C1QL3,0.8046147192026945,3.4374227283760295,0.0040035325994448746,0.008477255555992083
NAIP,0.7624517576405876,3.4354957785571263,0.004018903759126348,0.008506741304891392
PRECSIT,0.7003736670460957,3.435329465020022,0.004020233207221918,0.008506741304891392
FAM157B,0.6402012853396206,3.434580119407274,0.004026228675294679,0.008516487846637815
PDE1C,0.7793821370023846,3.4330742097723954,0.004038304533226227,0.00853616208144266
PLCD4,1.4530396007918667,3.4330729250467122,0.004038314850927196,0.00853616208144266
DMPK,0.4355432223756449,3.431132093358762,0.00405393204015552,0.008563267886338159
UBE2CP5,1.0535642235711233,3.4306114343111203,0.0040581319074227875,0.008569186563038818
PLSCR1,0.8244343696237779,3.430167647089026,0.0040617151412174314,0.008570848129315958
NPIPB4,0.7665310416492351,3.428896785936585,0.004071993932932273,0.00858690315212986
LINC02193,0.614086926140428,3.4287076386040507,0.004073525997780365,0.00858690315212986
LOC105377826,0.8467027336156715,3.419018754985924,0.004152783481168589,0.008750966909440857
ANKRD12,0.8826189078133868,3.41191664881251,0.004211862000860776,0.00886093004601013
NAIPP4,0.7658671695220598,3.411877002584047,0.004212194152377409,0.00886093004601013
MIR4292,0.5996587987043438,3.4114411315582824,0.0042158475628640045,0.008865573091031337
LOC202181,0.9653968733183025,3.4110208676343383,0.004219373167750998,0.008869944279257072
ZNF83,0.36420751072181984,3.4041154876441326,0.004277728067904985,0.008989534815309414
LOC100132570,1.5705914568902002,3.4006412101014383,0.004307393425918887,0.009045673758438772
ZBTB25,0.3249441647132801,3.3993699380244164,0.004318299766276797,0.009061889200391051
LRIG2,0.32032855019947615,3.3983988389754214,0.004326649556564987,0.009073678337921099
SETD2,0.37301967144292136,3.3893040182442933,0.004405639690514849,0.009214115081151832
LHFPL1,1.6218612714447085,3.3873342231322803,0.004422937335113357,0.009247137061475062
ZDHHC8,0.2990249973490381,3.3843904814879746,0.004448914638700296,0.009298277100318041
CCL3,1.1829347995663402,3.3830409303088405,0.00446087495358066,0.009320096613990948
LOC105375897,1.5520604788023824,3.38075973248494,0.004481165267892717,0.009349742373104954
LOC105378808,2.1320052757440546,3.3791799767099766,0.004495270736424456,0.009375981495162273
PKD1L1,0.4378760114190915,3.3757983797097086,0.004525614423327145,0.009436060005100477
ZNF852,1.0166696565791702,3.372440593757332,0.004555947568067541,0.009494641648267277
PAK6,1.715251495512572,3.3723456252876214,0.004556808438695323,0.009494641648267277
C1RL-AS1,0.7646174145195553,3.371275278247261,0.004566522204564736,0.009511648356772623
A1BG-AS1,0.40038860341630234,3.3704949283608414,0.004573617223146636,0.009523190753358996
MCM3AP-AS1,0.6239866932609673,3.368559572016231,0.004591261381329547,0.009556683282699532
NSRP1,0.23196433722442658,3.3679294856040483,0.004597020425372647,0.009565422677370783
IGFALS,1.3866261394952535,3.3675622431715793,0.004600380390973012,0.009569165862458285
AKAP9,0.9420895508778724,3.365985868493978,0.00461483089169964,0.009592713925438723
MIR181A2HG,1.2121742000577,3.3628715311511015,0.004643513583232509,0.009645794058019411
ALMS1-IT1,1.4512631098474866,3.3600071777829448,0.004670051589475888,0.009694350234841583
KCNN4,0.7953228243743851,3.3520207783732237,0.004744849968454129,0.00983962459628681
PNKY,0.9394195309515172,3.349277034678471,0.004770823036668597,0.00989014041757812
LOC107987245,1.5844997237298606,3.3473498384789577,0.004789151500417675,0.009921425717323538
ZNF887P,1.3890393835041994,3.346714839884933,0.004795206038633196,0.009927258702067373
PPP1R12C,0.2950002781365551,3.3463632901963045,0.00479856126410267,0.009930850961833007
GIGYF1,0.7489304822846536,3.3460635107175447,0.004801424246194374,0.009933422419565142
ARHGEF5,0.8272549024170063,3.3448609280238086,0.004812926465207034,0.00995385938991873
CTD-2297D10.2,1.6537096256425665,3.3444057634866637,0.004817287123572009,0.00995951772934112
RHEBL1,0.7460001081829648,3.342489817179404,0.004835686063483673,0.009989527469740543
LOC112267938,1.2246137494036735,3.3423853510731854,0.004836691277355617,0.009989527469740543
NPIPB13,0.7214499807727522,3.34001229647538,0.004859582169295364,0.010030422957491441
LINC01089,0.5459727022672004,3.3399934429502562,0.0048597644671695885,0.010030422957491441
TAF8,0.34217632590670133,3.3395623306652955,0.004863934831992973,0.010035651470924578
LOC105373063,0.8945879263916205,3.33707847190455,0.004888032308746935,0.010081977810436982
SLIT3,0.5037667524691366,3.3354708720132216,0.004903692305381763,0.01010068341128703
LOC107985541,0.6623503339181319,3.3342430362233033,0.0049156867451563835,0.010121988494393226
PMFBP1,0.9667708821342837,3.3321150842915546,0.0049365437860097935,0.010158111248150397
LOC105378248,1.2394039581108507,3.3316218198123737,0.004941391128763437,0.01016126387766517
CCDC88A,0.5828606746146242,3.330248043037211,0.004954916443408957,0.010185659892051276
MADCAM1,1.1722490357093174,3.3272968420792326,0.004984097448614964,0.010242211652701887
LOC105375492,0.8196769144850506,3.327076800981624,0.004986280055700901,0.010243262983058488
NIN,0.8335995993739465,3.3265087743837385,0.004991918783281335,0.010251411102684954
KAT2B,0.2729444837600917,3.323713738951459,0.005019757807500132,0.010300245280022394
KIAA0753,0.43485560819528574,3.3236154642945452,0.005020739461126739,0.010300245280022394
LINC02803,0.8487188882501803,3.3228765973593988,0.005028126065536011,0.010308538771813328
LOC105369161,0.5083116144779226,3.320508380339246,0.005051874958520518,0.010350265205792372
NPIPB3,0.8112454353473694,3.317754123467632,0.005079636288334743,0.010403665368356824
CSPG4P12,0.5186445097732135,3.3132001746135504,0.0051258725783454966,0.010487850101888482
TBC1D3B,0.8106875055612885,3.310723891149593,0.005151190714223654,0.010529445395041019
CCDC88C,0.4416642042189187,3.3107078532865235,0.005151355096203592,0.010529445395041019
GPER1,1.5363481290708207,3.308303549106293,0.005176057723579682,0.010572886986185755
ANKRD23,0.3541047934661491,3.3022779431003078,0.0052384884074108285,0.010686167699643387
BMS1P4-AGAP5,1.3299137430712138,3.2995324602016827,0.005267183150038592,0.01073927991393259
UTS2R,0.6154337615352815,3.2994518049455848,0.0052680284993793305,0.01073927991393259
ZNF563,1.048725967766473,3.297008495510875,0.005293701247841898,0.010784985690459586
FBXO32,1.6971082678605929,3.293833914635242,0.005327244593683306,0.010841968578777776
ZNF69,1.1026003737148233,3.2919681442959,0.005347057760914137,0.010875071026676729
NAT1,1.0838131256977186,3.2908548263487076,0.00535891547328501,0.010895572753312474
PAPSS2,0.8901861390424267,3.2869194666739294,0.005401041120598213,0.010973941686863456
SERPINE2,0.6101147008157948,3.2866893005921702,0.005403515124879464,0.010975330588307193
SMG1P3,0.7704754745743954,3.2814019518770694,0.005460660414616003,0.01108038674001857
RFPL3S,1.7691780362476257,3.280487343229759,0.005470606504894589,0.011096895392125687
LOC102723534,0.8259749676356946,3.2764318845203393,0.005514926816822141,0.011172009711539895
NXF2,1.255091683688566,3.27432695838556,0.005538071797325638,0.011215189995905568
TMEM147-AS1,0.5197048165649198,3.2738447155695547,0.005543388000863409,0.011218543560677682
LOC100507006,0.6239303056250185,3.272258987273031,0.005560904886745123,0.011243340385953053
LRRC39,1.8734742388041612,3.2700798547412275,0.005585067060645878,0.011287985849574427
C1orf226,0.5475687249067902,3.2695197286100313,0.005591294642788238,0.011296847778606425
SLC7A9,1.9000505745377996,3.2693340631730976,0.005593360433692199,0.011297298009401378
CGN,0.3313444920745516,3.2684687218217747,0.005602998638076527,0.011313037434587982
NXF2B,1.234572614883411,3.267744769459568,0.005611074783567723,0.011325613573681309
AGAP13P,0.7393054979509094,3.2656400200271034,0.005634620658059615,0.011369395863695009
DCDC2,1.8019955723711263,3.265202579358558,0.005639526681942893,0.011375550694409323
LOC105372295,0.9535058995217851,3.2630988681691235,0.005663180038736295,0.0114157493053119
HMGA1P8,0.9955341265952337,3.258420221199671,0.005716140622269485,0.011518718610950673
NPIPB5,0.8115162146701757,3.2570693309757486,0.005731523966975397,0.011540233547947958
LOC729218,0.8903742074608902,3.2541565309060494,0.005764834374059419,0.011601587233415705
HERC2P7,0.624169193723262,3.2501610200829743,0.005810840952040863,0.011686500996066435
LOC100507156,0.6246877896909298,3.2458913872681685,0.005860408841101116,0.011778461047852407
ZNF296,0.6976120924281277,3.24306806219998,0.005893417394158419,0.011833163650897842
LOC112268239,1.6390916855278304,3.242879880391694,0.0058956240785911765,0.011833718271697418
TNRC6B,0.4273430933292215,3.2398440934319694,0.005931336846791399,0.011897609578151594
LOC107984347,0.6976338628981759,3.238516970200384,0.005947016717703599,0.011920181756910222
GOLGA3,0.7257186146503077,3.2382711319433373,0.005949925814439528,0.011920181756910222
IL17RC,1.4369977433450407,3.2382337701487023,0.005950368054836098,0.011920181756910222
KMT2C,0.5794420982413995,3.236814014858893,0.00596719758425052,0.011946087913604077
KCNT1,0.7802388554360733,3.236062003313085,0.0059761310162905305,0.011956162901390649
PSMD6-AS2,1.7270598930203032,3.2336487739517072,0.006004888844915004,0.01200808714591276
GOLGA4,0.9170570185094077,3.2320887336127586,0.006023552825177949,0.012035325560085016
RPS18P9,1.0901122758390713,3.226045646799982,0.006096398485324654,0.012165744999129171
FLJ38576,0.83091060944906,3.226015434967181,0.0060967648674265604,0.012165744999129171
LOC102723564,1.1523730875948952,3.22338841355224,0.006128707097314915,0.012225504232522106
KRI1,0.3025326481772542,3.2187019244580966,0.006186105319623593,0.012327966713034013
LRG1,1.6301334066234707,3.214434053793868,0.006238842339210807,0.012419262135241915
LOC101929270,0.7339532701115045,3.2143390967840664,0.0062400207792080095,0.012419262135241915
LOC105374947,1.3819754881490778,3.212336569313939,0.006264924354864119,0.012464779712858502
ATM,0.30945307610593875,3.2101986894760484,0.006291620463148601,0.012513833043186541
LINC01001,0.9531534841249732,3.2098486106981476,0.006296002746890846,0.012518487459760261
ANKS3,0.2049456204232205,3.2093434368129508,0.0063023318699123535,0.01252700854817209
LRRC37A4P,1.1244864233735379,3.2053319697161453,0.006352815421184308,0.01260691438389764
MIR9-3HG,0.8096371275549098,3.2030907711855994,0.006381195629895078,0.012652429633050088
BDP1,0.7011978931297765,3.2030318616555373,0.0063819432994112356,0.012652429633050088
TTC25,0.42375501624907524,3.2014842284294227,0.006401616871445345,0.01268732991333979
KLF3-AS1,0.4688943068995485,3.2003781268158353,0.006415714669949756,0.012711160609822884
DNHD1,0.692602803405645,3.197705900331214,0.006449901167261267,0.012770637647064459
LOC729870,0.9394114412699573,3.1967156493434037,0.006462615714565214,0.012791680442455525
ZBED3-AS1,0.46440963125865065,3.1949420304406346,0.006485450888490182,0.012829393458287288
FKBP11,0.3427967736698977,3.1949107093256144,0.006485854865780148,0.012829393458287288
CCDC191,0.6273753497903976,3.1932019750125744,0.006507931989568845,0.012864760753323774
PPP3CB-AS1,0.9734944500381839,3.192957844522102,0.006511092296295747,0.01286685872865665
TNXB,0.8980387108221873,3.191131389040163,0.006534784559384844,0.012909516387054171
NOD1,0.7240836159042529,3.189677747906889,0.006553702087678404,0.012938548727043035
LOC105375148,0.5314911543529296,3.1877274882592816,0.006579168199939719,0.01298046381256211
LINC01004,1.3082977472300559,3.185964454608188,0.006602274292278194,0.013013485984458305
CCDC14,0.3866082503105945,3.1855953253287024,0.006607122267520431,0.013018855512664816
LOC100419892,0.4896940720521645,3.1808274481954,0.0066700606691201805,0.013125994189953999
RAD51-AS1,0.3537786878468443,3.180280744604728,0.006677315448743626,0.013136053819254952
CFP,0.806696875349439,3.1788615366017985,0.006696185060477737,0.013168949124391571
TSNAXIP1,0.23703606891363443,3.1777949120172715,0.0067104016760396535,0.013190589657660312
AACSP1,1.0597190083896681,3.1775519416523315,0.006713644328205575,0.013190589657660312
SNTG2,2.0334687589853546,3.175076501953272,0.006746770205852411,0.013242939917347192
LOC112268072,1.7619140541988936,3.174328016152192,0.006756818279357503,0.013258417430365394
LOC107985276,1.108176638867241,3.1725879575830453,0.006780235316829118,0.013291602971590181
EIF4HP2,1.858403335928478,3.172412224092797,0.0067826047533648594,0.013291997166920266
LOC101926977,0.7822863404292841,3.1718544775089903,0.006790130376054922,0.01330036182494056
MSS51,0.9963657087177686,3.1717652921022976,0.006791334516337062,0.01330036182494056
LOC105372824,0.7063269422681218,3.1716136653769618,0.006793382198024289,0.01330036182494056
SP140,1.8756251553786254,3.171385653894179,0.006796462593110506,0.013302144219593678
LOC644215,0.7486497560446592,3.1709028420515715,0.006802989882102328,0.013310669638457475
GABPB1-AS1,0.29617073124293664,3.1700398525696376,0.006814672449804163,0.01332502140902696
MDM4,1.0129346806718187,3.167392918604269,0.006850629436503888,0.013386789431230103
WHAMM,0.38228374893071615,3.1660687722814815,0.006868687890784567,0.013417800118071827
AGPAT4-IT1,1.163663822734566,3.1653262459537235,0.0068788350276163535,0.013433341420607916
RECK,0.2981113822883573,3.163186884526778,0.006908154294537246,0.013486301218316342
MIR6758,1.6470532237347264,3.1592684567373106,0.006962177636883627,0.013587439959916153
TBC1D26,1.3657926016049986,3.1549644716815326,0.007022000727706325,0.01368676135479802
LOC100288069,1.0334234676035552,3.1531947740184805,0.007046746548303797,0.013730628207597672
LOC101928755,1.3755912685009113,3.1507582104142235,0.00708095906805359,0.01378852575831274
PCDH7,0.35061098817778763,3.1491606616430596,0.0071034802664710055,0.013827987943304943
SLC7A8,0.782320433838109,3.1448885427733373,0.007164056049100224,0.01392607589839373
UPF3B,0.5126422287625528,3.1407790494500745,0.0072228100869138005,0.014029095637763497
AGAP7P,0.5225320767657454,3.1349895532914314,0.007306396314210703,0.014169000128475676
GDF10,1.7124609010448217,3.1345169383931193,0.007313261982908619,0.014177829207852573
SPAG5,0.2540917251135531,3.133679338006877,0.0073254455314604935,0.014196958933876961
FERMT1,0.9225352349651739,3.1328007050362907,0.007338247591224267,0.014217274884388354
LOC105376781,0.47020626331763077,3.1301078388658166,0.007377622346829663,0.01428453094948384
ZNF713,1.1144702152020374,3.1283552668557877,0.007403360847016188,0.014316278230980832
LOC112267958,0.9156879769331718,3.1278832032335337,0.0074103088614386565,0.014325194992311246
ZNF37A,0.4163823685528393,3.127276574252385,0.00741924696573963,0.014337952049175262
LOC441155,0.5277932094934764,3.1265310090205554,0.007430246825294767,0.014354684222835463
PTPRM,0.5499360769735949,3.1248458763975466,0.0074551684800869605,0.01439829325234186
LOC105370943,0.8633228731820568,3.1244717597708944,0.0074607125869981935,0.014404462412062653
COPG2IT1,0.5433236021717635,3.1217792817708863,0.00750073382974167,0.014468061163095167
PYY2,1.3807583334937854,3.11903391706648,0.007541760574554087,0.014538047900005206
LOC105373095,1.497314259828125,3.1167322658435053,0.007576328019326442,0.014600091404737846
CASC9,1.120001551565288,3.115075475982665,0.007601307857517076,0.01463902518585601
LOC100506730,0.4773984765539329,3.1112749811358933,0.007658918016775325,0.014740711912977312
ATP2A1,0.4510718771114028,3.1070793312279164,0.007723021316215326,0.014859422683113606
LOC107984567,1.55927969709478,3.1063611782010847,0.00773404684591522,0.014875967105572733
LINC00265,0.8943674028068466,3.1054885296675097,0.007747465298830628,0.014897102346873196
ESRRB,1.1217288116653972,3.099242475375979,0.007844185383796961,0.015073622696763439
MYLK3,0.7398140406308937,3.098891940169829,0.007849648761304652,0.01507939420457459
SNORA70,1.7357671631097527,3.0985456668705345,0.007855049417835661,0.015085041645154324
SLC10A5,0.8585904642247744,3.096204779761511,0.007891655856304542,0.015145851721711597
DDX55,0.272046686156037,3.0937502002635395,0.007930221853334677,0.015210344168004247
SSTR5,1.1448581315528719,3.0889652184836036,0.008005940663171625,0.015350771431104806
LOC105371050,0.9245228519775064,3.086939978916298,0.008038204003973296,0.015402997981980714
MACF1,0.4199671571237862,3.0864679878201615,0.00804574161374052,0.015412623778821685
LOC112268122,0.6290735541238047,3.0857971563792614,0.008056466720368175,0.015418714016814522
LINC02666,0.7319325784543257,3.0826446171215967,0.008107058858290108,0.015505856724280299
DOCK5,1.1748336687523468,3.08214258859643,0.008115144446763351,0.015516480180492622
LOC107985944,0.43339703183011397,3.080164269268121,0.008147084782571586,0.015567839687395207
UBA7,1.0882097485957951,3.076649086029929,0.008204145619690911,0.015671988983703734
RASL11B,0.6559965236356987,3.0763859108405494,0.008208433552276679,0.015675295225998767
LOC401127,1.527129741093727,3.07620319669745,0.008211411832696238,0.015676099201005277
CFAP44,0.9236612211122472,3.073332668296742,0.00825834281563843,0.01576078501241083
TBC1D3H,0.7533673608747393,3.073026194701137,0.008263369097690015,0.015765469209100467
LOC105370689,1.3486578319940683,3.0705330192242286,0.00830437084418789,0.015833839276787484
LCP2,1.5987050579079807,3.070141494472091,0.008310827978608739,0.015841223727882953
LRRC37A17P,0.8109473290520537,3.0692811169540746,0.008325035035211507,0.01586337108046209
LOC105371818,1.510913568560028,3.068294342272578,0.008341358845776812,0.015889536893912946
NBPF26,0.42299742741294966,3.06715690878901,0.00836021426795459,0.015917851475442446
LOC107986163,0.48552906028429793,3.0663087870709904,0.008374301181276616,0.01593441168871699
KSR2,0.4872642458202881,3.0652332056322282,0.008392199901566063,0.01596158405107042
AFF1,0.4801567494103175,3.0643977894104917,0.008406128168363837,0.015983115903247618
LOC112268070,0.5610193595906673,3.0591228647735056,0.008494602955999138,0.01613632355756886
CNPY4,0.20062795934193348,3.05783343254238,0.00851637004941947,0.01617266059570674
LINC01000,1.3123302267601722,3.056848615270838,0.008533032067694844,0.01619928354752846
TRPV1,0.7650752333811403,3.0537755154654374,0.008585233197879698,0.016288294491798996
VPS33B-DT,1.3870472591559524,3.0502627565496154,0.008645289721291381,0.01639716150727604
RTCA-AS1,0.5342781549122322,3.047141329510112,0.008699004433844578,0.01648529432741139
TDRD6,0.9663848589729744,3.047014591208921,0.00870119235607601,0.01648529432741139
LOC102723539,1.0421509480158808,3.046938033164556,0.008702514264845557,0.01648529432741139
LOC105379377,2.0666147567003157,3.0462792044542137,0.00871389831096748,0.016501759853639372
NEB,1.6046443314378043,3.0449967112315215,0.008736101058245833,0.016538696567957676
RPL37A-DT,1.5163378275855506,3.042977406395164,0.008771173083642447,0.016594842902076606
ZNF625-ZNF20,1.4239498187787727,3.039822708537963,0.008826243945393114,0.016693883179654364
WASH5P,1.037393077835566,3.0391030157941166,0.008838855287141982,0.01671257955280085
ATP8B2,0.2831115163861613,3.0347746396740423,0.008915079126353585,0.016851506335043932
ANO7,0.8171062772461859,3.0342393037778472,0.008924551580288978,0.016864211216760617
LOC102724143,0.782390519353651,3.0300118161307754,0.00899970485550644,0.01700098328636502
LOC107984214,1.4459073790339332,3.029413457551211,0.009010392467041604,0.017015929089021883
ZNNT1,0.3180002050982105,3.0290560295199636,0.009016782669905365,0.017022752622888784
VASH1-AS1,0.387022600313215,3.0246838592687912,0.009095313058629774,0.01716043984284411
LOC644169,0.6068804652300291,3.022867785939524,0.009128130658591832,0.017216948439086277
DOT1L,0.30948897829594196,3.0219843676509988,0.009144136865369877,0.017236641754218126
LOC399975,0.7748622770813405,3.021687167937839,0.009149527907868053,0.01724150202128225
ZNF850,0.40400122423902357,3.0180048305703937,0.009216584591970223,0.017344258387517984
IER3,0.5615513591662427,3.016849649926088,0.009237720725799248,0.017375645305047375
RAP2C-AS1,0.5095443208318203,3.014467709415648,0.009281453938380514,0.017452549890267652
LOC729737,0.8097973213638547,3.0120096345916574,0.009326799419728915,0.017532438038312864
PRNCR1,0.520701332224296,3.0104408071460678,0.009355854775638654,0.017570891475081174
SPATA41,1.5100166749551982,3.010027462268752,0.00936352496717239,0.017575634745862382
COL23A1,0.972514815417986,3.009995695817908,0.009364114694940707,0.017575634745862382
GDF15,0.7147722420295093,3.009815512994674,0.009367460390221617,0.01757653265750184
SLC9A7P1,0.44273061238658945,3.0040133633422577,0.009475829952835432,0.01776899284517626
LOC107987057,1.8822816385112546,3.002742896645683,0.009499723766805098,0.01780835066988234
CSNK2A3,0.853620394588188,3.00223745708324,0.00950924615746217,0.017820751741132103
GVINP1,0.929525381915965,3.000972034779902,0.009533127833589547,0.017860046949848385
FERMT3,1.5796116230806536,2.9978943581581903,0.009591458653275731,0.0179515964903449
RAET1K,1.6493655543887604,2.997776046861359,0.009593708010174534,0.0179515964903449
CYP27A1,0.879804605648272,2.9975013481533876,0.009598932642334385,0.01795589169896545
TCF7L2,0.5057538372131133,2.9967553592404976,0.00961313515115547,0.017976973299750773
GK5,0.3364499035840166,2.995221568989498,0.009642401403767107,0.018026203295240125
MAP7D1,0.2900144217169909,2.9934553309728784,0.009676211932136558,0.01808389608048692
MIR3659HG,1.5463042595299403,2.991070735823365,0.009722045133241677,0.0181584816169322
INSYN1-AS1,0.7487765478542918,2.9900750928264377,0.009741245258881379,0.018188800925051127
UNC13A,0.39313444932388825,2.986286784702812,0.009814642123792273,0.01830398258862947
SDSL,0.5968663245395692,2.9862747506788576,0.009814876144995934,0.01830398258862947
LOC102724708,0.5504772235082658,2.9835464695369307,0.009868074347056496,0.01839759603024827
MPHOSPH9,0.593787677573362,2.978415529142968,0.009968892998882681,0.018579906987884108
ALG1L12P,0.6088726336021552,2.976148555927048,0.010013760004550894,0.01864652151515704
TPR,0.5420427913551964,2.974919144402924,0.010038175221952928,0.018686308566830078
YY2,0.5609008037309278,2.972869795325694,0.010079004323077364,0.01875661703110633
ZNF573,0.5605880817861465,2.969984818046387,0.010136759199901972,0.018852649846905063
TCF15,0.9329130690297406,2.9669498717914204,0.010197868429268486,0.01894905531112938
ARHGEF11,0.30390794054089026,2.9660095718145962,0.010216875118752352,0.01897861953877331
LINC00504,1.3002230855728383,2.963012276929417,0.010277694031905815,0.01908003162192085
DENND4C,1.0347067872150164,2.961058812452537,0.010317524180681598,0.019142379911494613
ARHGAP9,0.5526007874730745,2.960724901800566,0.010324347652989806,0.019149243907058248
PTPRD,0.42871814672310227,2.9597421093157315,0.010344456853081656,0.019180738206107245
MTMR10,0.29141621370811416,2.957615121803898,0.010388109976748263,0.019255855505735366
KIAA1614,0.5172882536224445,2.9572577619194282,0.010395462019987993,0.019263658459046675
NPIPB8,0.7313857309776869,2.956744898241666,0.01040602223433603,0.019277399908274363
TBC1D3G,0.7987102841191788,2.953425805645032,0.010474620558362912,0.019398617529536148
CCDC150,1.758784671205788,2.9513464664164504,0.010517822631195863,0.01946686374674838
KRT8P46,1.0384485564642674,2.9489519625575067,0.010567790244076553,0.019547542002471115
HOOK3,0.37786077598080325,2.9485124743362543,0.01057698667601672,0.019558651078124434
LOC101928451,0.9004024248669547,2.9464928217489827,0.010619349969481655,0.019619233065980273
PADI2,1.1378946203767246,2.943176232559358,0.010689279891558412,0.01973653184796779
N4BP2L1,0.6292102631480714,2.939283086689227,0.01077194497720206,0.019877189256546846
MALRD1,1.2917534449288002,2.9326563249340314,0.010914103583249242,0.020127393190528836
GPALPP1,0.5102369714308386,2.9299578726905997,0.010972518776652583,0.020216874091037073
ETV5,0.5910805271006127,2.924627330939703,0.011088817890719412,0.02041274884988288
LOC107986799,1.1333327891023188,2.924123413059752,0.011099874643048003,0.02042696834640776
FAM27B,1.4176070397100868,2.9234921650850176,0.011113740517721335,0.02044634735102995
ABCA12,1.6455881472716987,2.9214142797985034,0.011159503386237429,0.020512070691944658
WSB1,0.739899023064623,2.9204219661462916,0.011181423201709461,0.020540043220401257
LRAT,0.8369954141887822,2.9198695973273945,0.011193643146930648,0.020553318816737207
LOC105376825,1.453895930141337,2.919792225460252,0.011195355877501718,0.020553318816737207
BRCA2,0.5078012288626333,2.9179706348514833,0.011235753769208134,0.020621308564444867
ZNF804B,0.9350383051528737,2.9159203192862986,0.011281395614264538,0.020691153885243785
GOLGA6L10,0.6298427800915596,2.915806441968211,0.011283935960582378,0.020691153885243785
WEE2-AS1,0.5389619378506343,2.9146221632930356,0.011310387904710856,0.0207334562966141
MORC2-AS1,0.9541975421640058,2.911633174194172,0.011377421062819108,0.02084387062614499
FGFR2,0.766037002924299,2.9099585361961897,0.011415148180883182,0.020900495325213233
TOB2P1,0.5551153779663828,2.909493973244118,0.011425635864194534,0.020913451133924305
NDP,0.9824188748211646,2.905326185576997,0.011520149763484023,0.021067576983937072
FKBP1A-SDCBP2,1.0448282544882543,2.902492460486557,0.011584849095508701,0.021154341660848477
ADCY8,0.4698184466684481,2.902092328159083,0.011594013592962821,0.021164771686975014
MIR570,0.5109076384184104,2.9012086265130566,0.011614278842312833,0.02119545379677811
LOC112267861,0.35164976149509,2.9003559389499944,0.011633865854090805,0.021224880263564474
SELENOO,0.27364930802443005,2.899378670173565,0.011656354517769802,0.021259581432290654
EVI5,0.21134361237896818,2.8980320835398308,0.011687411799067118,0.021299055942745147
LOC101929285,1.3137907029795146,2.8979883609766506,0.01168842156466471,0.021299055942745147
TMCO1-AS1,0.7947549795183657,2.8974405687684923,0.011701080002297625,0.021315786155745746
GCC2,0.4316228214620588,2.894283803481249,0.011774289635424557,0.02143641088956119
PHACTR2,0.6576648152119111,2.8940032243291003,0.011780818368642268,0.021441928919173722
PCDH20,0.8455028962318576,2.892290610528141,0.011820745933734274,0.021501831624270357
INTS6-AS1,0.5489525666893863,2.8908291305714116,0.011854923663116997,0.0215576036947218
ZNF891,0.40244438651952547,2.8905996932110014,0.011860298020300733,0.021560980683405544
ADAMTS2,0.5196846267782862,2.8895933889814134,0.011883898030268786,0.021591077334187213
FLJ42627,0.8189527830039545,2.889033494051305,0.01189704873260755,0.02160856554989164
LOC107986246,1.0077065283335562,2.883432756223507,0.012029386452384255,0.021810156448717977
STAG3L1,0.27286890625807025,2.8810106482440436,0.012087064063556799,0.02190825035765913
GTF2IP13,1.4128963480577663,2.880053523177386,0.012109930799631874,0.021942942197647964
LINC01844,1.284863027601091,2.8799100076176596,0.012113363196874503,0.021942942197647964
LINC01160,1.2806879475684234,2.8792930232708898,0.012128130211747325,0.021963201831022485
ZNF793,0.7105165352887443,2.8780768369840657,0.012157290379615554,0.022003008570133847
NBPF20,0.6302944568261805,2.8766812613025854,0.012190836483941597,0.022057179741503355
GRHL1,0.9161710691960775,2.8765324880659886,0.012194417968018739,0.022057179741503355
INE1,1.5616946660219313,2.8747262769945525,0.012237982116806495,0.022127124414116166
LOC100996724,0.31554549749733757,2.87371911494187,0.012262340204053425,0.022160420239047022
DIRC3,0.608995272591769,2.872206899919893,0.01229900226907799,0.02222012493647158
CASC18,0.8053787456937568,2.8695213056957503,0.012364376879380932,0.022318501257539786
LOC107985320,1.3309191061404897,2.8691716006388512,0.012372914683700125,0.022327337948508025
CEP152,2.156727786553502,2.867194708380751,0.012421287959742216,0.022401440186295904
LOC105372098,0.8637923807312171,2.8662097474219133,0.012445458489797135,0.022438429571310717
AGAP5,1.4854185975268133,2.86418868506837,0.012495199008817681,0.022492802937379146
FRMD4A,0.3301735054008001,2.8641657725733114,0.012495764025896035,0.022492802937379146
TBC1D3I,0.7656618700674167,2.8640900124807622,0.012497632431437745,0.022492802937379146
PLXNB3,0.6179430242435869,2.863636192010716,0.012508830348691269,0.02250634870486571
RN7SL674P,1.0491150638441786,2.861657177701616,0.01255777716645286,0.022574537838814083
PAXBP1,0.36837177774292934,2.860928420615297,0.012575848724267565,0.022593772766635455
LOC441242,0.4177623315365802,2.8596590820778864,0.012607386394932292,0.02263716420648358
BPTF,0.6799283349005322,2.858255768397028,0.01264234301448585,0.022686640128453825
ANKAR,0.47384263537721216,2.8574495981180785,0.012662467706023044,0.022716103903401015
LOC105373252,0.5926663877106793,2.857067853869116,0.012672008263271141,0.022726568359816297
ZNF165,0.47278580884319615,2.854913617351792,0.012725979169972096,0.022816686841745818
ANKLE1,0.4930029841396909,2.8480506299617465,0.012899426406541776,0.023103707871595235
CLUHP3,0.8279645034588877,2.8479832536073797,0.012901140627156686,0.023103707871595235
PCDH12,0.49703763650942007,2.8475316320223985,0.012912636756665673,0.02311754185699783
NRXN3,0.48369430960458887,2.845946177832094,0.012953074357573554,0.023176399828349646
ZNF396,0.46317533881761885,2.8452578788345315,0.012970668271395779,0.023201107821317804
CHRNA10,1.6302462327894771,2.839953062736054,0.013107054611315987,0.023401869285020544
ZNF33A,0.20473554855607545,2.8398534931875528,0.013109627915947887,0.023401869285020544
TNFSF13B,0.6812054338675891,2.839399970544236,0.013121355147954787,0.023413228776734362
CPS1,0.6086538716498856,2.8373414488875075,0.013174713849780856,0.02349752571985937
OSBPL7,0.36349386801156847,2.8361348366129624,0.013206089005254603,0.023539786450192123
LOC105374298,0.8753615486136634,2.8353225478667925,0.01322725187728997,0.023570655234821953
C19orf38,0.6070586955158412,2.8305424904852257,0.013352462706778175,0.023781097866318934
ANP32A-IT1,1.0242248393783986,2.8294190859611055,0.013382057576918469,0.0238196985849903
C14orf178,1.2494326686525625,2.8294003499374623,0.013382551700930929,0.0238196985849903
AGAP12P,0.7525906677824333,2.8285495401145333,0.013405008881726927,0.02385274439622237
LOC107987147,0.8892059722502365,2.8268383315415884,0.01345028807662439,0.02391942730191689
CDC42-AS1,1.2444802760273226,2.825328754630645,0.013490356245548703,0.023983724995711584
LOC105377771,0.36584235807496246,2.8249863788010345,0.013499460041795013,0.023992951596463738
HMGB2,0.5679750876698063,2.8241076067592656,0.01352285417180062,0.024020601585957056
RNF212,0.7874965363546098,2.823740256819719,0.013532645288286162,0.024031030016568415
LOC100132287,1.0637744314808268,2.8227330851238657,0.013559525404475255,0.02407178995929143
BEST1,0.5099484670598509,2.81789773905039,0.013689303581554742,0.02429514503616982
HMOX1,1.2971845838913798,2.8143967575521387,0.013784025546007229,0.02442440276442091
SVIL,0.22788669817513454,2.8139370215663755,0.0137965115960205,0.024434414870319453
SLC16A1-AS1,0.94970368226879,2.813688728923021,0.013803259618056066,0.024434414870319453
BMS1P2,0.6462614867074221,2.8133978293837134,0.013811169702938652,0.024440666939669148
ZNF137P,1.0122489206821796,2.8127943379974902,0.013827593863793827,0.02446266966379687
ZNF418,0.3836340434917992,2.809875709182516,0.013907294923903937,0.024589477324352793
LOC101928096,1.4667326040700512,2.807952927038678,0.013960046905897312,0.02467563077657166
LOC107984583,1.4674259802685816,2.8074232240646535,0.013974613763738637,0.024694258394845153
LOC105378083,0.6532426811368807,2.8037330358667467,0.014076507196350362,0.024852819445169275
TPTE2P1,0.4962592150892717,2.8012211977923784,0.014146278977388186,0.024961626405120778
LOC399783,1.016032586259717,2.8002931394414015,0.014172143222670634,0.02499307116565807
LOC102725044,1.6031084627734211,2.8000532975044994,0.01417883493597923,0.024997485808902122
LOC112267870,1.3708746769304223,2.798737622433593,0.014215597899311712,0.02504789167081943
LLPH-DT,1.0894655976139536,2.797819409113831,0.01424131003428926,0.02508598577879114
AVIL,0.4531387672482249,2.795305492733718,0.01431193830588008,0.025195916661414384
LOC105377134,1.631365355920758,2.7938995056763765,0.014351588469455707,0.025251216222090554
PLOD2,0.6307183286379262,2.793276835076453,0.014369182630514852,0.025274918084664574
LOC100996660,0.5072692026153754,2.7915659060716105,0.014417635126247063,0.025345598888412528
POLI,0.2723558878374032,2.7897165701983564,0.014470186666133542,0.025418675419264604
HMGN1P1,0.9687137234459857,2.7896653817300443,0.014471643917330093,0.025418675419264604
EFCAB12,1.1485270327623716,2.7885006855906105,0.014504839645751885,0.025469684052838455
CILP,1.6557175354993763,2.785126450712683,0.01460143107801792,0.025631950890105913
EBLN2,1.3154171994120478,2.782413730624302,0.014679540976864944,0.02575431774132287
LOC101927300,0.536684653871693,2.7815411985245,0.014704751197285065,0.02579116590539555
UBAP1L,0.6896728758485976,2.780981552615113,0.014720943383048355,0.02581218047428101
MUC20P1,1.257646291025173,2.7801813176271812,0.014744126747780296,0.025844424828464087
ZC3H18-AS1,1.3067748853488177,2.780055853127539,0.014747764771609686,0.025844424828464087
LOC105379857,0.8453132796440804,2.7795515999929927,0.01476239515570629,0.02586266999270636
LOC100132062,1.1391872240808303,2.779361226066021,0.014767922341229634,0.0258649611290679
LOC107987250,0.7918999899083783,2.7785480266427762,0.014791554960980047,0.025898952273866807
TRPS1,0.36138715440673624,2.778259099819651,0.014799960428330107,0.0259062699673511
KCNQ1OT1,0.7116477421377742,2.7723864410960313,0.014971821635641147,0.02617720097731895
LINC00638,0.8205726311562067,2.7721090495867187,0.014979987372634443,0.026184009864342498
DAPK2,0.8664631893935503,2.7702560303752346,0.015034647345431014,0.02625952075786818
RPS2P32,0.6176513155762445,2.7689328740590087,0.015073796540709271,0.02631047061348173
LOC100129293,0.9951087442361877,2.7675938092580035,0.015113517656929863,0.02636478748918044
SNORA63,0.3825029249729119,2.7664302166069685,0.015148116565029138,0.026417625759211555
VHL,0.5692766695050376,2.765836827821008,0.015165790443524275,0.0264409258870318
MYH10,0.3046349986973955,2.761346846607237,0.015300176237959304,0.026660056946756834
LOC105372708,1.318299226246628,2.7611476265349006,0.015306165747011607,0.026662914472628915
ZNF785,0.9009636316870974,2.759728943146225,0.015348884308664728,0.02672973318525988
LOC100190986,0.9212985776124563,2.757575351957881,0.015413954197030247,0.026835427216073675
LYG1,1.195885891915812,2.756614090835754,0.015443085035741336,0.026878509730009763
DNASE1,0.7059229845351181,2.7551566949348234,0.015487353522217473,0.02694790720726458
HP11014,1.1564862176416382,2.7543582465813174,0.015511658851615326,0.026982539375823483
SNORA92,1.030776516936832,2.7506595224896295,0.015624736390590978,0.027156119669498924
CAPRIN2,0.4948975593138282,2.7475357418475275,0.015720861997129975,0.02729996715082344
RPAP2,0.7130631991420568,2.747093635733906,0.01573451302995424,0.027315934543647544
LOC105378890,1.1909692870441098,2.744318078987903,0.015820478831744186,0.027457399557925217
CSRP1,0.5974441984915853,2.743795225465363,0.015836724015098533,0.02747781438226833
TBC1D3D,0.8185299720571633,2.743149157626931,0.01585681993839075,0.02750489706347915
RNF115,0.3335426208898105,2.742605401384243,0.015873752707633325,0.0275264792355848
C7orf61,1.363985433491588,2.739100256731638,0.015983327560184384,0.027700819322570052
LINC01144,0.6859425042562993,2.73792428061914,0.016020254657510346,0.02774912716884386
SEPTIN14P15,0.4122183868639093,2.732911856356172,0.016178584593695873,0.02799963962714729
RAPGEF2,0.28510310461559774,2.7300170342405123,0.016270717516095858,0.02815114264004166
SLC17A9,1.6729334021612614,2.7296434360695248,0.01628264508806407,0.028163830245438132
SAP25,1.0604365700273253,2.727601762197065,0.01634797844350822,0.028260887721011103
DUSP23,0.7113992894570221,2.7265873568792665,0.016380534091895268,0.028301204617620628
LOC106699570,0.6767717305058945,2.72282429327229,0.016501855249380054,0.028486728436693812
STK36,0.47232725862120073,2.7213164523050097,0.016550712940997157,0.028563026556394304
SCARNA12,0.9216528857579421,2.7201341129166896,0.01658912198556834,0.02862125465002362
CENPJ,0.40654616887871303,2.7192286748860504,0.016618594315319115,0.02865597275749822
LOC107985367,0.6361844918882562,2.717370728172654,0.01667923067901654,0.028752442087281043
TRIM66,0.7506532692788832,2.713784622437652,0.016796876577367132,0.028930838274588512
ETFB,0.6006611306752704,2.7086806079385797,0.016965711269511685,0.029180642559513647
SLC25A25-AS1,1.3312228326818687,2.706917589219353,0.01702441221016299,0.02927339322532935
NFKBIZ,0.9555841530980308,2.7065367567004874,0.017037118194277265,0.02928259626882012
SLC6A18,1.2739144452571112,2.706201822349253,0.017048300461489935,0.029289821140396105
UCP3,1.0160892938791732,2.7058814441855628,0.017059003423234846,0.02929999747392256
PLGLB2,0.5333098937272353,2.7052782453536897,0.017079172375671036,0.02932642203441553
STEAP2,0.5010896123931856,2.7041107706244776,0.017118274672336606,0.029377106310588853
CCDC9B,1.3372445340268453,2.7029208005090792,0.017158219919544103,0.02943741620677452
NBPF25P,0.16892366656999333,2.7026492022082333,0.01716734969276505,0.029444838728777213
DNAH1,0.7798683226911844,2.702364239488315,0.017176933784547523,0.029453036111685683
NIBAN3,0.48185348549794793,2.701410907245241,0.017209034809163425,0.029499827567162133
LOC101927402,0.5157001319222505,2.6993463741069856,0.017278752574852296,0.02961105766951204
TTLL13P,1.095512772631185,2.69697220736553,0.017359265625566812,0.029732410808808202
CALB1,0.6675984220581407,2.6955261294589867,0.017408483639836946,0.029808381204525277
GPR146,1.2894078149147143,2.6934463881158304,0.01747950639454537,0.029913281462468765
LOC101927314,1.4695504720865207,2.687881420888627,0.01767093531623438,0.030224004879608468
POLN,0.6829660639181141,2.685399674373338,0.017756959456036697,0.030345737793561457
LOC112267869,1.178408685011576,2.6821459567025814,0.01787035816908347,0.030514009909883472
ASB16-AS1,0.3394103702350772,2.680285024266078,0.017935531035154252,0.03061676559328754
LINC02562,0.7331900999448366,2.6795846139141397,0.017960120223727782,0.030650205170225868
MEGF11,0.6109424830755015,2.6793881591694517,0.017967022998819932,0.03065345142854611
ZNF117,0.5491054597526093,2.676151509913924,0.018081119423106334,0.030839527563617648
LOC101929937,1.5151549409435352,2.6747083231950026,0.0181322200454337,0.030918083137276377
CDON,0.3089793718638432,2.6724501303635315,0.01821245972968665,0.031019349327331733
FAM83E,1.5619220579663358,2.672439839333918,0.018212826184781084,0.031019349327331733
LOC112267994,0.7488545681231245,2.6723251718773944,0.01821690988228291,0.031019349327331733
LOC107986175,0.7380767327488733,2.671683589830202,0.018239775185813666,0.031049658952801384
HRK,0.6366437861580259,2.670715179099329,0.01827434103273469,0.03109986411178891
TSGA10,0.3761926633246979,2.6702406241006305,0.018291302683215542,0.031120090326980647
SNORA32,0.7531619695711227,2.6691580925878395,0.01833005191287103,0.031175654819458623
C20orf27,0.5695673229383914,2.667500666427693,0.01838953376094982,0.03126118745275164
LOC105376678,1.040713425026753,2.6650812232699184,0.018476699011415496,0.03140065565289076
LOC101927999,1.0788353319399036,2.6599411137709392,0.018663212820847132,0.031708839964465885
ZSCAN12P1,0.759932291439843,2.659052613582431,0.01869563731860336,0.03175512794764162
LOC100130027,0.35058980309708626,2.6524465871492744,0.018938431752753154,0.03211413185183315
LOC101929817,0.7417416233059132,2.6501365317105745,0.01902405288298614,0.03221476358362017
LOC339059,0.9424418299389584,2.6491678004499555,0.019060069914431866,0.032266840258345024
TCP11X2,1.464440501851864,2.6482569181846416,0.019093996371570852,0.03230855200098413
FAM13A-AS1,1.3927347755999382,2.648106258998089,0.019099613412711564,0.03230855200098413
LOC101928077,1.710807239238164,2.648081925486965,0.019100520791446408,0.03230855200098413
LOC107984850,0.836982066724475,2.647875147155796,0.019108233087908134,0.032312681056241896
GRM3,1.2726248960527542,2.6464653189418583,0.01916089644776113,0.032377092029388835
LOC643562,0.3202933520547322,2.642832419765088,0.019297249797078912,0.032569422152008184
SPRY4-AS1,0.6693051361189714,2.6425542262216837,0.019307729845590205,0.03257747300196925
LOC105372437,1.0409302754998637,2.642318151915108,0.019316627507984085,0.03257747300196925
LOC105378688,1.3126047297136236,2.6409663658198186,0.019367652927781993,0.032643308344048286
HERC2P9,0.6113178270833676,2.6312549311281574,0.019738080772501186,0.033231100009731465
NKX3-1,0.5853474865740826,2.628648497830408,0.019838660000367644,0.033391264635434834
GRIA2,0.3480331069811727,2.627264615863451,0.019892263660130038,0.03347017565405974
STAC3,1.187337179055019,2.6271563462032215,0.019896463308873357,0.03347017565405974
SCAI,0.16770265661353417,2.6267825161619944,0.01991097031413746,0.03348185233769504
LOC105372310,0.30502946497776734,2.626696017180862,0.01991432848666168,0.03348185233769504
RECQL4,0.46195197318170633,2.623945121360146,0.02002141334337577,0.03364343854026685
TBC1D3K,0.8293200322621207,2.6202468345634933,0.020166255160586233,0.03384044460289998
ZNF276,0.5774827358028224,2.6185034587358054,0.02023488448214705,0.03394631687891664
LINC00574,0.639580827297226,2.6161968009542655,0.020326034795315258,0.03408990240637005
LOC102724731,0.7450877639293386,2.6151098501500996,0.020369124354027008,0.034143487090562086
LTBR,1.2417711111251288,2.6127403937612876,0.020463361886382495,0.03426410088665747
LOC107985012,1.3031942655919475,2.6126255783113503,0.02046793898637854,0.03426410088665747
NBPF19,0.4359198897783711,2.6125982814758517,0.020469027315977106,0.03426410088665747
LINC00476,0.3230332181294639,2.61213515521736,0.020487500763441198,0.03428566193827315
GAS1,0.6156813171886136,2.611888401576135,0.020497349990748395,0.03429278259915056
PHF3,0.2683833679809101,2.610728417560373,0.02054371233861585,0.03436097043266444
FYTTD1P1,1.0962866913474731,2.6097772279484874,0.020581805143200484,0.03440590824320125
UNC13D,1.5786486824275776,2.609021459279487,0.020612120449142516,0.03444719148125508
LOC105377116,0.644856191944481,2.608145425549711,0.020647313780613297,0.034496602200915646
CCDC57,0.8154435124820458,2.6077571517127653,0.020662930649630255,0.03451328743385108
TRAF1,0.508516040520929,2.606800840637213,0.020701443364380553,0.03456819608380626
TFAMP1,0.9731334817757151,2.604811753444778,0.020781770361532417,0.03469161885852806
SLC4A5,0.9938453327898445,2.6046905503394493,0.020786674725509553,0.03469161885852806
GS1-24F4.2,0.7499301457805156,2.604248121898309,0.020804586642264977,0.03471206208957112
AHSA2P,0.731235154513365,2.600880818618672,0.02094140260668522,0.03493082938203548
KLK14,1.338412103904116,2.5996414429015253,0.020991977680773877,0.03500566463088788
RSPO2,0.452967624219502,2.5989099739777677,0.02102188195854336,0.03504599847861593
LINC01979,1.4854410282867032,2.5925732906469583,0.021282667898683518,0.03545183538557879
HSF4,1.419373828610379,2.588877705246018,0.021436197679691793,0.03566880884270106
REV3L,0.3642360284880647,2.586540534892478,0.021533844175919935,0.03580213311591787
KIAA1614-AS1,0.8590537013407143,2.5859367168854535,0.021559141214088966,0.03583447278806002
SNORA11D,0.5149828624584754,2.5833178493658417,0.021669191096857738,0.03599787030453603
ZNF37BP,0.7427186271541938,2.580232114602867,0.021799554778484102,0.03620462497754201
LOC112268423,0.4036277979493707,2.57812947191079,0.02188881832061863,0.0363331861103147
LRP5L,1.5879417951480954,2.575480617328969,0.02200177174800211,0.036496426304690154
MST1R,0.9258466975049079,2.5752348890760546,0.022012278607872148,0.036496426304690154
CEP290,0.6105306775112869,2.574440952498895,0.022046258842191194,0.03653516266629684
ULBP2,0.6761389745443732,2.5735352984882818,0.022085082262273736,0.03658960926155081
ZC3H11B,0.4642128513901649,2.5720625750919566,0.0221483554110533,0.03667444643831853
APOBR,1.1841991733655401,2.572040065259038,0.0221493238629859,0.03667444643831853
CBX3P2,0.5799386656863341,2.5672560794986374,0.022356075975265236,0.03696863925772212
EP400P1,0.4392143788083873,2.565740547283991,0.022421960378910505,0.037067588220798656
SNAI1P1,0.5564801763104325,2.563444121291925,0.02252214885470163,0.037213146220841244
ARHGAP27,1.0659518058079904,2.5608457834567,0.022636028927417177,0.037391230753184394
CEACAM19,0.9620149982125659,2.558888352707904,0.022722185191910216,0.03752343621401121
LOC107986785,1.308548223926648,2.55489191374089,0.02289906947105047,0.03778996997528472
PGBD3,0.4462914053133337,2.5548241965814382,0.022902078051905833,0.03778996997528472
FAM21FP,0.36081941453230476,2.553721191111387,0.022951136666504102,0.037850542847906954
CCER2,1.335486051107841,2.5527011391941317,0.022996595723637978,0.03791531247603572
HHIPL2,1.1938774200879576,2.5523758333876034,0.023011111329179768,0.03792904341163538
ITGB1BP2,1.3742199348023736,2.552194327463248,0.023019214211498766,0.03793219976249663
SLC25A34,1.6690711427583085,2.551239653917785,0.023061878458184373,0.037982469643937845
LOC102723961,0.49967001724611826,2.551234412869501,0.023062112889842848,0.037982469643937845
FILIP1,0.7276493747460352,2.5450837672211835,0.02333881644657047,0.03841754694346858
AGAP4,0.5845091109854681,2.543842339861275,0.023395051394132806,0.03848944311487765
LINC00552,1.3050185376249221,2.541289268061822,0.02351111179715522,0.0386596339368459
ABCC5,0.26629179800858116,2.5408103253552405,0.02353294568683627,0.038685158771870835
SEPTIN14P3,0.40502739491477074,2.53929557173436,0.02360212818548924,0.03878848412253325
MLLT10P1,0.866014064836095,2.538610138256068,0.02363349781799171,0.038819495081382036
ANK2,0.29595876757657286,2.538606526129001,0.023633663237148085,0.038819495081382036
MT2A,1.4449723435182538,2.5365663953029873,0.02372727007398158,0.03895237427785407
LOC107986428,1.2616981347937373,2.5279982490016284,0.024124304926346048,0.03954063882312868
GPSM3,0.37735504515654267,2.5245091759708815,0.024287805073310992,0.0397979805130704
LOC339260,0.5440819127275569,2.523383073605874,0.02434080170095708,0.03987416205955823
KRT18P59,0.880411062342006,2.51859489554186,0.024567385186768712,0.04022384380205454
ESAM,1.1638085607501605,2.5179481861261976,0.024598143169451595,0.040252700915306534
FBXL19-AS1,0.5011180147422949,2.517430823406642,0.024622775934445465,0.04028225686633325
TBC1D3,0.7894549669715079,2.5160945356024578,0.024686509096967138,0.040375747269052444
HYKK,1.0279065739869884,2.512902056192788,0.02483941332625692,0.040604160983987975
PLGLB1,0.4695644966895603,2.5121922915947144,0.024873530856344774,0.04064909201530084
PTOV1-AS2,0.6438131597175949,2.510702456478605,0.024945291723939684,0.04075550060441105
ZNF767P,0.6441762889403979,2.505259307793805,0.025209163708168555,0.04116467062628482
EEF1DP2,0.6028807064402081,2.5049711875765728,0.02522320548661183,0.04117663106070054
SMG1P7,0.5755615842610077,2.5045233012180206,0.02524504849304643,0.04120131716250656
LINC01590,1.5672097113048598,2.5022132155435086,0.025357997571989428,0.041363630951648536
ZNF663P,0.43702727669976826,2.4986538328886283,0.025532978472321576,0.04162690373280086
LOC100419673,0.961707318101071,2.497893280098756,0.02557051737922781,0.0416770198177789
DLEU2,0.5243071440499861,2.4960275072835336,0.02566283123874799,0.04181636243847028
FAM27E2,0.7627733646350083,2.4944896474130833,0.025739160791144557,0.04192959225344569
PKD1P4,1.1637833421696708,2.493401820674966,0.025793284879101278,0.04199544125070142
MIR6859-1,0.96425905786828,2.4917100655369206,0.025877673723523696,0.04208797839548376
ZNF692,0.5686673625237606,2.4898797986509176,0.025969269714059894,0.04221469725462401
SPEF1,0.8909384541813454,2.48917899965684,0.026004423460111635,0.04224943435210292
TBC1D3C,0.7617859382458182,2.4882583482892398,0.026050674797666443,0.0423133642050067
LOC105375001,1.0492726923565034,2.4865860156246167,0.02613489041999708,0.042438908152207175
SNORA11E,0.498532401938284,2.4861668102286445,0.02615604167128102,0.042462006208938724
C4B,0.8275551793890008,2.4849049901418914,0.026219806505359846,0.04255425307859567
LOC102723777,1.0238868429520442,2.4815074280968132,0.026392239704156547,0.04280011359430678
CCDC84-DT,0.755600747262541,2.478566731790532,0.026542361939637178,0.04297535094822396
SLC35F5,0.1870172859766663,2.477187789701188,0.026613037923575063,0.04307840572260764
MYL12BP1,0.40440905373336594,2.4751315536936316,0.026718762358395185,0.04321530692795844
LINC01355,1.3103528057873268,2.4725506444467915,0.026852032467649774,0.04341940359448513
MIR124-2HG,0.6894997844617947,2.4719150788146798,0.026884948545074675,0.04346116418283433
CDNF,0.5957839988326572,2.4700973404900473,0.026979302775117023,0.04359070269147795
CELP,1.058351092950362,2.4695874474161714,0.027005826874160588,0.04362206027367705
SLC66A1L,1.4452252713167921,2.469229973148649,0.02702443717721447,0.04364062167974834
TCTE1,0.325237002407156,2.464535025761978,0.02726999978326455,0.04401398069284142
CNGA3,0.7244719454774988,2.461011457884501,0.027455694829282444,0.04430202929810513
ARHGAP21,0.26397357034261454,2.4606708700065534,0.027473708024739973,0.04431942899780422
ANKRD10,0.3061031494911522,2.4572926882626445,0.02765298777434217,0.0445710466844376
HYAL1,0.7449233816608409,2.4538082408842623,0.027839077892514885,0.04481448200659566
LINC02463,1.4290220865986576,2.452908570069102,0.027887319608732208,0.044880354214105654
LOC107986084,0.890830941461372,2.450114071142749,0.028037674602907188,0.04511048433486117
ARHGEF10,0.14741784813500003,2.449445756675853,0.02807374708500244,0.045156670068503005
SLC9A5,0.45861071837475265,2.4484537244006788,0.028127374064486867,0.045231060602126054
ANKHD1-EIF4EBP3,0.5995164068463286,2.4477227141927025,0.02816695337337061,0.04528282826613214
LOC105372234,1.1220133918405426,2.4473430650638837,0.02818752980677536,0.04530402666899134
LINC02846,1.3586652287546064,2.4448550160005924,0.028322734094178976,0.04550939973717356
CPT1B,1.0575934588938185,2.4441344761407886,0.02836200476561052,0.04556055796991417
ZNF833P,0.35915860678282313,2.441853416134084,0.028486669487377415,0.0457368475530706
ZNF816-ZNF321P,1.7479592672237447,2.4406491951412104,0.028552693441992096,0.045818850994610354
SAXO2,0.5684787249573092,2.439158711130699,0.028634614606404964,0.04591425256010003
ZNF890P,0.3567269672331216,2.4378173431863055,0.028708531631874864,0.045996680319757684
CTSK,0.858117515081133,2.426822634775195,0.029321300378466003,0.046905372622430795
SSC5D,0.738938479935986,2.4237451347666683,0.02949504020090123,0.04714591823507811
LOC107983998,0.7442709521453083,2.4203916769520823,0.0296854760712722,0.04742558465386984
LINC02585,1.3491158423059995,2.4195619634205343,0.02973277424720312,0.04747640170235872
SEPTIN14P16,0.29550406338480834,2.418616736220527,0.02978674481511689,0.04755019419704858
GEMIN7-AS1,0.7704344230666511,2.416041827635306,0.029934240691858,0.04776077445109046
FGF10,0.594924063703171,2.4153670861901726,0.029973006100981636,0.0477977438603063
SEMA3E,0.5029417062664508,2.4128968187433326,0.030115336829705828,0.047999743828938304
LOC102724814,1.7137534603908626,2.4109515747924695,0.030227869701413796,0.04816658208205526
DDX11L2,0.5872368431765457,2.4100223434335355,0.03028176717458667,0.048239925358684065
SDHAP3,0.3579978577610929,2.403195017532044,0.030680581547932045,0.04884986101008401
FIGNL2-DT,1.2282915049184362,2.397867662637283,0.030995242111652298,0.04932524250893785
CROCCP3,0.7744187486305296,2.396833157567263,0.031056700079098915,0.04941021839732062
LOC112268295,1.4158041727350104,2.3965986041333895,0.03107065055765879,0.04941958690151748
NLRC3,1.5599412210514187,2.396363621133766,0.031084632560898124,0.0494290006740092
MSH5-SAPCD1,1.502658693021358,2.395798283546597,0.03111829590389244,0.049469697585804114
RBFADN,1.14312330954825,2.395339823116234,0.03114562063932191,0.0495002993308383
LOC105372462,0.6066161147279387,2.394647945316736,0.031186900500859264,0.04955305859778831
CLDN9,0.6631434298322352,2.393721919411219,0.031242231874549827,0.04959825214604962
IGSF9B,0.40571379802602386,2.3936303564743993,0.03124770795889782,0.04959825214604962
MIR124-1HG,1.3511137474302413,2.393228533028299,0.031271750516630316,0.04962356475975766
TYMP,0.8062903320128743,2.3922892690736575,0.03132801871379898,0.04969998828043161
MTNR1A,0.48910956731554805,2.3914347032175582,0.03137929653718645,0.04975734010256406
LOC107985053,1.2113058212076864,2.391139809586688,0.0313970100002108,0.04977079681957388
SNORA4,0.6397192736146984,2.3896937857446425,0.03148400639848512,0.04988290494254686
COL27A1,0.8442476099828903,2.389493471986083,0.03149607582576901,0.04988913302634729
PCNPP1,0.7106798763826295,2.3859163948644695,0.031712345831884,0.05020575411917586
CCDC142,0.4176335622336865,2.3852891971228787,0.03175041130076155,0.05025303931672302
LOC105376577,0.9218187716416523,2.3837579047596305,0.03184352993789809,0.05038741314386042
LOC105379321,1.3875095241684685,2.3813113686367893,0.03199284356922531,0.05061061447209063
LOC107985388,0.3929754624680772,2.377900709982529,0.032202108216115806,0.05092851479999739
MANEA-DT,0.5728760893485884,2.3770638692187913,0.03225365171244585,0.05099687516050891
ALDH8A1,1.271362401125607,2.3761289399034444,0.03231132941296599,0.05107489667392509
ZNF841,0.41702639325552604,2.375960029733946,0.03232176026501675,0.05107821356652557
LINC00487,1.0921830011256917,2.3746632687514606,0.03240194678512172,0.05119173551360725
TBC1D3F,0.6901024164765217,2.373483679225835,0.03247505187784709,0.05129401391682625
STAG3L3,2.1889083560760985,2.365394900278787,0.032980587230752895,0.05203886736795759
LOC107985115,0.742058282749976,2.3643253805893143,0.03304798662614788,0.05211838384828569
CX3CL1,0.5987409429745093,2.362317051378392,0.03317490139615044,0.052291629097043504
BBX,0.2554229751014242,2.362006369242369,0.033194575941533716,0.0523091903654503
LINC00999,1.3603520518930745,2.358489760894255,0.033418044683496004,0.052620758774680323
PCDHB1,0.7468159468539222,2.3535411012741374,0.033734932148637084,0.05308611286512303
AGBL3,0.674763753950453,2.353469175482626,0.033739558845435454,0.05308611286512303
ASIC3,0.5616383553387666,2.3527907052625823,0.03378323170224281,0.05314118817930419
LINC02878,0.6672075006626588,2.351671762377569,0.03385537464549029,0.0532349127528217
GUSBP2,0.2635250069445894,2.351597257071843,0.03386018349482085,0.0532349127528217
DND1,0.4315246245682998,2.35117679792935,0.03388733362395476,0.05326393720893402
PROM2,0.5256084195404587,2.3508712076468075,0.033907079316475054,0.05328131151243068
LOC101928953,1.5062485516879276,2.3500077410499443,0.03396293107289308,0.05335539914834305
GSDMB,1.41586389120905,2.3491511105991423,0.034018426758779696,0.053428889580148485
ABCC2,1.3678650434497988,2.3465552268468004,0.03418712269607574,0.05368008763497548
HMGN2P1,0.8364841818002234,2.3462794474228934,0.03420509096439984,0.05368886668031889
LOC102724528,0.6761074188649073,2.345548976702522,0.03425272764095942,0.05372805026588569
ZNF660-ZNF197,0.5540207166528054,2.3393190150385132,0.034661566488418644,0.054327640647917744
SRSF9P1,0.5783246780530275,2.338405355301439,0.03472191204445605,0.054408313096246316
GRAP,1.1900904864222788,2.3377939517434845,0.0347623496484419,0.054457757052120845
MIR5047,0.5484589428407689,2.337613539280031,0.03477429045687511,0.054460900972868063
ZNF844,0.300898204378137,2.3374951972024456,0.03478212517272079,0.054460900972868063
LOC105372888,0.5969400880093945,2.3368774384314137,0.03482305038443136,0.054511056909235
KIAA0586,0.1806367246903873,2.336318635330966,0.034860109154607244,0.054555136358882414
C4A,0.7212976586957486,2.3348395587555864,0.03495837891621785,0.05468100606185645
CFAP69,0.5311218590021022,2.3330606474958495,0.03507691685075385,0.05483511997479607
CTTNBP2,0.4743244293374366,2.3329583899075943,0.03508374233950248,0.05483511997479607
LOC102724851,0.48504764464974626,2.3327500888754895,0.035097649901680926,0.05484287379487741
L3HYPDH,0.40330496535751115,2.325253936895078,0.035601627166381364,0.055573713911361795
ALMS1P1,1.1770820393366703,2.3249033839785764,0.035625362020216045,0.05559660620772005
LOC112268418,1.2099443893939161,2.324717006437479,0.035637987156763674,0.0556021535431309
LOC107986119,0.283134013739923,2.324423266560011,0.035657893558854487,0.0556190553475262
LOC105372185,1.075299734669939,2.3237948021044343,0.03570051915267875,0.05567137685218029
BBOX1-AS1,1.1183563414376572,2.320862977908519,0.03590000725503216,0.05591686833153257
CD7,1.09342725794991,2.3183812707813534,0.036069691090608605,0.05614708135739735
LOC112268218,1.0894752338040676,2.3176358634582583,0.036120805246705794,0.056212372724627195
MTR,0.21372610364229055,2.314515195076787,0.036335539868003426,0.05646054737410926
NEMF,0.21978108945704994,2.313828278851787,0.03638296852596415,0.0565144138724761
B3GAT1-DT,0.4581625901395394,2.313746127734176,0.03638864462555679,0.0565144138724761
ADAM8,1.8697201804920014,2.3111623353330057,0.03656759495601437,0.056763368016058816
LOC107984281,1.0535015536534218,2.310978639351868,0.036580349104357694,0.056763368016058816
LOC107987063,1.1300831413530485,2.30837103401384,0.03676185062307084,0.05701255999609075
CCDC162P,1.2127761591293786,2.3081776907622364,0.036775342015371415,0.05701387115686059
JAKMIP2,0.27113155379940884,2.307830836496509,0.036799557040556985,0.05703698727145747
LOC105376794,1.5387489801418333,2.3070219160217036,0.03685608890145745,0.057110168090478815
GOLGA6L17P,0.7244642220454549,2.3054172396213284,0.036968475267471254,0.057240907650820606
PRPH,1.4006831472822037,2.3050881731762063,0.036991561947203336,0.05726219058998901
LOC101930307,1.0555191898900615,2.303989698720668,0.03706872738729099,0.05735754045558702
LINC02731,0.6527650668113938,2.3039449801085805,0.03707187198777093,0.05735754045558702
STK31,0.9988381504530017,2.302081047759128,0.03720316730819271,0.05753163864763403
TUBA3FP,0.2865888441268917,2.30135315039041,0.037254559382161795,0.05758205976113258
CTRL,0.41529514228051334,2.299940739315149,0.03735447160024029,0.0577073868219438
CLEC18C,1.0524424501057572,2.2968068174529717,0.03757706461125269,0.05803663544141571
LOC105379251,0.47347752069032684,2.2950214728358445,0.03770443089574589,0.05821732177320913
GOLGA6L9,0.2606096971965688,2.294316637757688,0.03775482572730066,0.05824065445373047
RPS10P7,0.8498481178649543,2.2933597029727943,0.03782334701183664,0.05831358860337136
PTPN6,0.6707284589719789,2.2930994977663737,0.03784199926006709,0.05831358860337136
GABPB2,0.5296872431279915,2.2915732669397046,0.03795157851573576,0.05845305937222618
IGFBP5,0.8167405236958355,2.2901387603131496,0.03805484481518392,0.05859251088293777
SOHLH1,1.3459614864230667,2.290050095083297,0.038061236270123686,0.05859251088293777
WDR17,0.12407139432037091,2.2892109721656597,0.038121774763146314,0.05865624480373668
LOC101929356,0.986746674082436,2.287486397601176,0.038246479113691285,0.0588185943218584
ZNF829,0.44157860465053983,2.2860070642927974,0.03835375617098983,0.058968779866608395
SEMA3G,1.1894627167460476,2.285760214244168,0.03837168461097795,0.05897486639975633
PKD1P6-NPIPP1,0.6254727373377703,2.2839542681402945,0.03850308878571474,0.05915386823469458
ZNF454,0.42889338637044955,2.280659280054645,0.03874393132912951,0.05950896994426557
TRIM45,0.44730161591407247,2.279392096167067,0.03883693149125706,0.05963687125285715
GUSBP4,0.27255645062681705,2.277603371289241,0.03896856595861356,0.05980904089291466
DBH-AS1,0.434430115415553,2.276289163477618,0.03906554765720509,0.05992270873473651
MIR6859-3,0.9166594854918921,2.276202483451641,0.03907195217173603,0.05992270873473651
LOC112268450,1.184650023271103,2.275777525686243,0.03910336526624189,0.059940892493639104
LINC02145,1.062549754593517,2.274703062471781,0.03918289619503278,0.06004778841888774
LOC105374584,1.1701089204361954,2.272105725882388,0.039375778212851535,0.0603282980366858
SLX1A-SULT1A3,0.8149757769019432,2.271772295175665,0.03940060387169477,0.060351249808468004
ANKRD7,1.0988343561141876,2.2713941021543023,0.039428780142901035,0.0603793210781872
LOC101927556,0.2783119851816513,2.2699930488534963,0.039533327193296885,0.06050918743942819
CYP21A1P,1.3909044147005403,2.269123005152274,0.03959838132715284,0.06059362894045105
GPR35,1.3524616895683792,2.2638732527893755,0.039993052645077166,0.06112126968694167
FAM227B,0.6703195228124393,2.2622847405279,0.0401132024634337,0.06127434116642128
LOC105374013,0.8661557460752659,2.2613906553334804,0.04018097726881623,0.06134300882965678
MIR6859-2,0.8302979811339498,2.261295763123997,0.040188176747129135,0.06134300882965678
VN1R1,1.4314010520684342,2.255458923903449,0.04063335616138297,0.06196081424608896
LOC105372902,0.714167547059875,2.255276278079112,0.040647361155074065,0.06196675550375628
SPTSSB,0.7451029088983926,2.2548373170422003,0.040681038542344054,0.061991875122403894
ANKRD26,0.3199222505103827,2.2533115270476074,0.04079830218149353,0.062135054005603804
GPRC5A,0.95188388554472,2.250002953383142,0.041053671995740906,0.06247741046025118
COLQ,1.3240126728551658,2.249258852756202,0.041111311228528784,0.06252030520666939
LINC01977,1.0717364967364658,2.247569754226975,0.041242433628769004,0.06270241025405605
RSPH10B2,0.5734317059892734,2.2470759960791833,0.0412808374901868,0.06274523526279323
OCLNP1,0.7859122643940815,2.246128710479437,0.041354610118324316,0.06284178483523253
LOC105371094,0.7336004786982708,2.245007263191926,0.04144210605653913,0.06295913509952537
EPHX4,0.619431567129686,2.2440413155129746,0.04151760907229908,0.06305821199534029
ATAD3B,0.2585464652504859,2.242328118479937,0.04165183821078151,0.06322502217118749
CDC42BPG,0.53304964513472,2.242244766672546,0.04165837920871554,0.06322502217118749
CNKSR1,1.527711207886502,2.2419708278110577,0.04167988323485092,0.06322635096006833
FABP7,0.7176353409281545,2.2407543875654503,0.04177549888433667,0.06335571701162389
LOC101928728,0.7576408365605234,2.240139326968817,0.04182392268165455,0.06339778586511928
CDH20,0.45401689558946634,2.2381613148201747,0.04198000900992564,0.06361865395076495
LINC00304,0.7493736432918852,2.2352010296513356,0.042214628159150946,0.06394259219560053
CHP1P2,0.7307140201427137,2.232512470850874,0.04242877634222291,0.06423521832003617
ZBED6,0.6052504940255462,2.2320833539278166,0.04246305031911944,0.06427123418671658
NAPSA,1.3175754727028848,2.2291373451760603,0.04269905240544491,0.06461248858192478
AHR,0.2561963957765464,2.228777837477856,0.04272793625039558,0.06464023919420654
LOC105372296,0.5591751047551945,2.2229683012263934,0.04319723606642436,0.06530186364665383
RAPGEF3,0.47206336228190354,2.2220412110525785,0.04327257250984514,0.06536233938131811
LOC105373608,1.074534366088321,2.221225639619193,0.04333894852221001,0.06541929437112715
PPIEL,0.3990212090819269,2.2210906193068296,0.043349946465657756,0.0654197862714136
LOC105372117,1.1009119543297166,2.220549449616578,0.043394053130993204,0.06547023029608377
LOC112268458,0.48261850559672703,2.2189381705399365,0.043525625279374265,0.0656525794691349
CCDC183-AS1,0.567567893135713,2.217443231564295,0.04364803136619703,0.06582101654976329
LINC01347,0.7920892343202588,2.21707355182071,0.0436783505195509,0.06585053828943606
MCMDC2,1.322896750984473,2.2121714357972535,0.04408226398110679,0.06631270630777536
LOC107985156,1.058563480892664,2.2106294956519306,0.044210034076812975,0.06648859393789586
LOC105378949,0.6002147142619132,2.207383411446745,0.04448014808791407,0.066845625834497
ARRDC2,1.3664682760194569,2.2066928662419705,0.044537808654904205,0.06691587427807912
SNORD31,0.6967061344475671,2.206050466454108,0.0445915118245965,0.06698014395608345
P3H3,0.638326514386891,2.2046986140127283,0.044704721460008666,0.06713374388776412
SNORD49A,0.7926324295855939,2.204114575436885,0.04475371430729316,0.0671908568953483
BAHCC1,0.34641534271602115,2.2030019678842874,0.04484718578011589,0.06731470343587424
ABHD18,0.29353495557199216,2.1981646476709082,0.04525569993073334,0.06786140914270924
TAF1,0.19647567671969626,2.194233446939559,0.04559024994272637,0.06831285301576226
TBC1D8-AS1,0.6903880854827649,2.194121292134361,0.04559982826031667,0.06831285301576226
DZIP1L,0.6593135426686365,2.194103630371999,0.04560133679290362,0.06831285301576226
SULT1C4,0.7171090930454767,2.1936416042864764,0.04564081608652111,0.068355290156456
TAPBPL,0.5446081789230698,2.1923869213949128,0.04574818756328423,0.06849936242377437
SLX1B-SULT1A4,0.7704546818130985,2.191888466737462,0.045790909040228936,0.06853504831057479
GNAS-AS1,1.1355591573382193,2.191847972108741,0.04579438138337918,0.06853504831057479
TBC1D3L,0.6381679048704834,2.1902615301097015,0.045930609632353236,0.06868861601520501
ERN2,1.0088777975378413,2.1894688849296737,0.04599881596285983,0.06877383947617824
LOC101928824,1.0641359220666458,2.187344116101299,0.04618211690874427,0.06903105990017128
LOC101929703,1.2096977271894191,2.1841543524729987,0.04645857377799572,0.06941044534709086
MTTP,0.5226815411707638,2.183330641106795,0.046530215306258074,0.06950054089360673
LOC101929748,0.6851908015969875,2.18115895307983,0.04671959020229358,0.06971545470790158
SFR1,0.5551702354221958,2.1800091682961544,0.04682014422820282,0.06984849942051187
XRCC2,0.5550749126259213,2.1766931375864367,0.04711127808813497,0.07023155026271094
IFI30,0.9969420291665045,2.172650580992696,0.04746848076901313,0.07071246345420426
CCDC13,0.6212943115554379,2.16954835551494,0.047744305172657146,0.07110607160067743
RFX3-AS1,0.984111646871197,2.168452096739854,0.047842132051318625,0.0712171611157317
EEF1AKMT4,0.46743223243165605,2.1657055284610807,0.048088048153569825,0.07154847941295704
LOC400464,1.1687231628782666,2.1647379958062642,0.04817495696643035,0.07166039461398158
LOC728533,0.6158072936974399,2.1618819177913595,0.04843235856349754,0.07202580252164967
LOC107987266,1.1177844979312075,2.1612730165759797,0.04848740059135651,0.0720862470375163
SNORD3A,0.8044958845177895,2.1594831011129236,0.048649538520677195,0.07227864060391449
MORF4L2-AS1,1.0949476296983829,2.158246933477433,0.04876181011886286,0.07241034303019121
CMYA5,1.172853581483616,2.1574435871758895,0.04883490109263055,0.0725013184058671
PGF,0.6998077686746461,2.1571578970052445,0.04886091864740708,0.07252238046213207
LOC105369329,1.1582023631464617,2.1568120307192418,0.048892433646891616,0.07255158999163534
CPLANE1,0.20672448272861887,2.156029336232593,0.048963821846907465,0.07263993899359698
MALINC1,1.3544312902777729,2.154615891194065,0.04909298544657484,0.07279632336417603
MUC20,1.0907375461797253,2.1523560631834537,0.04930015193543113,0.07305050310954625
TUT4,0.20659942932520658,2.1499653588784478,0.049520201135903656,0.07334110484732771
SLC16A6P1,0.4795958538752433,2.1460587429267353,0.049881746649984494,0.0738408855262992
FUT7,0.9836383986753008,2.1431729525138272,0.050150391671442515,0.07422064243021309
KIF3A,0.1831416825041522,2.1418824271629546,0.05027096420105821,0.07438112733586455
NPTN-IT1,0.9818400899976948,2.141051109325085,0.05034877597297429,0.0744782810604084
LOC107985558,0.8387552601591144,2.1405102477952784,0.05039946094495702,0.07453527034803054
IRF9,0.38226179979519737,2.1391305838385466,0.05052896610669728,0.07469075530119468
TNFRSF25,1.117091555551052,2.135847945175813,0.05083834154423616,0.0751118422911949
MIR570HG,0.7084256170075458,2.135059668037503,0.05091289490018681,0.07520386644292654
CDC37L1-DT,0.46656291317072324,2.1341640580334964,0.05099772269984824,0.07531101906771133
THEMIS2,0.6463041549084639,2.132889429459354,0.05111867552194699,0.07545328219348303
LINC02210-CRHR1,2.2873576788617824,2.130526755402054,0.05134358023033392,0.07574877179589577
LCA5L,0.9607830637973456,2.128346040297692,0.0515519786048176,0.07601963648004134
LOC105376481,0.47939048099680337,2.122848724723618,0.0520808124017306,0.07672563807320562
BMS1P7,0.8274594273594962,2.122621256750756,0.05210280249266255,0.07673959136953903
TRPC3,0.38487903962361886,2.1223073780918273,0.05213316032856726,0.07675307888333129
LOC112267932,0.437650368112681,2.1222676730096475,0.052137001708024704,0.07675307888333129
C1QL4,0.8540824315464107,2.1170914561559004,0.05264004196805946,0.07738212404417373
UCN2,0.8877089112690095,2.116861351457296,0.05266250830602334,0.07739658976646442
ZNF818P,1.3815706720302878,2.1156548695335493,0.05278044898526228,0.07753274677202439
KCNJ5,0.483209333909947,2.1138607124956152,0.05295629092643382,0.07777241575923319
BCO2,0.35799706019380045,2.107080572326758,0.05362571031341636,0.07866130754277155
YIPF7,0.7521309950063343,2.106428556576603,0.053690496568380604,0.07873749855602227
PHGDH,0.46251216740396983,2.1056443690319813,0.053768511762893795,0.07883304881763668
GRM3-AS1,0.49387772855512946,2.102337786969094,0.05409862338878946,0.07929781646035838
TGM1,0.8582798133714789,2.102210373455932,0.05411138111805533,0.07929781646035838
CALB2,1.0592343459899818,2.099407390807221,0.054392744674563835,0.07967204894983902
LOC105373976,0.9355081171665234,2.097712376137488,0.054563546200708454,0.07986498047047345
LINC02703,1.073911675610151,2.096850381031832,0.05465059695570684,0.07997330134602124
CARD14,1.0338511997259052,2.09474442277607,0.054863812786301105,0.08026615092602048
DLC1,0.290367272323934,2.0928806934294477,0.055053145430207014,0.08052392781846074
ARF4-AS1,0.9577770754973903,2.0919146675252436,0.05515151955698775,0.08064848425302897
ASS1,0.7931205692362362,2.09125477064727,0.055218812739491266,0.08070846974083964
LOC100270670,0.7168167450071764,2.088924443703355,0.05545705595486103,0.08103736662772303
TMSB15A,0.43562405109375496,2.0864746179191402,0.055708539767033084,0.08136605879721535
RAD21-AS1,0.9370857341321153,2.08470420842415,0.05589093404741031,0.08161301231791929
C21orf58,0.33475999442896126,2.0837511546879144,0.05598934939901951,0.08173724977756362
LOC107987118,0.9648423377015102,2.0830662140766516,0.05606017731853155,0.08182116356252343
CHKB-CPT1B,0.9684527705434257,2.0781192866610207,0.05657418694271245,0.08249280826803694
CFAP92,1.2276769524588935,2.077753977845506,0.056612316192935865,0.0825287748543869
STON2,0.4376485750380765,2.0761167390868986,0.05678349503047502,0.08275863636158153
TNK1,0.9153662265433725,2.0753831655933017,0.05686034739418054,0.08285094592971873
LOC101927502,1.0509572743292668,2.0744185638145383,0.05696154930633072,0.08295896822233484
LOC390933,1.3226663039666136,2.0740057841210833,0.05700490712675695,0.08300239446247508
IGSF22,0.3547381288351325,2.0718824285264565,0.05722842285059339,0.0832350721769086
DLEU2L,0.8332367680522069,2.071842832833143,0.05723259856862476,0.0832350721769086
LOC105375434,1.059832743115265,2.0674207781949216,0.05770071479917251,0.08385618343265232
TTLL6,0.38221551380960767,2.0671157243762206,0.057733137380727724,0.08388341600944796
ALLC,0.518420436414443,2.0666813977992513,0.0577793286580093,0.08393063617857749
BTG3-AS1,0.5830587428491273,2.0656589414555206,0.057888202883203795,0.08406886606823957
HELB,0.5073828649913246,2.062053620721704,0.05827361823205084,0.08456848479225182
OSGEPL1-AS1,0.6995766985801541,2.06183976130566,0.058296554282014544,0.0845817462127217
HNRNPA1P16,1.1737334250310718,2.061364388396691,0.05834756698033717,0.08461570513117267
LAT,1.3317639977849844,2.0607047752017538,0.05841841876492772,0.08467838898770558
LOC107985678,0.6832453936292163,2.058402946825216,0.05866628872101387,0.0849773983600697
LOC105369748,0.7099741216018272,2.055521464501219,0.05897794261563936,0.08540864357048648
KIAA0408,1.916898460377031,2.053747098757083,0.05917061081074798,0.08564718872960687
SLC16A4,0.5405197539648807,2.051522207248414,0.059413017309553,0.0859574689892754
PPFIBP2,1.3035886605108442,2.0451210447266224,0.06011554033097719,0.0868918326406249
AGAP9,1.3102684266714706,2.044473462004615,0.060187035807606745,0.08697466513451893
LOC105372817,0.6029167177456076,2.03829290271798,0.06087333415917839,0.08788354648981712
LOC105378721,1.109490330973759,2.037773835821164,0.0609312980916263,0.08792581386574133
PPEF1,1.063933758899315,2.037066975448725,0.06101031434030442,0.08801911671124173
FAM78B,0.35326624313502825,2.034984557512611,0.06124364426744336,0.08831417063265769
MX2,0.387664102910491,2.034549411609271,0.06129250469150071,0.08836384142965648
LOC105374304,0.5419920702342682,2.03424198071042,0.06132704618685367,0.08837276262813488
SLFNL1-AS1,1.0666701988457605,2.0342377144671304,0.06132752564764858,0.08837276262813488
EYA1,0.3031840671875259,2.0338097397754673,0.06137564097816519,0.08842131120943657
GPR156,0.4411998498109829,2.029752565695997,0.061833495583822735,0.08899725943386555
USP31,0.1997789887975523,2.02750259473301,0.06208875507983824,0.08932271031199447
ANK1,0.4463702565629418,2.0259128851899963,0.06226969018977846,0.08954098073266291
LOC107986488,0.8189733879025373,2.023032607041155,0.06259874546789308,0.08997193662794481
LAMTOR5-AS1,1.5530217178801098,2.0218787577372224,0.06273101281643272,0.09011978171191294
CCDC154,1.2268346752593047,2.019522217083036,0.06300194254987988,0.09045034411707725
PTH1R,0.7309246460452506,2.0146361150207586,0.06356711357573958,0.09115003654252248
SMC3P1,0.6978919889092058,2.013403269024902,0.06371044758776506,0.0913342010554256
AGAP14P,0.844077902281806,2.0124764060963285,0.06381840201243161,0.09146757174098802
AGAP10P,0.5004920505890459,2.0088578387043516,0.0642414723043703,0.09200939841724064
RN7SL381P,0.9355430440223714,2.0080594378244694,0.06433516357493514,0.0921220632362421
LOC105377294,0.33105951594472943,2.00448970695047,0.0647555979442176,0.09265915392111436
YTHDF3-AS1,0.6683550305432083,2.0037384668210025,0.0648443967376215,0.09276456289419366
ATP2A3,0.6777784936112475,2.0020476405173455,0.06504466496309282,0.09302935049551073
ELN,0.9417397268804836,2.0005975524284803,0.0652168695865177,0.09323213865796491
PLEKHA6,0.25395916580215094,1.999371849011876,0.06536275248065844,0.09339350179127458
TMEM98,0.468791115916304,1.9992652726882687,0.0653754512538922,0.09339350179127458
SDCBP2,1.1123265853753563,1.9990409387569754,0.0654021884423161,0.09340992897283264
ZFC3H1,0.3014373611976687,1.9972309302398292,0.06561827985000061,0.093696728506989
GCNA,0.48521532065220113,1.9963357901020393,0.06572538889377492,0.0938278141403913
ZFP36L1,0.6147360687179266,1.9958071313288472,0.06578872120113691,0.09389635878066804
LOC107985720,0.4333421367978257,1.9901703572755483,0.0664674710585043,0.09482094428406594
RBMXP4,0.5040270629451868,1.9897578884364853,0.0665173885835516,0.09487007724922554
MYO15A,0.9101598262003022,1.9893417262335733,0.0665677877749472,0.09491987417083657
TEX45,1.126937946893469,1.987481565012972,0.06679348849937365,0.09517528695982345
HEY2,0.5198035451086415,1.9866317312265784,0.06689683449822834,0.09530039402141291
TTLL7,0.13262652899519564,1.9842774957397664,0.06718388936451788,0.09566486453066078
LINC00491,0.4892712524897281,1.9828745216807837,0.0673554898045313,0.09584976777646403
LOC107986075,0.9120378147389123,1.9828323632992464,0.06736065246019692,0.09584976777646403
ETV4,0.5177574637987626,1.9824544617571371,0.06740694587216042,0.09589338087638509
SH3YL1,0.17333319571038433,1.9779555763299395,0.06796029862760551,0.09659091829056847
SNORD159,0.643076261202507,1.9775459519617717,0.06801088669453287,0.09664041155250035
KLKB1,1.2557915115926575,1.9766180652929044,0.06812560646234586,0.09678098901834999
LOC101928051,0.8320960813158678,1.975310916057939,0.06828751587265022,0.09698852462913482
KRT8P30,0.6081754345932547,1.9743325472978195,0.0684089304711118,0.09709348084925104
LPAL2,1.0919427112900788,1.9689484594944302,0.06908061747314649,0.09795609185990932
YPEL4,0.3019148249080499,1.967576031905693,0.06925279153927864,0.09817752362067024
FGF17,1.08706591483301,1.9673675290633186,0.06927898284695899,0.09819194563048755
LOC101927603,1.0182122888553693,1.9666212974232629,0.06937279545806656,0.09830218126628479
PKMP3,0.2808561068009107,1.9662356118414848,0.06942132729895809,0.09832549360966107
QRICH2,0.5885028250900152,1.9655077939461931,0.06951299477068597,0.09843258441771886
RBM12B-AS1,1.0229294185829194,1.9616940537324932,0.06999513292689077,0.09909241682259594
DEF6,0.37315774254813144,1.9607940020640708,0.07010936160928402,0.09920830717103209
LRRC2,0.8128139599413965,1.9582940990329165,0.07042752325853367,0.09961253289681851
LOC105377806,0.7246222700609302,1.953677587008669,0.07101851852618589,0.10040210299020284
PCOLCE-AS1,1.0048328958643487,1.9512896267732271,0.07132598562052175,0.10081353282310315
CSF1,0.7032935534424677,1.9510808966088404,0.07135291854317774,0.10082835192938672
LOC105378035,0.9580765936969863,1.9497252048662221,0.07152807154086335,0.10098675833054546
LTB4R2,0.3162472193228431,1.9497032266578396,0.07153091430199485,0.10098675833054546
NOX4,0.6309329141246903,1.9493538871304672,0.07157611324500841,0.10100404562428673
LOC105369890,0.9839885525796965,1.9456348436199014,0.07205890877090053,0.10161516235694047
USP2,0.4254677565961628,1.9455071986216717,0.07207553164990096,0.1016152274640968
PFKFB1,0.4294039962046373,1.9436880212735967,0.07231281714609919,0.10190288944956047
LOC107984325,1.0374778743362214,1.9408453040601774,0.07268502887202326,0.10240386738347565
LOC105371554,0.912071324215987,1.9402805385623871,0.07275918326441946,0.10248478708889965
CPLX3,0.8842036697058021,1.9380321369866713,0.07305508224513652,0.10283068981921627
RGMB-AS1,0.4516572970920623,1.936776801044955,0.0732207641765539,0.10304023976177122
SNORD84,0.2275334196559318,1.9357776889038272,0.07335287263121508,0.10320245793650412
BCLAF3,0.0945271913691275,1.9276707085684368,0.0744328422569811,0.10462584797874207
LOC105378849,0.36662456649960457,1.9241126033729674,0.07491136747550028,0.10522609592685993
SRRM4,0.24792250733340307,1.923393408421862,0.07500842894154512,0.10533829768881364
ZNF177,0.43219590987320844,1.922076049493649,0.07518651306767594,0.10556420639140025
PHOX2A,0.4157174681358561,1.9210564428349366,0.07532460891117254,0.10567014498201766
KRTCAP3,1.0141434031465995,1.9210369791006043,0.07532724731718748,0.10567014498201766
TAS1R3,0.46585121297003534,1.9209509864274525,0.07533890505304049,0.10567014498201766
SPECC1L-ADORA2A,0.7779811853261366,1.9157738260346802,0.07604377058378763,0.10658817560331021
LOC105376689,0.3116252150091688,1.913568239585841,0.07634586703688753,0.106922587374028
PTGER4,0.5803720864867514,1.9132495140880774,0.07638961210847124,0.10695941576631537
SPTBN1,0.2112076136625786,1.9122135710592134,0.07653195186801703,0.10713123812905496
SEPTIN14P18,0.24253696801428662,1.9121021214766314,0.07654727944620894,0.10713123812905496
F7,0.9462756844543767,1.9118917197899183,0.07657622339912208,0.10714728359658032
LOC105373148,1.1275102603823444,1.9112446336036508,0.07666530196454108,0.10722297536907069
TMPRSS5,0.7427468124118718,1.9108831086221088,0.07671511065043814,0.1072681633866756
LOC105372952,1.3262863847936217,1.9106181440590846,0.07675163440985389,0.10729475916360418
RORA-AS1,1.083431945825012,1.9092624176753104,0.07693875913624168,0.10750731559269695
ARL4AP5,0.5803026037635872,1.907806832986331,0.07714012573042874,0.10771502750057589
NAALAD2,0.2723294728153112,1.8981049194089694,0.07849450079103665,0.10946490482568974
NUTM2F,0.7864429390361125,1.8980300822378942,0.07850503087150106,0.10946490482568974
LOC101927963,0.4070151730575951,1.8979357828636902,0.0785183012265184,0.10946490482568974
CCDC93,0.14817948761279287,1.8962731632559404,0.0787526073819926,0.10976659464566046
CYCSP34,0.5752419430173029,1.8942910268473794,0.07903276584511358,0.11010701241603323
RNF39,0.7085046563612003,1.8930816334487934,0.07920414475796651,0.11032070151473182
FLJ30679,0.5546840117584542,1.8915884290526128,0.07941620379638141,0.11059094258787325
LOC105372268,0.398897343615256,1.8913593597739498,0.07944878056677493,0.11061117984881451
LOC102724591,0.9669381632647847,1.890295581855542,0.07960022219981593,0.11077170535411388
HSPD1P10,0.8121379824802538,1.8900319702592576,0.0796377907025744,0.1107886001583688
ESYT3,1.3700683546028332,1.8873438085555925,0.08002180638506771,0.11123212542867689
RBM41,0.43248042056269925,1.885913840058371,0.08022676279638272,0.11149173791471913
LINC01786,1.1212589915444837,1.8835700272955231,0.08056372281782954,0.11188391954537724
LOC780529,0.524481810992339,1.878228979922829,0.08133634815756305,0.11290575502850124
ODF3B,0.6509081258663852,1.8760374401031876,0.08165529681624042,0.11332283665011407
LOC401261,0.5037980230443428,1.874163267924515,0.08192894903305355,0.11365115582091383
C19orf18,1.0193895851411754,1.8727877974118368,0.08213030918035548,0.1138789403473375
ACACB,0.5782194862475384,1.8722309278916638,0.08221195781968897,0.11396637300648878
GABRR2,0.9201527083908386,1.8716234122319915,0.08230111547002925,0.11403839010652786
LOC101926923,1.120152928127406,1.864108100027705,0.08341125572875191,0.11549830531223158
LOC105374639,0.553626222489616,1.8560474935236477,0.0846168760906374,0.11700912484448618
PLXNC1,0.19179915131675973,1.8551149559557252,0.08475735955609394,0.11715053305047482
SNORD36A,0.4519738188924506,1.8510550709390934,0.08537140757703394,0.11789293274323452
CPT1A,0.32550473708836497,1.8508171354231275,0.0854075181783856,0.11791623568322156
TBC1D3J,0.5997769821544302,1.8489183263567885,0.08569618441948167,0.11826150618897403
MAFF,0.44635687294583326,1.8483435621187625,0.08578373512121537,0.11835568226267167
TARBP1,0.5800993182970811,1.8461602248501765,0.0861170419169722,0.1187888089448784
ADAM20P1,0.4610423400143775,1.84533521841937,0.0862432885517027,0.11893618871134702
HAPLN1,0.5113519909766182,1.8448940261061164,0.08631087002764834,0.11897585636822225
LOC100505728,0.59428436754163,1.8421718808241605,0.0867288960733823,0.11952520974141939
LOC105371427,0.48147147505562815,1.8411685539176992,0.08688342850653163,0.11967266865034992
ADGRG2,0.469066628777496,1.8378141637455658,0.08740186269857037,0.12031740811637914
LOC105375825,0.590367996351308,1.837142456169175,0.08750600978344929,0.12043373147115943
UNGP3,0.977004943642579,1.8339081193514115,0.088009043881202,0.1210988639712162
NKX1-2,0.489326479153874,1.830700114302119,0.08851053536431357,0.1217342566262603
PDE8A,0.29484048232439697,1.8301809450535695,0.08859193421685563,0.12180469179569663
SEPTIN14P14,0.23744292216691068,1.8301200388703958,0.0886014878820573,0.12180469179569663
LOC105372421,0.9699115539303534,1.828525864856598,0.088851875614808,0.12210550778655668
TRIO,0.17925763686880553,1.8275351874933377,0.08900779395694736,0.12226847398070426
LOC105371750,1.006576886589999,1.8251778936602858,0.0893797812071669,0.12270953164612164
KEL,1.2264806460995907,1.8230689708476957,0.08971375086851702,0.12314045965607015
ARGLU1,0.24362714003894237,1.822451006879513,0.08981182267406738,0.12324747548512045
LOC107984224,0.9670974342782678,1.8174623233764409,0.09060704497281585,0.12422750742191035
TLX3,0.9100996930193107,1.8153496548124641,0.09094570457404474,0.12460821838151413
LOC112268051,1.0514384394645184,1.8148478265696135,0.0910263130925213,0.12463509029643859
CA5BP1-CA5B,0.546440893235791,1.813634107333446,0.09122153587201123,0.12487450086990373
CLPB,0.22875819901360023,1.8125534339666427,0.09139567270815163,0.12508494612658394
ATRX,0.2276639361886522,1.8119248065053009,0.09149710432835526,0.12519581462786109
LOC101928212,0.8696046042249109,1.8117032799725472,0.09153287244490625,0.12521680608955038
LOC730202,0.5015077899773728,1.811196030403097,0.09161482091564264,0.12530094873112213
URAHP,0.43010645911776424,1.8052163105871832,0.09258581104792811,0.1264878586413638
TAS2R31,0.6299415033902713,1.8025053498391772,0.09302902958103802,0.1270650515445105
LOC101929691,0.9223634003932003,1.8018860860810333,0.09313053841398686,0.12714703796831614
LOC105378453,0.9041648498415865,1.8005372222042035,0.09335198350642672,0.12737579174014776
NPIPA8,0.570961673367675,1.8004858329932685,0.09336042941084567,0.12737579174014776
PTPRS,0.24951224532470118,1.8000558958127968,0.0934311169617292,0.12744386893088563
VWA7,0.8844764065750851,1.7990504440249917,0.09359661290094981,0.1276412095846101
COL11A2,0.681733926923775,1.795958007976458,0.09410725899052641,0.128280519815861
REP15,0.5731948529613643,1.7954180758880476,0.094196670193367,0.12837385244227206
LOC107986593,0.7241543045809415,1.7931733874721012,0.09456919429218445,0.1288528919784598
LOC105369780,0.507890751477003,1.7926332705433288,0.09465902625375798,0.12891798065663995
ZGLP1,0.7464299094224477,1.7922028194052948,0.09473067295155836,0.12898690030942975
GLCCI1-DT,0.7746662424697934,1.7891354287902903,0.09524262320731251,0.1296263943740732
SCNN1D,0.5542814059785899,1.7857327136350694,0.09581341315023896,0.13031644610849008
OR1F1,0.5957855832800927,1.7826523420203213,0.09633274818398573,0.13096468094207864
C1QTNF3-AMACR,1.772119903213169,1.779756907576412,0.09682317949044973,0.13157306368354174
ELF2P1,0.7421118081367696,1.7768981263377488,0.09730957372961808,0.13220471785517704
LOC100506472,0.3394774210473893,1.77662458843719,0.09735622694805597,0.13223879264160937
CSRNP1,0.5747248152222102,1.7748366825277162,0.09766165160484243,0.13262426325602217
NPFF,0.7697413656417174,1.7735154661258024,0.09788789787204198,0.1329020628916096
LOC107985360,0.688679923307564,1.7719847678589293,0.09815059658290251,0.1331997248291327
KCNK17,0.6261125846357626,1.7683213120111732,0.0987818568225176,0.13402673358168057
LOC100506606,0.8223927363038728,1.7677269637473012,0.09888460883303114,0.13413645765578244
MYRF,0.672785355703988,1.7653622760380083,0.09929435797281866,0.1346342193848055
LOC105374354,0.7164893888549733,1.7653557999865952,0.09929548219228476,0.1346342193848055
SNORD79,0.784732858710488,1.7647051438701877,0.09940849120707626,0.13472784680508015
NRBF2P6,0.3444926087699405,1.7591081019831627,0.100385320294787,0.13596155841958557
LOC101927506,0.35756772911226936,1.7550665292854968,0.10109594627628632,0.13683332980208326
COL7A1,1.4389924815696598,1.7545031346071698,0.10119535960863615,0.13693764997813238
C1orf220,0.3882169732232087,1.752852653981963,0.1014870909846469,0.1372988103863247
TERF1P7,0.9720499952347265,1.752719721040991,0.10151061989031254,0.1372988103863247
GTF2IP23,0.9017076477325414,1.7523098941324915,0.10158318888177768,0.1373161519738391
PLA2G4B,2.128899157164776,1.7522879738446422,0.10158707164785649,0.1373161519738391
ZNF711,0.18376338227140124,1.7505181542671124,0.10190099458432807,0.13771011834257738
LOC105379395,0.4102998927095319,1.7490134934305794,0.10216855803640086,0.1380108551703696
WDR7-OT1,1.3453512399195096,1.7485217693145143,0.10225613227580188,0.13809872016978753
LOC105377805,0.6549770289580475,1.7462555365748307,0.10266059662108615,0.13854931314854183
ST20-MTHFS,0.4628641279083127,1.7461459861149353,0.10268018427958002,0.13854931314854183
TRMT112P3,1.1474274531480508,1.7445686521811719,0.1029625777916979,0.13887998127950277
ITGA2B,0.8424559692383553,1.7443977667372865,0.10299321287057414,0.13887998127950277
ARHGEF1,0.3301924420607321,1.7430505034534505,0.10323502191368238,0.13917543090628393
PRELID3A,0.24222136856598675,1.742561242203068,0.10332295915743579,0.13926335524078307
VIM-AS1,0.37793570986712,1.741887306976284,0.10344419686526067,0.13939611492285073
MIR3064,0.2618066993196932,1.73931980632299,0.10390722755669218,0.13995853766700134
LINC02688,0.7982893505307805,1.7379457824760227,0.10415577257529056,0.14026249689950157
LMO7,0.3478441880651949,1.735934906230755,0.10452046095644618,0.1407226939738667
ERICH5,0.9975475996636601,1.7357952069624927,0.10454583825784484,0.1407259526834846
CDK2,0.3838762459285007,1.7329456542416075,0.10506466388074469,0.14136224530047517
MSANTD1,1.0792194849714691,1.7304034726392283,0.10552943720880564,0.1419564296883868
TSSK6,0.48350340922856505,1.725997414970929,0.10633925860449694,0.14295167878192244
LINC02575,0.5191594505177926,1.7239954976923886,0.10670900753744597,0.14335441950570763
HERC2P3,0.3853652771281687,1.723421066207127,0.10681531198796315,0.14346578932651494
TNRC6C,0.30667969878333684,1.7210569391312873,0.10725379833076498,0.14402317278589033
LOC105376952,0.32192986136168605,1.7205631847794685,0.10734557677679406,0.14411484573844668
TTN,1.4496764832795759,1.7187100176233425,0.10769065682978161,0.1444908296972374
ALG1L,0.4572151299703516,1.7186795091472282,0.10769634598477612,0.1444908296972374
KIF13B,0.25256766439783523,1.7179144729150915,0.10783909461187563,0.14465068927150931
LOC105375884,0.5455386141204617,1.7168732630324934,0.10803364157690502,0.14487994374675733
LOC105373027,0.9797688655266925,1.712630284125248,0.10882961885853064,0.1458516754706587
LCN12,0.6464448309298888,1.7119127469049857,0.1089647353672106,0.14600083667781444
SRRM5,0.5999031041580586,1.70995178337906,0.10933474723322215,0.14643259788937116
DNAJC28,0.181482540045074,1.7089405926007541,0.10952597782709407,0.14665667192662443
HERC2P2,0.5514146477284039,1.7073202740989508,0.10983301457568827,0.1470356801373595
HGFAC,0.7384513957045266,1.705241322252468,0.1102280632414058,0.14750011518660064
LOC105369304,0.4846038839163821,1.702930713570018,0.11066859230413607,0.1479926856074071
LOC105371044,0.9586587321711645,1.6990903607917855,0.11140418617924952,0.1489113958305276
LINC00342,0.7961447291802813,1.6985609275269236,0.11150593053330388,0.14901490171553364
BHLHE22,0.20793254528289695,1.6874503067136184,0.11365995793615741,0.15172812329021013
GNB3,0.5764115152397458,1.6819028774660345,0.11474898676447422,0.15308189093933122
LOC105369820,0.760641667746369,1.675676529860521,0.11598213043765546,0.15459240260552903
FLACC1,0.9963142282456282,1.6727658808118118,0.11656254364763062,0.1552647528378913
PRR23D2,0.41816030711374563,1.6701799423027823,0.11708032747672155,0.15588670882543507
STRIP2,0.20316841981571807,1.6691967993609604,0.11727770760312453,0.15611560208624395
SEC31B,0.5639204198118404,1.6677923759767583,0.11756016836081593,0.15645762745371292
OPN5,1.047507402731972,1.664953310980694,0.1181329763187711,0.1570714005906145
SP9,0.8855863761673733,1.6648717578191685,0.11814946625176566,0.1570714005906145
CAPN14,1.1383148496781366,1.6628397677701139,0.11856097874592685,0.15755014084381783
ZNF788P,0.6266926051005215,1.662533892292359,0.1186230315495226,0.1575984359338044
ABCC8,0.26622582671669204,1.6612617908767608,0.11888140519103144,0.15784655222843136
MIAT,0.5036808495434506,1.6606680293919371,0.11900217014252638,0.1579652020298152
LOC107985057,0.47115182513937104,1.6596659385969303,0.11920622694310574,0.15816756951541955
THSD1,0.20168886696631094,1.6591971356029176,0.11930179416626636,0.15826011647678268
LOC107986800,0.6543027177473927,1.658029296591327,0.11954015205588919,0.15850770757140403
LINC00649,0.39570650050656714,1.6550684984012238,0.12014631106554916,0.15927700839788414
MUSTN1,0.6433588535675321,1.6527549801462345,0.12062180973186931,0.15980369432815192
LOC284009,1.045233727824255,1.6525027393304395,0.1206737515664508,0.15983796393741215
LOC100133315,0.36940140802087584,1.6520852884075188,0.12075975638774361,0.1599173269943548
BHLHE41,0.7095715172608265,1.6511309414733997,0.12095657442901424,0.1601280578415378
LOC101929882,0.8105694079123859,1.650352437629229,0.12111733389631364,0.1602869725354928
LOC107986997,0.9197546157823063,1.6499682842866275,0.12119672907528975,0.16035742482873433
LAT2,0.9086528422066079,1.649232786369208,0.12134886465651608,0.16052406999232705
LOC107986454,1.023137436432384,1.6469306389063099,0.12182612837724208,0.161085885882764
PLEKHA4,0.977511581990144,1.6466945621279543,0.12187516192352818,0.16111596777900103
CEP135,0.11909299864377476,1.646182862477858,0.12198150155574412,0.161221777606018
ZNF608,0.30820248343200174,1.6413289969956644,0.12299422157332693,0.1624202021207441
BCRP3,0.8664388241196105,1.6402439807922893,0.12322159509007992,0.16268541415080548
SAMD15,0.4180860165651825,1.6399813013816358,0.12327669629458228,0.1627231154792828
DOK7,0.8940818191386705,1.6396891966942078,0.12333799497890655,0.16276897938012855
DNAH12,0.8233099902362347,1.6386346095242417,0.12355952168212142,0.16299114867901965
LOC105372319,0.6917060301929595,1.6383546364174955,0.12361839070570299,0.1630056130065721
SKOR1,0.8453248412961257,1.6383295361807353,0.12362366963581627,0.1630056130065721
P3R3URF-PIK3R3,1.2077750536082454,1.6377750907928845,0.12374032702014967,0.1631243450824769
LOC101927391,0.8121036075396015,1.637357221769344,0.12382831119382019,0.16320523492111758
RANP4,0.8362527360541481,1.6348924704915517,0.12434837793481751,0.1638554507180635
LINC02804,0.43825840376995223,1.6347557461117515,0.12437728226196466,0.16385831512268287
LMCD1-AS1,0.619515074352959,1.6339934979921105,0.12453853250182909,0.1640354972574586
RGS10,0.6823743738522394,1.6309463000508215,0.12518496157572798,0.16481611135292365
LOC105373071,0.9818004784374749,1.629846087871673,0.12541907115304327,0.1650597144934355
LINC01503,0.762756904295194,1.628708171114755,0.12566160176597593,0.16533711500867837
TENM1,0.3865850496654503,1.6283918202546481,0.12572909937408033,0.16539042471311427
ZIC1,0.539981986640873,1.6281937275875704,0.12577138099494128,0.1653957407006775
LOC105373759,0.7010175232215723,1.6281200821122168,0.12578710328655116,0.1653957407006775
ACAD11,0.2578217225256348,1.6278971431322502,0.12583470803191074,0.1654228522915747
PABPN1L,0.898041849462714,1.6217373532511885,0.12715619405272066,0.1670526081318426
EGR1,0.49725058491194823,1.620863026845274,0.12734473461161688,0.16726445750358077
ZHX1-C8orf76,0.9780387137753498,1.620111875404044,0.1275069062204174,0.16740572609363005
LOC105372235,0.7177142095998967,1.617531860083229,0.12806528248502183,0.16810282261952544
NFAT5,0.16829284401472455,1.6161170796880626,0.12837236873651775,0.16843378004170673
LOC645967,0.573182118599572,1.6101611867708285,0.1296721002737532,0.1700299411076165
PCNT,0.3240173596239416,1.6091053383930445,0.12990369296137008,0.1702868707476217
TTC14,0.18947982638507765,1.6088456133669593,0.12996071631208275,0.1702868707476217
ABCC9,0.6793151389568165,1.604160014576234,0.13099315943050083,0.17143212367826002
YWHABP2,0.49207851667492664,1.6023417968437423,0.1313956887458358,0.17192221387662185
USP8P2,0.718174470971067,1.5990540484229436,0.1321262533911001,0.17276747723708266
LOC101929280,0.6185020155928113,1.5983131484026363,0.13229136859951315,0.17294648955321298
ZNF665,0.3415487455676051,1.5981739283965681,0.13232241461715655,0.17294684297338153
ANKRD36,0.4387081497277655,1.5980589238499658,0.13234806531617174,0.17294684297338153
TMC3-AS1,0.8090772765364541,1.5974176088819614,0.13249118302885027,0.1730969633347937
NHLRC3,0.1020631601486021,1.5952441628800071,0.13297720473643163,0.1736949211664875
LOC101927330,1.216361355108043,1.5944627604076818,0.13315231420115844,0.17388659694356653
LOC105372793,0.24772451218282845,1.594035006978551,0.13324825602275014,0.17397482628742456
LOC105377800,0.639540954598249,1.593744044246815,0.1333135506470095,0.174023012237259
LOC105369779,0.19079942616817128,1.5932573001959887,0.13342284174752383,0.1741285969581267
IQUB,0.15823689352439374,1.5898890584467005,0.1341812393702542,0.17504383854855463
LOC105369850,0.3529351237918387,1.5896780993265287,0.13422886202099144,0.1750687072741867
NPIPP1,0.44804991328159094,1.5859567312602942,0.13507132295022062,0.17598027836022367
GLUD1P3,0.193248399194864,1.5855393030063611,0.135166104469115,0.17606634517545156
SEPTIN14P13,0.23164773034309255,1.584010517002351,0.13551371837868656,0.17648164301282102
PLAC8L1,0.31033835046744196,1.5835104375759472,0.13562759210122752,0.17655693689489627
DARS-AS1,0.41057602255143305,1.5835036512693506,0.13562913798337137,0.17655693689489627
NPIPA2,0.3842782703741848,1.580949199454329,0.1362121007655755,0.17724053867394987
LOC105369344,0.7056349404715095,1.5806491112595416,0.13628072586467302,0.1772661205737063
PKD1,0.5707694063887436,1.5793273851825063,0.13658333471184414,0.17753338491208187
FAXDC2,0.4897380291653104,1.5786487223331487,0.13673893776945148,0.17758790870621352
LOC105376512,0.49706312668019786,1.5780348711901269,0.13687981152923875,0.17773210012163387
NPIPA3,0.38302317499649324,1.5769364092943885,0.13713220943869753,0.17802211856400166
N4BP2L2-IT2,0.3644298078805604,1.576445835639567,0.1372450590450079,0.17809318627135867
LEFTY1,0.4171154352188662,1.5759206455094092,0.13736595973316157,0.17821234564323393
ASAP2,0.16848241962828323,1.5751485139742991,0.13754387265850074,0.17840540401959576
SCARF1,1.0244698879051783,1.5741460566543068,0.1377751507688587,0.17859202245995007
LOC100288203,0.22809197288152597,1.573325782741377,0.13796464443931525,0.17879984575327748
LINC02018,0.34791162491342253,1.5693643231977887,0.13888293105133595,0.1799138561590637
KIF14,0.23833528475550775,1.5685150224747308,0.1390804816742509,0.1800556183026733
GOLGA2P5,0.9784488228795459,1.5679298442633949,0.1392167359997861,0.18015591971262165
LOC105375429,0.3177467294165922,1.5669925933220559,0.13943520531336373,0.180400550563723
ANK3,0.17670825569431753,1.5661934953966958,0.13962170286328152,0.18060372199871613
ARMC12,0.41804218928583325,1.5633593966183215,0.14028485710554647,0.18138497659924066
ROBO2,0.17086713996465083,1.562635500966979,0.14045467263397485,0.18156624699415136
AGAP6,1.4077333101766891,1.5612872590954936,0.14077141830959067,0.18189898698098456
LINC01252,0.20553734925250142,1.5601846802344155,0.14103090242756308,0.1821879798973903
CXCR4,0.40921303503135503,1.559388463111713,0.14121853999416378,0.18232300972287782
TFAP2E,0.9425317314874051,1.557606239656745,0.14163931258205717,0.18282775029016854
RBM44,0.39920147004037265,1.551707804969663,0.1430395253083567,0.1845574174153287
PDXDC2P-NPIPB14P,0.34120988463123275,1.5507980825117222,0.1432565272818849,0.184798508467583
IQCH-AS1,0.3769860735987857,1.5462692362098556,0.14434099527305744,0.18604885088124987
NPIPA1,0.37718085839591275,1.545874036167608,0.14443595935797138,0.18604897630103967
CAPN15,0.17909013869553062,1.5458640951285898,0.1444383488118512,0.18604897630103967
SULT1A4,0.7513229223955409,1.545311250735105,0.14457128483361703,0.18618108740127573
LOC105372976,0.7907683782907309,1.541363119894972,0.14552367207203357,0.1873073095963998
EME2,0.4036267517355363,1.5413060654386952,0.14553747399798567,0.1873073095963998
LOC105379504,0.2755666994653815,1.5375334188132666,0.14645257742630785,0.18844548690664717
GPR75-ASB3,1.031869648688074,1.5370311843852242,0.14657476835957292,0.18856313327265098
GRK1,0.4307361525252083,1.53564894844884,0.1469115056826558,0.18891704003244808
LRRD1,1.0100691081936097,1.5339630666338067,0.14732310471336146,0.18940659225941817
USH2A,0.8646436251926843,1.531586783559485,0.14790492183242146,0.19011473491984557
LHCGR,0.6568233439390907,1.5313946892096508,0.14795203983168798,0.19013543064323843
CCNL2,0.21589020616790194,1.5304834000803393,0.14817573940267156,0.19034310195691043
LOC105378179,1.114021066402523,1.5289772311630978,0.14854609597027696,0.19077887456480155
CACNG5,0.4191886217984909,1.5277392509552759,0.14885109367501057,0.19108204425091527
TBX6,0.8139613919901859,1.5276071551059822,0.14888366905226852,0.19108204425091527
HMCN2,0.2830267691381018,1.5275132124150028,0.14890683937791555,0.19108204425091527
ZNF335,0.1503432181020158,1.5206537410459027,0.15060695071470967,0.1930616076706755
CYP2D7,0.747736900662543,1.5203351901596178,0.15068630047789666,0.1931229399810802
NPIPB15,0.6087480040867816,1.5168902073199066,0.15154669239220167,0.1940916465066505
GDPD3,1.1277632540680316,1.5168019281383966,0.15156879475160456,0.1940916465066505
SLC13A3,0.21390293834000532,1.5129031910883455,0.1525476365538091,0.1952635230893401
PPP4R1L,0.4039386210454945,1.5122090183404229,0.15272247856501617,0.1954465122345614
LINC01341,0.3317918856536869,1.5104407249165686,0.1531686248186068,0.1959765539841494
KIAA1109,0.14802921474219688,1.5076835674574285,0.15386645845858574,0.1968283368846266
ZMYND10,0.349130603408661,1.5070716960030546,0.15402168547587813,0.19698579844922448
ST18,0.3809930340743984,1.505957655955869,0.15430464778995803,0.1973065271073097
LINC01238,0.39277824864742533,1.505210338503134,0.1544947093017332,0.19746717431601846
LENG8,0.3356235614598458,1.5000726245397735,0.15580670524436815,0.1989367013430487
SLC51B,1.0360042985167253,1.4972591673195854,0.15652913206279756,0.19973430048812427
ENTPD3-AS1,0.7747060085864677,1.4970489939672615,0.15658321237651912,0.19976172567493491
LOC112268021,0.7768798403393735,1.496589687208992,0.15670145263955962,0.19987097475665846
PILRA,0.9018454802240308,1.4944949240383558,0.15724166445635943,0.2005182864816899
RHBDF1,0.1817621777777276,1.493758975032242,0.1574318273431344,0.20071903111759856
PDE6B,0.18711138013409206,1.4926514812875857,0.15771835853050362,0.20100073550768965
LOC101927550,0.19749611474116374,1.489527797850015,0.15852888119468223,0.2019077585130692
CYP4V2,0.16788706639427234,1.489228325674446,0.15860677066944318,0.2019230538325414
GUSBP11,0.28075575407838,1.4880789844538764,0.15890600030337773,0.2022200086899949
RSPH10B,0.44671538197235205,1.4855629147933067,0.15956271073152226,0.20301357758078692
SEPTIN14P5,0.20597175234855933,1.4854316324857515,0.15959703868773792,0.20301511665404304
LOC112268064,0.4502632550834164,1.4840817264087505,0.15995037434941248,0.20342236405848516
ATF7-NPFF,1.0999857921096763,1.4815656957915866,0.16061069239341363,0.20413509109923814
SEPTIN14P19,0.19883951259427307,1.476505290803933,0.16194568801927306,0.20574654249909716
RSKR,0.5382091498595447,1.47562347953658,0.1621792686459881,0.2060006043928527
LOC105374355,1.0019028334629918,1.4724563077071715,0.1630205390980107,0.20689770283039455
TEN1-CDK3,0.4404006445598677,1.4702511825503204,0.1636084221832222,0.20760083377833824
RPL23P2,0.3441592831363132,1.4680049927969814,0.16420907448372565,0.20831987305158076
TSNAX-DISC1,1.4399874402668955,1.4668175400532057,0.16452735451411932,0.2086559577128667
HOXA3,0.18798498734543048,1.466762678952535,0.16454207171027693,0.2086559577128667
LOC107986762,0.5412642010034677,1.466600628942198,0.16458555013357637,0.20866792602250736
FRY-AS1,0.7841643299585078,1.4657535434047717,0.16481298154976193,0.20882670047541146
MRI1,0.196079782017456,1.4652454660595442,0.16494951959430687,0.2088947471705716
CALML4,0.29429308335531323,1.4650861234848036,0.1649923599387592,0.2088947471705716
PI4KAP1,0.18114714890895597,1.4649652930286843,0.16502485223048574,0.2088947471705716
ANKRD30B,0.6706673461581617,1.4639701311955995,0.16529266262938508,0.20917506645708722
LOC107986182,0.7221094687598582,1.4636684245022895,0.16537392729624867,0.20923471090320006
FAM71F2,0.8802245489530667,1.463332001796656,0.16546458204911624,0.2093062088239956
POC1B-AS1,0.26340631798486186,1.4621315701456508,0.16578839671414278,0.20958607380030836
STAT2,0.21077857442590417,1.459041138746181,0.16662446998232688,0.21059958783333274
LOC102724236,0.4914976392215282,1.4569087350249113,0.167203410129034,0.21120418537331673
GCATP1,0.597004539181815,1.4542029107407863,0.16794044467352157,0.21204426896986348
LOC105379326,0.25933385623312,1.4530195069651204,0.1682636395544661,0.21236485700409247
RN7SL608P,0.4327088246921244,1.451574241227269,0.1686590529764847,0.21277629033666418
LOC107984258,0.8980252712313139,1.4506190669134316,0.1689208055626773,0.21306266216033165
SPN,0.27061910983331416,1.4498984311137528,0.1691185097489731,0.21326814745138967
CNGA4,0.6623675070400978,1.4466665306619733,0.1700075411087847,0.21425703680033928
CRYZL2P-SEC16B,0.46388339094049647,1.44487247993072,0.1705027239414103,0.21474865374169821
KANK4,0.8847587506672778,1.4417592546316422,0.17136486209331594,0.21579018172391676
ACTG1P4,0.57854954968213,1.437595092873898,0.17252369089900685,0.21720481109281412
ITPRID2,0.13364816127776927,1.4371142287297503,0.1726579266363519,0.21732917664904253
DOK3,0.24286694300935313,1.4369047372774237,0.17271643436237874,0.21735818982578148
LOC101927372,0.5706284337540637,1.4307488831484136,0.1744430236500658,0.21930593416220331
LINC01881,0.19787699515737844,1.4287774254150407,0.17499899071577824,0.21995977303418507
ZNF674,0.16908533672101986,1.4267584937949527,0.1755698655079984,0.22054165482869473
RBMS3-AS3,0.4468736256951376,1.423068043118383,0.1766173632809136,0.22155373271317833
AGER,0.6558525192200643,1.4230286828545229,0.17662856309450284,0.22155373271317833
LOC100130950,0.3171223620399683,1.4194708484301344,0.17764335910028192,0.22259889437545546
EGR3,0.5170429399249987,1.4183290874299668,0.1779700411028588,0.2229626715635652
ZNF236-DT,0.35876028806512694,1.412719758615536,0.1795822013288557,0.224798630619948
MAPK13,0.4234675665408969,1.411770996004953,0.17985606978928234,0.2250495423164525
LINC00294,0.909398167625396,1.4102505141023538,0.18029568798476733,0.22544889174435787
ZNF329,0.17528807840502017,1.4101584483825402,0.18032233543598478,0.22544889174435787
C2orf66,0.6374830255872962,1.4096205799358172,0.1804780806652062,0.22559760083150776
RN7SL4P,0.4449763356355096,1.408475976476748,0.18080988107625512,0.22596627339397427
LOC102725258,0.747191851021654,1.406849335329482,0.18128228011047365,0.22637204666473892
LOC105376957,0.6169533988669847,1.402707550926839,0.18248970097272127,0.22778698166621492
LINC02253,0.3902562046942938,1.4007075435710725,0.18307511136819027,0.22842467589802695
LOC112267955,0.6114825993122252,1.3978109297186152,0.18392569877451406,0.22939258056719658
GRIN2C,0.35068105025026947,1.397217913769346,0.18410023708213144,0.2295635584445618
BCL2L15,0.6656277113896332,1.3963927750456064,0.1843433208370617,0.2297731916899529
TNXA,0.4254391221906172,1.3933225000651646,0.1852501320788077,0.23080961578111608
TRPV2,0.4107711414688782,1.3919053488875113,0.18566992342336655,0.23128563921667078
LOC171391,0.28406742552544834,1.3914398372756263,0.18580798836570994,0.23136359306963275
RSPH3,0.1269105257319633,1.390126801977999,0.1861978720703644,0.23173162581812848
SYT15,0.8711416782973457,1.390062563138295,0.1862169639119251,0.23173162581812848
ARTN,0.7366632578379462,1.3890017391043028,0.1865324739548199,0.2320582364164898
LOC105379244,0.657854082615456,1.3882623893398018,0.18675263023351613,0.23220965990496023
CLIC2,0.3013292404135524,1.3878936124162837,0.18686252056589014,0.23229917888235785
PLEKHA7,0.2512442891053948,1.3876152214552817,0.18694551225040798,0.23235522913523943
CATSPER2,0.6467383137074719,1.3874745494012202,0.18698745976294337,0.23236025306037764
MAGI2,0.2017299519402584,1.3859778539849852,0.1874342425423911,0.2328682421533963
LOC105374795,0.4792875923401653,1.3827246495260168,0.1884083817561724,0.23403108007402976
AURKC,0.7079687984781243,1.382134923549646,0.18858541216411676,0.23420352037399425
CFAP65,0.3682360970795064,1.3790323869631098,0.1895190083567169,0.23531527673216013
PKD1P3-NPIPA1,0.3164017965304215,1.3781792768186392,0.1897763824417185,0.23558712522635367
LINC00673,0.2811914614783955,1.376337046785512,0.19033313793473386,0.2362304384571611
ACOX2,0.5916824130293534,1.375905579389541,0.19046372795980443,0.23634466647643748
DHX58,0.7292151265935398,1.3757379371475416,0.19051448711962812,0.2363598069304433
HEYL,0.42276849597157223,1.375236315193716,0.19066643554357363,0.23648829023205295
UCKL1-AS1,0.56164370769494,1.3745138482049912,0.19088545500795973,0.23658063873813043
AMY2B,0.32773069100015606,1.3678299222694874,0.19292147599148607,0.23881434729963844
CLEC14A,0.4913455829234287,1.3630909405265617,0.19437573841735215,0.24032337162129258
NBPF8,0.11615559730813636,1.3563826401670995,0.19644957582209874,0.2425449949223495
NAPA-AS1,0.31460462514704846,1.356180228772513,0.19651242877832892,0.2425737391081668
XDH,1.01446189412647,1.3495243926362341,0.19858832212741115,0.24488964285677536
ITGA10,0.7660748083948166,1.343650669000238,0.2004350261125725,0.24711719832463183
RPL23AP87,0.13771120728438951,1.343492953677844,0.20048480309814692,0.24712886446644694
LOC107985355,0.607392256241451,1.340641465308648,0.20138649734224612,0.2481405484840138
KIF21A,0.1285521631274504,1.3405127370712895,0.20142728093762485,0.2481409228592525
LOC105370774,0.699829106098257,1.3389912049956743,0.20190983822778374,0.24863545768105955
LOC101927268,0.4969633146744338,1.3363482284044026,0.2027502866109293,0.24962025646214034
PDE6B-AS1,0.5077703064720026,1.334329833485065,0.20339402478536625,0.25036252448479823
SEPTIN12,0.982935202793452,1.3339846927788337,0.2035042676157934,0.2504479342471017
PILRB,0.8478451593379449,1.3320637335790184,0.2041187313018704,0.25115371796075175
CLEC18B,0.7207206020091834,1.330340620191404,0.20467118294742861,0.2517829322632425
CYP2D6,0.8610038137683389,1.329288153233476,0.20500921010918116,0.2521481657241735
LOC105372269,0.6566001128601503,1.3286238159202053,0.2052228110894638,0.2523602471370939
PYY,0.6862006891548769,1.3263719238101985,0.20594818607456614,0.25309991592563963
C8orf48,0.4140403931426009,1.3260481329030878,0.20605265469702536,0.2531268082751033
FAT3,0.1722551183649658,1.3234284240116545,0.20689945473581398,0.2540143515983456
LOC101927811,0.35878637370643435,1.3212401912809668,0.2076089298701415,0.25483434923988135
GPBAR1,0.6534315619582278,1.3209292461910684,0.20770990410160478,0.25483979865586437
LOC101060066,0.6312346010416044,1.319058459169965,0.20831824541410465,0.25550036902530243
PRSS12,0.37107340671019273,1.3150284032107025,0.2096336048400431,0.25695940765236236
SNORA63B,0.5937892385260997,1.3118725928963508,0.21066827334924165,0.25817603271308504
TNS2,0.20544258848006902,1.3112305795510035,0.21087926579441924,0.2583423603265758
LOC101927245,0.625005049420799,1.31030844295858,0.21118261514877873,0.2586512349374653
CEP112,0.20282379395814223,1.3029035875686432,0.2136312510337846,0.2614413193925134
LOC105373975,0.3288565469168993,1.2993838642636308,0.21480309747931642,0.2627506735919881
LOC105371492,0.3723244888951753,1.2964700424326203,0.21577710183236187,0.2638566994279629
HOXA10-AS,0.431514019271591,1.2920126917487846,0.21727388700424802,0.26563401023854016
SEPTIN14P11,0.16804285357924614,1.2913656268368368,0.217491859626238,0.2657944775735325
HDAC10,0.298271040464052,1.2889687356661497,0.218300805517143,0.2667299058840117
LOC101928063,0.3877402593483149,1.2876019808016994,0.21876315548277805,0.2671883130323629
ABCA9,0.626762288311868,1.2869454187706613,0.21898553662241535,0.26740664133374625
PKD1P5-LOC105376752,0.2374892356276286,1.286400070417538,0.2191703860034315,0.2675790611832374
ANKRD20A19P,0.6895331735564727,1.2845119523484079,0.21981133634096564,0.2683081425269055
KIRREL2,0.44640244442484367,1.2824277439126492,0.22052058469548494,0.2691202835324154
SAP30-DT,0.2703653131838731,1.281974053585853,0.22067521494012085,0.2692553876558401
NR5A1,0.4395788138367147,1.2779670142394997,0.2220446731408929,0.2707646402135814
LOC102723716,0.681336843595455,1.2774783035667505,0.22221215759597457,0.27091498131728803
LOC150051,0.5183709323290997,1.276898929541356,0.22241084302066316,0.2710493971603708
LGALS9,0.5527304054618343,1.2762524750866218,0.22263269898060575,0.27126584073764926
TTLL3,0.28635813140747857,1.2747632322770908,0.22314445939710084,0.2718353609110151
FXYD5,0.7011868485735487,1.273738994739103,0.22349696808810718,0.2722106923067945
RARRES2,0.9674899879342482,1.2726942549516544,0.2238569881734964,0.27259502135548924
LOC107985311,0.47823995380273604,1.2715073854276564,0.22426654467753973,0.27303950722409503
PKD1P2,0.28790009179768017,1.2710072556826426,0.2244393037880415,0.2730876685374871
STAG3L5P-PVRIG2P-PILRB,0.5930771474353622,1.2705764317094699,0.22458820730320758,0.27321407238909756
ONECUT3,0.16492511805634724,1.2691912470026907,0.22506749254297648,0.27374280343024715
CTSS,0.7073874076436557,1.2631383039257689,0.2271713761658038,0.2761373261741775
PKD1P3,0.3219748863388298,1.262848755682685,0.22727240616121258,0.2762053627613468
CYP27B1,0.7210288043788703,1.2620930278320848,0.22753626431542798,0.2764712190790037
LOC107985031,0.5068066947034564,1.2611652242028442,0.2278605329903136,0.27672899096128856
MIR647,0.40640274647881985,1.2610985746284262,0.22788384117007907,0.27672899096128856
SMG7-AS1,0.9451986344230475,1.2518760125437296,0.2311272938501789,0.28043063442735955
PLIN4,0.690194436903732,1.2474457786294044,0.23269823786149435,0.2820166465185766
CHRM2,0.47275212113686765,1.2368751390310524,0.23648049208857963,0.2863740451408521
ANKRD36B,0.394600857781325,1.230899544195864,0.23863985328928197,0.2888748619003354
CASS4,0.5529689434849763,1.2210879331733635,0.24221885738536342,0.292860275300252
POTEF,0.2282712491875989,1.2204931255036746,0.24243716720282935,0.2930664237730909
MSANTD3-TMEFF1,0.42254162844097437,1.2150124992856968,0.24445592963535612,0.2952156912263067
LINC01409,0.4951956525965969,1.2146064037817152,0.24460603267661948,0.2952433729759559
LOC84214,0.5943489361718297,1.2128810365326164,0.24524457204151245,0.295934887128833
LOC101927759,0.244750593579073,1.211935892208315,0.24559490923723148,0.2962993099043946
LOC112268193,0.5368376786078959,1.2091380475630487,0.24663427086244588,0.2974361755630126
LINC00449,0.780397074323354,1.2066225152586187,0.24757167405348182,0.29835394350982886
MX1,0.3392707417846553,1.203934739427159,0.24857631915107684,0.29942480573709984
PLXNA3,0.0912569881601546,1.2028870837617909,0.2489687711417299,0.29983861829053127
BMS1P2-AGAP9,0.4522705912275899,1.201466038920442,0.24950186281487177,0.3003626117547455
LINC01816,0.35738455816127385,1.199727922744042,0.2501551037988647,0.3009716950514309
LOC105369690,0.48385245754040773,1.1994397127689447,0.25026355056305777,0.30104308574402355
DNASE1L2,0.22726049820958596,1.199218983392314,0.2503466305687679,0.3010839406291048
FTH1P16,0.40290749493273365,1.1980687616818397,0.25077990670884787,0.3015458666389246
FCGR1A,0.2975959127233859,1.1967594791025378,0.25127380599653354,0.30202126093308834
TEKT2,0.3717402315767982,1.192478480162564,0.25289397999239627,0.30378994657130887
CNTF,1.2838858074476969,1.1918721207540275,0.25312411260553,0.30400682019433756
EMC3-AS1,0.16220363128550044,1.1917377206539095,0.25317514361279386,0.30400854659087684
EYA2,0.24931069983837026,1.189548921777633,0.2540073385440795,0.30489743854035717
VEGFD,1.0897459398006102,1.1895291101396481,0.2540148806893318,0.30489743854035717
LOC112268050,0.5572245202092497,1.1832882834436957,0.25639933462674674,0.307398380845288
FBXL6,0.18849352456811394,1.181983003578366,0.2569002222176513,0.30787846768215105
OVGP1,0.24243966776683634,1.178536349213814,0.25822646251979425,0.30928648207236004
C19orf71,0.7709613099429504,1.174856161591572,0.2596483727008484,0.3108680712219142
WDR97,0.6096139117732008,1.173197008559411,0.2602913823516518,0.311455431156671
STARD5,0.41869223281268975,1.1729805850541608,0.2603753480074976,0.3114950982213038
LOC105376166,0.44122641377429866,1.1714150613190493,0.26098334245761806,0.3121006416826373
CD274,0.36485154701340083,1.167824206067679,0.26238201923488597,0.3135286116783335
LOC105372704,0.7037679176658594,1.1666182452162055,0.26285304068868426,0.3139576959107554
NUDT13,0.2825069123106774,1.1665431860558357,0.262882378527801,0.3139576959107554
BORCS8-MEF2B,0.374902372389312,1.166511521424076,0.2628947558091203,0.3139576959107554
VWCE,0.23705476808142137,1.1660880713301023,0.26306031969953036,0.31401066617284085
AKR7L,0.5082919501438767,1.1646574017231306,0.2636202850646397,0.31445657665815163
RN7SL2,0.3238102204625809,1.1645249512920122,0.2636721724040861,0.31445727954028163
TEAD2,0.5193821221959497,1.162989986991899,0.26427406373838397,0.3150525108355297
BZW1P1,0.3432446897114302,1.158995734002676,0.26584521930438193,0.3166792060504977
LOC107985780,0.5479430120492088,1.156507124263199,0.26682772666865434,0.31777126797599414
AGMAT,0.27001350175222916,1.156411186068548,0.2668656586525967,0.31777126797599414
LOC105375382,0.2943033167007882,1.1550675208321708,0.26739734876631865,0.31834254184065514
EFL1P1,0.5559021503078411,1.1548044206527135,0.26750155241721646,0.3183650222401957
SPDYE3,0.6885637469961566,1.154757591883361,0.2675201027013455,0.3183650222401957
CAPN3,0.6614661482586723,1.152787933441678,0.2683012325763531,0.3191087612908507
ZBTB8B,0.12052139929487274,1.1512102808102358,0.2689281533884739,0.31973032976558285
CLEC4F,0.5587375225749689,1.1504893792692967,0.26921499339694355,0.320009290192605
LOC107984459,0.27039933207752326,1.1482751131208266,0.2700974863181646,0.3209338226653129
LOC101929248,0.5946506483039723,1.1426724668820627,0.2723402433896515,0.3232227864430907
TFR2,0.22434774689513745,1.1415127887676184,0.272806228442664,0.32358788319534254
IQGAP1,0.09678565781835527,1.1411473466845128,0.2729531967463773,0.32369957362261426
ZNF534,0.673066896891909,1.1357429739633242,0.2751336705096836,0.3259701198732819
LOC101927979,0.16925453830385406,1.1349412507710948,0.2754582586200385,0.3262361830120074
NPIPA5,0.2004672838319871,1.131756827215903,0.27675037761488436,0.32763225468892254
LOC107983990,0.5402301958160663,1.1305944593380586,0.27722316320180085,0.3281285944056843
FAM184A,0.1370164570434239,1.129398314666446,0.27771032454396044,0.32857832261232917
ZNF813,0.13404781874815294,1.1266224891059418,0.27884334456520016,0.3298552107650862
NPIPB10P,0.449632429030789,1.1241142496865206,0.27987014103348545,0.33087829595665685
SOHLH2,0.4908344255576741,1.1229353311010786,0.2803537383225818,0.33138611953671937
LOC105375213,0.3247978881048419,1.1211184091568198,0.2811002803501363,0.33220449557477066
ZNF132,0.10315511175099573,1.1202421680728178,0.2814608476209568,0.3325165513536591
UPK3BL1,0.6280799961847249,1.1202130882623471,0.2814728197347695,0.3325165513536591
SPRY4,0.2834095319528499,1.119300734050749,0.281848629355503,0.3328322284625762
RAB34,0.33250988675246235,1.1190730035648955,0.2819424931533804,0.33287894511367905
LFNG,0.18208473674351788,1.1165587486121662,0.28298035923116527,0.33403997729386536
ZGRF1,0.12047710392483466,1.1081937789541365,0.2864540329908318,0.33794519288564256
XKR9,0.4372302615877085,1.106743521032981,0.2870595119498039,0.3385943444780254
LOC105374846,0.28734987624637676,1.1062607079789344,0.2872612977449827,0.33870201099764263
RPL5P30,0.5295779320925578,1.0995049060909912,0.2900959517065664,0.34178131538751716
LOC107984969,0.24536402812247005,1.0989868759219614,0.2903141708034343,0.34190698694045196
RORA,0.13298477090656688,1.0976330166678419,0.2908850599237562,0.342344716797631
C9orf163,0.3044267490254633,1.0975757220107756,0.29090923814010766,0.342344716797631
VDAC1P8,0.20865892004108386,1.094625674585684,0.2921561791320967,0.3437461378272078
LOC107986028,0.6401445109597474,1.0943520941641525,0.29227201911969986,0.3438130693270528
MUC1,0.25635354816237277,1.0942264304840166,0.29232523936910265,0.3438130693270528
AMH,0.2759410094948451,1.0930312320256788,0.2928317830161207,0.3443427642219105
ERCC6L2,0.10183242389031054,1.0892336448779558,0.2944455987037095,0.34597498946784344
TDRD12,0.15388994545816298,1.0842709684596052,0.2965644882277652,0.3481310442045578
EP300-AS1,0.39490647783771893,1.083854802646287,0.29674268978525814,0.34827353788696774
RPS20P22,0.41581272332661057,1.08280396783493,0.29719300933361265,0.34873528851742835
GAPDHP21,0.3193858785588367,1.0822827189201323,0.29741657081805073,0.3488640602974839
RPS12P22,0.2878022279157891,1.0809822347896485,0.2979748868776479,0.34938524417750216
LOC105374538,0.567145491774035,1.0805452866537404,0.29816264914215,0.34953854259731876
LOC107987222,0.27799347810043595,1.0793915079149587,0.29865886430401517,0.349986396135273
CHD6,0.06818858400590683,1.076955825460294,0.299708407084947,0.3511491849064841
LIN28A,0.17837142110778403,1.0743714515472145,0.30082500393580797,0.35239007722654364
ARHGAP25,0.3482225699922726,1.0712711203978666,0.3021685783868403,0.3538287269362619
SECTM1,0.4001707713190927,1.0706209747785882,0.30245088991413754,0.35409166447166984
NPIPA7,0.21213598575151524,1.0684634689562862,0.30338913479487356,0.3551222830423095
PIK3CD-AS2,0.3934519063849983,1.0669662076202893,0.3040415167813241,0.3558179644653525
SULT1A3,0.4817679643751542,1.06505107564928,0.3048774784868342,0.3566601036496744
LOC101929609,0.2403011363790232,1.064789028247354,0.30499199463590526,0.35672599258120574
PCDH11X,0.21490583262587268,1.0631519238620515,0.30570813536617625,0.3574953967559444
OGFOD1P1,0.5311148777914753,1.0588118494072174,0.30761265972391244,0.35959618727278364
LOC105375384,0.752338692897257,1.0587907816659636,0.30762192594754934,0.35959618727278364
TMEM249,0.6950198339571733,1.057435249116417,0.3082185608313867,0.36020666592132977
HSD17B1,0.2804783878723903,1.0571519530168758,0.30834336029655085,0.36020666592132977
LINC01232,0.5322847530420024,1.0570705799515316,0.3083792141525512,0.36020666592132977
AMD1P3,0.15863319753080452,1.0562988557243795,0.30871939636629964,0.3605353209612149
MAMDC4,0.7216684175424883,1.055982932914727,0.3088587370822446,0.36062934444079225
OPN1SW,0.28709829626883754,1.0506620019442123,0.3112125189783861,0.3629628503305759
MST1P2,0.636617188092593,1.050257942250014,0.3113917951035671,0.3631028540964174
LOC107987116,0.4812721698523337,1.0494635895938262,0.31174445957095576,0.3634449481114414
LOC100506023,0.273086667731621,1.0493066924994943,0.31181415087674746,0.36345707261351246
LOC105374898,0.566896086273997,1.0488153577934831,0.31203246802419954,0.3636424009483542
LOC105372707,0.38934876307545335,1.0454497107462069,0.3135309485773054,0.3652498507751581
TSSK1A,0.33071814460985405,1.0448915010595847,0.31377998660312395,0.36547051451209384
LOC107986124,0.32812311160805147,1.0394019012256952,0.31623679676615074,0.36812221119948807
LOC107985567,0.21590890990487902,1.0370188939829508,0.3173076370759765,0.3692285146688944
SLC26A10,0.416464421687563,1.033893277131124,0.3187161770370877,0.3707267865725517
CEP250,0.21803440278006217,1.032442156044747,0.31937165820915764,0.3714187563692158
CSAD,0.3321797278279774,1.0262341533275265,0.3221869052008777,0.37426676689054017
EYS,0.3328363190871931,1.0233519237686777,0.3235000512145109,0.37572097649582265
SRSF11P1,0.5621779041597482,1.0231871510059785,0.3235752386385414,0.3757371117359838
RNF213-AS1,0.21246591674909635,1.0204933205266473,0.3248062523271876,0.3770237316352319
TALAM1,0.32389955221318195,1.0177509087611742,0.32606293784803986,0.3783391650593383
KCNH6,0.5170648951891683,1.0149447247076258,0.32735247367462517,0.37954807331671125
FER1L4,0.583729292478291,1.0134325229448402,0.3280489030428065,0.38028361869372235
MAP4K1,0.17213592235047293,1.01276682364613,0.32835582215430364,0.3805674399330462
TPH1,0.18259595090399527,1.0117065831080787,0.328845070230949,0.38099041400788464
LOC100506123,0.3963106103288021,1.0098397695313008,0.32970778573492315,0.38191774878213886
CHST7,0.28935605330915654,1.0027800505825122,0.33298501542771347,0.3854226103798874
LINC01588,0.28577014694540387,1.0025032725245433,0.3331139740154766,0.38549908641020797
LOC107985843,0.4502280648134998,1.0016627844920767,0.3335058000185109,0.38587968178812226
SPATA6L,0.14606074288092186,1.000370405867623,0.3341089360257637,0.38643165619583614
RPS4XP16,0.24105190198797924,0.9947507492586187,0.33674062973142305,0.3891509427921839
ZNF8-ERVK3-1,0.39433790128841467,0.9946723529515684,0.3367774472287986,0.3891509427921839
LOC100507564,0.3559815538764758,0.9944878790073673,0.33686409362598646,0.3891777033409907
IRAIN,0.27300665676499664,0.9895846188718558,0.33917296017751675,0.39154995214466626
HRAT5,0.2559848355695488,0.9868852768476475,0.3404488363234937,0.39287488077240523
LOC105369299,0.2333795867869731,0.9862367626623953,0.34075587217199654,0.39315518471943134
TRIM73,0.46353853888612206,0.9846637156250657,0.34150144119566556,0.3939412560273673
IMPG2,0.2869110788596226,0.983032552209039,0.3422757783861429,0.39476021100791275
ANG,0.4972207326168134,0.9823534004806351,0.3425985488835646,0.39505814609786516
PKD1P1,0.2014408355040097,0.9782441641748458,0.34455609143287785,0.39724070725663746
THBS3-AS1,0.6653650531145788,0.977225217890752,0.3450427166250708,0.3977269373658676
CHML,0.4154990976538767,0.9722192759401511,0.3474405021976056,0.40026504011864733
RTP5,0.20758565422090824,0.9714419767673589,0.3478138720690173,0.4006198864680714
SNORA40,0.21141720731992905,0.9695413582093061,0.3487280124945919,0.4015219227257416
ITIH4,0.362185406567473,0.968605390670813,0.34917880683655395,0.40188998984379937
DUSP8P2,0.4612525656104249,0.9648398616611157,0.35099656458926975,0.4038305069317237
LOC101927864,0.9138594160880027,0.9643858844204536,0.3512161648584764,0.4040073354442597
LINC00471,0.2925062422322712,0.9633905253171374,0.3516979833644286,0.40440979891651613
TNFRSF13C,0.6980476016487293,0.9618190963131334,0.3524596026466425,0.40513357664052474
CPNE8-AS1,0.5616432476176,0.9605212726721536,0.3530894874820489,0.40578150698630666
IL18BP,0.16922303600441518,0.9601015498412441,0.353293364480163,0.40590327551621547
STRA6,0.38349590243207415,0.9598738658708748,0.3534039947011435,0.4059146500876915
LOC107984862,0.4425256815245553,0.9590740755286162,0.353792800506675,0.4062851006193177
LOC399900,0.48089167101565966,0.9578993097408585,0.3543644387453069,0.4067891403574403
PAPPA2,0.2760586772231302,0.9545449614104278,0.35600021899942,0.4084242309666808
CLCP2,0.47845616600532215,0.9544321659017265,0.3560553165229922,0.4084242309666808
SLC22A7,0.30649059204859724,0.9531829435982698,0.35666592649951717,0.40897159174000003
IL16,0.5223689479519187,0.9522041109020422,0.35714488364441405,0.4093463330403346
PCDHACT,1.3096218957225365,0.9521056790351528,0.35719307266439637,0.4093463330403346
RNF32-AS1,0.2358704827995279,0.9474967715392177,0.3594545315101034,0.4117070773835826
LOC102723415,0.5152205360236253,0.9429586782593421,0.36169098062251914,0.41419124065309965
EIF4G3,0.11180831200197859,0.9425929826717434,0.36187162226709746,0.41432070311866037
TNFRSF6B,0.6283787249897246,0.9411949309020488,0.36256279251447127,0.4149570422168986
ADAM33,0.6386344009752498,0.9408488909968192,0.36273400965549163,0.4149980364292952
CRABP2,0.24239832800315642,0.9406426637353424,0.36283607559437153,0.4150373471531064
MAPK15,0.4514570585186592,0.9311514290324926,0.36755506763116036,0.4201216790190216
CSGALNACT1,0.25316532559135674,0.930107149513784,0.3680768590026124,0.42048288216287993
IDS2,0.5267802450750003,0.9167328812055053,0.37480476659392853,0.42769047267698845
FAM209B,0.471615891929585,0.914974655986056,0.3756954797653783,0.42846758901614307
RDH5,0.5619342856603432,0.9119573454293344,0.3772274217530614,0.43006940589890497
SOX7,0.15970600037104227,0.9119319658268054,0.37724032553318304,0.43006940589890497
ART5,0.5690878084724776,0.9098062289636171,0.37832218842584314,0.4311424084496037
MIR3911,0.2751141002248335,0.909545127535068,0.37845521831107776,0.43121384539905333
LOC101929552,0.38079297153082725,0.9039574256211137,0.3813097855110176,0.4343856133028318
TNK2,0.12741656747132094,0.9012377432877227,0.3827044739665298,0.4358124513124332
SCOC-AS1,0.3225874030094234,0.8999471899486502,0.3833674991569814,0.43648639855726146
CDHR2,0.5410617501000352,0.8996551316456929,0.38351765317297815,0.4364952123933078
CENPE,0.36132234636165467,0.8983678488578456,0.38417995169504326,0.4371678306832403
ZNF252P-AS1,0.37122255137512616,0.897049061037323,0.3848592644334136,0.4378514568433752
USP32P2,0.4669028068741782,0.8969242976117094,0.3849235727453424,0.4378514568433752
OPRM1,0.21398878517120754,0.8964845389620778,0.38515030097736214,0.4379724716423342
PARGP1,0.19537135690352378,0.8954786834065778,0.3856692347515738,0.4384555654723938
RPS28P7,0.2709459675505534,0.8949998546899399,0.38591643511681895,0.4386552470361766
PDCD6-AHRR,0.9537207290639625,0.8826707931270052,0.392318408545418,0.44550139232854735
LOC100420981,0.35220534387550984,0.8824883528806475,0.39241367634913404,0.44550139232854735
KCNH7,0.11307762771554601,0.8809802744608637,0.3932017705226303,0.446191568549375
SSTR1,0.34295898133732844,0.8799777953667992,0.3937262362741688,0.44670402153630484
LINC00565,0.32601335073587756,0.8769496092348618,0.3953133422125446,0.4481728847351394
LOC100506076,0.350334943763975,0.8699960247874218,0.39897401224103,0.4519886703081711
TGFB2,0.4259289380566247,0.8682833513176403,0.39987910470041266,0.45288078607232085
AKR7A3,0.3586068571501087,0.868057727651324,0.3999984415945051,0.45288078607232085
STARD8,0.28008095821317586,0.8679574015592204,0.40005151371537884,0.45288078607232085
POTEE,0.18913242798441166,0.8635946424964567,0.4023639406912126,0.45532415662490927
TDH,0.1047957893478445,0.8606551964301397,0.4039269652534973,0.45700854503579524
LOC107986176,0.38347794260176893,0.8544652561191766,0.4072315842811621,0.46040752704602056
LBHD1,0.18742296031353248,0.8539765479780345,0.40749325095061456,0.46061840832145806
LOC101927583,0.6688859213919438,0.8527868140603257,0.40813072950992774,0.46116153239519175
TNNC1,0.5581990040494725,0.8526586803620196,0.408199424922726,0.46116153239519175
CHRNA1,0.33569490908548755,0.8442558705163897,0.41272104403154175,0.46575478643471113
ZNF577,0.10958607231480708,0.8425221780833192,0.4136580441858585,0.4666403774124609
LOC112267866,0.20425864387356585,0.8399024817542042,0.4150765480491899,0.46815441389908635
TBX19,0.4143684251459669,0.8383690792325171,0.4159083283111134,0.4689200023077295
CACNG2,0.20654037857078097,0.8344889551101097,0.4180179414488167,0.47121183911019615
ABCA1,0.10741745942866608,0.8318997061420866,0.41942959451960166,0.4726293041185953
LOC100268168,0.287600418970605,0.8268477424919709,0.42219286019296437,0.4752189190199911
FAM21EP,0.2674969902852529,0.8223683298393938,0.42465284254595476,0.4778123944212009
LOC105372383,0.26600988279863913,0.8200170819229661,0.425947803939665,0.479181508194191
FGF10-AS1,0.29111523682442464,0.8176352296595192,0.42726222594844326,0.480572008268616
LOC105274304,0.30464235012715535,0.8162118902721954,0.4280489447628734,0.4813685619879681
C21orf62,0.23738245225100918,0.8151106175729309,0.42865829029069474,0.4819653924214891
HIVEP3,0.10823356729386996,0.8149545482316131,0.4287446903536168,0.4819741338469963
LOC105373195,0.28040308257217395,0.814191380683804,0.42916734215452695,0.48236080077140636
KCNIP2-AS1,0.43188594664526964,0.813869040765245,0.4293459387913923,0.48247307145577173
MIR29B2CHG,0.37854204340701725,0.8107227779226627,0.4310916836336665,0.4843460448450102
ATP2C2-AS1,0.16393161588350813,0.8027822539311799,0.4355178671978112,0.4890501054996488
PNPLA7,0.5226077874626242,0.8012505804221186,0.4363749861780314,0.489922832467277
LOC112267877,0.4224281876247975,0.799424216018489,0.43739842252863254,0.4908920413951881
LY6G5C,0.20005212333460304,0.7989524191035589,0.4376630515396477,0.491099122448845
CRYBB2,0.7351600677982777,0.7980391986053922,0.43817556372805694,0.49158422504630106
SNRK-AS1,0.1649577668666783,0.7958233061685449,0.43942074533942094,0.49289097327184817
KLHL7-DT,0.19889554406279092,0.7927963571379991,0.4411253262302722,0.4944410769412266
BMS1P16,0.5935746227036868,0.7881832852258727,0.44373118400430495,0.4971800690817747
CLEC4A,0.21128665289418752,0.7874281142837327,0.4441586971766259,0.4975499154718793
SNAP23,0.10757599265501407,0.7873135028638,0.44422360316110854,0.4975499154718793
LOC101929566,0.2012808630432193,0.7849694281234912,0.44555240208945535,0.49885593147184676
CPM,0.17032112865189172,0.7847825477391337,0.44565844815985495,0.49888354405038543
EPHA5,0.19600247667352694,0.7808429289737775,0.4478977151476228,0.5012987025479145
DGKH,0.0781604039933005,0.777274558717917,0.4499320797610677,0.5033903405893013
LOC401463,0.36935560539983864,0.7771330092901086,0.45001289827559077,0.5033903405893013
NBPF14,0.09176072627079435,0.7697131743228037,0.45426207184478945,0.507772884830153
GNA14,0.17396913665473737,0.7689936316288579,0.4546754697911112,0.5079571040312578
HPN,0.3542463984284699,0.7672607235830654,0.45567204049121546,0.508884971435808
FTCD,0.33500162829010854,0.7641372297820804,0.45747175985013006,0.5107507718891794
BST1,0.34385998712396704,0.7640720232668485,0.4575093782126401,0.5107507718891794
GLIPR1L2,0.270119259674091,0.7625290547988874,0.4584000962507557,0.5116519646790116
APOM,0.2235847235324297,0.7600263442226942,0.4598471435222935,0.5130802675266944
PARGP1-AGAP4,0.23873567612666421,0.7573798746653854,0.461380394955304,0.5146036792350824
RNF224,0.38957804684039105,0.7553356231023753,0.46256691477564316,0.5157960413478341
DAZAP2P1,0.16119447680773033,0.7552481602001572,0.46261772191360395,0.5157960413478341
PLD2,0.1504213923188189,0.7541271317809223,0.4632692324350813,0.516428513334615
TPCN1,0.09089201696265083,0.7497682319458572,0.4658078928653716,0.5189753513749051
SPDYE18,0.3384803753706933,0.7495093418246708,0.4659589421693096,0.519049303197868
NFKBID,0.1758865387102806,0.7469724864079943,0.46744066614429136,0.5204161430193437
LOC105369487,0.2216616131818205,0.7445200589392489,0.468875830491418,0.5219191648651521
LINC01865,0.25023957693877025,0.7425589838062439,0.4700253999233639,0.5229138612286692
JOSD2,0.1511347620574587,0.742413669826263,0.4701106507718101,0.5229138612286692
POTEI,0.21743980500861843,0.7391370026120222,0.4720354777887289,0.5246740668803097
IGDCC4,0.11556120234634429,0.7348822238740905,0.47454206273368865,0.5272689585929874
LINC01415,0.36936334934514564,0.7326645451483929,0.4758517583735282,0.5286283578886785
LOC107986126,0.2241884542443484,0.7316244049623464,0.4764667917353461,0.5292156972889421
ZNF471,0.0788639904110768,0.7310072774212429,0.4768319267458493,0.5295253099550826
PKD1P5,0.19448829129467263,0.7293900080700235,0.47778962085307863,0.5304927324450954
SLC22A20P,0.20077150270468658,0.7277225981792731,0.4787782281696113,0.531494121455943
GNRH1,0.5155659550872134,0.7229603481291252,0.4816085863210624,0.5342491194621992
KCNK4-TEX40,0.5280632356830081,0.7219712407205188,0.48219771004761536,0.5348058553631051
LOC101928380,0.18018308407385653,0.7174889298592007,0.4848728712246493,0.5372868222355568
MPDZ,0.06316876200840177,0.7148328768068529,0.48646227719680885,0.5389506161605708
ANKHD1,0.16483646018595666,0.7131571381999039,0.487466660954521,0.5399657809272161
LOC105373616,0.2871911047877299,0.7106963315053435,0.4889438395066842,0.5414063829797641
AJAP1,0.18897400006794618,0.705754140021305,0.4919186233478492,0.544322392895553
MTCL1,0.1504944319617971,0.7057311732621385,0.4919324725352958,0.544322392895553
DYNC2I1,0.038140393598327445,0.7034981078344145,0.4932801421179286,0.5456166133494951
SPACA6P-AS,0.2577070043619979,0.7002729667942849,0.4952304053293978,0.5475761877108962
GAS8,0.12436785178825087,0.6975045109115223,0.4969081495133345,0.549233133162052
LOC105376963,0.33791900026919247,0.6951676206072542,0.49832696939292237,0.5505035722433977
LOC105376057,0.4656043868403162,0.6868648724847699,0.5033872003793669,0.5552930607028107
LOC107986939,0.16895010706277014,0.6864714319443074,0.5036277342028711,0.5554584402057574
LOC105370697,0.2573094406662474,0.6856780171048765,0.5041130011599478,0.5558936314284008
LOC105375024,0.4565101804170796,0.6854080374169579,0.5042781880800619,0.5559757721098524
FOXP3,0.3325681593520708,0.6817767628569251,0.5065030587374377,0.5583283132638902
LOC105375690,0.13936383636692115,0.6805513920107586,0.5072551309589224,0.5590568056055726
NLGN1,0.1010488264715909,0.6791156866089613,0.5081371239925712,0.5599281988269749
MIA-RAB4B,0.21913280506786798,0.6779040113304323,0.5088821836596567,0.5606484158579611
LOC105372401,0.22720198867418917,0.6763172792592962,0.5098588262927054,0.5616234690340134
BICDL1,0.11294822714457753,0.6748275189401077,0.5107767725830717,0.56253352783583
LOC107984817,0.22924037635573968,0.6712189368173704,0.5130042434830978,0.5648852187087102
LOC284600,0.11455410783235036,0.6695019330968978,0.5140660687101938,0.5658511404549269
SPTBN5,0.40730712807855335,0.6690500675980773,0.5143457210826886,0.5660573196116483
NRGN,0.21650019637188583,0.6651411699182618,0.5167685372300898,0.5685195860051059
ZIC2,0.11805494191473277,0.6574521087757476,0.5215534778737929,0.5732692880341314
LINC00934,0.3009016092635609,0.6553028759325796,0.5228954697996011,0.5744353458551174
ADAMTS7,0.0685766137826467,0.6544094277697805,0.5234539221436738,0.5749458059022972
MYOZ1,0.24474732422584788,0.6537624462153707,0.5238585318109685,0.5752871372270221
ADAMTS10,0.06770182606344137,0.6499764172406153,0.5262298056959146,0.5776842243760667
LINC00910,0.2246161379508675,0.6443273274596476,0.5297792483289864,0.5813725012990846
MYO10,0.05080655471571678,0.6412256200184053,0.5317338485600431,0.5833086062407058
KIF15,0.10204674573836513,0.6403923426558897,0.5322596448955211,0.583693775370982
INHBA-AS1,0.4531679554237476,0.6398320232152287,0.5326133696160812,0.5839599276956855
PPFIA4,0.08709007486532637,0.6364911397744032,0.5347251784476551,0.5858561829998437
CRYZL2P,0.14419637842822433,0.6320859742154334,0.5375168852262954,0.5883890190066412
C11orf45,0.2301037811053691,0.629261534030315,0.5393110996953105,0.5902476416947428
FAM53A,0.348705960665363,0.6286459770298987,0.5397025715121824,0.5905706467992998
LOC105376506,0.4377851485140199,0.6247158065625401,0.5422057352535089,0.5932038474217401
KLRA1P,0.23282535191660342,0.6240409485575164,0.5426362047620771,0.5934551764103787
RNF217-AS1,0.40858999089824755,0.6237486612863621,0.5428227037737346,0.5934551764103787
LOC151760,0.42689818860178047,0.621986901291613,0.543947576033903,0.5944729258491398
CDX2,0.058386506189724324,0.6149133211449359,0.5484769368997228,0.598675858831072
PRR22,0.3320545506477364,0.6143981438915571,0.5488076220078991,0.5989301625259785
LOC643454,0.10525686822023385,0.6139200760051637,0.5491145848331256,0.5991584914608508
BTBD19,0.2268347984594917,0.6127207277720512,0.5498850885600569,0.5996789882357496
LOC105377659,0.31026818023911346,0.6098438488606127,0.5517357053387987,0.601483171567995
RAPGEFL1,0.09239399333535571,0.6095455525847502,0.5519277853275092,0.6015855839362786
LOC107984139,0.16448401605248406,0.6090347766384903,0.55225677062442,0.6018371562538124
LOC105378039,0.16487048195031886,0.6079387522193456,0.5529630687003682,0.602392680137419
LHFPL5,0.1688548006488334,0.6077663105151043,0.5530742380267424,0.6024067304733353
PPT2-EGFL8,0.13299428088474216,0.6058119834798135,0.554334998722931,0.6036726846991591
HIP1R,0.055416087796942654,0.596522905472845,0.5603487704965305,0.6097288567293081
ZSWIM8-AS1,0.14325858902384836,0.596336394714589,0.5604698766694164,0.6097288567293081
LRIT3,0.3868327369606742,0.5963007814264457,0.5604930028824879,0.6097288567293081
LOC105372998,0.3089153120719416,0.5957915375866307,0.5608237468520348,0.6099804059976887
RNASE4,0.20534583944441073,0.5954251722453345,0.5610617588840727,0.6101163169338543
CCDC144NL,0.281514621251695,0.5935109484677317,0.5623062309000096,0.6108341654114937
ANGPT2,0.33931906584652133,0.5910207870039469,0.5639273429120344,0.6123781420816247
PPP1R12A-AS1,0.15533745455140568,0.5879219305570386,0.5659482044810586,0.6144637785102531
LOC101928529,0.10614384790030158,0.5860334135499717,0.5671816562115444,0.6155849066176995
NOXO1,0.21150546004745116,0.5841199321717534,0.5684328698346871,0.616833685977453
TTC7A,0.09502220309442293,0.5827199698391013,0.5693492238136031,0.6176094039952906
CCDC153,0.15900589855840952,0.5797606080753358,0.5712888656797147,0.619275109923369
LCAT,0.32399885594870176,0.5794412835282083,0.5714983677130374,0.6193926792929489
UPK3BL2,0.1913689087862851,0.57685484207259,0.5731967705794505,0.6210138217836747
SNORD10,0.28415657328379895,0.5754716516748772,0.5741061408130889,0.6217792655802534
DNAI3,0.3721189349006805,0.5745172452822088,0.5747340515627514,0.6223493616109638
PDZD2,0.08153494210898884,0.5709601046450291,0.5770774923902238,0.6244457243339933
SMC5,0.0363250354271386,0.5701420230235132,0.5776171500583532,0.6249193663709328
ARPC4-TTLL3,0.7888618017674581,0.568086353900301,0.5789743606541257,0.6261666956262862
CCDC144B,0.3327737107524379,0.567721423513478,0.5792154716669679,0.6262064975870394
SPEF2,0.08932390415077557,0.5671077270735916,0.5796210614072215,0.6265344924045614
ZNF432,0.10644918631484386,0.5663338628377316,0.5801327162446532,0.6269770011600361
LOC105447645,0.15717045854712702,0.5642891755043169,0.5814857294599916,0.6283284896156792
ITPKA,0.30108102477439747,0.5630000351275715,0.5823396224761813,0.6290294071857254
PCDHGA1,0.14736988577566285,0.5613403022383479,0.5834399426830327,0.6301069148426691
LOC105369543,0.2890983396305951,0.5577655432664501,0.5858134772789847,0.6324474490525143
TPTEP2,0.14224731769102275,0.5534619181941601,0.5886775430603048,0.635092104709551
RPL36A-HNRNPH2,0.30366480622388775,0.5518181648339234,0.5897733541582654,0.6360504329680097
CACNG1,0.22434070023008557,0.5485417908582845,0.5919606634397357,0.6382970742103043
NPHP4,0.07497306903241151,0.5477733273620122,0.5924742882547934,0.6387385485406056
RNA18SN3,0.2162224421185428,0.5468406869655233,0.593097950143335,0.6391718620455704
THBS3,0.04944957394239912,0.5435123692793167,0.5953263331807216,0.6412494152869133
LGSN,0.15463486388708436,0.5399937901713622,0.5976867038941162,0.6435656938118622
LOC101928906,0.12651882810822612,0.5393252646370518,0.598135704581485,0.6439360500675277
RPL17P38,0.22599856134106736,0.5386337012462856,0.5986003569838517,0.6443231234962268
LINC00271,0.27464058039930633,0.5382585078493455,0.5988525205688007,0.6444813818621399
RFX2,0.15856307912293616,0.5371848622304329,0.5995744019346122,0.6451450033103692
SPDYE16,0.2094153172396916,0.5351831725485027,0.600921434290187,0.6463675017018505
CHODL,0.07166852265255741,0.5338922149945462,0.6017909854930586,0.6470757307616997
NBPF10,0.07005390547387738,0.533513314624772,0.6020463212339128,0.6472367501164303
CTXN2,0.15649138117222042,0.531245111193409,0.6035759649056479,0.6487674320307946
EXTL3-AS1,0.3593685624066156,0.5302045795313902,0.6042783329066911,0.6494085169561741
KTN1,0.05669721090903229,0.523154310579903,0.6090480236743736,0.654075750722479
CORO7-PAM16,0.45417006104264446,0.5212648245459336,0.6103294645965446,0.6553371199819266
LRIG3,0.17567078377745218,0.5169166114971218,0.6132834392182619,0.658298601356604
RPS13P2,0.1806541621498606,0.5164322547783327,0.6136129220901054,0.6584014024877203
MGARP,0.09203273771353783,0.5123499502125997,0.6163933410163099,0.661037645281662
CYP2E1,0.26411052380783717,0.5113149547103617,0.6170992409202082,0.661678913213377
LOC101927947,0.27021757122445095,0.5095637007488814,0.6182945467420655,0.6627287238203989
TMEM72,0.24741386832853965,0.5092550842271009,0.6185053071535898,0.662838729519494
RPGRIP1,0.2624845510044737,0.5019376414104184,0.6235127116143373,0.6677381066030551
ZBTB8OSP2,0.1491706853667831,0.5010275184333515,0.624136878671617,0.6682897932326659
SPON2,0.13771653015914975,0.5000879858233207,0.6247815293322784,0.6688632159984049
LOC101928762,0.0649857485247054,0.49894143818074255,0.6255686532408457,0.66958893737845
OVOS2,0.3239154931470403,0.4959966939065554,0.6275924398134183,0.6714034303763096
ZNFX1,0.03110778242687152,0.49248698270755126,0.6300085693798565,0.6737530583214445
RPL13AP5,0.13736398025253316,0.4915231092494802,0.6306728835262442,0.6743458531337654
TMEM253,0.21562827595152584,0.49045855793102183,0.6314069714780243,0.675013033686831
PPP1R14BP3,0.11499712785555395,0.4902686464070649,0.6315379721779084,0.6750353564865873
NFIA,0.1512709711314356,0.48520908998174794,0.6350327667447839,0.6782977627017818
PDIA2,0.35405882954002155,0.4842534505434956,0.6356938753130972,0.6788856194545794
RPS26P58,0.09883667038841026,0.48265179214780163,0.6368026208234948,0.6798328223002479
LYPLA2P1,0.08254361380906937,0.479190279092293,0.6392019318712169,0.6820379186023602
HSPD1P4,0.15894245065210688,0.4789584104297757,0.639362799471178,0.6820908389763872
LOC101928383,0.10799680850217636,0.4752738611828331,0.6419216171248502,0.6842252674274616
LOC105377449,0.12490015694308725,0.47440179075262284,0.6425279390524692,0.6847524802488936
ELOCP2,0.09414311474781291,0.4638105147363594,0.6499127177260237,0.6921412369111405
TMC8,0.46302268028560367,0.4636373094941154,0.650033805986972,0.6921499445371093
CCDC7,0.06532285450016985,0.4584767606591556,0.6536462547027678,0.6956339481472165
SH3TC1,0.27760193021007795,0.4575395208268709,0.6543033058120702,0.6962123354674519
TRIM39-RPP21,0.5095456594839122,0.4561436288293606,0.6552824459656738,0.6971331818413017
SMIM38,0.28526260507849055,0.45433623839983656,0.6565512071993036,0.6983617734047772
SLC7A5P2,0.08339771422430095,0.4532051733527173,0.6573457581267108,0.6989724831807299
CENPF,0.08371723843010045,0.45319429244636783,0.6573534038396261,0.6989724831807299
LOC101928279,0.11830039780667477,0.45116622121526484,0.6587791680465119,0.7003670308923202
NOM1,0.05880361642471988,0.44950676190445826,0.6599468181704187,0.7014867340705161
TBC1D7-LOC100130357,0.15843637849513958,0.44662847994559307,0.6619742528896445,0.7035197937263387
CYP2D8P,0.20447965282891092,0.44640377860150204,0.6621326465148663,0.7035661506562889
FBF1,0.09445338198414852,0.44587874929919946,0.6625028089374791,0.7038374729266459
ODC1-DT,0.09486363417313896,0.4443870749376111,0.6635549862967958,0.7048331426094885
LINC02012,0.12196236778574204,0.43643485439534524,0.6691766112495566,0.7101891667174137
TSPOAP1,0.10686248247598068,0.4358975943473373,0.669557162267566,0.7104700371646495
ADAMTS7P3,0.07536621448203498,0.43486975376650344,0.6702854628325715,0.7110320786673875
TAS2R15P,0.05921236176860681,0.42880945508643453,0.6745866068302352,0.7154352767940038
SEPTIN14P8,0.055359184145664056,0.4275702802127111,0.6754675417799793,0.7162456376251987
KY,0.07324733551431317,0.42525139424618547,0.6771173738681556,0.7178708927381173
RFLNA,0.5877690392594067,0.422244952183986,0.6792589478947316,0.7197679084865523
COL16A1,0.33714536303001635,0.41591712793273,0.6837758211977691,0.7241786081448385
DOCK10,0.06755025973728762,0.4152422989208715,0.6842582679785877,0.7245643777351429
LOC105370461,0.23566145017784912,0.4149560970879222,0.6844629217818938,0.7246559085531968
RPL21P28,0.14890982298646713,0.4131659078128386,0.6857436122068504,0.7257611089136728
BTF3P5,0.114931368078009,0.40851495819100614,0.6890755526926431,0.7291615981366998
NBEAL2,0.10383574552595666,0.40658944272336367,0.6904569594715453,0.7302451969566206
BGN,0.1326031179484268,0.40517084307628926,0.6914754270033818,0.731070087535483
LOC105377921,0.19784869989671347,0.4004639415040509,0.6948591262164491,0.7342676165672872
CCDC144CP,0.24623989566736176,0.3974022928555794,0.6970637196269891,0.7364702863346162
NEIL1,0.14540606755193772,0.39543429218711795,0.6984823153251334,0.7378419081411456
LOC107984830,0.14065399915704394,0.3937291642516445,0.6997123706177376,0.7389333203788353
LOC105370518,0.22479982036584611,0.3907562450342961,0.7018590845826564,0.7404756340161437
MSH5,0.2935627836183094,0.39064161588098306,0.7019419101578811,0.7404756340161437
CHURC1-FNTB,0.4409855572326583,0.3880932795011393,0.703784230213766,0.7421636558077388
SHANK2,0.05457451977997026,0.38682359945325995,0.7047028674445985,0.7428904815217995
LIME1,0.11595916028224344,0.3868056629149581,0.704715848295149,0.7428904815217995
SCUBE1,0.09277112255240651,0.3839965658830238,0.7067499956796085,0.7447786614261648
ADORA2A,0.2414606190817439,0.38181836399239855,0.7083288968740711,0.7461859662894065
PLEKHM1P1,0.11700065781878176,0.37567409396787943,0.7127901454383823,0.7499834520318028
LOC729033,0.1268977840312465,0.37512860370564566,0.7131867472658596,0.7502070097607554
CFAP54,0.08531977510658416,0.3704942755075591,0.716559624541911,0.753432332494325
ZNF521,0.05061819212923807,0.369899630380205,0.7169928555172396,0.7537585670246404
CCDC146,0.06418959554771334,0.36878660720331136,0.7178040244687462,0.7544819392992823
LOC107984227,0.1095136226165084,0.36794404391745034,0.718418317880791,0.7548687501901352
FSCN1P1,0.08141237260999201,0.3655692148336273,0.7201508373143355,0.7563002625898366
CCDC81,0.10824818740538358,0.3653073195355673,0.7203419968651283,0.756371435557252
GPX1P1,0.1340211551633189,0.36275195671511035,0.7222081942838899,0.7579414879233427
GARS1-DT,0.05015143174321898,0.3590802297789687,0.7248928928842272,0.7606287972236071
SLC34A3,0.20118480716520534,0.35769046183698433,0.725910048224097,0.7615657360283613
LINC01597,0.09783545602099505,0.3526575236304005,0.7295980790298912,0.7650421184490649
LOC107985014,0.09979953747682839,0.34642716859693323,0.734173180688541,0.7695761965835767
B4GALNT3,0.07952820149449442,0.3458967740590349,0.734563149693296,0.7698533266575319
NGB,0.2065526368517849,0.3405804973120137,0.7384760889565487,0.7734253246717314
WDR90,0.07678561659334264,0.3362526800503406,0.7416670613219881,0.7765019788050874
PAQR6,0.16181488527081264,0.32899097228017254,0.747032309330625,0.7817186849089676
STARD13,0.09113873316050912,0.32234125460818186,0.7519573690908528,0.7864696591924462
SLC5A5,0.17996203168039954,0.3220937369989651,0.752140909248633,0.7865274264234254
PGAM1P8,0.10027299244245509,0.3210545775750033,0.7529116402282487,0.7871991053384214
F2RL2,0.19399313013225206,0.3195297771553733,0.7540430597390105,0.7881132065132369
LMNTD2-AS1,0.17871913491003955,0.3147341529306522,0.7576052798004391,0.7915664505158841
CCDC144A,0.15100445845911378,0.31235858550467505,0.7593719914238347,0.7930068666828121
C4orf50,0.042315033167776905,0.31150441784397526,0.7600075782423207,0.7935354206481733
PKD1P4-NPIPA8,0.058930393280836296,0.31087384516034033,0.7604769033614048,0.7938902277938372
SLC7A3,0.09085427318918944,0.30595587196579915,0.764140617678306,0.7975790884331714
SLC25A16,0.026649572908700125,0.296050448717107,0.7715375417328654,0.8046146871082791
SETBP1,0.03816487409948566,0.29524784623014,0.7721379115110434,0.8049669043473974
BLOC1S5-TXNDC5,0.43894932194158137,0.29321504152559585,0.7736591849501238,0.8064157122503415
LOC107986583,0.10780539138079515,0.29106997539638585,0.7752655178170212,0.8078153364301105
WHAMMP1,0.07898132947307131,0.2897277158745311,0.7762712128423379,0.8087257876824492
CRISPLD2,0.10246753776495712,0.2837738880477588,0.780737148402828,0.8129639408373256
LOC105373249,0.11444872037887607,0.28085365990377426,0.7829305467028629,0.8146943220656169
PTPRG,0.04071415822117332,0.27899113208704623,0.784330503498149,0.8160125571017742
LINC02714,0.1069870055654943,0.2750525080821237,0.787293491934524,0.818817289711339
ARHGAP27P1-BPTFP1-KPNA2P3,0.08944717537302102,0.2710789008885584,0.7902862661355798,0.8217904684327574
SELENOKP1,0.13520798363036599,0.26801411783999,0.7925968983118279,0.8239136826609301
CYBB,0.0605305308830623,0.26688088148050554,0.7934517930042163,0.8245227142084838
PPM1K,0.03799136458029611,0.266249557497366,0.7939281729658169,0.8248184613403939
LIN28B-AS1,0.04909696026604982,0.2661470848056246,0.7940055041386076,0.8248184613403939
LOC112694756,0.1255049677756249,0.2636420547676349,0.7958966262282259,0.8262229159659652
MIR17HG,0.2354638645428759,0.262199729005548,0.7969860860862035,0.8272138008310916
GAS6-DT,0.07600898685848383,0.2613833606141549,0.7976029243025846,0.8275856782336415
MYO19,0.029723215008283677,0.26009430848019877,0.7985772023429687,0.8283042724809472
LINC00894,0.14011014378059422,0.2589495804312161,0.7994426909382961,0.828835532465821
ISY1-RAB43,0.29599811715850244,0.2588803729839526,0.7994950250359542,0.828835532465821
AP1G2,0.1033463396538452,0.25743742508288137,0.8005863976426218,0.8296748552366793
SEPTIN14P20,0.04458385637060878,0.2532844787408971,0.803729880993092,0.8325218267130202
LOC102723814,0.11589298096158893,0.2502061134678119,0.8060622634511415,0.834514723012244
LOC286437,0.040965031149284445,0.24938106779118827,0.8066877017689128,0.8350212110509009
HSD17B6,0.1421768972761036,0.24852286187511927,0.8073384233690712,0.8355536949607305
CIRBP-AS1,0.07848549651889712,0.2473073157385754,0.8082603460293472,0.8363666308507594
LOC105378550,0.1316137087467761,0.24275828437462488,0.8117131408031125,0.8393727316334479
KPNA2P3,0.11778029313087526,0.24126461111059436,0.8128477562494263,0.8402625203725098
TUBGCP6,0.030005277062975372,0.23947063633148197,0.8142110615437863,0.841529895003104
CCDC62,0.048659527511012275,0.23876377771302185,0.8147484004853051,0.841893412696727
IL21R-AS1,0.1305270631221092,0.23109037991247408,0.8205877262097245,0.8469780706626724
LOC343165,0.05482625317729091,0.2303598266509143,0.8211442470082294,0.847088235085737
PCDH11Y,0.06330932198254426,0.2302246834379693,0.8212472073596305,0.847088235085737
GLTPD2,0.07420429943107877,0.22900285750855284,0.8221782239333768,0.8479058736055853
GOLGA8N,0.05930313464311073,0.22853190772521864,0.8225371563026297,0.8481333504011975
ATP8B3,0.06675915950657027,0.22831258607284435,0.8227043254439624,0.8481630533083568
ZC3HAV1L,0.03022156701757049,0.2277923502951371,0.823100890041149,0.8484292005973167
RBP5,0.05363202773661439,0.2261200161003338,0.8243760139096741,0.8496007002801449
GOLGA8B,0.11015705908715187,0.225681987620006,0.8247100877506497,0.8498021243757744
SEPSECS-AS1,0.06132620054282783,0.22181891999243442,0.8276578763512966,0.8525529796729034
TEX21P,0.06734184896111485,0.22022797504937808,0.8288726646412701,0.8535959164280342
LOC107986649,0.03918019067251133,0.21766717744847644,0.8308289508216279,0.8552445790993416
FYCO1,0.03791785162284463,0.21432515218424072,0.8333837950965669,0.8574425417828054
UBE2F-SCLY,0.1857301482621834,0.20943210532555834,0.8371278516869268,0.8608792899753454
EEF1E1-BLOC1S5,0.20897514624708377,0.20940915340992663,0.8371454237427461,0.8608792899753454
RN7SL1,0.0632920558293115,0.206776322313126,0.8391617234883048,0.8626633179579588
NAGPA-AS1,0.058384075168465846,0.20516912102149062,0.8403931430785279,0.8636395586037512
ALOX5AP,0.18380535812468277,0.2048951455287159,0.8406031033956887,0.8637105303076721
BAZ2B,0.042092359165222686,0.20036522373912613,0.8440764088019272,0.8668434220063351
ZNF469,0.057999646380639126,0.19920340391082217,0.8449677768876032,0.867322919008876
GIPR,0.03756103352127182,0.19692630956590176,0.8467154409651607,0.868971313095
C12orf75,0.07312681983765751,0.19636409686375875,0.847147067053479,0.869211822882569
ADAMTSL2,0.044421395286925534,0.19438397966275944,0.848667661793609,0.870256465693875
PNPLA1,0.13389351502716126,0.19437115468242458,0.8486775125477952,0.870256465693875
BTF3L4P1,0.05168706645123274,0.1914085167187173,0.8509537883586533,0.8718613943905306
ATP13A4,0.10403201616547059,0.18725592489509882,0.8541466561197444,0.8746941199488862
SH3RF3-AS1,0.04536395362611947,0.18305502439091728,0.8573793685629515,0.8777113442369561
HVCN1,0.06568538007436572,0.176832943185453,0.8621723041352239,0.8823232427961473
CYFIP1,0.011059022967595847,0.1746784183414663,0.8638332821446366,0.8835805138572707
USP32P3,0.05871718615684973,0.1742960276058745,0.8641281469632361,0.8837346581389118
RPLP0P6,0.04730113052011833,0.16836656443777445,0.8687030689779525,0.8881170468370329
LOC100506124,0.04219802829267619,0.1648253536429396,0.8714376579726493,0.8906156791217639
LOC107986984,0.04720568626639879,0.16024398186438027,0.8749780067757716,0.8937084788500509
LOC101929243,0.09611771162020238,0.15843103867474828,0.876379767936839,0.8949205359741501
LOC107984794,0.03773794257479209,0.15780432860895974,0.8768644383226999,0.8951248886390972
EFCAB1,0.04964965712914786,0.15779463655506085,0.8768719341399313,0.8951248886390972
LOC105375019,0.12509581207207737,0.15669637019470123,0.8777214106231591,0.8956937318328559
UCP2,0.0453841121897277,0.15579257634105448,0.8784205857226841,0.8961088684440096
TJP3,0.09612638503790011,0.1524569934066585,0.8810019002064617,0.8984154747834828
KCNRG,0.014845529047078452,0.15230269287714082,0.8811213432949917,0.8984154747834828
ANKRD36C,0.023096345837288836,0.15083893589045622,0.8822545774799025,0.8994213470733082
LRGUK,0.021643068558519517,0.14813140641381706,0.8843514384220053,0.9011094277804009
NKPD1,0.030664099415911143,0.14740648400587497,0.8849130119066502,0.9015317871011742
PIFO,0.11632523928674543,0.1461250881278056,0.8859058238821228,0.9023932702554691
PABPC1L,0.04746845595087995,0.145602956885217,0.8863104227764524,0.9026554064827469
SLC1A3,0.054070315696370545,0.14522178230427757,0.8866058153047401,0.9028062537903749
HOXA7,0.013940160228835135,0.13791820262739876,0.8922690754891438,0.9079696933513366
LINC01414,0.025239117463912216,0.13651572835459602,0.893357275112468,0.9089261570853823
MOK,0.012977568843318245,0.1361184844287847,0.8936655429088305,0.9090889110572735
RPS14P1,0.03978946036321914,0.13434887592527595,0.8950390040988783,0.9103350083169278
THSD4-AS1,0.02626209070148213,0.13308482845505284,0.8960202941574091,0.9111818850671729
LOC155060,0.020055357748011843,0.1325941951388377,0.8964012243680818,0.9114180635887115
LOC105374216,0.08485443988454801,0.12935639053929035,0.8989157328444777,0.9136530690912743
CRYM,0.07729550156333184,0.12899957817928254,0.899192906026964,0.9136530690912743
ABHD1,0.06068588550028818,0.1263735360518364,0.9012332430205022,0.9152683531669447
LOC105372432,0.03542693870652262,0.12123999845092709,0.9052238903592353,0.9190166359559644
ABCC10,0.007856011888746602,0.11840498785975377,0.9074288834586139,0.9211026752113435
LOC107984333,0.03438068575463221,0.11694203145769459,0.9085670417543057,0.9221052923764725
ABCA10,0.05428768582875333,0.10645189070309499,0.9167341663130715,0.9296245557484083
LOC101928068,0.04227924837928346,0.10517174548467566,0.9177315143490834,0.9304820018127492
LOC112268437,0.0192171635023765,0.10165284046990013,0.9204737927877341,0.9329537615391552
LINC00893,0.0341373788100275,0.10137306154290711,0.9206918697195312,0.9330205259349854
LINC02680,0.02199261626032369,0.10029771870676316,0.9215301196546374,0.9337156418980045
TG,0.05872488554504881,0.09994851078622193,0.9218023546584326,0.9338371234599557
PCDHGB3,0.0587746352014641,0.09436828838887239,0.9261539327056006,0.9374708730986346
RPS23P8,0.02323652406997121,0.09139555263208028,0.9284731474481219,0.9395081534924047
LOC105370027,0.0833223840744352,0.08966220553943627,0.9298257514025842,0.9405245262392943
LAMA2,0.048631517764320314,0.08809931471228329,0.9310455342559049,0.9414894630466342
TGIF1,0.029682741572211995,0.08611622457124739,0.9325935267973322,0.942899277464563
PLEC,0.009390315325136706,0.0850351243218397,0.9334375491528729,0.9434356800841524
HOXB3,0.009924366889834339,0.0848452670236778,0.9335857806509735,0.9434356800841524
BORCS7-ASMT,0.10412017384834192,0.08270679108669922,0.935255575650688,0.9448115818620165
KIF20B,0.007421713898189159,0.08246608984382145,0.9354435433513457,0.9448457605443646
DNASE2B,0.025629872978096258,0.08048116488941037,0.936993756330414,0.9462556386005665
RPS28P9,0.036706835253653855,0.07967878185461978,0.9376204877050788,0.9467325958873551
TMEM258,0.014373782214288852,0.07141250755198543,0.9440795922550727,0.9519999836360579
PROB1,0.01036073249352651,0.06227342985935174,0.9512254237686228,0.9585472168377785
LOC100499497,0.036208986650579304,0.062115438338741585,0.9513489972568293,0.9585472168377785
MORF4L1P2,0.01882402177318047,0.0619842706914874,0.9514515913681572,0.9585472168377785
FTH1P2,0.016083327890300574,0.05985330503605485,0.9531184716872704,0.959536250852844
COL6A4P2,0.04171552251845104,0.058866798752499776,0.9538902125591726,0.9601555013116138
CACNA1C,0.007128505840182605,0.05301277714654523,0.9584707564796687,0.963816557942974
IFITM2,0.01755193959651823,0.04862840914742287,0.9619023603432866,0.9666162138171103
TMEM163,0.012304163384267378,0.04596390779417,0.9639882280904661,0.9684116417886853
ZSWIM1,0.009072549378307588,0.045463918657989315,0.9643796685908347,0.9686461360743596
RPL13AP25,0.010995817945646712,0.0400994157978396,0.9685801056680029,0.9722279429744323
TEX15,0.00999246151686011,0.037317258955798405,0.9707589401342662,0.9742206233873295
LOC101929021,0.010341342034459647,0.0371586483345345,0.9708831628504399,0.9742206233873295
PHF11,0.03298326462593624,0.035113648731701745,0.9724848611315211,0.9756681176327698
LGALS4,0.016616609947766,0.03421875824726002,0.9731858024302696,0.97621158057561
COL13A1,0.011596099244726437,0.032842539394496315,0.9742637986958105,0.9771330310872575
YWHAZP5,0.006493682395319504,0.026533653676606032,0.9792062021355944,0.9816081797369082
CLEC18A,0.005789007439407733,0.022886547884000196,0.982063775611172,0.9841508818859709
NUDT17,0.0027014773115428,0.01973121956696651,0.9845362401924468,0.9863061206699948
LOC105379586,0.006648966558021889,0.019158491640510825,0.9849850390514259,0.9865944917296144
LOC107984498,0.013236128767028784,0.01652803915914393,0.9870463694655364,0.9883362046428844
PLK5,0.004079725697174904,0.00577831095629252,0.9954711318435867,0.9956335516725708
PDZRN4,-6.455871996192829e-05,-8.292227351329452e-05,0.9999350076024885,0.9999350076024885
SCX,-0.0021068131112535033,-0.007586893404007659,0.9940536444141078,0.9943780744547129
IPCEF1,-0.005135006031586042,-0.0080403118341453,0.9936982780503798,0.9941848285374292
DPY19L2P3,-0.004030585180625082,-0.011062714535752133,0.9913295113795665,0.991976804563621
RHBDL1,-0.004331936535984415,-0.011908020848146633,0.9906670283382483,0.9914757361164835
SLC16A5,-0.003135148756204853,-0.013979847453651531,0.9890433286780427,0.9900123456558461
FAM184B,-0.007235234841625633,-0.016115326521187502,0.9873697971142639,0.9884985883244223
NME1-NME2,-0.0071174740380699235,-0.01868757302317524,0.9853540624500955,0.9868028758077252
LOC105370353,-0.006200016880341236,-0.022055059386803945,0.9827152991553808,0.9846428218081863
SLC44A3,-0.007267095855454089,-0.025051009103377698,0.9803678475887487,0.9826119858925817
C17orf49,-0.007282368388406224,-0.03058109893437323,0.9760353039928508,0.9785895344252821
LOC102723694,-0.0041002680061969,-0.031097736195188425,0.9756305829258218,0.9783437711983132
MEOX1,-0.016344714350561198,-0.04041357483016652,0.9683340893658284,0.9721401847056221
LYL1,-0.02249611124897098,-0.0420124091310609,0.9670821029480215,0.9710423081197989
IKBKE,-0.016410039291623307,-0.0431904700203803,0.9661596656612217,0.9702750246565021
LINC00926,-0.017234628144953017,-0.0484483413992688,0.9620433149262952,0.9666162138171103
LOC105369536,-0.023486465405194685,-0.04947135328051436,0.9612425328078985,0.966128336794953
DIP2A,-0.0034990788355450486,-0.05015882025152896,0.9607044292208496,0.9657458430836026
LIMS2,-0.020714834630938875,-0.05244848504870831,0.9589123762168712,0.9641024874871937
LOC107987139,-0.026584578122674247,-0.05440664516292433,0.957379964623856,0.9628776346422047
MSH4,-0.04192395591618755,-0.05465057384418244,0.9571890837034375,0.96284363030884
SLFNL1,-0.014127517123366249,-0.05520765673715665,0.9567531612162217,0.9625630852216378
ITGA11,-0.02768503610265114,-0.05576383013930601,0.9563179647398857,0.9622831785711589
BANF1P3,-0.011611362648022216,-0.0565373541579422,0.9557127190740288,0.9618320420167125
B4GALNT4,-0.007332676659684881,-0.05994867644543882,0.9530438654977506,0.959536250852844
CD28,-0.019714702467179636,-0.060459858758888194,0.9526439907304393,0.9593736919956616
KCNK12,-0.023487511635232234,-0.06166272325941886,0.9517030967432181,0.958583631783754
NPR3,-0.025799282200408915,-0.06190886216347452,0.951510573321025,0.9585472168377785
MED30,-0.01829914306979569,-0.06511376723360586,0.9490040716623322,0.9566510375415388
GOLGA8A,-0.03354041084473694,-0.06911596017361883,0.9458748145046043,0.9536533902817803
SLFN12,-0.02955301268704314,-0.07258405226893805,0.9431639108725992,0.9512330986589392
BRICD5,-0.015017787821511175,-0.07332807553092151,0.9425824242135784,0.950803070664676
CCDC78,-0.04033289626405325,-0.073628361926794,0.9423477468908436,0.9507227926992874
ADPRH,-0.031632049840391356,-0.07460920624796379,0.9415812444457277,0.9501058483049071
RPS19,-0.015047111835886293,-0.07522560890839625,0.9410995736697999,0.9497761584780825
SLC12A8,-0.02948065441223815,-0.07574072345537679,0.9406970700217688,0.949526270250855
TYMSOS,-0.023302606529979314,-0.07845798818164594,0.9385741165776713,0.9475394161101984
DNAH6,-0.013793764264558575,-0.08358367698480722,0.9345708344933937,0.9442754599381084
LOC105377621,-0.024529122040961235,-0.08518459885298807,0.9333208483906404,0.9434356800841524
IFI27L2,-0.02084343325204941,-0.08951853763050728,0.9299378717025062,0.9405245262392943
GALNT4,-0.04077815101115577,-0.09095498716370956,0.9288169177174507,0.9397008921617382
MMP23A,-0.04276194392943068,-0.09292156778510147,0.9272825231279668,0.9384582907007489
HAPLN2,-0.05752830024647446,-0.09466291199563191,0.9259241162180677,0.9373930359069785
FOSB,-0.04193351454378025,-0.09507465445004692,0.9256029545266824,0.9372226810783882
CRYGS,-0.06476742214794359,-0.09859308164920762,0.922859114195709,0.9345987725127533
RNA18SN1,-0.030829421302228713,-0.09879028515892616,0.9227053551456967,0.9345974598551091
HCN1,-0.04449983384240885,-0.10474646085988105,0.9180628811463023,0.9306640419095144
CCDC116,-0.049610707299682914,-0.11022384480228645,0.9137963279114804,0.9267987243708429
LOC112268155,-0.033432836593661704,-0.11095918980376877,0.9132237452177933,0.9263712656271839
ITGB3,-0.03352711092581905,-0.1118528838217411,0.9125279300584891,0.9258186380765538
SMARCA5-AS1,-0.03435504782525278,-0.11267561421576439,0.9118874317915522,0.9253219594243032
KCNK15,-0.03820881321557404,-0.12316713617326128,0.9037254776518974,0.9176473708805916
RPS26P8,-0.027642129719577795,-0.12680407237520824,0.9008986822563616,0.915080185953852
RNF103-CHMP3,-0.07495327454180499,-0.12880425957813355,0.8993446360353587,0.9136530690912743
COA6-AS1,-0.04124666545096794,-0.12890053394370812,0.8992698463839842,0.9136530690912743
ADAMTS13,-0.022933226017679637,-0.13076571402837095,0.8978210992412924,0.9127103380346803
RALY-AS1,-0.02798906301401534,-0.14031847077292262,0.8904071972238768,0.9062254887900324
GAS1RR,-0.06520992946639438,-0.14115204617891888,0.8897607525253812,0.9057179363966433
PVRIG,-0.08678054615477328,-0.1433887687287281,0.8880265589012379,0.904102774632883
KLHL41,-0.03414852575005522,-0.1498866411200175,0.8829919837584074,0.8998737922591915
RANP1,-0.03719792572557782,-0.15028707130223262,0.8826818982233883,0.8997073555220104
RNA18SN2,-0.04789499802150689,-0.15247360812874258,0.8809890390317199,0.8984154747834828
MKRN7P,-0.06298119191633443,-0.15632050992865967,0.8780121633690913,0.8958413051685302
SCART1,-0.06959424925689,-0.15747077832870704,0.8771224125608618,0.8952314999996808
LOC101926887,-0.03414162359527132,-0.16015469956552836,0.8750470293732473,0.8937084788500509
LOC107986211,-0.07697083426986076,-0.1611591756435664,0.874270547328704,0.8932130758541593
STOML3,-0.1112900221089753,-0.16255280309531428,0.8731934655223943,0.8922613675032968
GRIK2,-0.03748776132261782,-0.16680734411365164,0.8699069153314234,0.8891994982460606
TECRP1,-0.05600735294085132,-0.17228393739096845,0.8656800323243226,0.8851740780897577
ADAMTS19-AS1,-0.05388924344942047,-0.17509471933929963,0.863512292769111,0.8833995919016439
WHAMMP2,-0.05150277574801831,-0.1765875173227437,0.862361475189553,0.8823695281108261
LOC107986012,-0.06010692060055362,-0.18252868698908445,0.8577845887615322,0.877979550694305
ARLNC1,-0.12305464384756097,-0.18523405642987298,0.8557022059093761,0.8761407252755096
PLCG2,-0.10319193578154098,-0.18753227893794278,0.8539340884211599,0.8746225500453986
ZMYND12,-0.06149574554602002,-0.19119712120269464,0.8511162622997684,0.871882133672724
CATSPERG,-0.04196253385878513,-0.19180421124620584,0.8506496851414002,0.871695514864056
C1GALT1P1,-0.07274684717855769,-0.19198199428077029,0.8505130615268386,0.871695514864056
RPLP1,-0.041761204214867405,-0.19215642975421143,0.8503790153062553,0.871695514864056
SPACA6,-0.05084174532141567,-0.19232294083605933,0.8502510631215757,0.871695514864056
ADRA2B,-0.06251070900482582,-0.194396378560835,0.8486581383343927,0.870256465693875
LOC107984913,-0.04109974743753009,-0.19625167352647918,0.8472333836416557,0.869211822882569
SOD2-OT1,-0.2051116401521015,-0.19945874467861285,0.8447718561318803,0.8672670370270351
LOC107985393,-0.1445431343894999,-0.19992874179053144,0.8444112593053004,0.8670420468243705
CD207,-0.08895573159820555,-0.20272586476924978,0.8422659685727435,0.8651290863523656
VMAC,-0.03757691328638337,-0.2040012460671661,0.8412882281048576,0.8642696226383069
ETV1,-0.04010066070020376,-0.20541005676265148,0.8402085130958763,0.8635945984704428
AZU1,-0.046841907900124734,-0.20911137229550714,0.8373734140359363,0.8609693103053154
HS3ST5,-0.0743498711662813,-0.20972457476930612,0.8369039441014239,0.8608792899753454
SNORA67,-0.05262776588149667,-0.21485420716147646,0.8329792227972859,0.8571701587623574
LOC107986273,-0.05167366769409562,-0.21612951368476832,0.8320041884401443,0.8563105566047825
RPL9P25,-0.07952215453066001,-0.21937361403141734,0.8295252117453865,0.8540459435672186
RAB6C-AS1,-0.05705691550698861,-0.22012821038574978,0.8289488565246472,0.8535959164280342
LOC100132009,-0.04826894541459624,-0.22515139039206372,0.825114808775623,0.8500762651755578
STRC,-0.039374688551591965,-0.23045848030149796,0.8210690887936797,0.847088235085737
MMP23B,-0.09691955734248293,-0.23080667560264817,0.8208038345607939,0.8470585026696408
DHCR24-DT,-0.047866296174469664,-0.23235642984092092,0.8196235124418062,0.8461253168185032
TNFRSF10D,-0.06734184076801822,-0.23365653206580045,0.8186336797388848,0.8452458239513836
LOC112268242,-0.0816819247941309,-0.23442364801616433,0.8180497864933056,0.8447852411057889
SUMO2P17,-0.061548775724535654,-0.23731470939944874,0.8158502537777517,0.8426557802287477
CEBPB-AS1,-0.060421242542549124,-0.2374420300920283,0.8157534244874519,0.8426557802287477
ZMYND8,-0.021274350652502976,-0.23864663664464172,0.8148374579983166,0.841893412696727
RIBC1,-0.07997621863300382,-0.2421305127667384,0.8121899517218106,0.8397241362885308
LOC101928032,-0.05932312295419667,-0.244844080652568,0.810129475166886,0.8378764438624956
EEF1A1P19,-0.06367243845953124,-0.24497690263037983,0.8100286576422825,0.8378764438624956
PLCG1,-0.017953912914780497,-0.2469822509215305,0.8085069393850045,0.8364805972033887
YJEFN3,-0.07276939560982976,-0.25082101136500345,0.805596220360875,0.8341731133128655
EEF1A1P25,-0.080204888207813,-0.25287492012113344,0.8040400795937513,0.8327024308007596
EIF5AL1,-0.0568516693186629,-0.2564099589516046,0.8013637846142476,0.8302112556507247
RNF207,-0.07557599357758527,-0.2572731480045697,0.8007106759510921,0.8296748552366793
PRR11,-0.04182725889968564,-0.25731067332046936,0.8006822869394212,0.8296748552366793
CIB2,-0.05432513189189856,-0.2595822768248559,0.7989642975667741,0.828565580119155
LOC105377644,-0.0670221159500048,-0.26059738430889773,0.7981969312422715,0.8280499557480326
LOC101927673,-0.1412144158982037,-0.2613681929546596,0.7976143861344787,0.8275856782336415
LOC105376050,-0.07577203743138661,-0.2641721400652504,0.7954963374831432,0.8259472474206754
TBC1D3P1-DHX40P1,-0.048054353165624356,-0.2654269494531027,0.7945490187531208,0.8251034194403915
TAX1BP3,-0.05770235321226543,-0.265896167965462,0.7941948684052397,0.8248753885672855
DIO2,-0.07248726883713055,-0.26743108356590284,0.7930366951917953,0.8242310853722796
RPL17P39,-0.06907523150999671,-0.2683743367110714,0.7923252130886906,0.8237709559419392
ANO7L1,-0.13975231639557487,-0.27762970496726885,0.7853543020043104,0.8169390584229463
LOC107984871,-0.06425581095087188,-0.28287669674493576,0.7814108282408958,0.813250997812681
TRPC7,-0.10999785717884644,-0.2830925253695737,0.7812487509448333,0.8132203843253231
GCOM1,-0.09469164604735279,-0.28355742074196766,0.7808996719069654,0.8129950728243374
LYRM4-AS1,-0.10499306378752375,-0.28444271536848875,0.7802350605365217,0.8125791575074547
CPNE5,-0.123909583909447,-0.2878852012663404,0.7776524047569704,0.8100270588207694
ERFL,-0.1672876753597201,-0.2916113142012389,0.7748600351530756,0.8075300944386864
C12orf57,-0.0687440204576588,-0.2953436144200581,0.772066266178858,0.8049669043473974
LOC105372337,-0.09378287804693664,-0.29760547975783186,0.7703747662336069,0.8035387641674341
EFHC1,-0.02117456842833092,-0.3027929932722617,0.7664999571218227,0.7996332091825686
CUBN,-0.05625413616125128,-0.30434298810756205,0.7653434412667584,0.7985626033983368
LOC107984455,-0.13708186603967829,-0.3046113127012457,0.765143291960901,0.7984896798979101
RPL18AP6,-0.09596478830124343,-0.3137230978953927,0.7583570311698085,0.7920818880679716
LOC105373218,-0.17512079914266152,-0.31418488342489076,0.7580136475121207,0.791858155972955
SCN5A,-0.16624252206776974,-0.31652591930117185,0.756273670390918,0.7903098533065679
CATSPER2P1,-0.16080439311038477,-0.3198155558146446,0.7538309639411834,0.7880258882945864
AMBP,-0.19009398691420748,-0.32576868626802247,0.7494174530024985,0.7839469260930573
FTH1P20,-0.11520586490273911,-0.3284981753325317,0.7473969053268531,0.7819667229311502
RPS18P5,-0.1326305778284476,-0.3291846691315495,0.7468890198463523,0.7817021839949017
BAIAP2L1,-0.08705166646561036,-0.3299113215812252,0.7463515569123736,0.781273060770637
FTH1P10,-0.08281965929372315,-0.3391735640752781,0.7395128992512425,0.7743788986009766
CRACR2A,-0.07106595466289843,-0.3421795483614584,0.7372983423409497,0.7723237933270714
SLC35F3,-0.11442336822125405,-0.3423582409687817,0.7371667726201098,0.7723179484124547
PLCH1,-0.06503186920343229,-0.34302601465723076,0.7366751727301388,0.7719348391172224
LOC105375913,-0.1109507335659411,-0.3505851388424773,0.7311187061059812,0.7665055016982495
STEAP3-AS1,-0.10218174908665922,-0.3555755879171126,0.7274589301196553,0.7629295537439671
IL1RAP,-0.12024272171503968,-0.35703536496825156,0.726389692491597,0.7619385378120277
DUSP5P1,-0.04996904583979741,-0.36491076269752354,0.7206314839353692,0.7564162665280502
PCDHGA3,-0.1211421648409446,-0.3651188538116161,0.7204795715715986,0.7563863287778556
RNFT1-DT,-0.17714936378868182,-0.36734911497787026,0.7188521885839297,0.7550657841020373
RBL1,-0.04815620645945374,-0.3677469206239294,0.7185620651066327,0.7548903957332748
EEF1A1P12,-0.1307285476081589,-0.3684355337543844,0.7180599594152135,0.7546215585831062
CALCRL,-0.18860430273259612,-0.37473327766578296,0.7134742251469194,0.7503168639819208
FOXD4L4,-0.16358642496123116,-0.37504521622749204,0.7132473821999482,0.7502070097607554
ADAMTS17,-0.11937983911244264,-0.37577719101060436,0.7127151978238401,0.7499834520318028
RPL9P8,-0.10360227164066647,-0.37592288096540527,0.71260929203956,0.7499834520318028
H3P47,-0.07867693960809931,-0.37643156181723475,0.7122395670676589,0.749790236325734
NKD2,-0.06706159087783736,-0.3782493857480003,0.7109189306236062,0.7485285202203206
EIF3FP3,-0.10828106592963962,-0.3785542266827978,0.7106975599594918,0.748423989443684
RBM14-RBM4,-0.1246138809031503,-0.3798695920691926,0.7097426733072416,0.7475468363184521
FLJ46906,-0.1181993080491902,-0.382924219890881,0.7075271267053219,0.7454694545726407
LOC101927989,-0.13738244751386655,-0.38481076696182454,0.7061601692398957,0.7442850477029849
LIX1,-0.18029601549783453,-0.3886437731227196,0.7033860868019188,0.7418714232786927
LOC102724822,-0.07347869613562984,-0.39171327236380427,0.7011677356839834,0.7399136202001751
LSMEM2,-0.21561684345623786,-0.39235618065693095,0.7007034580421599,0.7395509982435332
LYPLA1P3,-0.1282089953544895,-0.3924514256328688,0.7006346872228781,0.7395509982435332
OLFML3,-0.13533334609729109,-0.3926784349181137,0.7004707880974456,0.7395509982435332
TAS2R4,-0.08656763866522244,-0.3936678826965612,0.6997565945838726,0.7389333203788353
NDUFB9,-0.0892630715913475,-0.40068789260840226,0.6946979784181978,0.7342238978799229
SV2C,-0.06283896429872113,-0.40434711257612416,0.6920670996734025,0.7315694638727294
MCRIP1,-0.08002555443297388,-0.4055134261412773,0.6912294165148288,0.7309360571391927
B3GNT7,-0.15762042586875244,-0.4070032180848041,0.6901600112103061,0.7300570955511952
ARHGAP27P1,-0.3993883205844317,-0.4075538396658661,0.6897649365945353,0.7297651124136177
TCHH,-0.10368171972608321,-0.41323869546604264,0.6856915207797487,0.7257611089136728
PLEKHD1,-0.22414790268621085,-0.4208112737526379,0.6802812122208223,0.72060200983474
LOC101929089,-0.11748333883761215,-0.4219964262257867,0.6794361090031565,0.7198312043189335
RAPGEF6,-0.06343640241033245,-0.4238717755429048,0.6780997570750055,0.7186638158488561
PARVG,-0.26557032863901997,-0.4241338007933812,0.6779131303010795,0.7185902626224481
CD101,-0.23600500524822926,-0.4348226852056668,0.6703188226131863,0.7110320786673875
COL9A1,-0.24583139410957813,-0.4396183301868959,0.6669236357641881,0.7079206731141945
FTH1P7,-0.11098936067944576,-0.4409593059394164,0.6659756103816697,0.7070368014616618
ANAPC11,-0.08940237057662032,-0.44156194600856696,0.665549756630972,0.7067070861160331
NT5C1B-RDH14,-0.5491220141064462,-0.44227850555086434,0.6650435578650579,0.7062919282246717
SUMO1P3,-0.08406118378639914,-0.46028117545557723,0.6523821108199424,0.6944091577229115
RASL11A,-0.14532773441719982,-0.46102745854844673,0.6518596005368333,0.693973489282874
LOC105372971,-0.2597851476081006,-0.4655538947443318,0.6486944880515251,0.6909638943103126
RPSAP54,-0.1093891812588338,-0.4682650716387837,0.6468020593375704,0.6890678873373838
MATN1,-0.20037692103691004,-0.47052360661417164,0.6452275125392645,0.6875099342718045
MIR99AHG,-0.14821270459324332,-0.47557738291895246,0.6417106505608687,0.6841193544240218
CFAP70,-0.06992369230886708,-0.4759801329780155,0.6414307636843439,0.683939916748135
ALOXE3,-0.11070953710819423,-0.47728261319954157,0.6405260063282783,0.6830940185790442
EPCAM,-0.08652166260963198,-0.478351294766357,0.6397840979830761,0.6824215278643216
NMNAT3,-0.12817625636556854,-0.4804169956555763,0.6383511648148423,0.6812487187177896
RPS15P4,-0.13086023178348385,-0.4814963104321936,0.6376030624789202,0.6805688269189937
TBCAP1,-0.08776300213378142,-0.4828362184889774,0.6366749059007556,0.6798148707841198
DNAH7,-0.25091061784695423,-0.4877775053532972,0.6332575460711137,0.6765194767194018
PMAIP1,-0.18415940311403678,-0.48902641941542563,0.6323951753197933,0.6757159534095054
RPL13AP7,-0.16456377708800862,-0.48984097215989175,0.6318330283082415,0.6752329957338774
ZFHX2,-0.09603637293982331,-0.4934205129809198,0.6293654846673644,0.6731827640919462
DRC3,-0.18231013890203696,-0.4969191561710153,0.626958138506477,0.6708419251256247
UBE2D3P1,-0.09462913034277338,-0.4974186828427742,0.6266147828784933,0.6705915885204546
CCDC180,-0.587788964712284,-0.5043925163734893,0.6218306427612805,0.6660530910582998
GSTO1,-0.10587638986834842,-0.5068676332762132,0.6201369216956399,0.6643550034942804
RPL15P5,-0.1487646336017287,-0.5076231548564853,0.6196203634324263,0.6639176416432045
LOC107986852,-0.18380547011939996,-0.5110361664326167,0.6172894506205194,0.6617671095319664
RPLP0P9,-0.12250088085399329,-0.5141239742382395,0.6151843158589079,0.6598564927760464
ANKDD1B,-0.2660640901177905,-0.5159640468054786,0.6139315021818813,0.6586279503631314
RPS12,-0.11198261940921571,-0.5167309506503176,0.6134097244614881,0.658298601356604
GPR157,-0.13301218090894487,-0.5168746797030519,0.613311959825162,0.658298601356604
MED12L,-0.09761670296866286,-0.5244703855329782,0.6081562534558778,0.6532324923225041
ARHGAP5-AS1,-0.266968728535536,-0.5280438235865892,0.6057381620102116,0.6507491996359266
C1R,-0.14796524840268377,-0.529710295958715,0.6046121213172038,0.6496533398202382
FHL2,-0.19015228927846645,-0.534854188940055,0.6011429681852368,0.646492349995702
BAK1P1,-0.09881356546811394,-0.5368146817558197,0.5998233995893555,0.6452996559288784
TAS2R14,-0.18090953661276854,-0.5406707922928007,0.5972321834312752,0.6431892629012151
SUSD2,-0.13862682027141568,-0.5440319854306583,0.59497815923962,0.6409870151386418
GRIN2B,-0.10571322126254222,-0.5467045330094712,0.5931890249881322,0.6391718620455704
RPS3AP47,-0.1771460316607643,-0.5468287430492633,0.5931059392727067,0.6391718620455704
HSP90AB3P,-0.12271451726160046,-0.5530035173754557,0.5889830318127723,0.6353098689094306
NPPB,-0.20961411008412267,-0.553710813898897,0.5885117073231374,0.6350249543902187
PSPN,-0.23541279041225918,-0.5548092877440557,0.5877800958406109,0.6343471808984057
EEF1A1P4,-0.12449481166285185,-0.5558187897058241,0.587108153934631,0.6337335769711724
PLEKHA3P1,-0.12435337421452515,-0.5596970816371872,0.5845303747994159,0.6311733657777735
SLF2,-0.045715259469292224,-0.5638269170696186,0.5817918426524635,0.6285484658899545
GAS5-AS1,-0.1543048855332304,-0.5678589826288174,0.5791245796464001,0.6262064975870394
LINC00884,-0.11927231129111479,-0.5688345663621741,0.5784801772912657,0.6257426304562305
PPFIA2,-0.08566200959145806,-0.5715489440881774,0.5766892204636409,0.6241357559043289
LOC107987140,-0.31080032346488057,-0.5716227226418426,0.5766405816297487,0.6241357559043289
LOC105378726,-0.3331750482650855,-0.5724360481162412,0.5761045356272563,0.6237232079468529
BRI3,-0.09102373385051571,-0.5761753824636122,0.5736433824421531,0.6213878661195261
RPSAP12,-0.14617034838503987,-0.5786564598499493,0.5720134461471708,0.6198413337249703
LOC105373077,-0.20207490589179927,-0.5803590180733852,0.5708963709092731,0.6189591004021655
LINC02820,-0.1499405343904386,-0.5818655307971123,0.5699088866709153,0.6179977844140653
LINC01508,-0.15005142132235574,-0.5819425075799713,0.5698584544645097,0.6179977844140653
STRCP1,-0.09430323387448661,-0.5833068100403078,0.5689650086417881,0.6173018589334799
DQX1,-0.32389042085392294,-0.5861407636805611,0.5671115040420791,0.6155849066176995
LOC101928053,-0.18489277577833188,-0.592237619068686,0.5631348647639486,0.6116259250536862
SOX6,-0.1966799415033489,-0.5936868336230887,0.5621918230041526,0.6108181274398184
HSP90AA3P,-0.16064336628651613,-0.5940705684334138,0.5619422586224356,0.6106552110185305
DCT,-0.2796740122670254,-0.5944616673507527,0.5616879661190566,0.6104870979272725
RPS7P11,-0.15149211013896366,-0.594660729120966,0.5615585598847678,0.6104546855991535
LOC100130394,-0.12565076891215474,-0.5952928070989316,0.5611477642533557,0.6101163169338543
ISCA1P1,-0.1250316625670496,-0.597432066735493,0.5597586306087352,0.6092543333862831
ADAMTS6,-0.48372349064843734,-0.5991777253396415,0.5586264560864537,0.6081300258941504
AK8,-0.271035952624014,-0.5993381340672199,0.5585224824615977,0.6081248343676011
RPL27AP6,-0.14316082147575668,-0.6085851788894496,0.5525464401133763,0.6020458012611085
SATB1,-0.1038752406513504,-0.6113395948405311,0.5507731093759736,0.6005405835067089
IDUA,-0.16499918677584857,-0.6128623362043257,0.5497940835090759,0.5996789882357496
LRRC75A,-0.14233669874748497,-0.6130856919074961,0.5496505600980985,0.5996365782881907
TMSB4XP1,-0.13869601993242195,-0.6149627474122303,0.548445216610522,0.598675858831072
PTPRB,-0.22685435457503034,-0.6153323287767449,0.5482080623082728,0.5985955507569847
MST1,-0.11415225314197054,-0.6187932889964678,0.5459899535029143,0.5962797817518021
KCNK1,-0.31435815785625704,-0.6192824350388402,0.5456768614905129,0.5960440415069216
GAL3ST4,-0.10727330257468537,-0.6206677162914093,0.5447907090756507,0.595182150531766
RPL39P3,-0.187674456622523,-0.6211639631756316,0.5444734573846237,0.5949415853418438
CARMIL1,-0.1443856714988422,-0.6231565879067732,0.543200595182446,0.5937624194843784
FLJ37201,-0.09904953894012426,-0.6237720057027947,0.5428078071573877,0.5934551764103787
PHPT1,-0.12738545482702926,-0.6237841899340001,0.5428000322052197,0.5934551764103787
MIR1-1HG-AS1,-0.19811439957337112,-0.632882755194167,0.5370113357831268,0.5879406123148004
DAD1,-0.13750377864698707,-0.6329944297223324,0.5369405006361728,0.5879406123148004
LOC100240714,-0.13746910517262673,-0.6334064352881054,0.5366792106481777,0.5877869503793692
SLC5A7,-0.22945431856392048,-0.6346734825327998,0.5358761065160322,0.5870122467732805
LOC105373312,-0.42592069147856526,-0.636671718639614,0.5346109127880927,0.5858356981392578
TRPM6,-0.1299354925847273,-0.6368555799682881,0.5344945841238796,0.5858129448738391
SCDP1,-0.2893967728746527,-0.6379506187147355,0.533802049324891,0.5851585411948464
RPLP0,-0.1523283532975653,-0.6403673806495013,0.5322754003790847,0.583693775370982
FSIP2,-0.16634554880361765,-0.6421634637677368,0.5311424207254637,0.5827641022099682
TRPM8,-0.3597023673157101,-0.6461533835792878,0.5286304224903458,0.5802156651505496
SVOPL,-0.18054411538294438,-0.6502331725665549,0.5260688018652987,0.577610918043038
RTEL1-TNFRSF6B,-0.8041246629000277,-0.655728781735658,0.5226293757334927,0.5742459353372128
CDH26,-0.440264485223388,-0.6558052211498084,0.5225816266941073,0.5742459353372128
SNED1,-0.2503678806226911,-0.6580231782544971,0.5211972302202441,0.5729804557478653
MST1L,-0.15058324564642092,-0.6595205827763861,0.520263771939118,0.5720568469931467
LINC00173,-0.3563132386265104,-0.6640375462215287,0.5174537729144985,0.5690691833451517
MYADML2,-0.38083765628370425,-0.6643955258800092,0.5172314475306226,0.5689267492127609
KIAA1143P1,-0.09585028317112336,-0.6671937726268813,0.5154954733342677,0.5672208313658339
CDC42P6,-0.1899036637205656,-0.6700524426469753,0.5137254857738467,0.565577806715819
SLC26A1,-0.15611509938513926,-0.6873689295256616,0.5030791384876885,0.5550531171579429
RPS10P3,-0.22998400505968114,-0.6884455568219794,0.5024215123129583,0.5544273394200602
ACTG1,-0.15617243891296276,-0.6899289303670088,0.50151626435007,0.5535280339333686
ZNF334,-0.050239752790423635,-0.6900336904185536,0.5014523694312176,0.5535280339333686
SOX30,-0.26202150628858634,-0.6935254823341904,0.4993254069479996,0.5513084914609577
RPL18AP3,-0.17554522627369315,-0.693942806029101,0.49907155795413427,0.5511274815814885
LOC102723648,-0.19951406720739281,-0.6939813571538462,0.4990481119783423,0.5511274815814885
LOC105372989,-0.33341715155524654,-0.6956846222821264,0.498012870993585,0.5502557496738781
SOGA1,-0.07839982210857972,-0.6961493726856112,0.49773061708893773,0.5500430291608416
EGFR,-0.0725114269690362,-0.69907791782394,0.49595421860302447,0.5482776122698899
PDGFRB,-0.47691509045766173,-0.7019348750873525,0.49422486822371875,0.5465629518692758
GTF2IRD1P1,-0.4003269505500878,-0.7053435811856593,0.49216622949695565,0.5444827624645981
OST4,-0.15164145632338666,-0.7061525268640686,0.4916784290210827,0.5442377699348568
THBS1,-0.5847384478552593,-0.7102922422178433,0.48918666282853734,0.541577432389188
ST13P18,-0.14172513479659196,-0.7116052284451171,0.4883979331907243,0.5408996080323649
ETHE1,-0.18896629583490587,-0.7179114811329695,0.4846203009495559,0.537104039924205
CFAP157,-0.6038619928510642,-0.7185226534914267,0.4842551268351054,0.5367963702530192
LOC107986606,-0.16409251862107166,-0.7212346496555979,0.4826367145717959,0.5350991246744636
ZNF559-ZNF177,-0.31160662859497534,-0.7215650862616901,0.48243974622508684,0.5349775044066176
ATOH7,-0.21218001324315358,-0.7230293804025368,0.48156748614171624,0.5342491194621992
GLI3,-0.16772420106657995,-0.7247229189301196,0.4805598572105929,0.5332787698589672
OR2W3,-0.13837763459597618,-0.7252594876002174,0.48024087344239713,0.5330212844834138
ADAMTSL3,-0.3755207631639369,-0.7372670875514101,0.4731360878274566,0.5258020700475542
LOC102724001,-0.4209066411214944,-0.7400189988569545,0.47151688911888234,0.5241926968260335
DKFZP434A062,-0.4398460274522195,-0.7412204719623775,0.47081101852029855,0.5235029101268692
ARHGAP11A-SCG5,-0.35393345929521763,-0.7413319949825439,0.47074553111734235,0.5235029101268692
BLVRB,-0.2794207289951825,-0.7427429394466022,0.46991749290557505,0.5228887695609321
PIWIL4,-0.12624539327066622,-0.7432242568763409,0.4696352275646186,0.5226695615415963
NPPA-AS1,-0.40810175024654866,-0.7477227659843162,0.4670021418639117,0.5200223668711678
ACAP2,-0.03862938784128013,-0.7478140219911128,0.46694882172913266,0.5200223668711678
OBSCN-AS1,-0.11537926990102268,-0.7529433942335105,0.46395780358102584,0.5170080596167403
TMX2P1,-0.4797340485073247,-0.753950765009362,0.4633717835517434,0.5164489151222158
SYNE1,-0.09965876713385381,-0.7586887710181349,0.46062168032965617,0.513850937292228
RPS13,-0.1691165532776538,-0.7620745499291898,0.45866267652612847,0.5118518490997938
PCDHGB2,-0.22137279450498915,-0.7684013086609245,0.4550159528644812,0.5082448598868932
MICALL2,-0.17730928626818115,-0.7694113078441787,0.4544354741630426,0.5077815269083943
POLE2,-0.19122849072989115,-0.7694896794238595,0.45439045089650354,0.5077815269083943
SERPINF1,-0.3787670421147516,-0.7716423569277512,0.45315486228537494,0.5066276319185388
LINC02614,-0.18229745658047822,-0.7737619116947767,0.4519403445041373,0.5053619685899966
GALNT12,-0.16523969723251086,-0.7747673683271621,0.45136492672339407,0.5048106186488607
SALL3,-0.17212440774598062,-0.7782713906065221,0.4493631911157129,0.5028470904598978
GPX1,-0.18782353821371056,-0.784994673560361,0.4455380776826343,0.49885593147184676
FLRT3,-0.25665074799150395,-0.7885176767389963,0.44354196350213443,0.49705890973822375
PRKG2,-0.259906850355218,-0.7928526913849205,0.44109356407971784,0.4944410769412266
PXMP4,-0.13419009358966869,-0.7940709563244772,0.4404070427158153,0.4938165670107825
RPSAP19,-0.19996333377923137,-0.7953846352390248,0.4396675159142434,0.49307754711934
PDGFRA,-0.5479957961489116,-0.8001108592850981,0.437013469754205,0.49054982047120976
TPI1P1,-0.24505396549286473,-0.8034723966418478,0.4351320183519236,0.4887063526011894
RNF5P1,-0.22029895114556564,-0.806804212461953,0.43327233073809096,0.4867068696031698
FABP3,-0.3123115149017587,-0.8234285531384488,0.42406975557057136,0.47724391438362446
ELF4,-0.4493360860808908,-0.8276942626772409,0.42172901567536564,0.4747839974453611
LOC105373346,-0.24127755572362977,-0.8299965570219763,0.42046916918463073,0.47345260968071023
C16orf96,-0.11470122949478982,-0.8304182880177591,0.42023865841078906,0.4732799882524595
TAFA2,-0.27240687397709956,-0.8305602418287295,0.4201610874842339,0.47327957851494923
RBX1,-0.17333360078375332,-0.830603575454821,0.42013740960329865,0.47327957851494923
LOC105379263,-0.2700155477240805,-0.8326309940395479,0.4190305828942778,0.4722664962570184
ITPKB,-0.465524578331523,-0.8387012680095325,0.4157280428883058,0.46880296227102913
CXCL12,-0.252482227530305,-0.8425238586240049,0.41365713523600406,0.4666403774124609
OAZ3,-0.22592247962848389,-0.8457392184007733,0.4119204554689205,0.4649369162261982
EEF1A1P11,-0.19968586009647762,-0.8470835745700681,0.41119576696051574,0.46420442936794865
ACTB,-0.1880400508523574,-0.8485532229510194,0.41040450023124514,0.463396497774458
LOC107985770,-0.20015085243274114,-0.8515837918249138,0.4087759983443774,0.4616427542098441
GRB14,-0.4776437801638594,-0.8516373607327858,0.4087472510863817,0.4616427542098441
RPL21P119,-0.16205996889826274,-0.8528116394699303,0.4081174209228554,0.46116153239519175
CENPM,-0.2909574373532493,-0.8558955595569672,0.40646640300612535,0.45962719985750755
SFI1,-0.05971738684521052,-0.8588788522094231,0.40487347382489636,0.45791040489789936
ZNRF2P2,-0.24318521778147553,-0.860058650647905,0.40424466508215706,0.4572835941970147
CEP126,-0.20086018156480467,-0.8653365172406424,0.401439616086581,0.4543620470108459
ZAP70,-0.4570029287651762,-0.8679470165786295,0.4000570075989588,0.45288078607232085
MIR1281,-0.12876150597779623,-0.8717189685111292,0.39806487441565414,0.4510420850587726
LOC101927013,-0.5922226101275129,-0.8741940316328902,0.39676129594942355,0.4496481316638873
RPL18A,-0.2097133720454104,-0.8748111235891325,0.39643672867630514,0.44936337773405144
CZ1P-ASNS,-0.3485025553155928,-0.8772859906197966,0.39513682934133293,0.4480556351946672
MED15P9,-0.48133180886969174,-0.8777433391547712,0.39489692497727535,0.44786644775406065
BRCA1,-0.07530236490744208,-0.8793475136405323,0.39405622060373874,0.44699567585139127
LOC100507351,-0.190079720725461,-0.8820793561636763,0.39262730542005203,0.44562217778650604
KCTD12,-0.31602121817177464,-0.8824222301557502,0.3924482085765344,0.44550139232854735
H4C12,-0.24636707431582905,-0.8829666663976649,0.392163940665956,0.4454261545826033
RPL39,-0.23319481658178118,-0.8838756632261889,0.39168963280400365,0.4449698756650375
RPL7P32,-0.18572166323565178,-0.8879876790972824,0.3895488433072315,0.4426199090775402
L3MBTL1,-0.1611158200225906,-0.894303197158054,0.3862762836748609,0.4389828733642746
ADCY10P1,-0.579890998228538,-0.8964408051916075,0.38517285393537093,0.4379724716423342
C19orf81,-0.27751060705484,-0.8996894803410238,0.3834999916301589,0.4364952123933078
RPS25P6,-0.23313041735798543,-0.9034976498073851,0.3815453210426422,0.43457317316822686
ZNF488,-0.41024823529902404,-0.910736862306179,0.37784829535280967,0.43068241921024975
PPP1R14A,-0.3279203322909846,-0.9163856990345284,0.37498053346393084,0.42773179570783326
RPSAP47,-0.22244816787311164,-0.9165786968125011,0.3748828180828551,0.4276999208724924
NDUFB11,-0.17985523447137336,-0.9167976698654955,0.3747719724939398,0.42769047267698845
C16orf95,-0.22505496268380473,-0.9207192763685438,0.3727906378405633,0.4255505791364345
ELOVL7,-0.21903748952389593,-0.9224482774166405,0.3719193766563541,0.4246350864040698
EEF1A1P13,-0.21011830582856475,-0.9261411748490922,0.37006318469842076,0.4225945086068031
LOC105374925,-0.22277930156101475,-0.9288202999230027,0.3687205582262644,0.4211397469586363
PHYHIP,-0.32782992131018535,-0.9306599154769399,0.3678005966943198,0.4202456025603319
BOLA2,-0.2157144958914945,-0.9306836222803632,0.3677887516740657,0.4202456025603319
ALPK1,-0.27876392952701207,-0.9324514009399909,0.3669062302966143,0.41945826029806893
NFAM1,-0.2749870589822129,-0.9376864833710965,0.3643013407288888,0.4165579590875002
LGALSL-DT,-0.17448859141981782,-0.9399454228186609,0.36318130165513657,0.4153547349152962
NANS,-0.22834308376952878,-0.9409335224141107,0.36269212967273307,0.4149980364292952
CDH23,-0.47532672116822344,-0.9421987773211233,0.36206641707392867,0.41446631870460926
APOBEC3F,-0.2899546647439294,-0.948588966850836,0.35891772166213487,0.4111690588280484
PPIAP11,-0.259849768052828,-0.9507412260433812,0.3578615323284695,0.4100357370417791
NAV3,-0.12814524595602975,-0.9526877361971827,0.35690818255064716,0.409172836924531
RPSAP15,-0.21352893680054444,-0.9534292330357035,0.3565454842425051,0.4089099753800854
PCP4,-0.36169991139056396,-0.955399594278789,0.35558294808902413,0.40803509393218235
RAB20,-0.2984714954893793,-0.9564994253016541,0.35504646428926456,0.4074957547450275
CAMK2A,-0.255311567872158,-0.9587911525989905,0.3539304109697032,0.40636700116956
RPL21P53,-0.21155339618996685,-0.9600305181675711,0.35332787571851965,0.40590327551621547
RPS11,-0.2216141559552524,-0.9618341462145675,0.35245230296990204,0.40513357664052474
CLCF1,-0.2544120291349094,-0.9640246485393897,0.35139097281230514,0.4041325822400432
RPS16,-0.2066904148039122,-0.9654098510414018,0.35072098311458366,0.4035891921329825
KC6,-0.16756878115976623,-0.9693556166997107,0.3488174393785133,0.4015494654254059
MIP,-0.3083087381909876,-0.9703783628833913,0.3483252298094291,0.40113350718237845
ELMO3,-0.211729332460771,-0.9750819071744733,0.34606789946293426,0.39875868866687725
NGEF,-0.6309406884472056,-0.9770181900625313,0.3451416477637131,0.3977661780017976
TOMM22,-0.24471576696694344,-0.9892063988522977,0.3393515250272208,0.39168232883013815
LTK,-0.5066240598423604,-0.9904406036577336,0.33876908059456323,0.3911573674975838
NDUFA4,-0.2060894759344174,-0.9924270780034956,0.33783312216305383,0.39015015803683495
REST,-0.21610399479298598,-0.9927831873039328,0.3376655307560526,0.3900300929969102
SMIM32,-0.35322205809070223,-0.9948990527931996,0.3366709893473807,0.3891509427921839
LOC107984906,-0.6251936499820162,-0.9968690340298308,0.3357469007146258,0.3881796494493882
CATSPER3,-0.22332576601084697,-0.9986640269198833,0.3349064757065715,0.3872810217093536
WBP1,-0.18262982300258276,-1.0007123848720214,0.33394926304008504,0.38631986835926047
MERTK,-0.23033968370602478,-1.0047167343411854,0.3320836615042445,0.3844519065195503
PATJ,-0.15590709277305914,-1.0067765688605064,0.33112691347468076,0.38341669429538966
RPS10-NUDT3,-0.4566306930665338,-1.007673954493223,0.3307107168145435,0.38300712149502203
RPL30,-0.20358024251732884,-1.0125123374312297,0.32847320702676125,0.3806315234544511
LRRTM3,-0.6014665483206267,-1.0154642731829326,0.32711344686511407,0.3793426843138761
ST13P7,-0.25107304644680156,-1.015998173785405,0.32686794819670334,0.3791297109641989
RPL17P6,-0.22965660002868654,-1.0162551509484798,0.3267498320801181,0.379064434264028
SSH3,-0.14270080370649232,-1.020195921423567,0.32494236344759264,0.3771103157769297
CKS1BP3,-0.38584313272923426,-1.0225159401156152,0.3238816493336273,0.3760216875786241
CYP39A1,-0.30443860113019927,-1.0276447738953634,0.32154563408446296,0.3735926339912354
LINC02798,-0.5016433753226737,-1.0278703351052387,0.32144317930772875,0.37354439604860235
PRDX5,-0.22318687138301438,-1.029072734730696,0.3208974226469553,0.3729808875285999
HLA-E,-0.28727529592821643,-1.0308063809353913,0.320111722020742,0.37213822415838205
MAPKBP1,-0.1111920581511264,-1.032022691702429,0.319561315365371,0.37156882837437866
ROPN1L,-0.3652298368013636,-1.0362333487210227,0.31766121140092374,0.36956979045125493
DAB2,-0.20121936559049816,-1.0387012678682803,0.3165513634218248,0.3684184275253059
LOC105378404,-0.33562616433736453,-1.0395197114740888,0.31618392531560763,0.36812221119948807
FAH,-0.2660618357122636,-1.0444005097578697,0.3139991553923568,0.36565631127567383
MXRA8,-0.42038602685953763,-1.0486510786388952,0.3121054879184384,0.363658361706905
FTH1P8,-0.29088540328591106,-1.0513641329896641,0.31090117214790236,0.3626687317348509
NUDT14,-0.25147744428423296,-1.051640439381682,0.3107787118244841,0.3625948807544894
RPSA,-0.2322604883346197,-1.0522137031900223,0.31052475122925083,0.3623675471226552
TIMP1,-0.21386161943566825,-1.0524614212247505,0.3104150571474951,0.3623085111032264
COL20A1,-0.9847795698882118,-1.0557093430521876,0.30897944373443215,0.3607015787644389
TMSB15B-AS1,-0.12640107346481977,-1.0571989649745699,0.30832264771230394,0.36020666592132977
PCDHA1,-0.6089161808547537,-1.0660601680224615,0.304436795391539,0.3562125512025452
RPL23AP2,-0.2638091662225407,-1.0721149881642653,0.3018024375230366,0.35346750898284574
EFHD1,-0.29471886002805314,-1.0798216507957952,0.2984737977033463,0.34983640151462964
RPL7AP66,-0.2471159069865505,-1.0811338435703846,0.2979097591138213,0.34937570755074127
NPIPA9,-0.1892505987642287,-1.0824044955220402,0.29736433017624203,0.3488640602974839
LOC105372426,-0.4007739440781131,-1.0867725434987603,0.2954949917290187,0.3469420224667467
ENO1,-0.2651237424291366,-1.0872445668277169,0.2952935097693546,0.34677188024638766
TNFSF15,-0.7705853638264313,-1.0873448581110443,0.29525071384595564,0.34677188024638766
RPL10,-0.21335510561026602,-1.0881888775840125,0.29489073965489854,0.34643162784295284
KDELR3,-0.5754892998045753,-1.0901922453041824,0.2940376105270214,0.34556183905878857
CA13,-0.24242236620625934,-1.090855868260226,0.2937554137083542,0.34529639233599446
RPS27A,-0.2277849079964409,-1.0916521530944387,0.2934170703492579,0.34496483337954564
LOC100420464,-0.3807596495814788,-1.0985056440716345,0.29051699850712615,0.3420144422601658
PPIAP29,-0.24998448053309558,-1.0985902952987843,0.29048131237403985,0.3420144422601658
HTRA3,-0.8435520041102242,-1.0990599888864947,0.2902833646956649,0.34190698694045196
RPS7P1,-0.28874152285896587,-1.0997705502135942,0.289984097226162,0.34171520876516204
MAP3K8,-0.23861222748188887,-1.1056102458272303,0.2875333183771998,0.3388923748610334
GCHFR,-0.3641970477028996,-1.1056729499249753,0.2875070873799971,0.3388923748610334
YBX1P1,-0.22612749262632464,-1.1065592451612407,0.2871365152577425,0.33862001510772627
LRRC10B,-0.3106530741335613,-1.110575274145176,0.28546184237369554,0.33683947906655504
RUNDC3A-AS1,-0.15465360905308648,-1.1109271385276251,0.28531546570735006,0.3367315758155672
FAU,-0.24456756542874958,-1.1199222796458765,0.28159256629456114,0.3325939174153487
PPP1R14B-AS1,-0.3279325661144721,-1.1244184490048061,0.2797454593795922,0.3307946886568095
RPS29,-0.21361319932225042,-1.1259879681135834,0.2791028289827323,0.3300984645309954
RMRP,-0.31885409642199286,-1.1298338498106306,0.27753286656526177,0.32843175136004915
MYO5C,-0.45962833511462226,-1.1317730185319421,0.27674379621147316,0.32763225468892254
CHRD,-0.1383420234832037,-1.1349253994344655,0.27546467916315664,0.3262361830120074
FTH1,-0.20470492160647988,-1.136903403057725,0.27466436894031726,0.32547701171547355
H4C11,-0.3257449316280277,-1.1381364311207933,0.2741663718901075,0.324949702182204
PPP1R2B,-0.37031230137942694,-1.1405644643546955,0.2731877364419033,0.32385241237456336
RPL23AP42,-0.28433838299350195,-1.140695785758341,0.27313488210434533,0.3238523843906454
PIK3AP1,-0.5880636596655817,-1.1421768135506283,0.27253933415774245,0.32333387234119626
TRIM6,-0.5710176907437028,-1.1422777931845483,0.2724987643609705,0.32333387234119626
PRSS53,-0.2235904536190484,-1.1437640157968707,0.27190218672011607,0.3227653765674499
LOC101929705,-0.38251597701431106,-1.144185838872027,0.2717330456152632,0.3226270713967777
RPL9P7,-0.32299515540979873,-1.145459834621301,0.27122268878949496,0.32208351070895086
LOC101929295,-0.40319549874006344,-1.146547917991,0.2707873848640142,0.32162888378539184
C9orf16,-0.27310753355147227,-1.1477227294348007,0.27031798090031484,0.32113357033312595
PCDHGA6,-0.4995075912583212,-1.1490399498697936,0.26979241301566786,0.32063348037728656
LOC105372435,-0.44899363103680506,-1.152449421236296,0.2684356551438809,0.31920670534083223
SERHL2,-0.3776787124377441,-1.1528694957523566,0.26826885200703804,0.3191087612908507
KCNAB3,-0.42038650477267814,-1.1530191922550488,0.268209429638024,0.3191087612908507
SLC16A3,-0.2874179039895093,-1.1591656974683648,0.26577821839582566,0.3166609288175727
PRODH,-0.8495106700668295,-1.1614030814621332,0.2648974269552965,0.31567286688102014
WBP1P1,-0.43232023385403523,-1.1627040093421714,0.2643863175985097,0.3151250489750855
UBE2SP2,-0.3542617135095068,-1.1632510425717122,0.264171624298104,0.3149916469456093
RPLP2,-0.25284126116282457,-1.16543023895962,0.26331768263561134,0.31415675254112446
LOC105376041,-0.555335142865794,-1.1656183293266844,0.2632440765987664,0.31413007388562164
C20orf204,-0.28880767594899526,-1.1660050573312792,0.26309278653567875,0.31401066617284085
VAMP5,-0.5853957500099037,-1.1662664735588726,0.2629905568412358,0.31401066617284085
H2AC8,-0.26133292570075983,-1.1688122639506207,0.26199658820355887,0.3131290867006855
COPS9,-0.22249153668499116,-1.1699739027867802,0.26154400045105414,0.31264912690424373
LINC01574,-0.42976264263178865,-1.1709663824034662,0.2611577943333545,0.31224834781811256
CNTNAP4,-0.3874563575165919,-1.171700051972378,0.2608725810418,0.3120290579095091
EEF1A1P6,-0.25128814028814284,-1.173451357450595,0.2601927293941624,0.3113981708680624
SNHG4,-0.32773066817375424,-1.174419604756746,0.2598174431603695,0.311009749379626
GABRA1,-0.3074165006712877,-1.176229012863391,0.25911724350273246,0.3102927725477144
C1orf194,-0.8201110377182277,-1.1794851388352745,0.2578608526836702,0.3089089362811996
ATG16L2,-0.22644694049684158,-1.1800410897408473,0.25764680585087857,0.30871284594720205
SCN1A,-0.3534505464973156,-1.1820570156752543,0.2568718006995156,0.30787846768215105
LOC105378075,-0.5771994776983093,-1.183486184157653,0.2563234580291772,0.3073675269403084
SCML4,-0.29333096829755934,-1.1844374939776592,0.255958960335718,0.3069904963525634
BTBD8,-0.21141064904566936,-1.1854883406700447,0.25555678940171006,0.3065681250552804
POU2F2,-0.25994603813742645,-1.1859808565856624,0.25536846579193834,0.3064021717174754
PLPP4,-0.745795230579468,-1.1889671563418878,0.25422888441537894,0.3050945695901082
WHAMMP3,-0.16022577454340228,-1.1957615490670284,0.2516507596153491,0.30235577350883774
RPL17P7,-0.264335180391434,-1.196581108180991,0.2513411509247834,0.3020429827815962
SLC22A31,-0.5760912689902131,-1.1968391385244102,0.25124373465435346,0.30202126093308834
OBSCN,-0.16985435087137055,-1.2001235624466018,0.25000629302700106,0.3008517032303723
RPS10P19,-0.2825010318595769,-1.20122504987193,0.2495923553282438,0.3004125541256891
ANKRD18B,-0.23785094352025152,-1.2025169798204698,0.24910752699763708,0.2999467964045404
TMEM208,-0.2672893415051012,-1.2050208818763517,0.24816995710081585,0.29899407174292475
CCK,-0.8296000287796358,-1.206573493954946,0.2475899691084012,0.29835394350982886
AP1S3,-0.18667416489299427,-1.2068135761909153,0.2475003789501373,0.29835394350982886
BTN3A2,-0.2998641263045514,-1.2071150678745237,0.24738790864317778,0.29828636506346967
LOC107987003,-0.1830930945743984,-1.2098232111248979,0.24637942610240549,0.29718730460601056
RPL41P1,-0.30083123810208023,-1.2145595846901527,0.2446233427968809,0.2952433729759559
NMB,-0.29004302186232933,-1.21458953613039,0.24461226893442356,0.2952433729759559
LINC01930,-0.35384267581354456,-1.2150632023616255,0.2444371935519546,0.2952156912263067
MYO7B,-0.8738678208065273,-1.2184155473434914,0.24320089714994414,0.2938158256856834
SSC4D,-0.39453595407329056,-1.2189163841103414,0.243016615159912,0.2936510646422749
C16orf86,-0.191386329644644,-1.2190810417200475,0.24295605348422328,0.29363576653357426
RPS3AP21,-0.35363207515942113,-1.221802089247951,0.24195694637303905,0.2926013180640618
GRIP2,-0.15382072276584488,-1.2236657068037486,0.2412745209972305,0.29183362543666597
GOLGA2P8,-0.2854966678570368,-1.228561676461655,0.23948886427809576,0.2897309528369305
OPRD1,-0.5529513134222929,-1.2293995303580665,0.23918432112228444,0.2894196384681413
NDUFB7,-0.24201349218619236,-1.230185868846618,0.23889877860325026,0.28913119700650036
TRPM1,-0.43480495739182046,-1.2345647624831482,0.2373135534879015,0.2873261076201533
FBN3,-0.10635449437996594,-1.2376269787573073,0.23620989366788003,0.28610287456710226
SLC9A3R1,-0.312787030916088,-1.238686289712828,0.23582904419697906,0.2856980318038501
ENOSF1,-0.19601367814641854,-1.2453673585275749,0.233438129070657,0.282857428583342
LOC105370708,-0.33858802179764147,-1.2485650131346404,0.23230056999280554,0.2815903686090366
PGAM4,-0.3070967581187163,-1.2500340208696532,0.2317794389498137,0.2810142327457195
VTCN1,-0.5413326904474576,-1.2508488490263272,0.23149077575350466,0.2807197735645863
SELENOV,-0.6762404890453032,-1.251539914131469,0.23124617929329558,0.28047864643211357
LMOD1,-0.45519139564122624,-1.251781139688978,0.2311608475956685,0.28043063442735955
RPL7P23,-0.33697275795441667,-1.2522655480716687,0.23098956680738236,0.28033380410399006
LINC01356,-0.9334111749156628,-1.257332591409629,0.22920391660488187,0.27822178391840113
LOC105373102,-0.8078025090972188,-1.2584652171015211,0.22880626812928045,0.2777941025217843
LOC107987309,-0.23783102288205152,-1.2612936398490937,0.22781562976643024,0.27672899096128856
FAM229A,-0.216978980424536,-1.2658276982876733,0.22623468203250927,0.2750532726813331
NPAS1,-0.22314672782887854,-1.2661126215427922,0.22613562497587503,0.2749873797068268
RPS14,-0.28439336910311064,-1.2710059612026217,0.22443975107534425,0.2730876685374871
HLF,-0.3423243967896023,-1.2713325153912025,0.2243269377913808,0.2730588023552749
MEDAG,-0.6174418583747855,-1.2770227060239028,0.22236838435279335,0.2710493971603708
FZD9,-0.3507234642047281,-1.278841465701888,0.22174524307228863,0.2704533107905152
PCDHGA5,-0.4748132274436906,-1.2811033927671371,0.22097220192254055,0.2695640990617261
NFKB2,-0.3242802506634916,-1.2879147474338457,0.21865728302996318,0.2671122249847896
SNHG29,-0.27855799640701473,-1.2915079633277131,0.21744389667847194,0.2657888507754802
LOC105376146,-0.760858624204376,-1.2993039862236018,0.2148297513936451,0.2627506735919881
RPL13P12,-0.3286367675336638,-1.299948009399356,0.2146149273451274,0.26259271549413793
ECM1,-0.3572265114401461,-1.3051505072101512,0.2128858484264359,0.2605811203782053
KNL1,-0.15527458920083492,-1.3076497186443616,0.21205919877365692,0.25962110814510025
UQCRH,-0.2770742828165326,-1.3098858864422693,0.21132173778315505,0.2587699266102158
RPS3AP26,-0.3034428540862058,-1.3112031550945553,0.2108882823938312,0.2583423603265758
SEMA3B,-0.20170902839832403,-1.3159296375921494,0.2093388753919165,0.25664946123048965
SSR4,-0.2995105670394048,-1.3183802700941873,0.2085391321359936,0.2557201200227327
EEF1A1P5,-0.27171470742822507,-1.3208424797948461,0.20773808709353248,0.25483979865586437
PLEKHF1,-0.4043859016621255,-1.3209386011183823,0.2077068656684426,0.25483979865586437
H3P14,-0.27202822225915896,-1.3237228677545685,0.206804138543422,0.253948190959771
UNC13C,-0.6275793585673678,-1.3255424713298265,0.2062158879034891,0.25327657640721063
LMCD1,-0.3827540789721445,-1.3260757654864652,0.20604373759192932,0.2531268082751033
UBE2SP1,-0.3543437949078617,-1.3270062771482791,0.20574364064751988,0.25289924146165965
RPS2P46,-0.3100440919474658,-1.3282043132218928,0.20535778408237115,0.2524755748946922
RNR2,-0.27948147278963287,-1.339900206818176,0.20162143393865176,0.2483301969145942
LOC102724057,-0.517836838005941,-1.342988839230879,0.20064397525037542,0.2472753454533175
FTL,-0.2559928256164877,-1.3508765697944183,0.19816515635744172,0.24441698359579833
SULF1,-0.3369953883260092,-1.3536189066505375,0.19730918520343993,0.24341020432624005
EGFEM1P,-0.36113537131647205,-1.3555019158074222,0.19672317824469032,0.2427361277455619
RPS3,-0.27082793606837735,-1.3556385098624157,0.1966807241881416,0.24273260303469055
RAD9B,-0.34353067326631503,-1.3582973000941827,0.19585584195102645,0.2418606589765899
RPS3AP6,-0.32656331995079685,-1.3588212064841565,0.19569363365973985,0.24170904177598332
POLE4,-0.32516701150221167,-1.358917436230497,0.1956638515476142,0.24170904177598332
NDUFB2,-0.29528005718106853,-1.3590011051568678,0.19563795987538968,0.24170904177598332
WDR86-AS1,-0.26264347885166567,-1.3608343672046983,0.19507134898802925,0.241086163164641
S100A6,-0.35157353429991867,-1.3618417543350325,0.1947605622254724,0.24075060424322356
PWAR5,-0.15256363143300988,-1.363653830929902,0.19420253705985493,0.24015766636613087
PRADC1,-0.32178284390186235,-1.3656467746760463,0.19359031833795198,0.2394488804301141
DNAI1,-0.3077679168573468,-1.3666475864575438,0.19328346937641136,0.23911759178151396
LAMA5,-0.24282118022670046,-1.36690736051476,0.1932038874573003,0.23906738597360735
OXTR,-0.21484540040866987,-1.3673964063813009,0.19305414046148858,0.23893032122530286
CDCA7,-0.2926179651450752,-1.3694750525854709,0.19241870948438058,0.23824009071687596
PPP1R13L,-0.6145131643406345,-1.3718496398296292,0.19169489937457415,0.2373918652860888
PBX4,-0.42596420406181434,-1.3737056725695622,0.19113070089905665,0.23674099747650382
RPS10,-0.3167545262342984,-1.3739071958254347,0.19106952335634053,0.23671305136911228
NUDT8,-0.3747319661709406,-1.373984141384137,0.19104616878077657,0.23671305136911228
LOC101928415,-0.5062282013696473,-1.3748577986377624,0.19078115911012453,0.23649919218302595
DNAAF3,-0.7809371567969948,-1.374989212464666,0.19074132285875983,0.2364976353406549
LOC101928230,-0.5455646767819607,-1.3751413699321373,0.19069520695220843,0.23648829023205295
HSD17B3,-0.7406127117897198,-1.3887428992192408,0.18660952452733362,0.23207879597333234
RPL41,-0.30990763571153684,-1.3889255973044405,0.18655513687772624,0.2320582364164898
SAMD13,-0.5339878598997229,-1.390886159230535,0.18597231200873135,0.23152117640404613
FGD5,-0.33398021908832826,-1.391594807433387,0.18576201680014132,0.2313533447754706
NDUFA13,-0.291600233250931,-1.3935071864080357,0.1851954813330482,0.23078843272445324
PTGES,-0.38135354085458,-1.3967367530255668,0.18424195378183877,0.22969354823727306
ARPC3P5,-0.6072391581916939,-1.399749186469172,0.1833561731856594,0.22872880375012047
RPS3AP5,-0.35474352748700816,-1.4016480027007099,0.18279964303857224,0.22812740468779474
AKR1A1,-0.3011565751437774,-1.4035365953494412,0.18224748810598718,0.22753097802234243
SBF2-AS1,-0.2105947098089932,-1.4069515920079563,0.1812525534493851,0.22637204666473892
EIF5A2,-0.32786566369564146,-1.4074010227172868,0.1811219486991237,0.2262640198747969
TMEM147,-0.3212017427852295,-1.4082187317835342,0.18088452091201568,0.2260134759866808
RPL41P5,-0.3088136713543765,-1.4106986229507248,0.18016603394591,0.22534539646774704
LOC107986820,-0.8020109555024831,-1.4110618890831463,0.18006098437482415,0.22525996616687183
ACTA1,-0.4443531558258856,-1.4121764242753978,0.17973899733454507,0.22494896971432446
LINC01465,-0.5342534116211967,-1.4136988825188104,0.1792999295151778,0.2244911290702696
CDK5RAP3,-0.18753322697654615,-1.4140801251300836,0.17919012005157567,0.22439947618307637
RPS27,-0.3084896985401919,-1.4172447317441195,0.17828075742140584,0.22330630220539802
ADAMTS16,-0.4164392464909695,-1.421466289195534,0.1770736107418452,0.22193032791811715
APRT,-0.31831379610612875,-1.4214936110403205,0.1770658201626032,0.22193032791811715
TMEM52,-0.4843583681319749,-1.4218454984587212,0.17696550793571533,0.22188557243729493
GSTP1,-0.3301256165697677,-1.4228455923682481,0.1766806685159177,0.22157375163718812
FOXJ1,-0.7704993613472317,-1.424628679089519,0.17617376325207446,0.2210737295261446
LYN,-0.7139953173765798,-1.4258081659747945,0.17583911399494637,0.22069896985852194
LOC107987308,-0.2722761940364499,-1.4259316660777894,0.1758041044338479,0.22069896985852194
CC2D1A,-0.14128307800302625,-1.42604158921547,0.17577294849487762,0.22069896985852194
UGGT2,-0.11199846076892074,-1.4265225278386695,0.1756366879228881,0.22058039274068922
BSG,-0.26944319361891184,-1.4270925984761647,0.1754752874994437,0.22046802877056568
LOC105379448,-0.3507682535528265,-1.4273078458162802,0.1754143778408855,0.2204366822805716
LOC105377211,-0.3422410061261406,-1.4329285766841295,0.17383003635455238,0.21858012776480126
LPP-AS2,-0.552613952021636,-1.4341755379683012,0.17348016144787498,0.2181849383823294
ORAI3,-0.24486726741081602,-1.436079330167709,0.17294711790571587,0.21755916945660544
CRHR2,-0.37185358275263575,-1.4363483875086718,0.1728718941032034,0.21750917710440001
DUSP14,-0.37518209357486043,-1.4460678352156824,0.17017265623303607,0.21437697959484406
EEF1A1,-0.29655091353815727,-1.4462603733907629,0.17011954129897902,0.21435411884126238
TFEB,-0.7868048014310743,-1.4477683966144106,0.1697040040553797,0.21391847519216073
COX7A2,-0.32511978469904296,-1.4493049663519928,0.16928146951218792,0.21342974251536653
CATSPERE,-0.8727264102037735,-1.4523586105262551,0.16844435976571456,0.212549181836935
YIF1B,-0.32656484137415914,-1.4539334016778647,0.1680140037545771,0.21209346025855796
VTN,-0.669454986338448,-1.4552483977508461,0.16765534611280078,0.21172790928542828
PPIAP31,-0.4086766038844398,-1.45689853066645,0.16720618460305156,0.21120418537331673
RPL36AP37,-0.3268987344950519,-1.4577394134896984,0.16697768474835814,0.21100251649297783
RAB4B,-0.41364188913963507,-1.462959537886254,0.1655649970980734,0.2093468300765656
THRB,-0.2627195187694399,-1.4631617929334981,0.16551046349068269,0.20932105244437485
LINC01852,-0.3929233340443472,-1.4649198504249181,0.16503707349870772,0.2088947471705716
LOC646548,-0.6382880906492425,-1.465515310666311,0.1648769912089909,0.2088646323850205
GFRA2,-0.5219264061259885,-1.4659054247361132,0.16477218408919425,0.20881817003654346
GAMT,-0.36609530066108903,-1.4660764909090302,0.164726243412385,0.20880311664969398
LOC107985661,-0.5713592662121028,-1.473511494540267,0.1627398535796144,0.2065842415496037
FAM228A,-0.6885226624698382,-1.4747010677787777,0.16242390559354747,0.20622587847730858
NRG2,-0.18405141521162202,-1.474897166058781,0.16237187165389383,0.2062025219056079
BCYRN1P1,-0.381108842493752,-1.4785364589620444,0.16140872897125608,0.20510686330717243
RPL18,-0.3121666839203348,-1.4822859682081693,0.16042142787270344,0.20393682141428288
GAS2,-0.4390437459120345,-1.4830478811826908,0.16022142511740148,0.20372481559213257
DBH,-0.727261899844833,-1.488214312480889,0.15887074320986214,0.2022171212368054
TAS2R19,-0.34397627776472034,-1.489314359745566,0.1585843908482652,0.2019230538325414
MAGEB17,-0.8366581431009126,-1.4897629804252719,0.15846773527216176,0.20187182402708886
HSPBP1,-0.32689750132301226,-1.4901250804500887,0.15837363037587843,0.2017938794853741
TMEM256-PLSCR3,-0.7662662862076473,-1.4928296537766617,0.15767223211527326,0.20098373526026722
LINC02589,-0.7380754506756921,-1.497725818474448,0.15640911288014606,0.19962270704878105
LINC00882,-0.9523300549740514,-1.4982510702283476,0.1562741146960744,0.19949194566575096
LINC01562,-0.3375625649368109,-1.5007358851579,0.15563680559126464,0.19876117047384423
NOL3,-0.3660905396812054,-1.5017213666580074,0.15538465449885097,0.19848050262095362
RPL9,-0.3269984747646345,-1.5028323977329852,0.1551007922042134,0.1981592030453998
MRPL41,-0.3994234548171442,-1.5040158959340426,0.15479889556645546,0.1978147237486704
BHLHA15,-0.49754071033814856,-1.5056848087981718,0.15437401678921508,0.19735406108819364
DDX60L,-0.9169745710472342,-1.5142235624968376,0.1522155396146026,0.19487912653247996
FAM114A1,-0.5078717410982664,-1.5190236266994472,0.15101337822598088,0.1934612348015178
GC,-0.6813873303361777,-1.5197642346937403,0.1508286116836072,0.1932649225795385
RPL36A,-0.31905485955336715,-1.5229533975752865,0.150035163107785,0.19236886631472955
LOC653698,-0.5181866520930418,-1.5232757720769392,0.14995515472445295,0.1923065059541625
SUGT1P4-STRA6LP,-0.4509971297727411,-1.5235789635089312,0.14987994022760778,0.19225026859075867
HSPA8P8,-0.4026423075570737,-1.5247232709727738,0.14959635263678073,0.1919266725959535
ATP5MD,-0.3201668080830856,-1.527789576744519,0.14883868471736275,0.19108204425091527
KLK13,-0.41648415005936945,-1.5309826148902217,0.14805315869369087,0.19022550048047057
MMP14,-0.5322383790855978,-1.5364239178047865,0.1467226285823729,0.1887137459525694
VPS51,-0.33372530587900695,-1.5424000676247522,0.14527301984187624,0.1870454970868938
MICOS13,-0.3615935597286689,-1.5460040499970336,0.14440471199104238,0.18604897630103967
AIFM2,-0.3862832841751775,-1.546243408852996,0.14434719980280983,0.18604885088124987
LOC107985820,-0.4917426035484679,-1.5492533054773256,0.14362565471529518,0.18519673188993677
RNR1,-0.3774377217039109,-1.5503414990247881,0.14336554464546544,0.184900229050432
SH3RF2,-0.5092217263338711,-1.5540654615085385,0.14247844015445746,0.183872176451963
HSD3B7,-0.35614879547586975,-1.5596585244564978,0.14115487314573705,0.18227920210308998
HSBP1L1,-1.099102298937338,-1.5600844503690525,0.1410545110265929,0.1821879798973903
ZDHHC12,-0.3858420598120611,-1.5619319265947527,0.14061988910492818,0.18174149698781566
KTN1-AS1,-0.5462641397274779,-1.5654912174221536,0.13978577985871624,0.1807778123489305
RPL32,-0.32846627398858075,-1.5683705804509145,0.1391141033164346,0.18006111767942232
ALKBH7,-0.4223660774163079,-1.5686264876548364,0.13905454076765436,0.1800556183026733
RPS5,-0.39297839804597307,-1.5691155317379326,0.1389407760646648,0.17995076215431968
KANK3,-0.48359344933519777,-1.5700053537523815,0.13873398366259257,0.17975889238040424
ATP5MF-PTCD1,-2.131517372253346,-1.5747445003208889,0.13763704315119554,0.17845073488088592
ADGRE5,-0.8723026264773786,-1.5749236519388825,0.1375957219371133,0.17843490067156856
CDKN2B,-0.4182309688067527,-1.5765417601243972,0.13722298671251276,0.17809318627135867
LOC107984006,-0.21599458639890867,-1.5786449954913617,0.1367397926742786,0.17758790870621352
COX3,-0.24834235916077307,-1.5787688638638877,0.1367113808064221,0.17758790870621352
RNF5,-0.3139508482535628,-1.5792069973268663,0.13661092604083036,0.17753338491208187
ABHD12B,-0.5378212660334033,-1.5798434284652862,0.13646511835286187,0.17741912523924566
ZNF71-SMIM17,-0.4025587551961283,-1.5798778475542095,0.1364572366672731,0.17741912523924566
RTBDN,-0.5414514334581824,-1.5806103308261,0.13628959645413993,0.1772661205737063
CCDC85B,-0.43767587326520724,-1.581427497788622,0.13610278318644634,0.1771358940409588
IMPA1P1,-1.0706947334279153,-1.5860300922164854,0.1350546714528153,0.17598027836022367
SNURF,-0.6588841461692394,-1.587872931096577,0.13463696011438855,0.175488957155263
LPAR1,-0.9404888786568524,-1.5882963697863193,0.13454113706247905,0.17540135478370836
ATP5MC1,-0.332507255346658,-1.588465282748097,0.13450292882812806,0.1753888435899649
TMSB4XP8,-0.33578601624326027,-1.5918825918254889,0.13373192737624787,0.17449483073997432
RPS28,-0.3118855528299091,-1.6001881045001805,0.13187386337222873,0.17247424418002177
SLC22A18,-0.3638179034559996,-1.6009304683724679,0.1317088709832592,0.17229521534941933
EEA1,-0.19444177381783312,-1.6044910181788534,0.1309199938567713,0.1713729580059808
GNG5,-0.38451049589320996,-1.6054583257060577,0.1307063800862852,0.17112988251365405
SUMF2,-0.363223347793085,-1.605562467414626,0.13068340001356987,0.17112988251365405
COL28A1,-1.0761052798060142,-1.608072511536204,0.13013058053132462,0.17044881595235467
CHKB,-0.40474626367858985,-1.6087616157069566,0.12997916284308678,0.1702868707476217
PPP1R36,-1.0226828033076298,-1.608997926301024,0.1299272729715574,0.1702868707476217
E2F7,-0.5672194031921428,-1.6110478880443158,0.12947788355396858,0.16981160166577394
CTBS,-0.3728724918847197,-1.6150347392996829,0.12860772540530493,0.16870647479874157
CUTA,-0.3100456488470188,-1.6169802189165083,0.1281849439566366,0.16822387207325676
SEMA6A,-0.4034942285855849,-1.6204785018212398,0.12742773029762933,0.16733761497953467
XBP1,-0.39346790826304645,-1.6221921894738482,0.12705820804811957,0.16695966030760406
MAPK6P5,-0.45603373593348684,-1.6269218348227437,0.1260431512414958,0.16566134586414433
MAP4K2,-0.18175927552050564,-1.6298236864849573,0.12542384177984056,0.1650597144934355
RPS6,-0.3521791099791237,-1.6316325727413614,0.12503912387750282,0.16465946925222175
IL1RAPL2,-0.6766447295104089,-1.6386950199014474,0.12354682257521693,0.16299114867901965
RPL38,-0.3552159196250507,-1.6421408132182063,0.12282433700428218,0.1622308092730553
PTCHD4,-0.248538839181159,-1.6451314723783996,0.12220025025803327,0.16144127889692758
TRIM59-IFT80,-0.5905098292146077,-1.6456847285472709,0.1220850992761702,0.1613239186382676
SLX1A,-0.37054020624571404,-1.648869286278353,0.1214241147370448,0.16058895864899345
WFDC1,-0.939321618789205,-1.6510604097143808,0.12097113146234283,0.1601280578415378
SPAG8,-0.36722363910811406,-1.6543537943830933,0.1202930305236627,0.15940256746866674
CSMD2,-0.1840270097645724,-1.6549303287080066,0.12017466338620457,0.1592801484448506
ETV2,-0.73697734836189,-1.6582691399741174,0.11949116588194358,0.15847703307146563
SURF1,-0.33086152001884284,-1.660352702228498,0.11906634777793695,0.15801617490338896
ND3,-0.3432149871207879,-1.6612340936219827,0.11888703615638949,0.15784655222843136
ALDOC,-0.5728285804687111,-1.6613429688969825,0.11886490270273105,0.15784655222843136
LOC100287467,-0.66311208031986,-1.6635060357958766,0.11842591100023338,0.15740477763040558
PLEKHG4B,-0.2694926977229317,-1.6650764149525783,0.11810808866361713,0.1570714005906145
RNA45SN1,-0.4172675493381811,-1.665119609383365,0.11809935722316262,0.1570714005906145
TMEM102,-0.9851225802193798,-1.6659339463560685,0.117934849989764,0.15692221194644093
SMAGP,-0.8538836255170815,-1.6710901351370262,0.11689785108189522,0.15567756400869384
ACY1,-0.8093134390995316,-1.6728357811437333,0.1165485752009723,0.1552647528378913
MAP3K15,-0.3379352160257926,-1.674661731034274,0.11618420506232659,0.15482808196349174
RPL37A,-0.3827362743184303,-1.6789559140492278,0.11533120739065615,0.15375822124939587
SLC25A5,-0.3478883681893509,-1.6810621706267486,0.1149148200813366,0.15323642529880213
TMEM189-UBE2V1,-1.3150966003538267,-1.68145840688935,0.11483663460834093,0.15316548523697343
ENTPD3,-0.46070433120584664,-1.6819526444986503,0.11473917653701068,0.15308189093933122
EEF1A1P9,-0.35555031530271697,-1.6827549863554863,0.11458111748073042,0.15292450471519214
PROM1,-0.5691628988684886,-1.6882164670998712,0.1135102628338976,0.15156129626917714
SYT4,-0.6365128973449382,-1.6898394253997198,0.11319373231634393,0.15117158586038962
CA14,-0.8244986832680433,-1.6919222401163312,0.11278864490552151,0.1506634110418058
MTCP1,-0.3474433451591404,-1.697279275314472,0.11175257007421303,0.14931195609305273
C11orf80,-0.363451159742623,-1.7021503010689165,0.11081772981852157,0.14815980017176386
PSMB5,-0.375643772561963,-1.704101463459169,0.11044519063696219,0.14772616596215976
RPS9,-0.35732829979942565,-1.7042068092346474,0.11042510801611419,0.14772616596215976
PFN1,-0.3777910310989554,-1.7063039118364973,0.11002599148952827,0.1472618619717922
POLR2I,-0.3434583825105014,-1.710920606173709,0.10915180372666995,0.14621952728244902
LIF,-0.6176997402489587,-1.7141064827343522,0.10855210410643773,0.1455115674988986
PRR29,-0.69584766650486,-1.7149258512109338,0.10839833685086896,0.14533722766750365
RPS15A,-0.31029776374546525,-1.7190864599244955,0.10762048039593783,0.14445227607337396
RPL29P4,-0.3285207138575681,-1.7241893835629922,0.10667314796012362,0.1433376582629456
ALDH16A1,-0.3650097181500114,-1.7248565246191112,0.10654983981268135,0.14320335848536211
LGALS1,-0.9852553143290709,-1.7269348636823754,0.10616650183920537,0.14275074715383393
FLT3,-0.8881856586782556,-1.7301729433569963,0.10557167296831937,0.14198208760329042
KIAA1755,-0.820947030832124,-1.735112312890372,0.10466996861883719,0.14086210924993897
ZC3H12B,-0.3259072941124401,-1.739646523297996,0.10384820519943855,0.13990977975221064
TIMM17B,-0.3613801698594714,-1.7445017729800354,0.10297456644310497,0.13887998127950277
UACA,-0.43488477077607557,-1.7471722769775717,0.10249681230662008,0.1383627966173929
TRNN,-0.40809369618476377,-1.7471878324310572,0.10249403516850787,0.1383627966173929
GEM,-0.5753707536186874,-1.7499027192280332,0.1020103583021589,0.13782752840913248
PRRG3,-0.7225881592428023,-1.7526133741914782,0.10152944657115985,0.1372988103863247
ANKRD20A5P,-1.3996887556264372,-1.7575895633658563,0.1006518040950435,0.13626227011983583
RABAC1,-0.3912327634109057,-1.7584344809347432,0.10050345497611309,0.1360914908335704
RPL31,-0.38706263073572333,-1.7597692407941554,0.10026949403620948,0.13583469578827936
LTBP2,-0.3620296291247069,-1.7637068952301023,0.099582092960067,0.13493329572175303
RPL27,-0.39040199427421557,-1.7648200740660092,0.09938852131821867,0.13472784680508015
SDF2L1,-0.5354990496277895,-1.7727997312496129,0.09801065478056317,0.13303926346431627
RNA45SN3,-0.8745765564672847,-1.7816393487178375,0.0965040786868462,0.13116851493356257
KIF11,-0.431984284207749,-1.7844849211377571,0.09602348444952577,0.1305731942492442
FLNA,-0.21210442133969956,-1.7883699313253971,0.09537076799744097,0.12974318859838285
MYT1L,-0.24576027928683222,-1.7889842390945638,0.09526792033800599,0.1296320425464987
SFRP2,-0.4641932743824429,-1.7902877607701502,0.0950500104415342,0.12939297446293685
PTGES2,-0.3792382161427536,-1.792767706383141,0.09463665987024661,0.12891616111213594
SMC4,-0.18651782375373888,-1.796256756083724,0.09405781959609771,0.12824164460055137
SPAG17,-0.4889151987649716,-1.8014986900443173,0.0931940899294252,0.12720547122408737
INHBA,-1.2585477933578095,-1.8020259231065139,0.09310760791549809,0.12714404912497287
PTTG1,-0.5645689231021909,-1.8052880809815572,0.09257410279981386,0.1264878586413638
ZRANB2-AS2,-0.35376194700730507,-1.806968944434439,0.09230027224384209,0.12615399528534046
DIMT1,-0.39951141844646487,-1.807539010533725,0.09220756635231685,0.12605539289467044
ADGRD1,-1.0308891993868854,-1.8083687308423215,0.09207278290440714,0.12589921017265576
BCYRN1,-0.4672893433008955,-1.8149363909460812,0.09101208239559186,0.12463509029643859
SLC25A11,-0.382085528318523,-1.8150888415209023,0.0909875909860743,0.12463509029643859
NDUFA11,-0.3534880167152986,-1.815542416385949,0.09091475826665875,0.12459366603501411
MIR10A,-0.367259368787912,-1.8168969830114337,0.09069755831720272,0.12432379975054844
PDE5A,-1.0001576972115953,-1.818055227681798,0.0905122051014506,0.12412523876328684
SMTNL2,-0.5697830091511977,-1.8191668469750129,0.09033463119243666,0.12390944041388158
AP2S1,-0.3244024879598397,-1.822246404101208,0.08984431452408048,0.12326446912099673
SYNPR,-0.6555983009663431,-1.8266071238323327,0.08915407950611173,0.12242708498487116
SYNE4,-0.9512870144992686,-1.8274663974554697,0.08901862958823542,0.12226847398070426
PGK1P1,-0.2830683333777414,-1.828473302974117,0.08886014196343056,0.12210550778655668
OSTN,-0.4005680198975564,-1.830934354129862,0.0884738315545122,0.12171108335483838
RPS17,-0.39643417536037495,-1.8409369755949792,0.08691913119736937,0.11967975611857012
PCLO,-0.28928559956348465,-1.841096982412368,0.08689446136422634,0.11967266865034992
HSF2BP,-0.3485748652627514,-1.841629672908096,0.08681237636512479,0.1196133664010373
AGA,-0.4509039800427933,-1.845134487754074,0.08627403043135756,0.11895182333428292
SPR,-0.4510300990316375,-1.8503957592926603,0.08547150248585136,0.1179780027557462
DTNA,-0.2882097484172315,-1.853505217357847,0.08500035325102645,0.11740697733861924
MROH6,-0.4985943702729041,-1.8536355168499106,0.08498066103357056,0.117406232169436
COX8A,-0.429675252691995,-1.8541342915812502,0.0849053187964633,0.11732858526201985
IL12RB2,-1.2685836253194027,-1.855222697802532,0.0847411179478993,0.11715053305047482
NT5E,-1.1196025638786098,-1.8563633166403641,0.08456934583343013,0.11696978564055205
LOC105371490,-0.7145069865163638,-1.8584974558555727,0.08424879278482009,0.1165527194247229
SLC24A4,-1.0466377381319365,-1.8600917017445378,0.08401004499955422,0.11624866271947346
LOC101929918,-0.37719111294560137,-1.862310164174326,0.08367882762387477,0.11581648528660021
RPL10A,-0.3952203879101003,-1.863522637961123,0.08349830071360326,0.11559272433929267
KCNJ2,-0.5508461930394576,-1.86730113124736,0.08293795695502572,0.114868882994647
ZASP,-1.5277874266776426,-1.8704167139909516,0.08247846568374909,0.11425830387375863
ELOB,-0.34942227072002674,-1.8717375734669077,0.08228435479031555,0.11403839010652786
ZNF467,-0.5756989237110993,-1.8739076700120096,0.08196633332447542,0.11367729033462315
SH2D5,-1.1484276163728606,-1.8754215261872722,0.08174513699383784,0.11342184014762924
TRIM17,-0.4131607218444247,-1.8811352572650102,0.08091510855589737,0.11234645876503983
C4orf48,-0.6146416277072516,-1.884372189200038,0.08044825619928395,0.11174888069377081
LOC107985693,-0.40723003770817023,-1.8847544642319658,0.08039328235248602,0.11169782883516305
LOC107984432,-0.40582529363758096,-1.8887420057102202,0.07982186003860156,0.11097936086110854
KIFC1,-0.6263074983524961,-1.8892707005352842,0.07974637249215052,0.11089956065718753
NUF2,-1.1373175056507838,-1.889956781564554,0.07964850911874899,0.1107886001583688
ACTA2-AS1,-0.7399361428072642,-1.8906222455663688,0.07955369001391475,0.1107320889612392
ANKRD18CP,-0.3980346882583429,-1.8957906551966712,0.07882072325617519,0.10983656139130574
RPL12,-0.44532705897049646,-1.8991788210008655,0.07834353610722412,0.10929582984462538
ZNF880,-0.15545068285104405,-1.9044372840014214,0.07760809962167257,0.10829448000929953
FEZF2,-0.8984140806186738,-1.9065434303088793,0.0773152916357395,0.1079104594096273
RPL12P16,-1.0759781941425521,-1.9073131551848692,0.07720852952753558,0.1077859908913216
RPS3A,-0.40016911074342537,-1.908225678733037,0.07708213357432557,0.10765857343600267
TEN1,-0.9289337836118877,-1.9088196137320588,0.07699996661087499,0.10756832163278572
TBCB,-0.43021441177552533,-1.909573542568126,0.07689577957008405,0.1074717575842716
C9orf24,-0.26002554800744726,-1.911339339895961,0.07665225874773063,0.10722297536907069
CACNA1D,-0.4319734855734898,-1.9152833609363538,0.07611085535059262,0.10661781154002119
RPL15P3,-0.3785874437962831,-1.9153690494368851,0.07609913120322963,0.10661781154002119
SEC61A2,-0.39632391662097216,-1.9156922597092017,0.0760549233423946,0.10658817560331021
LOC642969,-0.40269160704983553,-1.9180909731908222,0.07572755883702749,0.10617793588082765
RPS2P55,-0.5432742421172656,-1.9208827469291239,0.07534815721311569,0.10567014498201766
ZNF516-DT,-0.9968332274841591,-1.9212396004402572,0.07529978508346288,0.10567014498201766
CCDC183,-0.33262305646413765,-1.9250046717471971,0.07479113330361203,0.10508128515955577
B4GALT1-AS1,-0.9531969408379805,-1.9254343994656664,0.07473327641926006,0.10502406796195876
LINC02724,-0.6434525434217913,-1.9279186741887397,0.07439959709736088,0.10460310325844546
RPS2,-0.45115466964790324,-1.9297593776070183,0.07415323125383527,0.1042806395012641
ERG28,-0.431426033603307,-1.9311626820601522,0.07396590523286704,0.10404107367541877
SELENOM,-0.5974003208147869,-1.9396305642764702,0.072844610637453,0.10255798420018072
TMEM97,-0.6340711170459585,-1.939753321259475,0.07282846948269282,0.10255798420018072
LOC101060187,-0.28333231757003596,-1.943962993388002,0.07227690555242229,0.10187570269863155
TMSB4XP6,-0.36492935111722413,-1.9463361887611554,0.07196763650026897,0.10150980481975352
LOC101928543,-0.3514942579798718,-1.9468280588364046,0.07190368772887983,0.1014429472446567
SLX1B,-0.465219002083305,-1.9495719437101897,0.07154789717167735,0.10098747632106428
GLRA3,-0.8768539692575668,-1.9497552497764705,0.07152418556200237,0.10098675833054546
LOC643576,-0.4110386384364585,-1.950325613736379,0.07145045162814326,0.10094290584939344
ARAP1,-0.18281641712220506,-1.9558066386151984,0.07074540424341544,0.10003906067177315
TUBAP2,-0.5587045113844317,-1.960015729697775,0.07020827156657602,0.09932534149621763
AQP1,-1.0369298035264058,-1.961224152817954,0.07005474853994063,0.09915391561991135
KCNJ2-AS1,-0.6315972288035248,-1.966384559325555,0.06940258117888114,0.09832165995529035
ABCD2,-0.4630565740579976,-1.9693667107012272,0.06902822449704349,0.09790444612838421
RPL41P3,-2.13894061547869,-1.9723754000738134,0.0686524011196154,0.09739394095423337
LOC107985164,-0.9259661793218498,-1.9725306842735968,0.06863305484357343,0.09738903384053359
BCAP31,-0.4055995789190033,-1.9746572597878849,0.0683686121747297,0.0970587291873768
ACOT4,-0.7908980891212052,-1.9747042530125827,0.06836277900172423,0.0970587291873768
SLC44A3-AS1,-0.43743675996436404,-1.9795408789853728,0.06776483903122973,0.09633545066359886
NECAB2,-0.4586537483652215,-1.9804222797452524,0.06765638877266832,0.09620358691172738
RPL8,-0.4172718126884822,-1.981518842013523,0.06752168537428549,0.09603432281771927
RYR3,-0.773026193903712,-1.9834787633377757,0.06728153488323683,0.0957816555583469
TMEM72-AS1,-1.0685291535144743,-1.9851958583106346,0.067071778813462,0.09552741731564175
LOC105373581,-0.4961522714855164,-1.9876606637122578,0.06677172739092013,0.09516640058273435
EGLN3,-0.5289285074184171,-1.9876910648809072,0.06676803418689303,0.09516640058273435
SELENOW,-0.440238336583734,-1.9909410404024825,0.06637429362694275,0.0947100605058564
LOC339352,-0.6563639480763792,-2.0002265790588605,0.06526099129262053,0.09327346155835017
EEF1B2,-0.447574493589013,-2.0009083854854435,0.06517992166890019,0.09320105431079033
LINC01351,-1.00328144878109,-2.0057142734076243,0.06461108900847629,0.09247396115385469
SLC25A21,-1.1524929292371655,-2.0076801632270884,0.06437971473684174,0.0921643277292947
OCLN,-0.3507468406606596,-2.0113883953499836,0.06394533948491074,0.09160666768929722
GLUD2,-0.42672544695247916,-2.0122539561455244,0.06384433631773255,0.09148335241414224
AK4P1,-0.5138481315192694,-2.015204612858047,0.06350111802431026,0.09107670881820822
LOC107986936,-0.6507887687645119,-2.0160685317569045,0.06340094789305498,0.09095432028654973
EGR2,-0.8089416240151982,-2.0185727685838843,0.06311140268365023,0.09056013540514417
LOC105378839,-0.8156417017376152,-2.0193643236082863,0.06302013372333393,0.09045034411707725
PGAM1,-0.4245826901105356,-2.019414853608196,0.06301431155318718,0.09045034411707725
LOC100129434,-0.7462357389607965,-2.0212082116999612,0.06280799609202442,0.0902092352493228
ADRA1B,-0.6324623334703251,-2.0228677536690722,0.06261762717121415,0.0899779780964704
MYH14,-0.34270267182229935,-2.024144204724958,0.06247156333632934,0.08981019776071736
PER3,-0.33023446443586524,-2.0270737705070485,0.06213751477996141,0.08937188305986941
ISOC2,-0.41235130049932184,-2.029397444868344,0.06187371999374319,0.08903424966235816
TNFRSF10C,-0.6453611476153237,-2.0330625679456014,0.061459725318120065,0.08848006486615219
FOSL2,-0.46090149836284355,-2.033112468708483,0.06145410635164715,0.08848006486615219
UBE2S,-0.45048295705504876,-2.0332738868291726,0.06143593344606158,0.08848006486615219
TRIP13,-0.4344258265385376,-2.0355141269239745,0.061184229727182536,0.08824925370061858
PNMT,-0.6401033481765804,-2.0381543950676755,0.06088879628117131,0.08788517099213096
NUDCP2,-0.5392071282843047,-2.0391829946574145,0.06077405592181853,0.0877608864077144
PIP5K1B,-0.7918505592678734,-2.0407460696022857,0.06060007497577408,0.0875302685206162
SCO2,-0.39054539470943045,-2.041535653195333,0.06051236297052076,0.08742417747096212
SIPA1L1,-0.3309438714208823,-2.0458201428071274,0.06003844500464199,0.08680086506567344
RPS4X,-0.4318756792781556,-2.047418443801418,0.059862528447938095,0.08656694960742169
PRXL2C,-0.4939255879202008,-2.0483079077641713,0.0597648352122467,0.08644606886528369
CRB1,-1.053459959596671,-2.053609637375964,0.059185561097956044,0.08564860470502138
LOC107984525,-1.0312099557143413,-2.0548989844703285,0.05904546831532937,0.08548623542110746
ANKRD18DP,-0.6475688010196347,-2.0588604541690736,0.058616945560550957,0.0849259929771159
FES,-1.5016860375139147,-2.0603380569936265,0.058457843744067275,0.08471550405464123
GMPR,-1.1156414345608752,-2.060789960936635,0.05840926415944709,0.08467838898770558
PLCB2,-1.0331973622260595,-2.0615267526389687,0.058330138905465276,0.0846104475841226
LINC01106,-0.32980311066210793,-2.0640117717893482,0.05806399604573583,0.08428422821699282
BIK,-0.5700407300759677,-2.064090390100117,0.05805559439164843,0.08428422821699282
LOC105369388,-0.7768826374860988,-2.0687072167244223,0.0575641704491954,0.08367758236982874
TLN1,-0.07581404536458089,-2.0691234315697224,0.05752005663609478,0.08363328917914162
RPS2P5,-0.48991824362998015,-2.072796291167436,0.05713212592907338,0.08312839590439587
PSPHP1,-0.4697042992754198,-2.072825375345826,0.05712906368143436,0.08312839590439587
B2M,-0.5491185865282111,-2.07358729699591,0.057048895515835224,0.08304671800334124
RAB13,-0.46773873188918597,-2.0745977209938666,0.05694274034506501,0.08295128286959327
CYB5B,-0.48546000904042563,-2.078501842366388,0.05653428294065439,0.08245423612329561
FIBP,-0.4218348413971284,-2.0813051241745146,0.05624266691646398,0.08204844078960594
LINC00685,-0.2546220108035367,-2.0823302600888374,0.056136372573035845,0.08191286928652933
SDK2,-0.41052095688135404,-2.088548517080957,0.055495578003129396,0.08107433106748885
OVCA2,-0.4544814461916991,-2.091786184212652,0.055164615737838575,0.08064848425302897
SNORD55,-0.38581643364851115,-2.097920047777258,0.05454259312821568,0.07985337852303849
LOC105375925,-1.0987132678784595,-2.0988150260407683,0.054452379207918275,0.07974034508947421
CTXN1,-0.46234978576657665,-2.101607535469441,0.054171780150158735,0.07936735476110733
COX6A1,-0.46050278994419486,-2.1085066090137032,0.05348426711024461,0.0784726082780755
CD68,-0.4829871316313197,-2.1115057636651944,0.053187918570703506,0.07805648571664173
RACK1,-0.4166579381574337,-2.112483750709403,0.05309161221101895,0.07793380815458481
PHLDA2,-0.5935732638974784,-2.1134501980626053,0.0529966008811093,0.07781297326974851
LOC101928119,-0.8605609473627529,-2.116065534523574,0.052740276631619905,0.07749230483025647
RPS28P4,-0.5902544703072368,-2.1186566141821936,0.052487462807040364,0.07717633653325916
KCTD8,-0.4288630927090878,-2.1188807781870924,0.05246564379976746,0.07716276307403419
NTAN1,-0.464960834280594,-2.1190932161134297,0.05244497390846072,0.07715087354424388
CENPI,-0.6561905375558913,-2.1195073452085897,0.05240470146365572,0.07711013441483668
COX5B,-0.5013061987915151,-2.119755928810539,0.05238054144212087,0.07709308980557045
MPV17L2,-0.49323239232261984,-2.124684485884924,0.05190365792114655,0.07648303438861258
ARID3C,-0.5633397968280229,-2.1247678288394973,0.05189562844104771,0.07648303438861258
TYMS,-0.466151692785656,-2.12517869480659,0.05185606136385856,0.0764496527562417
ARG2,-0.424863255481336,-2.1296509821049554,0.051427178739742146,0.0758538512210345
POLQ,-1.11904799896483,-2.1306011475086772,0.05133648481196534,0.07574877179589577
LOC101928055,-0.5570997959194147,-2.132899834758518,0.05111768705903385,0.07545328219348303
NSUN5P1,-0.27395359118588114,-2.1377004416522873,0.05066353568958604,0.07487161855765728
NR2F2,-0.7929258318926768,-2.1402186691433354,0.050426804890338434,0.0745577216540701
FAM181B,-0.7136114082346904,-2.147370662666227,0.04976005969507075,0.07367854249535838
LOC105373289,-0.8095287980256141,-2.1504588779974037,0.04947470115565256,0.07329142534658052
HES6,-0.5416285498011386,-2.152699310159062,0.04926863297822285,0.07302145071482255
KIRREL1,-0.4777293904391657,-2.1528452719237174,0.049255235590045264,0.07301924889165115
CETN2,-0.5390381627192377,-2.1546296517560934,0.04909172645084829,0.07279632336417603
MYO1E,-0.6622355117486035,-2.1583371725985283,0.04875360624243474,0.07241034303019121
HSPA8,-0.44218959635224847,-2.160750806748796,0.048534652471609485,0.07212543506690089
TSPO,-1.0512139349127714,-2.1611721680778406,0.04849652247678911,0.0720862470375163
LMNTD2,-0.7914120380417323,-2.1672040008815974,0.04795373571160052,0.07136596259094712
SLC25A13,-0.4439481432954346,-2.1689286582055214,0.0477995821999269,0.07117110490297593
NPC2,-0.5098052772181789,-2.1745004786693447,0.047304710580502965,0.07048562855091958
PTGS1,-0.6313442094964618,-2.174801607990375,0.04727810169923115,0.07046310805161364
GUK1,-0.41830201629545744,-2.177600969582138,0.047031406818551294,0.07012953631664301
DHDH,-0.8525433432217976,-2.177778536526911,0.04701579920747908,0.0701233209590868
OSBPL3,-0.6229474398939423,-2.1824081540611564,0.04661057009619347,0.06956970895779546
SYNPO2,-0.6756783452837557,-2.182816673384642,0.04657496937443566,0.0695335027436168
TPT1,-0.44292742937779217,-2.1830150887804765,0.04655768747008157,0.06952463439503045
AQP3,-0.8929270802277992,-2.1846696826084235,0.04641380576698231,0.0693604654684548
SLC25A10,-0.4957489626440015,-2.1902818894620797,0.045928858974630934,0.06868861601520501
H1-10,-0.35401027705318583,-2.1907520697938496,0.045888446488106006,0.06865906198977052
CDC45,-0.7167291721418916,-2.1974497091224268,0.045316370953468035,0.06793576765584716
YBX1P2,-0.5561738335683671,-2.1986208678320485,0.04521702390918308,0.06782000405267734
TUBBP1,-0.4935467828591193,-2.1996563104121387,0.045129358921121326,0.0677050832566015
BNIP3P1,-0.6349223700460067,-2.200067892950388,0.045094556718206,0.06766943272523936
SNX3,-0.4325555931194678,-2.2087121110824937,0.04436939792566993,0.06669553930464851
RPS15,-0.4905987756698791,-2.209301555684663,0.04432034899553279,0.06663815043968997
COX5A,-0.44650315408321334,-2.2127668893712813,0.044033015321524614,0.06625488068751739
PTS,-0.46060551898403207,-2.2131706727288347,0.04399964858063422,0.06622092948668985
RAP1BL,-0.448569639485619,-2.2135530526514158,0.0439680723293537,0.06618965701840329
TNFRSF12A,-0.5981128328570523,-2.21371223814085,0.043954933327833075,0.06618613149093999
ADAM11,-0.3352791428909073,-2.2151206880703858,0.0438388413252545,0.06602754234000248
ZNF22-AS1,-0.7207180552245881,-2.2153867454318297,0.043816943696005396,0.0660107802547341
LINC00092,-0.6671481994095528,-2.216030610779521,0.0437639932502903,0.06594721696762035
ABCB6,-0.45323771554904796,-2.216063471115403,0.043761292476225705,0.06594721696762035
ZNF506,-0.13172326620132724,-2.2212644981781526,0.04333578382166491,0.06541929437112715
FZD2,-1.0210216719320586,-2.2219512228315965,0.043279891606650925,0.06536233938131811
EPAS1,-1.228461060616373,-2.222300823359015,0.043251463712535985,0.06535160772931861
P2RX5,-0.6198684692231468,-2.2228165536907922,0.04320955883730079,0.06530438749325786
PEX5L,-0.616429505239802,-2.2241171026990543,0.04310405351545732,0.06517707154655979
CD63,-0.510702131836668,-2.2250779840566235,0.043026258331002466,0.06507549064126453
SMARCA2,-0.49828166182363814,-2.233988361869776,0.0423110934040131,0.06407287612811273
ALDH1A2,-1.049005216886253,-2.2375631077375058,0.04202732144979641,0.0636746120828601
CERNA1,-0.6805513301205016,-2.2402410594437234,0.04181590963848672,0.06339778586511928
ADAMTS9,-0.6021553119457077,-2.242112571143722,0.041668755173560786,0.06322511614206129
ENHO,-0.4283858832799317,-2.2426653296118597,0.04162538554361471,0.06320624557402976
RAP1B,-0.4477067014700207,-2.2492440946190846,0.04111245518565812,0.06252030520666939
GPAA1,-0.45752085598893105,-2.2492702418116735,0.04111042844165797,0.06252030520666939
LOC107985040,-0.3293879859044925,-2.2500436716342898,0.041050520085135024,0.06247741046025118
ARHGAP24,-1.1876205006350118,-2.2506257070427487,0.04100549082963547,0.062435086633299906
PLEKHN1,-0.5226022174820432,-2.2546661580290954,0.040694177078719945,0.061991875122403894
DDTL,-0.5269359448417993,-2.254703860129689,0.040691282641598735,0.061991875122403894
TTC36,-1.3614530242510625,-2.25610725140497,0.04058368002742136,0.06190046244540755
NPNT,-1.160010579483396,-2.2570945321105533,0.04050814221697723,0.06180062513441276
DYNLL1,-0.5108073731615053,-2.259015799007691,0.040361522740300346,0.061592266467025425
KLF5,-0.6684331836814291,-2.2619671357482733,0.04013726570815917,0.06129582431265962
JMJD1C-AS1,-0.41568143054250095,-2.2631070788150813,0.04005096121253884,0.06119451451467175
RPS18,-0.5248068670446755,-2.26591014864748,0.03983948362777945,0.06090175427388728
NXPH1,-0.35564802998847295,-2.2666411991720703,0.039784502403796655,0.06083287596290184
GAPDH,-0.40591162026186356,-2.2676211564051107,0.03971091320502027,0.0607355034797341
CHST3,-0.9683730165369293,-2.26810170909168,0.039674873237512745,0.060695526065873
LOC105374003,-0.9267198991160437,-2.270923814088163,0.03946384415543669,0.060417923244961765
SIGIRR,-0.4348460392530653,-2.2759658917608494,0.03908943821812323,0.05993453133494132
LOC100505549,-0.5268223281918102,-2.2771810748174026,0.0389997045024021,0.059841849461758426
CDH10,-0.38837312165268006,-2.2785023561663875,0.038902356140871085,0.059722374942033495
MZT2B,-0.5253240643310425,-2.28568765109484,0.03837695629178271,0.05897486639975633
ELF3,-0.8533898131712133,-2.2875556918775932,0.038241461026960265,0.0588185943218584
SERPINH1,-0.4494113533368117,-2.289247829168001,0.03811911381188178,0.05865624480373668
PIGH,-0.45977621417128905,-2.2921717009529643,0.037908576970953005,0.058401502093978874
IL6R,-1.304084900636876,-2.2931600135892305,0.03783766054037943,0.05831358860337136
COX7A2L,-0.4633746100606653,-2.293174658457469,0.037836610637884974,0.05831358860337136
ERICH3,-0.4670761192960656,-2.2942909200804915,0.03775666570948204,0.05824065445373047
TMEM37,-1.3391239396116486,-2.2945856763391945,0.03773558231441985,0.0582374419907839
COX6A1P2,-0.4206924828705431,-2.294900887681902,0.03771304808505929,0.05821732177320913
MEGF6,-0.30320001590845014,-2.300033703502679,0.037347887665431484,0.0577073868219438
LOC729998,-0.4900973664118589,-2.3016075607502056,0.03723658952160857,0.05756880044576559
PIK3R6,-1.6487474794104213,-2.3029093664446227,0.03714476650360867,0.05745582101113327
EXO1,-0.5337033491676004,-2.305955025406754,0.03693077450005523,0.0571969802135772
S1PR3,-0.8099861252436102,-2.3064079937534196,0.03689904790248771,0.057162285479466675
H2AC19,-0.6603115434387611,-2.3083230898865508,0.03676519570384123,0.05701255999609075
SHD,-0.4790141513457723,-2.3108975350713896,0.03658598157119876,0.056763368016058816
ATP6V0B,-0.538281779974761,-2.3114332993006914,0.03654878939066829,0.05674875353718253
MAP3K14,-0.27691210609022776,-2.314804195456786,0.036315603071434326,0.056443875970560956
RSPH9,-0.47251426327067414,-2.315549828143759,0.03626421303303184,0.05637829720834014
TMC3,-1.170930239522378,-2.3164388888909326,0.03620302751158095,0.056297452726025175
KIAA1217,-0.48479334521588774,-2.317086845605471,0.0361584963138795,0.056242472063963794
PKN3,-1.1960934100776308,-2.317226576049219,0.036148900043454224,0.056241816565069644
HOXC8,-0.41631265552718383,-2.3189349670032047,0.036031767210914396,0.05610229438732671
TNFAIP8,-0.7419312683213848,-2.3208109732677684,0.03590355526148649,0.05591686833153257
HSD17B14,-0.8988852388082744,-2.3210045800918766,0.03589034815295054,0.05591686833153257
EZR,-0.6932057117801468,-2.321398356078706,0.035863500441707455,0.05589709069607595
LOC101930071,-0.579505157189885,-2.3224352510939172,0.03579289552840329,0.05580123336447411
TNFAIP8L3,-1.4594221954253244,-2.325383881017721,0.03559283284986323,0.055573713911361795
IGFBP6,-0.6667693290758964,-2.3290980514597983,0.035342332995781434,0.0551970703857682
ESPN,-0.5320963003485485,-2.331175539707101,0.03520294609609113,0.05499338928874582
EML5,-0.35734604305269263,-2.333400361852147,0.03505425061659745,0.05481697864279142
GRM4,-0.6234785439224401,-2.336144493684383,0.034871665525618184,0.054559292922929936
SH3BGR,-1.026285478236916,-2.3409339023688167,0.03455514883900463,0.05417469626166199
HOXD-AS2,-0.8367272559793502,-2.3444556885114354,0.03432414237077458,0.05382629642692458
STAG3,-0.7324089083934733,-2.3456303908257436,0.034247415217960965,0.05372805026588569
H2AC18,-0.6599080946828618,-2.3462005896441465,0.03421023054703517,0.05368886668031889
PTCH2,-0.5567314507122226,-2.3547235518568077,0.03365895599599519,0.05298649210463547
BRINP3,-1.1425560948108477,-2.3594286340971315,0.03335824325141841,0.05254009021870371
NDUFA3,-0.45769444724542957,-2.3609132075748063,0.03326389050521162,0.052404947005126504
DOCK2,-1.0947124938036183,-2.363073104472493,0.03312706906568729,0.05222966393329812
IRS4,-1.2279234999548152,-2.3650640340999884,0.03300142393966714,0.052058345020627776
SEZ6,-0.4414056264566517,-2.36656593153408,0.03290694028337417,0.05193603087978466
TINAGL1,-0.8595104490854033,-2.368144177651281,0.03280793011097181,0.05179310110230677
HPGD,-0.9481824959415059,-2.368183607073931,0.03280546015593925,0.05179310110230677
NSDHL,-0.6406576870404108,-2.3870273552497645,0.031645026567742957,0.05011211905457616
PTGER4P2-CDK2AP2P2,-1.815879887312171,-2.3905817430027776,0.03143055756719822,0.04981109562743667
GAL3ST1,-0.6373445913712756,-2.3914162606864418,0.031380404051633386,0.04975734010256406
CKS1BP2,-0.5878940534576554,-2.3937549878702624,0.031240254380794637,0.04959825214604962
ARHGAP18,-0.7731116435112989,-2.3944447733873084,0.03119903233006777,0.04955948903428749
PMEPA1,-0.6489256088922496,-2.4024298462616027,0.03072558879523099,0.048908818310767585
ACTC1,-1.013943600573619,-2.406741017751721,0.030472824146635383,0.048531673686379555
FGFR4,-0.4830517349950398,-2.415222207239825,0.02998133595460658,0.047798592822298654
ISL1,-0.4845230593804627,-2.415655594264285,0.02995642481744112,0.04778373253471612
EOGT,-0.23138122249751625,-2.41807501461459,0.02981771808461378,0.04758724599288792
GSG1,-0.4720262652855123,-2.4195849254505335,0.029731464321368,0.04747640170235872
CKMT2,-0.829763388309254,-2.4203967468916736,0.029685187277668567,0.04742558465386984
WNT10B,-1.1274376655741485,-2.4241554767547733,0.029471817839911974,0.04712108590471059
PLCG1-AS1,-0.6616903510990261,-2.426461321332365,0.029341647621815466,0.04692520217107456
DDT,-0.525996176748724,-2.426817370828141,0.029321596719274843,0.046905372622430795
GLI2,-0.7489850748110747,-2.4284468570192335,0.029229998881478664,0.046783261917353575
FDFT1,-0.6368374233456155,-2.4307755947628356,0.02909956762399693,0.04658666741580078
MVK,-0.5024982557618872,-2.431649892991011,0.029050742124783202,0.04652065026774322
ATP23,-0.4424656114629082,-2.4353906135707044,0.02884272109388776,0.04619960290188972
PI4KAP2,-0.15509050678273248,-2.4384799847123624,0.0286719935793675,0.04595014918732622
RGS11,-0.6055839843831213,-2.4388422393453215,0.028652037622047415,0.04593017537216283
SIX5,-0.9139816060844705,-2.4392836749163096,0.02862773764323689,0.04591425256010003
NMRK2,-1.4616809577165064,-2.439614102742683,0.0286095612470742,0.0458980922388288
BTBD17,-1.0630480199276138,-2.4412006237698725,0.028522442100224237,0.04578229119517532
CKS1B,-0.643459444350871,-2.442577446031201,0.028447043185911854,0.045685191178841934
GLO1,-0.5508933062911959,-2.454090289941985,0.027823970413756977,0.04480192766911748
PODNL1,-0.8575053717344244,-2.455006579734808,0.027774944938507334,0.04473473790673935
SPOCD1,-1.004852386914188,-2.456361884108921,0.027702581560222723,0.04462991457665316
LOC105377488,-0.7903403152596635,-2.4571840775266556,0.02765877024267547,0.0445710466844376
LINC02381,-0.5154289327248378,-2.4585928367697703,0.02758385709374975,0.044473709622484474
INAFM1,-0.8448690472294352,-2.4599334115608715,0.027512749838510177,0.044370733099202156
C6orf118,-0.44715535550428115,-2.465891886415383,0.02719881275989964,0.04391064583044108
AARD,-1.082785815980475,-2.4713879276772492,0.026912279092305612,0.04349387578060464
EGR4,-1.1560027197506197,-2.475570951373263,0.02669613636438308,0.0431901071294981
SP6,-0.73505516013411,-2.476978116120303,0.026623800246868962,0.043084449713122155
PTRHD1,-0.5519475768106981,-2.4787715076854004,0.026531881732751585,0.042969731841946426
PPP1R2,-0.4755339457954628,-2.479182575580546,0.026510855679666205,0.04294702571785249
PHEX,-1.2349016873407133,-2.479348309005077,0.026502382954917338,0.04294464909163185
LOC105369199,-0.5563750845849802,-2.4798592410601414,0.026476279083579923,0.04291369401965757
SLC4A4,-1.8137137284383384,-2.479900390165874,0.02647417781847884,0.04291369401965757
VASN,-0.6655144347090236,-2.4828178201772118,0.02632560641549614,0.042703352031487514
NEUROG2,-0.7962397424879496,-2.4840619045831005,0.026262493922001015,0.04261225191685183
TMEM184A,-0.4248902504660216,-2.489622644994627,0.02598216386366405,0.042224460361680975
DDX27,-0.1695289836881878,-2.4915744497220524,0.025884450008315463,0.04208797839548376
HMGN2P15,-0.5974534692049337,-2.491922738659549,0.025867050555657682,0.04208201165238365
HES7,-0.8342206070519569,-2.4926067978780315,0.02583290965266171,0.04203762574218643
NOTCH1,-0.78159322294368,-2.492907514366375,0.025817914773267874,0.0420243806585587
SLC9A2,-1.0604601399175821,-2.494330427079904,0.02574707588817092,0.04193134303785541
ST13P5,-0.5950906934481931,-2.499825252662808,0.025475263550858145,0.04154385888980059
TRAPPC3L,-0.6630062745027757,-2.5026309120098107,0.02533753894771608,0.04134125998123491
NEK2,-0.7956488808182827,-2.505355532961884,0.025204475764556148,0.04116467062628482
FBLN5,-0.6723743768404196,-2.513487059258599,0.024811326691528007,0.04056906711631547
PAN3-AS1,-0.8209437539990734,-2.5181722836785037,0.02458748074010799,0.040245996511845655
STC1,-0.6356550029456164,-2.522111869176135,0.024400760537555483,0.039961705074863775
COL19A1,-0.6993552680665488,-2.529810891037162,0.024039781165350275,0.03941263935373019
ABHD17AP6,-0.6231651227819789,-2.529974400563302,0.024032170695628123,0.03941070261214564
PGGHG,-0.6379728575974031,-2.530191070252447,0.024022089477895286,0.03940471193457268
MAL2,-0.6685307189707211,-2.5332354905386842,0.02388086742666709,0.039183543181335455
EMP1,-1.3275759663113618,-2.5359615164818816,0.023755092001876418,0.03898760748902341
C1QBP,-0.568178079014687,-2.538263546724208,0.023649375220424474,0.0388348968929017
CYP51A1P2,-0.9427814394177584,-2.5429587229606105,0.02343515737001718,0.03854508040735319
TMEM160,-0.7418335401593005,-2.5439742243106576,0.023389071030373177,0.03848944311487765
LOC112267857,-0.5063236689519433,-2.546973659781004,0.02325345642110785,0.03828731879167099
TUBA1B,-0.6246351074052319,-2.5540095564084537,0.022938301226602023,0.037839555037424755
RTEL1,-0.5321501675616035,-2.555898005089811,0.022854414985207596,0.03773163583606856
RPL17-C18orf32,-0.6587182960023193,-2.565589972399521,0.022428516490852854,0.0370684297894117
TMEM14A,-0.5630876996095536,-2.5673104018398742,0.02235371789657142,0.03696863925772212
TMEM120A,-0.669415512658366,-2.5682945669774995,0.02231103773121022,0.036914078621408546
PRDX4,-0.5777453269593046,-2.571786866680718,0.022160220164360818,0.03667444643831853
LOC107985915,-0.5596037388758043,-2.571898173817128,0.022155429469485104,0.03667444643831853
ALDOA,-0.5753648485386846,-2.575126127515044,0.022016930583155656,0.036496426304690154
ASL,-0.5081713226059975,-2.5752964115282553,0.02200964757440205,0.036496426304690154
CORO6,-0.9057178573991553,-2.5779468951066624,0.02189658586053291,0.03633624020711065
ORAI1,-0.5097758932223775,-2.579423979343337,0.021833820972282425,0.03625171250273328
GRTP1,-0.6181232119892709,-2.5848807990017315,0.02160344793116722,0.03589838325238684
LOC401176,-0.6972804762157925,-2.586738125554912,0.021525572306116177,0.035798089592103136
DCC,-0.5206397122444533,-2.587761282567018,0.021482788195342415,0.03573663273743528
LINC01123,-0.6094311846535073,-2.5896476329599643,0.02140412387824204,0.035625109794630384
FAM43B,-0.8466440865324212,-2.5909708545066885,0.021349108966127954,0.03554319336294524
H2BC8,-0.4526631059388292,-2.591422421844889,0.021330365617054266,0.035521635759995285
LOC105378947,-0.4795269538044269,-2.594600524918401,0.02119889940815522,0.03532189545310995
FZD1,-0.577424854034975,-2.598750424205892,0.021028410212301847,0.035047350353836416
KIF1C,-0.18847291671539604,-2.6102255313268667,0.020563843203169892,0.03438525882035773
LINC01806,-0.9710033061394235,-2.6133204265287686,0.02044025408222863,0.03424398948457544
EEF1G,-0.5316200123946602,-2.614835581674384,0.020380011007636915,0.03415239679519253
VXN,-1.0737163654474926,-2.615704579730481,0.020345536802738415,0.034113276969580546
SLC31A2,-0.7025309169808872,-2.621057844944518,0.020134405840298138,0.03379625076698455
ACAP1,-2.928745027138859,-2.6218000379733777,0.020105301668370712,0.03375664180419404
LY6E,-0.5676246185112418,-2.6227504691632912,0.020068091074716788,0.03370339679123669
NSUN7,-0.8989507024215169,-2.6228710707752376,0.02006337413025472,0.03370339679123669
RPL29,-0.4808421452170913,-2.626130328920894,0.0199363038558474,0.03350960861978189
PDYN,-0.8357799531506469,-2.6338985376804365,0.019636570960174116,0.03306928021589762
ZNF860,-1.111277322499084,-2.635781272380644,0.01956458538283347,0.032957105907328706
CADM2,-0.46354082449827466,-2.6394626658344134,0.019424565855070387,0.032730233285206564
IDH1,-0.5825335217582795,-2.641300326551507,0.019355034903275673,0.03263101318951592
FANCD2,-0.5412209786739383,-2.642282722424556,0.019317963191216675,0.03257747300196925
PIN1,-0.5072750668459862,-2.6431916945418883,0.019283723420439002,0.03255555620140212
STUB1,-0.4962916222570469,-2.645631070340094,0.019192125497946997,0.032409842783034465
KLK6,-1.1154816336683224,-2.646141492772305,0.019173012627914033,0.03238648867707716
LOC107983950,-0.723448893247193,-2.646431324982077,0.01916216800695313,0.032377092029388835
ZIC5,-1.7728247700748458,-2.6467258578804875,0.01915115358489057,0.032376329695361056
LINC02458,-0.829102022501344,-2.650995667873864,0.01899216570570165,0.032169653433531675
PTGER1,-1.774197833558211,-2.651657679500962,0.01896763019878583,0.03213697432795941
LOC101927393,-1.0123839516952333,-2.6517178552557708,0.018965401484687703,0.03213697432795941
CHCHD10,-0.5231637399740819,-2.651956565506988,0.018956562932297607,0.03213598749308195
CCNB1,-0.5411648573811316,-2.653144413529438,0.018912640625414413,0.0320792714537328
LOC101929234,-0.6782727913216963,-2.6544006280302512,0.018866297622222087,0.03200952239806847
NOXA1,-0.619950543950215,-2.656601906397276,0.018785355403350572,0.03188101567622896
NQO1,-0.827931927897037,-2.6567954773284375,0.018778253807689826,0.03187778893412867
PRDX2,-0.4938098758143402,-2.6586275748856334,0.01871116777104293,0.031772703168003645
KCNK6,-0.7311485979384391,-2.6690442075164436,0.018334133054510333,0.031175654819458623
APEH,-0.48713965420072625,-2.6726068582900613,0.01820687966082188,0.031019349327331733
PDIA3P2,-0.7186329621233886,-2.67318051983513,0.01818646941680894,0.031001962604293325
C1orf122,-0.5944370531628526,-2.6837036692539233,0.017815981288669555,0.03042963647242808
FAM47E,-0.6645867178785257,-2.685059134844973,0.01776879515676019,0.03035750120148828
PIR,-0.5929583669039601,-2.6868031785248756,0.017708260343383526,0.030270952566910488
NAT16,-0.57139730295638,-2.68741503289497,0.01768707067671864,0.030243164085993098
SCD,-0.69580135894473,-2.690600135957508,0.01757716151266512,0.030072006718570247
AKR1C2,-0.5101989004180688,-2.6947108479626922,0.017436291882482385,0.02984765965920609
CLDN6,-0.6799261617497261,-2.6972114072090596,0.01735113737129973,0.029726794881516864
ELOVL2-AS1,-1.2111072772771954,-2.7049247370054386,0.017091003280239353,0.02933851865244112
CD320,-0.5316709516950971,-2.7064708430575672,0.017039318252998592,0.02928259626882012
TUBBP2,-0.5320107399211109,-2.708828033361666,0.016960811559174425,0.029180402710563914
NEUROG3,-1.9716962472591504,-2.710460145625852,0.016906659828744626,0.029095402793431938
TCIRG1,-0.6641202922888654,-2.7129593308350333,0.01682406510449225,0.02896139261177689
DHCR24,-0.6928037092383098,-2.713380783936545,0.01681017535056197,0.028945610926669908
KCNH3,-0.8265473414604362,-2.7146045529389844,0.01676990697111639,0.028892504140793553
ITPRIPL1,-1.1263570416959734,-2.7149496632852044,0.01675856800524487,0.0288810857104726
DACT3-AS1,-0.4883086513877859,-2.719583281901126,0.016607045669428083,0.028644116475406343
NCAPG,-0.6607960969702663,-2.7245903807155427,0.01644480813145227,0.02839624615374716
CFAP47,-1.420299335388018,-2.72608678944582,0.016396622204483086,0.028321018346993892
LAGE3,-0.6649714795647117,-2.7266005185783664,0.016380111285456304,0.028301204617620628
CYP51A1,-0.6172563106291084,-2.729303161879585,0.016293516155719407,0.028174683789720722
G6PC3,-0.5720426570170914,-2.735114853827798,0.016108810683104137,0.027886757833218968
DHCR7,-0.7346587626795774,-2.735342454506274,0.01610161877179115,0.027882181658497103
IL7,-1.1138833698897124,-2.738545382169208,0.016000740966206586,0.027723160577401464
PMP22,-1.0950861002162662,-2.739669510873991,0.01596548206139017,0.027677716356425835
TRPC5,-1.0785389862280348,-2.7492611223172907,0.015667697237889477,0.02721535394396784
NTRK1,-1.0846399512819784,-2.749742037498873,0.01565290987019108,0.02719737457604062
FPGT-TNNI3K,-0.9869993412424399,-2.752996047164378,0.015553210993648925,0.02703947345180599
PPIP5K1P1,-0.39240574568433056,-2.7537003819937937,0.01553171264036394,0.027009758435583252
CDC20,-1.1456599627047834,-2.7614109869445405,0.015298248358691565,0.026660056946756834
ENDOG,-0.7322798784857808,-2.7682030492697742,0.015095432930460997,0.026340735514866473
NRN1,-0.7416422987230706,-2.770064012041477,0.015040322574367892,0.02625952075786818
AK7,-1.231040827715036,-2.770131200731356,0.015038336530545551,0.02625952075786818
RPL13,-0.5826462626593714,-2.770222229683256,0.0150356461957444,0.02625952075786818
LOC105379005,-0.6482003041221329,-2.773488404660779,0.01493942535545721,0.026128010678731155
FANCE,-0.5376035228607428,-2.7736896384670686,0.01493351673533033,0.02612513059006134
ATP5F1D,-0.6107094927112164,-2.7751910481297775,0.014889504303959994,0.02605556990672988
TUBB3,-0.5586280813618492,-2.7828219602739512,0.014667760418705442,0.025741016709609037
GLIPR2,-0.6580921330945251,-2.7904401758392137,0.014449602131749633,0.025394512920764122
TGFA,-0.8278889099279186,-2.792141600987725,0.014401314001697993,0.025324169486634737
TUBA1C,-0.6770039630014839,-2.7947057276607983,0.014328839143736444,0.02521842777809486
GLS2,-0.7320664745727437,-2.7975358843353697,0.014249258572287812,0.025092776514830304
CYB5R1,-0.5223468838652766,-2.79976699062605,0.014186827087388856,0.02500438471699071
HK2,-0.7711481853318178,-2.800289177739185,0.01417225373113009,0.02499307116565807
LOC100505938,-0.7199570433882292,-2.803013356653986,0.014096463410329612,0.024880887044434356
TJP2,-0.42322761334923337,-2.8050835158707996,0.014039133795668927,0.02479397584772415
NBAT1,-1.051828154290539,-2.8051980984261293,0.014035967286446847,0.02479397584772415
H1-2,-1.2302718833750186,-2.8117426737211377,0.013856260803695487,0.024506312385070207
SNAI1,-0.5322407468294466,-2.8136743433203404,0.013803650684488787,0.024434414870319453
TMPOP2,-0.9706517261775983,-2.814322507615099,0.013786041364583416,0.02442440276442091
DCXR,-0.6584337456866985,-2.8148669625099982,0.013771266597548132,0.024412337837758834
TBX15,-1.3033555799197893,-2.814928663361097,0.01376959321061269,0.024412337837758834
PIMREG,-0.9677426144456869,-2.815445358628438,0.013755587736191014,0.02439865533068603
RPL22L1,-0.7942139650582739,-2.8158616646272163,0.013744313534688794,0.02438571402826116
SNCB,-0.605262279576072,-2.824433350150024,0.013514177808361429,0.024012147816016103
SCN7A,-0.38020123964622743,-2.82784596590437,0.013423607623517492,0.023878907351178823
BCL2L12,-0.9060790442952142,-2.830518051268429,0.013353105849244661,0.023781097866318934
CES4A,-0.6049285505800235,-2.8362327212622733,0.01320354101774127,0.023539786450192123
LOC100288175,-0.9774813971504143,-2.8393120283228503,0.013123630355115703,0.023413228776734362
LOC102725228,-0.5019110131397706,-2.8400273925526176,0.01310513393216605,0.023401869285020544
LINC02520,-0.7586538296720777,-2.8408128355061937,0.01308485495706938,0.023378070791849403
OPLAH,-1.7109871917889885,-2.842118300838956,0.013051217734723392,0.023324771053601864
MVD,-0.7191917335549918,-2.842378303266002,0.013044528511643467,0.02331961498290302
PRR19,-0.5690214009748928,-2.843521397596151,0.013015159314899242,0.02327389924163721
PCSK9,-2.0161763345058095,-2.846104054461531,0.012949042100548869,0.02317594980331812
REX1BD,-0.5423156566486906,-2.8493001199215553,0.012867676710061893,0.023057251748810115
TTYH2,-0.826795305540864,-2.850250111591219,0.012843588547024545,0.023020818068204815
JCAD,-0.6118825134186635,-2.8592832840778066,0.012616738243838254,0.02264732223564524
SQLE,-0.5677247201274763,-2.8607056406327116,0.012581378259472371,0.022597084304296994
LSS,-0.5800166047627925,-2.8610937863991706,0.012571745785117458,0.0225930230614981
DKK1,-2.057884281617231,-2.8627940700838796,0.012529635585507177,0.02253055621565239
NPY1R,-0.47307015677226577,-2.8628447781782715,0.012528381845672672,0.02253055621565239
CDC25C,-1.347302138964871,-2.864336088105784,0.012491564681291653,0.022492802937379146
CHST6,-0.8190414200027397,-2.864736834742558,0.012481689224212271,0.022490521735573553
CYBA,-0.7310521068889002,-2.8656855297857633,0.012458341370180655,0.022455052219702266
IL11,-0.9595907783401064,-2.86861540164201,0.012386505805395537,0.022345285634807133
RSPH1,-0.9541004228069961,-2.8700759178880126,0.012350848257550463,0.022300647958404814
TM7SF2,-0.7384239938423801,-2.871352603311707,0.01231976129777085,0.022251071524848353
LOC105374187,-0.486879736908728,-2.8746300829026774,0.012240306507058388,0.022127124414116166
SSPOP,-0.7411922266746531,-2.8783768929506803,0.012150089633153623,0.02199647059989123
TUBB,-0.5432301892524336,-2.8848771233310675,0.011995120424658565,0.021754463965431067
GABRG3,-0.47885921496675454,-2.8851591612112917,0.01198844057368384,0.021748783875904686
HLA-F,-2.5307101593031813,-2.8856462055516183,0.011976913897604174,0.021734304971081583
ANKRD20A4-ANKRD20A20P,-1.5468120028282129,-2.886310913628618,0.011961200080533876,0.02171221690662501
LOC102723566,-0.6570403578263566,-2.888498311344142,0.011909632353444659,0.02162501372233879
LPL,-1.6305765506639733,-2.8897965841805537,0.011879128951614863,0.021588811287696148
LGALS3,-1.222519214579011,-2.892293180141608,0.011820685926814794,0.021501831624270357
LINC01864,-1.3298064902892537,-2.8972540600804932,0.011705392935682893,0.021317307990414775
ACAT2,-0.9369208573489018,-2.898537719864258,0.011675740432252604,0.021288604654880566
DBI,-0.598303688069497,-2.9032688994942797,0.011567086094121104,0.021128199570012624
SDK1-AS1,-1.4026361548812518,-2.904313337246411,0.011543234145204868,0.02109091663490487
SEL1L3,-0.3838583486394027,-2.904481690229518,0.01153939397317181,0.021090186361223374
NCEH1,-0.5801983769128077,-2.9047085594186233,0.011534221017789408,0.021087019039382364
TINCR,-1.0297477010937661,-2.906936678411895,0.01148353750983776,0.021006888969055646
FANCA,-0.315146489635358,-2.907215539994016,0.011477209613328642,0.021001580576031215
CD40,-0.6879966885330915,-2.910970402240149,0.0113923376596055,0.020864962609316317
IL32,-2.261071396638633,-2.9117445776783,0.011374915658996253,0.02084387062614499
GRM5,-0.9441490819933991,-2.916168351923496,0.011275864510869205,0.020688730754752537
OTUB2,-0.6283658176351204,-2.920571640555167,0.011178114244017998,0.020540043220401257
TGFBR2,-0.6261620934387955,-2.9217294832982286,0.011152549512738426,0.02050543746643268
TSHZ1,-0.36615731324519807,-2.92214217739411,0.01114345128843784,0.020494856405077696
RNA28SN3,-0.9161757968388214,-2.9266199034686924,0.011045203712305083,0.020338569767626963
RMI2,-0.6355459363198743,-2.9280610317324083,0.011013764944148447,0.020286772568398434
FAT1,-0.47001392008250226,-2.9309495329070296,0.010951015985126072,0.02018332170439652
IQCA1,-0.45734902214576245,-2.9312732943244604,0.010944004643955708,0.02017646570449579
CTSD,-0.5445089673547965,-2.9329744618540197,0.010907236856603487,0.020120783006614316
FDPS,-0.766420983788689,-2.9408629709211933,0.010738322924353378,0.019821113979610422
SRPX,-0.7087623823335819,-2.9461934147524347,0.01062564439390424,0.019624947313839406
LOC105378567,-1.1724666240459374,-2.9481128445043074,0.010585355898863495,0.019562324889970825
LPIN3,-0.40420693535807184,-2.948171310826715,0.010584131064465414,0.019562324889970825
LINC01461,-1.4936345886934863,-2.949885576313508,0.010548280198267276,0.019517343077385573
LINC00472,-0.23159156760962862,-2.9516621285754785,0.010511252892938344,0.01946057995581759
RUNX1,-0.6540001486489215,-2.962764233235055,0.010282743107055443,0.019083625566530385
TUBA1A,-0.6956253306542646,-2.9657212729946716,0.010222709617126067,0.018983704923654286
EBP,-0.696159924048028,-2.9689507618922835,0.010157539473673467,0.01887984141104256
PDGFB,-1.0712538554731956,-2.9691836171116432,0.010152856381933015,0.018876860667652224
CTBP2P10,-0.47496844024139023,-2.970456458902458,0.010127295079903368,0.01884076444303722
PKIB,-0.6262568450012048,-2.9769054420164798,0.009998757927614005,0.01862424372417923
LOC646347,-0.6594517154980283,-2.977345139958478,0.009990052947753474,0.018613685279552827
HMGCR,-0.5982259463793119,-2.98883665234217,0.009765179742870953,0.018222390205113834
LOC105375914,-0.7109233252979887,-2.9888584134496825,0.00976475868060723,0.018222390205113834
NANOS3,-0.985047028426326,-2.9917790053020124,0.009708409494556447,0.01813854014069827
RHBDD2,-0.5406598590555204,-2.999476289090868,0.009561432646642285,0.01790213259740904
SLC45A3,-0.8129316821571361,-3.0006064483224613,0.009540038378930747,0.017867532924792387
LAMA4,-0.4365011106152714,-3.0083261120198306,0.009395161335416805,0.017623114744830175
BEND4,-0.6129437390180431,-3.0108875052910142,0.009347572643908909,0.01756071722560883
LOC284581,-0.42938593269134173,-3.011245536909351,0.009340939686587717,0.017553635891717566
RNF213,-0.39404937263710726,-3.0179162009144007,0.009218204539401892,0.017344258387517984
FOXC2,-1.451726474630877,-3.018545395898399,0.009206710380989707,0.01733327230819008
B3GNT2,-0.6493169162387492,-3.020662473277172,0.009168139407901654,0.017265958393375466
PPM1J,-1.0820765767169072,-3.0215068301435704,0.009152800669054254,0.01724236880802169
APOO,-0.6122763662719704,-3.022715889998494,0.00913088081165897,0.017216948439086277
PALD1,-0.6647018270228854,-3.026318381930382,0.009065875907241422,0.01711016604414714
TMEM176A,-0.6556634795370746,-3.0446331432446967,0.008742405384910383,0.016545521768910356
ZBTB42,-0.9810747300083736,-3.049370992883095,0.008660601961005,0.016421122802647896
FBN1,-0.28896788556043757,-3.0561409558959234,0.008545024797775237,0.016217028486180247
MCM10,-1.9334328534397567,-3.059511736227451,0.008488049174507411,0.016128872113989595
RNA28SN2,-0.9584567735152355,-3.0637415461585236,0.008417085266204773,0.015998986878088452
LRRC32,-1.0518105522189778,-3.0662478669108446,0.008375313941443089,0.01593441168871699
ACAN,-0.8378463591432431,-3.0670844852746506,0.008361416272581513,0.015917851475442446
CFAP58-DT,-1.0440644825862244,-3.0710577125407066,0.008295725246646634,0.015822276217157396
CDKL1,-0.4420797938738794,-3.0815261125131457,0.008125084239114894,0.015530641217890334
NIPAL1,-1.0066713419624773,-3.0856300459631,0.008059140648678928,0.015419017533209059
CNN2,-0.6143719108876742,-3.08610596812002,0.00805152774701221,0.015414074044092707
CDCA5,-0.7083556020840607,-3.086107273884206,0.008051506869674803,0.015414074044092707
AKAP5,-0.578919050718013,-3.087810054432868,0.00802432739614035,0.015381215427873777
SHISA2,-0.5759068918439355,-3.0957589590232857,0.007898646682014347,0.015154523993974317
SMPD2,-0.6702970161252761,-3.0980312187293966,0.007863079818958424,0.015095734196747616
LOC101927234,-1.8034856129439585,-3.0998982835892606,0.007833974200504936,0.015058721181905066
RNA28SN1,-0.9827599715055861,-3.1114851487755026,0.007655720886054748,0.01473918625361671
AASS,-0.4454069278745532,-3.1162608125446543,0.0075834279364424,0.014609180782649878
CTSC,-0.7521995699964659,-3.1214609513243587,0.007505479585979884,0.014472661170826264
TRNP1,-0.6447809518666505,-3.122896343685281,0.007484103919609272,0.014440527865031425
RAB4A,-0.5695549265707973,-3.123857342435792,0.007469826637622668,0.014417518037980779
PNPLA3,-0.42244944777022714,-3.128559321189345,0.007400359499025573,0.01431499013222681
NOTCH3,-0.6974547731634863,-3.12958239448802,0.007385329752377027,0.014290426572623477
LOC105375328,-1.6300856705749935,-3.12965337872557,0.007384288063416054,0.014290426572623477
CTBP2P11,-0.45681596489917176,-3.1315256490395798,0.007356865225466911,0.014248841653116009
KCNK2,-0.7446561688405884,-3.135337233722905,0.007301349653042759,0.014163694105427883
USP3-AS1,-0.5534036781371533,-3.13634290940624,0.007286771519441136,0.014139889019998152
MAN1C1,-0.3619268226136496,-3.1375892449780287,0.007268744918208695,0.014109375031228402
GSG1L,-0.6829798958952009,-3.1386049431408156,0.007254086942969084,0.014085382629205095
IFI16,-1.5771204841122135,-3.143983365277807,0.007176956599841674,0.013944451333448323
RGS20,-0.6028523975727298,-3.144806293811527,0.007165227305633577,0.01392607589839373
IRAK3,-0.9442448435788158,-3.1453760657552197,0.007157117440249365,0.013919140199469736
SNRPN,-0.7145081184444355,-3.1467878688244957,0.007137061771846037,0.0138845409906113
C1QTNF4,-0.8679317861815811,-3.1468928846709474,0.007135572179983699,0.0138845409906113
ESCO2,-1.4611068003394048,-3.1525582790614495,0.007055667881432278,0.01374364287040987
PYGL,-0.9416010720728244,-3.155104039661597,0.007020052815903235,0.01368676135479802
CITED1,-0.6508754114450511,-3.158092857143647,0.006978467372229397,0.013610564744437226
EPDR1,-0.9936093201112661,-3.1587330973729704,0.006969591169531199,0.01359757920726488
COL9A3,-1.6071425772340877,-3.1677920418554844,0.006845195535268003,0.01338043642576303
BTNL9,-0.5162612689363856,-3.1704022596723838,0.006809763999589892,0.013319672405068933
DNAH5,-0.6397911356556268,-3.1734046035104333,0.006769235175783733,0.013274283949953386
STX11,-1.7266504477344808,-3.1735404853724507,0.006767406583580925,0.013274283949953386
AQP7P3,-1.1724741677879762,-3.1755426049026894,0.006740520501851833,0.013234910530541877
MTUS1,-0.8146942424490341,-3.1761835328595747,0.006731936073343607,0.013222290333097185
NFATC4,-0.5611402952520439,-3.177631874432136,0.006712577383286914,0.013190589657660312
TSPAN4,-0.6339870868336819,-3.1825664496913806,0.006647036152598462,0.013084884911826774
SHISA4,-0.5451933159643058,-3.1841753609256322,0.006625804476678919,0.013047279615175643
LOC105370733,-0.9314255328676817,-3.1848693065318034,0.0066166678044393005,0.013033474820441168
TPBGL,-0.6992662817205139,-3.1861750429827436,0.0065995101067954556,0.013012221600082387
METTL26,-0.676589660193944,-3.1867478751381437,0.006591996930860455,0.013001589828241502
BEST4,-0.7436486209125688,-3.1885913944909827,0.006567875352256371,0.01296235541189039
NDRG2,-0.6370704954064518,-3.190334248252583,0.006545151723097256,0.012925831205730083
GADD45G,-0.344405699688852,-3.1945671025006046,0.006490288324847046,0.012834021752036257
LGI3,-0.668045561942288,-3.198344468377374,0.006441715342211687,0.012758550903960464
PRKCH,-0.7289165801793698,-3.204178378768708,0.006367407564053489,0.012631782643251745
ADAMTS1,-0.4882230836837032,-3.2064649524331363,0.006338516375656107,0.01258261184675257
GALK1,-0.8035791392364257,-3.2070400960768595,0.006331269925424785,0.012572298232217017
SLC3A1,-0.797739077190577,-3.207675714377937,0.006323271129993129,0.012560483482455568
SYT2,-0.9289553633790557,-3.2085826376315265,0.006311875581545024,0.012541911609358507
DES,-1.6128768020839053,-3.2165661928762406,0.006212440269794151,0.012372403786172237
LOC112268250,-1.8847335824711753,-3.218149962815322,0.006192900685399582,0.012337497953038491
NEK10,-0.4415862138324186,-3.219069414588552,0.006181585158676415,0.01232296488542648
STYK1,-0.7442546911548016,-3.2195014501518586,0.006176275291995613,0.012316385016243691
GNG10,-0.5635416295335237,-3.229435690126774,0.006055426154162895,0.012091127793165651
CARNS1,-0.9422213760852229,-3.2314286691303162,0.006031467092916274,0.012047211886470108
SHCBP1,-1.911869903206982,-3.233134234016529,0.006011038306881787,0.012014236981149447
RYR1,-1.0043706665461327,-3.233555554721949,0.006006002477874147,0.01200808714591276
CLEC4GP1,-1.9471972217771194,-3.236366682254389,0.005972510013078514,0.011952819582164965
GUSBP5,-0.5081781943524012,-3.237547077614729,0.005958502069105558,0.011932576832282611
LRRN4,-1.3473630297295498,-3.238857906279191,0.005942984639938248,0.011917074204390402
NME2,-0.719943494281226,-3.2426595775054783,0.005898208472897468,0.011835030421885917
TROAP,-0.7460095720295039,-3.24387531183149,0.005883960650691285,0.011818046785300648
PLAAT1,-0.6901690151462884,-3.2446222189906986,0.005875224286352544,0.011804367379659488
FGGY,-0.6386842053126427,-3.247093139823225,0.005846414713920081,0.0117541889787898
HES2,-0.7074809250556118,-3.2522649474229395,0.005786569662877338,0.011641507067094874
LMO1,-1.5241152717379303,-3.256986801464892,0.005732465114763709,0.011540233547947958
LOC105373944,-1.6371455083914073,-3.257524871894999,0.005726331855662831,0.011535463120346092
ZCCHC24,-1.1111049809755549,-3.2636189721346884,0.005657322981877211,0.011407694039114244
APOC1,-0.7190447313950871,-3.272237444752586,0.005561143238207123,0.011243340385953053
AOAH,-1.8904800388925957,-3.2734531871498103,0.0055477079245277285,0.011223580718599004
NUDT16L1,-0.5868226310184881,-3.274087644596687,0.00554070933541923,0.011216825702153196
KITLG,-0.8556667211735692,-3.2776251235758544,0.005501849332318664,0.011149202118054022
RPS21,-0.8032727466149742,-3.277886230361206,0.005498991825275096,0.01114709652411916
RAD51,-1.6061063953358796,-3.278144756310309,0.0054961640227242,0.011145049771518143
G0S2,-1.131989316786118,-3.2820878128207296,0.005453213738320276,0.011068940468842148
RBP4,-1.366031223412193,-3.2845990407231263,0.005426034755097914,0.011017420685243529
AFAP1L1,-1.3545389846732707,-3.2893307116714654,0.005375191110421257,0.010925040287427818
STX16-NPEPL1,-1.232946751782731,-3.293579716098421,0.0053299396804106685,0.010843853382315763
PCDHGA8,-1.0061199593471302,-3.2940826959330067,0.005324608260682197,0.010840202138154056
IL7R,-1.4483145945700733,-3.296239617819237,0.005301805964366969,0.01079736563507293
B3GNT4,-0.8540494425857386,-3.296983199952958,0.005293967690471924,0.010784985690459586
LOC441052,-1.4108706244216376,-3.303139109532189,0.005229520057124601,0.010671424084611785
GTSE1,-0.7748777933728417,-3.3047431022548155,0.005212856670326478,0.010640962833533569
GCK,-1.460759884679398,-3.3054598823397368,0.005205427432394602,0.010629337162084914
SOX1,-1.3553559693300032,-3.3090474639518863,0.005168401865400577,0.01056076781163518
VGLL3,-1.938297680392779,-3.311747444618697,0.005140710523625481,0.01051469986981121
RILPL2,-1.340281352053158,-3.3156452427232788,0.0051009956942682745,0.01044043526072271
TICRR,-1.641122225530195,-3.316732319977187,0.005089974241005256,0.010421356745945966
MIF,-0.7076822051214648,-3.3206200016412843,0.005050753085160957,0.010350265205792372
YBX3,-0.8465429699015308,-3.322874670900522,0.005028145338943205,0.010308538771813328
GALNT9,-0.7724966729861398,-3.324835596308561,0.005008565307882705,0.010282151820938038
LNC-LBCS,-0.8650510430559027,-3.3316881861035212,0.00494073866561485,0.01016126387766517
HSPB6,-1.5905844894073322,-3.3325361146984296,0.004932410056596607,0.010153013313276426
LINC00535,-0.7549913360282953,-3.335508789545172,0.004903322364503767,0.01010068341128703
WNK4,-0.8077161920957242,-3.3363441262939584,0.004895179517103362,0.010089929535925895
PROSER2,-1.4819826045721431,-3.336813167392223,0.004890613247615792,0.010083908243486312
PENK,-1.1182760699070262,-3.3424443135768103,0.004836123891295241,0.009989527469740543
SCAND1,-0.843799091619033,-3.346849722314981,0.004793919330780393,0.009927258702067373
ARHGAP6,-1.5022024991246365,-3.347572983575979,0.004787025690776813,0.009920374403131123
BUB1,-1.1243785789772438,-3.352806725497567,0.004737436089664383,0.009827574697002595
CEP55,-2.0817416628416163,-3.358208714598679,0.004686791794626278,0.009725806940101247
CCDC189,-0.6686689427505567,-3.3619994232089696,0.004651577558800962,0.00965927182772693
C5AR1,-0.8256875824727323,-3.3652452238542954,0.004621636016482279,0.0096036029766225
TNNT1,-0.7718296825858234,-3.3664670178970173,0.00461041541801809,0.009586786469623776
PLIN3,-0.8548315464842811,-3.3815413247381723,0.004474202929288302,0.009338394265079092
SHISAL2A,-1.0098722519853205,-3.3817610445805015,0.004472247642240224,0.009337492522797199
CDH18,-0.8192967896026032,-3.3821148090567026,0.0044691012915649515,0.009334102527186765
LOC107986655,-0.8239181443850603,-3.38947756246791,0.004404118976863295,0.009214078269000682
ADAMTSL4,-0.6715409941191224,-3.3895497537359836,0.004403486542423879,0.009214078269000682
RPL15P7,-0.6026423159054375,-3.389899981332045,0.004400419652114034,0.009212627208831634
HSPB8,-1.2378773014926263,-3.391666352789227,0.004384984414599494,0.009183448739834269
PSTPIP2,-0.8499516078138926,-3.3930574409912944,0.004372866771933739,0.009161200721788727
LOC100131289,-0.7926587397159932,-3.396092897770894,0.004346541644102622,0.00910916248832447
SORBS3,-0.577861962055127,-3.397214753379,0.004336852580704175,0.00909196522562127
GFRA3,-1.1292499305740078,-3.399224437107054,0.004319549795031428,0.009061889200391051
GPR68,-1.2739783602239987,-3.399727840052621,0.004315226499008779,0.009059020013330072
PTX3,-0.980313778626452,-3.403927907927549,0.004279324483397654,0.008989807773552988
KDM6B,-0.4694242775815314,-3.416826917215737,0.004170926900494321,0.008780144883252124
GADD45B,-0.9973031930005821,-3.417017105454466,0.0041693494282537625,0.00877983922885454
THEM6,-0.6376802121421696,-3.4170205720653306,0.004169320680811161,0.00877983922885454
CDT1,-0.980209596872649,-3.4288071712905825,0.0040727197259075795,0.00858690315212986
RAMP3,-1.5390672951683586,-3.430270782633186,0.0040608821193191865,0.008570848129315958
LRRC24,-0.8835604443721191,-3.431631141542974,0.0040499105922820276,0.008557722140878602
ERCC6L,-2.0737315336059496,-3.4384352328478425,0.003995479591142743,0.008463127122911201
UTRN,-0.5708598265717381,-3.4400849348368667,0.0039823934325972365,0.00844142906112167
HOXD4,-0.6196565074945835,-3.441076235316575,0.00397455071831999,0.00843336652935325
JAKMIP3,-0.49056870742714775,-3.4433021594235207,0.003956996711587083,0.008404847485110471
SLC25A1,-0.7502541481465212,-3.449737983466487,0.003906679632815889,0.008318147325168947
NUP62CL,-0.7621012711489505,-3.4524485805715357,0.00388568028120028,0.00828206541159865
HPRT1,-0.7213383486936511,-3.4574545292322956,0.0038471962426977822,0.008205745639435423
TENM3,-0.45614520942476683,-3.462949536587573,0.003805393340741323,0.008125064848047479
ABTB2,-0.7356060515102371,-3.463082572551635,0.003804386958939769,0.008125064848047479
CFAP221,-0.6933345907029003,-3.4665497366004736,0.003778252917296843,0.008075554526858316
PLTP,-0.8513363831050055,-3.4697311428603497,0.0037544316023345303,0.008030239261099326
ZFAS1,-0.6449993211106857,-3.4701420323331047,0.0037513660285471164,0.008027301087870956
POC1A,-0.632732703947197,-3.4704575611233084,0.0037490136324016235,0.008027053289075079
LDHAP4,-0.715196865378643,-3.4857316223417762,0.0036368955313741944,0.007808815974544242
LOC105373754,-1.1237476797981834,-3.48618259518474,0.003633636953861718,0.007807288653057249
CHDH,-0.7991689256274125,-3.4872395483898635,0.003626011270233839,0.0077936357245909655
TMEM176B,-0.7720693361841117,-3.4977458825388545,0.003551080325510539,0.00764867266176374
LOC105374181,-1.4162382635420985,-3.5010433039272506,0.0035278859387871497,0.007606732608077814
PARP14,-1.58862755442594,-3.5012143140952032,0.0035266872035512064,0.007606732608077814
MAP3K5,-1.775788732410466,-3.502194449987394,0.003519824618373587,0.007594693738342164
SPATC1L,-0.6359537683554717,-3.50867301748146,0.003474800637434554,0.007505471426171182
GDF1,-1.2808524417443814,-3.509278009006342,0.0034706258492546473,0.007499096389119136
DNPH1,-0.7760762089471737,-3.509786100364068,0.0034671236289194225,0.007494170608348399
CFAP57,-1.8746317212682917,-3.519303777762096,0.0034021729022567426,0.0073745827053867865
LOC102723654,-1.8035353574650248,-3.520901522073277,0.003391390262427087,0.007356412706538586
PCP4L1,-1.5054417534198556,-3.522187354171205,0.003382737610723146,0.007340241257958543
HYI,-1.3518384613227716,-3.5236111976385276,0.0033731821867106363,0.0073220987268187675
CALD1,-0.6291855677648789,-3.5314161150034886,0.0033212842081831602,0.007219670991547083
HSD17B7,-0.8024580314175515,-3.5321307208768107,0.003316572889927052,0.007211987163977591
SHISAL1,-0.8962822033709048,-3.5458002381395732,0.0032277363529085224,0.00703628159435606
SKA1,-1.6542066118799008,-3.547651752200263,0.003215889401755391,0.007020442319359169
CHRFAM7A,-0.798453452058589,-3.5491461454002096,0.0032063594633259173,0.007007124246056283
SLC29A1,-0.7706956391888561,-3.5498025171106184,0.00320218269779167,0.007000492131762816
PLP2,-2.1080408319098307,-3.551520503348239,0.0031912763822143564,0.006981628916122057
SFXN2,-0.5750284360341539,-3.555332809263536,0.0031672082118319785,0.006933923692332153
ABCB4,-1.9309404902339309,-3.5575623703164863,0.003153217247243089,0.006910697792492005
DDC,-2.3465753849010014,-3.5587495781744796,0.0031457927081545737,0.006902740400807838
CDCA8,-0.8428938814270014,-3.559116169211178,0.003143503691115814,0.00690174700090972
PHACTR1,-0.4105151473078743,-3.561312508820566,0.003129824738243092,0.006874176153862471
LOC729732,-0.6026720754335805,-3.5653858067542012,0.0031046146275353075,0.006823695828896177
ICAM5,-1.075860972136294,-3.565648580679988,0.0031029953378703358,0.006823695828896177
ASF1B,-1.9174738622451357,-3.572446884325741,0.0030613969757599144,0.006738371081295611
TEPP,-0.7405496132529767,-3.5733330525525013,0.003056016168310448,0.006728943646459428
TRIM7,-1.79510000924928,-3.5930726180082373,0.0029385999013366738,0.00650780975259892
LINC01798,-0.7040385899409031,-3.593152109055015,0.002938136388400786,0.00650780975259892
RASGEF1A,-0.8873734109864013,-3.593320244181732,0.0029371562341989625,0.00650780975259892
NAPRT,-0.6911265998845003,-3.5989391746472768,0.0029045894398140224,0.006444130751378921
LOC105378833,-0.9561663010632051,-3.599489694520981,0.002901418347881778,0.00643942594949866
CDH22,-1.9124321392656727,-3.6064202982780103,0.002861794515366814,0.006363003401958132
NOTUM,-1.2363976544821074,-3.606649361106038,0.0028604942787565425,0.006362420148322789
PCLAF,-0.8485621149360494,-3.610442876003889,0.0028390475583984992,0.006317009630846751
CDC42EP1,-1.071973642920202,-3.6183963245503112,0.0027946081477088092,0.006227610434228013
STK3,-0.8674177095224935,-3.618655244660413,0.0027931733140310233,0.006227610434228013
LOC100129034,-0.48428664406018146,-3.6248405517853484,0.0027591170970090854,0.0061637710658402674
PCDHGA10,-1.001934047025707,-3.631126052663652,0.0027249388512361715,0.006094080685179764
LEPR,-0.7541105609970021,-3.6360490676349513,0.002698468269477046,0.006043701312347202
CRTAC1,-1.067677051202333,-3.6425948939749353,0.0026636739596447114,0.00597669157123795
ADARB2,-0.6944000865157831,-3.642607887648513,0.00266360534467909,0.00597669157123795
EMP3,-1.2739190868102008,-3.645828509989853,0.0026466533629661065,0.005947208619861522
PRKACB,-0.7539272806424321,-3.6635113504860577,0.002555502888052699,0.005761394889210388
RHPN1,-0.9016634257534856,-3.6649198847691555,0.002548380196928007,0.005747450554513865
ALKAL2,-1.5390551796838403,-3.6666644101520487,0.00253958628840631,0.005729725413298005
CHRNA7,-0.7485103589151105,-3.672537548116618,0.0025102055904388672,0.005669218593868657
SST,-1.1122791357741368,-3.680193199561484,0.002472423303713223,0.005596733697105634
PSMA7,-0.6529865214088718,-3.6810955274329182,0.0024680081905580267,0.005590868517413416
RBPMS2,-0.8965625060794088,-3.6901907883547858,0.002423947882136334,0.005501221961309044
MSMO1,-0.8881205582400526,-3.6909547891944827,0.0024202832589590396,0.005494939399044042
SLMO2-ATP5E,-0.8021004941484575,-3.6944969391016653,0.0024033660327852802,0.005458552716181463
SMARCD3,-0.6838967571706319,-3.7000528298853546,0.0023770719805328785,0.005408853467211041
CTHRC1,-1.1136846863515288,-3.7126993723920254,0.002318301043481843,0.0052868993290713165
AIF1L,-0.6754323508321606,-3.7140937144276425,0.0023119119770367777,0.0052762548098419385
GAS2L3,-0.7547516518236091,-3.7154865068450382,0.002305547812854725,0.005263690164916002
LOC403312,-0.5530223574748968,-3.717104033900018,0.0022981790202080024,0.0052507780074077725
EIF4A1P10,-1.1670938107005606,-3.7187468317825427,0.002290719517852921,0.005239593524044181
NBEAP1,-1.6460934594999668,-3.723404940516304,0.0022697013807110324,0.005195395617534963
NME3,-0.761810273538816,-3.7281792342734335,0.002248361681593785,0.0051503950329483935
MESP1,-1.4409307253992567,-3.7284609601362426,0.002247108818716219,0.005149449367749691
SEMA6A-AS2,-0.6478031135039146,-3.731614045570663,0.0022331348990753484,0.005119340662427781
STARD4,-0.6862316528639526,-3.734478780231254,0.0022205152448333556,0.005092315170530666
PIEZO2,-0.44258034406325725,-3.738495490534868,0.002202942528106512,0.005059586997861716
PRDM14,-1.689100187608917,-3.7460722767699925,0.002170177524717292,0.004989943070711553
MOCS3,-0.6489024333618175,-3.7510873490562227,0.002148762465943456,0.004946268838240099
RAB26,-0.7838559287639193,-3.7518248645498353,0.0021456312894277867,0.0049409165305005
C1GALT1C1L,-0.896580230196487,-3.751832234446161,0.0021456000233415116,0.0049409165305005
CTNNA2-AS1,-0.8114224216362942,-3.759416498948301,0.0021136680719628584,0.004876471690301965
LOC101928416,-1.7780552959133455,-3.763738030520125,0.002095689104078474,0.004836812578313647
CCNE2,-1.1711462906433965,-3.764686616301872,0.002091763481573965,0.00483139040770475
NID2,-1.1159557585471964,-3.765051890715971,0.002090253821195122,0.004829723303402223
LOC653653,-1.366140500934317,-3.7733651585821835,0.0020561926609048145,0.004761791088532872
SKA3,-1.5929703397083472,-3.773462347541844,0.002055797804739409,0.004761791088532872
KPTN,-0.6282482673038193,-3.7829953650429444,0.0020174387852189037,0.004679114549145622
ERI3,-0.6250382035416717,-3.785809104886876,0.00200625622555195,0.0046584661600884295
KLHL29,-0.5306328066685408,-3.7918098448890714,0.0019826172964603015,0.0046140637916862745
SYDE1,-0.9914816097704454,-3.7925432282574834,0.0019797477015404026,0.004609135362872263
PART1,-1.1222590422122443,-3.794066694963918,0.001973800120026793,0.00459703447407456
FMN1,-1.714371346592921,-3.795501547945684,0.0019682150670283184,0.004585769046325956
SYS1-DBNDD2,-0.7963998271331678,-3.8003554430213153,0.001949440286263127,0.004548941360789101
RGN,-1.8346407718628928,-3.8018796445715473,0.001943582284187187,0.004540457089202536
RELL1,-0.7236086536537567,-3.8061637113421307,0.0019272127346903864,0.004507368967436883
NTNG2,-0.93894532244817,-3.8066522851330546,0.0019253547921247165,0.004504742318978821
LINC01896,-0.8128699785788384,-3.8086570242474345,0.001917750213151475,0.004490377695423431
PAX6,-1.9549842513807303,-3.8097007545670283,0.0019138031077957317,0.004486276501257299
SEC14L6,-1.3129803265216493,-3.810248617665645,0.001911734539987601,0.004484857531620357
LOC105373283,-0.8006347437923981,-3.8136161863680575,0.0018990693699060463,0.004460266374530292
WWC3,-0.3657322909478417,-3.8164443300891855,0.0018884987728460753,0.004442247689004774
TUBA4A,-0.9227617136141636,-3.824302659881914,0.001859439701713627,0.004380616975981758
BRIP1,-0.9008775186154707,-3.828911878223246,0.001842607132183613,0.004343388099400618
IFT52,-0.6599867278783149,-3.830188435696066,0.0018379726535224146,0.0043367099176645114
APOB,-0.7839510226391779,-3.8325574193920176,0.0018294035272088999,0.004318153108121123
WIPF3,-0.5781455926317611,-3.8328825604035366,0.0018282305933972423,0.004317046817228464
SLC2A1,-0.8878822920902052,-3.837265676935687,0.0018124930318599072,0.004283560067593367
FOXC1,-1.6138940808860676,-3.837592036186592,0.0018113267601580292,0.004283560067593367
LOC107984275,-0.99588122556996,-3.8383222865343942,0.0018087199112586812,0.004279217698192094
EIF6,-0.7830936947690686,-3.839154225590094,0.0018057546984381286,0.004273851853832327
RASGRF1,-0.7187662270537879,-3.841671041306327,0.0017968142545319607,0.004254334252715689
ONECUT1,-0.3859320376510132,-3.84795014728719,0.0017747046634380953,0.00420685985571366
PFDN4,-0.861794975346327,-3.85470963608771,0.0017512124345685288,0.004159214344790811
ARHGDIG,-0.7157304182024945,-3.8557949055668743,0.0017474701943839403,0.004151934996733935
FASN,-0.6822527890794052,-3.856886321524854,0.0017437149572557204,0.004144619111274744
NEXN,-1.2217431142586612,-3.8606328677343837,0.0017308865041398276,0.004117320244616664
UNC5D,-1.2311315262409128,-3.8684101262192656,0.0017045620282510106,0.004064163840209528
WDR72,-1.9438735891518526,-3.8720889068021904,0.001692252256622416,0.004037954975903235
C1orf232,-2.1058447455387683,-3.878174584478338,0.0016720867479011578,0.003994501856833242
ERF,-0.5574027781588863,-3.8785794609775124,0.0016707538502733611,0.003992873724045109
ARID5B,-1.31755509617379,-3.879943198777496,0.0016662722211404424,0.003983716347734366
C4orf19,-2.0925127118781788,-3.8814173628122464,0.001661441450137114,0.0039768200270755595
MAN2B1,-0.616347739797143,-3.8819130302656184,0.0016598203715036857,0.003974491748952185
GLIS3,-1.9187691126769137,-3.8859142908836266,0.0016467930340350776,0.003946380492038712
QPCTL,-0.4988480878764239,-3.8883571916766795,0.0016388905975614333,0.003930516182727538
LOC105371307,-2.662231989672695,-3.892374676844452,0.0016259783949983421,0.003905661270117491
B4GALT1,-0.6816439349530804,-3.895676954119407,0.0016154423974925833,0.0038818745184749258
PLK1,-0.8605513200930319,-3.898344890704164,0.001606981024382977,0.0038646926261839696
MANBAL,-0.6310731846318914,-3.9011318708216876,0.0015981902540011883,0.003846449256783386
CCNB2,-1.3709764925164984,-3.901308368657842,0.0015976351899402485,0.003846449256783386
LOC101928174,-0.7623275125308661,-3.904052006138403,0.0015890319687546718,0.0038304231098962396
DRD5,-1.6667088112146058,-3.9079511305912478,0.0015768865277594952,0.003804137904433572
ARRDC1,-0.395175210228305,-3.9089390009496676,0.0015738244235065139,0.003798245557517689
MEGF10,-2.2374114490123125,-3.9135974371606412,0.0015594660108559678,0.0037665589623904973
H2BC12,-0.6652852160394506,-3.916618429012144,0.0015502259315319513,0.0037457173670835085
UHRF1,-0.7044727383952969,-3.919433596200835,0.0015416655595671836,0.003730915862671471
RAB5IF,-0.7828437805106154,-3.9262363660442516,0.00152117776332856,0.003684243259266722
MORC4,-0.8825744841246537,-3.9315369946697074,0.001505406247433827,0.003651816500502319
FGFRL1,-1.151828733054868,-3.9352841390715163,0.001494357523908632,0.0036278857907167976
TIMP3,-0.8777787300454509,-3.937845515843917,0.0014868526704960975,0.003612527495101497
PCDHB19P,-0.7272649662356895,-3.9380852943125575,0.0014861520855563492,0.003612527495101497
LINC02620,-1.8865182602211412,-3.938826051434468,0.0014839898636924136,0.00360986423191845
LOC105377212,-0.8465896882258324,-3.9415865054409323,0.0014759604557945225,0.0035917576792459
SCUBE2,-0.8997024823031681,-3.9449437933391134,0.0014662546266889646,0.0035738134638581918
SLC2A12,-1.7514280962642288,-3.948306568809051,0.0014565980982460991,0.0035516890780622865
RIN3,-2.8411474815969573,-3.9524929794089547,0.001444666893455806,0.0035287470546263833
LYNX1,-0.9307054370368643,-3.9620666793326387,0.0014177547966541862,0.00346939596945715
GSAP,-1.9950287890768594,-3.964505777828863,0.0014109804018458693,0.003455577252622924
LOC105375249,-1.7071685054824703,-3.9692581988830615,0.0013978755430134702,0.0034262203433316958
MACROD1,-0.7400931823878089,-3.9694074500772776,0.0013974659959973682,0.0034262203433316958
LINC00886,-1.2078850825849807,-3.977175740770753,0.0013763176836107177,0.00338013918290613
RAMP2,-1.0558705019564445,-3.9795013931517254,0.0013700500211078397,0.0033669600999888583
SLC27A5,-0.9906128801640101,-3.9824265748119227,0.00136220791490006,0.003350856548289474
C1QL1,-2.1946819616657933,-3.982611012774398,0.0013617149923539267,0.003350856548289474
F12,-0.9302136183342038,-3.9858165754872057,0.0013531769021722009,0.003331315024223129
ATP2B4,-0.6662450310025434,-3.9873417178040635,0.0013491338323218403,0.003322696019338241
MYH15,-0.785033278653213,-3.992690332443914,0.001335052028322356,0.0032906590002477047
CMTM7,-1.2164070393316107,-3.9984663302165115,0.0013200132547548677,0.003258832562081087
FAM72D,-0.8378395772575162,-4.002241290820638,0.0013102779766226468,0.003240017747759913
HMGCS1,-0.7334945258339767,-4.004813314433025,0.0013036869363798574,0.0032276255735090974
LINC02762,-0.8835210263836285,-4.016002639767543,0.0012754045668048747,0.0031601576372327737
SLC2A10,-1.3467193821336712,-4.0173248269276005,0.0012721041910242696,0.0031532546263561556
FUT1,-1.0401582829212639,-4.018243016245027,0.001269817381827092,0.0031488594460356285
COL22A1,-1.3153942914130001,-4.025480018415247,0.001251939353812595,0.0031146056164250025
NIPSNAP3A,-0.7541202253432803,-4.031570024117456,0.0012370939442214956,0.003080172980535243
MET,-1.0270263604309424,-4.032770870640277,0.0012341879503294715,0.003074186158276985
MFSD3,-0.7592035930555521,-4.037930159149805,0.0012217817635137016,0.0030445212237150366
CREG1,-0.8245008656714692,-4.041279810528947,0.0012137953083277762,0.003028313081013133
PIGU,-0.6938719265711385,-4.041453365701581,0.001213382961944214,0.003028313081013133
CDKN3,-1.8335673798169685,-4.046269358262527,0.001201997599938474,0.0030025449419815993
CRELD1,-0.6486341014071977,-4.046731716499463,0.0012009103047658546,0.0030022757619146364
ROMO1,-0.9077223132616945,-4.050137348114001,0.0011929323981140479,0.002984765551199638
EGFL7,-1.2161725844665663,-4.052275568088369,0.0011879511559391113,0.002973515959945591
CABCOCO1,-2.5197738063298676,-4.054478115040888,0.001182842259628183,0.0029631479573031315
ADA,-1.5181171743923936,-4.054605428432897,0.001182547637882822,0.0029631479573031315
LINGO3,-0.9220373465086278,-4.055257928306553,0.001181038833837514,0.002962261886834681
MYO18B,-1.0442521620664547,-4.055877059485466,0.0011796090072312537,0.0029598867025491544
VSTM2A-OT1,-0.9814907341531124,-4.061980630079523,0.001165607629054948,0.0029295509496132972
LOC100506731,-1.8069005321243568,-4.063816268743015,0.0011614300233480244,0.0029214468785898192
IFITM3,-2.01443247526094,-4.064054498576578,0.0011608889744186676,0.002921284652375383
FNDC1,-1.0828830572473165,-4.070731268354363,0.001145829474467274,0.002889319077945039
TUBB4B,-0.8010004308891614,-4.07103726703791,0.0011451440938939964,0.002888779133979505
HSPB1,-1.4149362399356586,-4.072238946544264,0.0011424566025073244,0.0028837226990784098
TCEAL6,-1.9333247788120511,-4.077770208714276,0.0011301690684481286,0.002858885848794859
GPR61,-0.772520616274396,-4.080088089314537,0.0011250601871019316,0.0028486654055905995
TRNF,-0.8960722954847136,-4.082473936061006,0.0011198261401135902,0.0028365843962381435
LOC105377567,-0.9356908071236051,-4.085062627324434,0.0011141752302839757,0.0028234370242417412
WNT2B,-0.9651289375714457,-4.090067784744073,0.0011033318516410705,0.0028017498966693296
RPH3A,-0.7866493417234574,-4.09216228280822,0.0010988263071613049,0.0027937559300706834
LOC101928255,-1.030552132951295,-4.094988016631164,0.0010927775548307986,0.002779554527432695
PLCB3,-0.5831666477628047,-4.095268041080956,0.0010921799920032462,0.0027791877754171435
PTHLH,-1.504460055285492,-4.096579868504871,0.001089385039757758,0.0027743790169152713
CDCA7L,-2.4194593568129807,-4.0968593086632055,0.0010887906154014961,0.002774017652706222
P2RY1,-1.2399965921399354,-4.098316915911421,0.0010856953672181257,0.0027684328623324085
SNTG1,-0.7098203724197977,-4.102146086633166,0.001077606848420405,0.0027500957455524905
IDI1,-0.764185290954472,-4.102263665435063,0.0010773594587482989,0.0027500957455524905
CD82,-1.4618754690144615,-4.10358916641557,0.0010745745738534036,0.002745786635148547
NAA38,-0.9152560977174058,-4.10385489129316,0.0010740171704381228,0.002745506778476102
ELK3,-1.1312347170348702,-4.107456409771745,0.0010664914527678299,0.0027274061766653303
PCDHGB7,-0.9301034144647965,-4.1107257995593,0.0010597064330216926,0.0027123175091536434
MBNL3,-2.2219550134479076,-4.111813734483433,0.0010574584222090917,0.0027099582475508914
INSIG1,-1.0525935250314173,-4.12309981236699,0.001034423541873672,0.002657592754268906
PCYT2,-1.0759819068911667,-4.137382880967094,0.0010060055650215317,0.0025943685795464825
SHBG,-0.9413465426888923,-4.141953760910426,0.0009970808880706771,0.0025746022931226833
CA2,-1.734121052792102,-4.143086982666039,0.000994880820094965,0.002571087448221811
EHD2,-1.985965586020304,-4.14633103060058,0.000988610152998682,0.0025581174495069316
TMC6,-1.071674814083496,-4.1463892463541825,0.0009884979934106652,0.0025581174495069316
PDE1B,-0.661690261174986,-4.151117150968156,0.0009794324468031586,0.002537582797507761
PPARG,-1.9009588886289888,-4.151644757950553,0.000978426073963604,0.0025360472868485805
ACOT8,-0.7486923139030373,-4.162416751987533,0.0009581089892940246,0.002486540264340546
LONRF3,-1.367286333392531,-4.172041254044088,0.0009403215215967303,0.0024424453082152356
NOMO3,-0.6419919552118158,-4.172603173053851,0.0009392935171810254,0.0024408093515556105
HOXB6,-0.44496091973912205,-4.172860558006813,0.0009388230277342011,0.0024406213570867907
LOC101929188,-1.0946880155927459,-4.173704680676466,0.0009372816973565852,0.002437648198895149
ADAP1,-0.7874930049990269,-4.176519752045805,0.0009321602008551562,0.002427418025166571
TCF7L1,-2.508991073120847,-4.179365025926564,0.0009270128634120182,0.0024150398864070002
FGF7,-0.9032440240968846,-4.179787018972763,0.0009262519244921416,0.0024140834596670185
CRYL1,-0.9391894750472116,-4.181680545097038,0.0009228453777670426,0.002407251985409349
ZNF560,-0.9760448144327015,-4.188409642300194,0.0009108428429065671,0.002377967047281625
PPDPF,-0.7396205714098699,-4.192696585869113,0.0009032797859270497,0.0023612388433828634
LOC105370824,-2.0576591795580623,-4.200154614115211,0.000890275178947208,0.002332216601259139
BAALC,-0.8071737580476633,-4.203020022917175,0.0008853298788068602,0.002320253166774713
RFK,-0.6620986725804205,-4.207969397925825,0.0008768541112424454,0.0022990229691686017
GPR37,-1.1977059630819962,-4.210209701330046,0.0008730449785378996,0.0022919767530780832
SC5D,-0.7250454625811855,-4.210551026315958,0.0008724661218396958,0.0022919767530780832
IL17D,-0.7089711599622718,-4.210601683327214,0.0008723802455833831,0.0022919767530780832
FAM111A,-2.10846109132786,-4.2138598536889,0.0008668749846859241,0.002281642852068416
GALNTL6,-1.293502668475502,-4.214838211430709,0.0008652288323776663,0.002280081773351723
CCDC85A,-0.8210559463382173,-4.2199862161054025,0.0008566195804867722,0.002260472676876416
GCAT,-1.1780236072588965,-4.224019923504635,0.0008499351811465358,0.00224379959536101
CRB2,-0.8768355856515848,-4.232453829079125,0.0008361312160934887,0.002210213175788308
KCNF1,-0.7193340517972858,-4.233343908756952,0.0008346878685424899,0.0022073497127547293
LDHA,-1.1188883732073516,-4.237820253398729,0.0008274676740848604,0.0021910915084838853
GNG13,-1.649273189083607,-4.24078670789544,0.000822718177304391,0.0021803988010704353
CD99P1,-1.3710412522934994,-4.2506092328571,0.0008071901428557899,0.002145415584832982
FBLN7,-1.0817316834925361,-4.258130176746956,0.0007955039062015664,0.0021183488032213735
TNFSF9,-1.1753041706563905,-4.2586330391429295,0.0007947287597813494,0.0021172043882919044
HSD11B1L,-0.6960446337126944,-4.265324668851216,0.0007844872399150309,0.0020926487296253874
BOC,-0.9392043973254488,-4.273563684638984,0.0007720631037722839,0.002061480914398894
S100A10,-1.1506941984407226,-4.282709689344484,0.0007585073776086645,0.002030414945301796
PPL,-0.7762550584483624,-4.282760267760324,0.0007584330956166574,0.002030414945301796
RSPO4,-0.9613851053076792,-4.2944300317222615,0.000741492234572158,0.001989245416063845
HOOK1,-0.5488557185140226,-4.294762310752558,0.0007410155938209914,0.001989245416063845
PLEKHA2,-2.1631984577047496,-4.297388413362898,0.0007372595996418679,0.0019813245707166376
DCST1-AS1,-0.9435006230970608,-4.302522486844899,0.000729972894593561,0.001962602563095846
TMEM233,-2.019990052532989,-4.303504139481692,0.0007285880889433297,0.0019597389140950465
GPR39,-1.328005041005579,-4.309322060250861,0.0007204359717119251,0.001942072342389666
CD74,-1.1231734325874874,-4.31157991596279,0.0007172975138115918,0.0019353141547821555
PGRMC1,-0.7063516545463223,-4.314404420216115,0.0007133911520521029,0.0019264703797706566
ZNF703,-0.6387023801974148,-4.316338082243411,0.0007107294450210802,0.0019201284698013316
UGT3A2,-1.7865074097870264,-4.323357350286926,0.0007011527086670065,0.0018967635057937997
GHR,-0.8158068931803754,-4.325403606592766,0.000698385911856339,0.0018901128652005995
GALNT14,-1.3245457098774516,-4.33096713571591,0.0006909198448219268,0.0018731597542229704
MELK,-1.0871158656682256,-4.3357439885822515,0.0006845748729942403,0.0018576555871866727
LOC107984787,-0.8939376655318226,-4.344792531868408,0.0006727194224525047,0.0018287228645826404
LRRC8C-DT,-1.133847681105017,-4.353335355616849,0.0006617200472724924,0.0018036211159539258
C17orf67,-0.9041016992504335,-4.354939605194491,0.0006596751727879131,0.0017996478901601725
CCNA2,-0.9351721996746735,-4.356061084979361,0.0006582495218652708,0.0017965581340312156
LOC105373234,-1.6870858509227942,-4.357749204595155,0.0006561095100425285,0.001791515054147305
PC,-0.8988823937002571,-4.358914226344871,0.0006546367930488666,0.001788290348212813
HCP5,-1.7270890936910779,-4.361136682949032,0.0006518367712861033,0.0017814353134123107
CRACR2B,-0.9169909652435533,-4.366846386814252,0.0006446995139519175,0.0017635020171910996
NCR3LG1,-0.7676938195794266,-4.37146884093715,0.0006389801797201892,0.0017509827902032898
SYTL5,-1.902956618889723,-4.378859731094332,0.0006299435637633692,0.0017293121566813495
MGAT4C,-2.114724897884043,-4.381813562067192,0.0006263688303171095,0.0017202692338010221
ZDHHC23,-1.1932938080677327,-4.3895947927598815,0.0006170514170912746,0.0016984845921731086
RNF175,-0.8252114533424725,-4.390646040104418,0.0006158035983014606,0.001695811346625316
LDLRAD4,-1.6332820181536052,-4.392933214611497,0.0006130976996565288,0.001689118606244729
RSPH4A,-0.7250561464321286,-4.394880419981525,0.0006108036422467069,0.0016843123378193043
MZT2A,-0.727414700567316,-4.396050611739097,0.0006094292526279525,0.0016812787212463318
AHCY,-0.9840425528882076,-4.399060407736967,0.0006059088327661513,0.0016730725877732017
MGC12916,-0.8430955976567186,-4.4001672818432365,0.0006046194364657662,0.0016702645991595977
KCNK9,-2.562838348997738,-4.412420035456889,0.0005905332364840134,0.0016350355644295404
GSTM4,-0.8946819843093783,-4.418292592438321,0.0005839019869594223,0.001618137061510515
KIF4A,-1.573560667093617,-4.418858921783591,0.0005832665532243508,0.001617107178319887
C2orf88,-0.9241935688193812,-4.43096183476967,0.0005698554899950889,0.0015842241059727412
PRKCA,-0.6576708682759903,-4.438657103861642,0.0005614937858880695,0.001563104862622101
BMP6,-2.200743718087114,-4.440574947121201,0.0005594295660179826,0.0015580659880464484
ACTN2,-0.8513578159269543,-4.44353773864512,0.0005562559765794944,0.0015499314256510457
DERA,-0.85885967729,-4.447932035530757,0.0005515830998219859,0.0015383095550085412
NPAS2,-2.715215457218045,-4.45462063319517,0.0005445478553591455,0.0015235410102015345
PLEKHF2,-0.6848239170397297,-4.454828445180332,0.0005443307579478206,0.0015235410102015345
TNFRSF9,-1.4866408533364415,-4.470332654176422,0.0005283824042266878,0.0014823726031622866
INKA1,-0.8238022257675065,-4.470371294260577,0.000528343263715534,0.0014823726031622866
AQP5,-0.8346849582401931,-4.4733883544295905,0.0005252963241309772,0.0014750648039042098
IL1RAPL1,-0.8927426324634098,-4.475296324957221,0.0005233787984780391,0.0014703538197389458
MGST1,-2.73352139047872,-4.479481181642931,0.000519198174268126,0.0014606171676290098
ANKRD20A1,-1.1588850205952572,-4.483294148368368,0.00051541899228524,0.001451317603449022
MICB,-2.7409133134744725,-4.487589114682452,0.0005111959766354044,0.001440750039896565
FBXO6,-0.9440287868726086,-4.4927600180013965,0.00050615891819909,0.0014272098291446284
SOWAHC,-0.6832581810012275,-4.496979288691099,0.0005020867328439857,0.0014170311566913593
COL5A3,-2.9370785904977916,-4.498940021022496,0.0005002058475355264,0.0014136753551833921
LAMP5,-2.8251145796918844,-4.500931402062291,0.0004983029868909958,0.0014089470985432678
TMEM91,-0.7902113355110403,-4.505537788451389,0.0004939298723183631,0.0013991636401624612
CLDN1,-1.986791367377486,-4.51121550316474,0.0004885940082141101,0.0013846885207362436
MMP9,-2.2217135084916806,-4.515554393633919,0.0004845564000578585,0.0013751531168308669
DYNLRB1,-0.7326717418557365,-4.520126334134298,0.0004803390931966478,0.0013638159524295744
CACNA1A,-0.5039449948977901,-4.530213036990908,0.00047116798236088175,0.0013408819553724258
RNF17,-1.1480409790411743,-4.533712285213649,0.00046802867592393336,0.0013339191338117124
SLC7A4,-1.1615655266054712,-4.535104664172058,0.0004667855213287675,0.0013315008123524173
EMILIN2,-1.2114864236707248,-4.536632337734775,0.00046542548522054945,0.0013288580458323093
RTF2,-0.68397393242051,-4.538620296533682,0.00046366178357666046,0.0013250567521328337
RHOC,-0.8392039263805585,-4.543551644567575,0.00045931639604670854,0.001313863512723436
CAPG,-3.351666300395444,-4.547358745730914,0.0004559903856263553,0.0013067887161709014
PSORS1C2,-1.985918060352996,-4.548825212366429,0.0004547158616313259,0.001303745665014045
TMEM191B,-0.9173942710163929,-4.557731307971853,0.000447053916331156,0.0012829777655009298
PTPRH,-0.8447140711446547,-4.564714427852878,0.00044113945306656284,0.0012677847385363478
DGKG,-2.884008528231416,-4.565788248821394,0.00044023714381923837,0.001265785033589086
DAAM2,-2.6423124515187393,-4.566153955951658,0.0004399302822384115,0.0012654963069551677
ITIH5,-2.5292972030839427,-4.577309629986363,0.0004306748363392772,0.0012417858639509733
B3GALT5,-1.1739805537167787,-4.590906145791958,0.0004196651412376727,0.001214038374604499
TMBIM4,-0.7157387063139132,-4.591833950114376,0.00041892451659953847,0.001212468029629448
ADCK2,-0.7282373171038109,-4.592261799026745,0.00041858343818496145,0.0012120531299356701
FZD5,-0.9635905416285008,-4.592738815025378,0.0004182035016838529,0.001211525267165415
LOC105370767,-1.321580742116421,-4.6033216947405995,0.00040986523414318214,0.001189618316902323
ETNK2,-0.9563411944143932,-4.612531546392457,0.00040274836048600213,0.001171735856563452
HJURP,-1.2272157418481673,-4.615669693031671,0.00040035259067548534,0.001165318794321332
STXBP5-AS1,-0.9832708745892847,-4.6167230874258065,0.00039955169260468167,0.0011635400834521133
LOC101232810,-0.8210535448590165,-4.617719407345931,0.00039879570925505873,0.0011628314974657047
PRR18,-1.062505184833414,-4.624660445270228,0.00039356980263387015,0.0011493963268916741
RBFOX1,-0.6279882959577219,-4.624780274248763,0.00039348020638878007,0.0011493963268916741
DNAH2,-1.6680015424307226,-4.629204767062769,0.0003901866997111087,0.0011406029896180718
HHIP-AS1,-0.9217213788926674,-4.630088610471286,0.0003895321994787314,0.001139776793701491
VIM,-0.8654650950297579,-4.63654449185637,0.0003847857422463338,0.0011275031548613893
CDKN2D,-0.7285227672983436,-4.638716811211615,0.00038320207445336293,0.0011233996730746604
PDLIM3,-1.1853919094621812,-4.646986017711802,0.00037723492047407527,0.0011085570769444302
CAVIN3,-1.761006887941885,-4.648352858406103,0.0003762578663468248,0.0011067469869030881
HSD17B8,-0.9862843501597239,-4.654411571310981,0.000371958283759773,0.0010946251941658226
NOG,-1.8171399911136463,-4.660988735801922,0.00036734814842127417,0.001082097140712355
IRAK2,-0.8775817371901862,-4.6785353806149885,0.00035533553951343834,0.0010497382444421095
PRKCQ-AS1,-0.78422020810089,-4.684337700505271,0.0003514530549801362,0.0010400514955897291
TRIL,-1.0307052212505994,-4.692969611643969,0.0003457580937797028,0.001025894053663881
NRIP3,-1.150623752518003,-4.698259180681418,0.0003423154404375708,0.0010166635900592583
NOMO1,-0.7380141143758101,-4.700888939012289,0.0003406170884718919,0.0010130920680896153
SLC22A17,-0.8141569885662776,-4.7052030862838246,0.0003378497497035228,0.0010063260280284718
BMPER,-3.5731968044374627,-4.711264393569104,0.0003340008640863317,0.0009958294245375552
NEBL,-0.6784156293884228,-4.723686891539086,0.0003262535672949992,0.0009736778809729043
RFX5-AS1,-0.9218716807553754,-4.728120325984597,0.0003235338145060216,0.0009665318983960593
FAM131C,-1.3130557105053022,-4.735625386497149,0.0003189830032751253,0.0009547684619514249
SYT6,-0.9212728287875079,-4.738591858921892,0.0003172025233071137,0.0009499030131278002
GPR12,-1.0161932106169054,-4.743506538762495,0.00031427529684819125,0.0009420574912857762
CITED4,-0.904761417305666,-4.752788579179439,0.00030882274441358155,0.0009266193946428071
SPAG6,-1.0314913535886372,-4.76181738989304,0.0003036127259901793,0.0009132217911284588
HERC6,-0.9204468063948942,-4.769012186533973,0.00029952610996750856,0.0009022580118431585
SLC16A2,-0.778199534700805,-4.779658032855628,0.0002935833546820438,0.0008864832509353514
POGLUT3,-0.7254039016932592,-4.784331198955216,0.00029101331907991187,0.0008796408510650196
PON2,-1.1094677788775098,-4.784554850399499,0.0002908909055578662,0.0008796408510650196
TENT5B,-2.0104396846802346,-4.785207760197145,0.0002905338460399029,0.0008790584778996074
TIMP4,-1.7615491050442054,-4.790276482636475,0.0002877772639186421,0.0008715783734294843
LUM,-2.371957904370328,-4.792156109693036,0.00028676193188009627,0.0008689325963544193
SENP3-EIF4A1,-1.377283152831243,-4.7937845390844025,0.000285885286543894,0.0008671335014913757
CD58,-1.7834567536812072,-4.796399371819343,0.0002844834170803896,0.0008633085874766278
DGAT2,-0.8950574675928041,-4.797434536356389,0.0002839304087608191,0.0008620571598334923
CCDC8,-0.9363302770750449,-4.7994979787247924,0.00028283138578960766,0.0008591458844847844
GPNMB,-2.22683540835332,-4.799579719923098,0.0002827879398094852,0.0008591458844847844
DUSP2,-1.3442272131289454,-4.801604932807767,0.0002817137272523344,0.0008565997758218304
ANKRD18A,-2.3795148048801535,-4.805347810161053,0.000279739526228895,0.000852024582555434
LRRC73,-0.8270480726672947,-4.806952126686762,0.00027889770760156904,0.0008501456725995117
GABRQ,-1.3518347157602233,-4.813738667477463,0.00027536555311555565,0.000841471007277346
CKAP2L,-1.6426349907960252,-4.8152177517985635,0.0002746019030921581,0.0008395559431196653
UTS2,-3.1697355824283857,-4.819431778738775,0.00027243819474295506,0.000833772408274745
FMNL3,-0.6796197164886119,-4.821977776956674,0.00027113949701254033,0.0008318095835349258
NOTCH2NLA,-1.6846388918860027,-4.825131140267388,0.00026953986068359667,0.0008277952635222682
SYCE1L,-1.4261973474322018,-4.83763163620833,0.00026329408294630934,0.0008106442634158094
TMEM229B,-0.856631510732874,-4.837880041445148,0.00026317149794703867,0.0008106442634158094
LOC105379040,-1.1086145095519417,-4.849034614642966,0.0002577272853571947,0.0007947023436818932
CCN3,-1.5218688926588304,-4.851881490177384,0.0002563565717087954,0.0007912717948514177
DOCK9,-0.6337806672665725,-4.8535232023379695,0.0002555695525648487,0.0007896090745665077
WNT3A,-2.551261891524823,-4.8655554229257465,0.00024987723754446583,0.0007728291958363146
LOC728392,-0.9704514324874614,-4.876181133256579,0.0002449594788379996,0.0007591514687952161
MMEL1,-2.5221755549886447,-4.883126368684508,0.00024179935613143977,0.0007504962294104941
CCNP,-1.2107923263581664,-4.89484097239901,0.00023656444924439983,0.0007349924348039387
TSPAN7,-0.7146704907306667,-4.895974582201172,0.00023606414027268387,0.0007338099289409493
KIF18B,-1.923504638185277,-4.896532739837191,0.00023581820491416194,0.000733602745545774
TGFBR3,-1.3359404241949535,-4.898330535682401,0.0002350278625721634,0.0007317017763165879
CASP7,-2.9944992485855817,-4.899153681577306,0.00023466690939003267,0.0007309492655289127
NDC80,-1.2635282991573513,-4.902730585792702,0.00023310507628709358,0.0007264535422673532
NIBAN1,-2.18276219166422,-4.9128772497466935,0.00022873291964940924,0.0007146446470187965
POPDC3,-0.7817313182739816,-4.914496126768978,0.00022804324882349098,0.0007128531949454358
RASL10A,-1.2555522463496565,-4.914510438763709,0.00022803716127084225,0.0007128531949454358
TSPAN1,-2.1966478580198037,-4.920286767641719,0.00022559391409740428,0.0007066380651083742
CSE1L,-0.8119557423485286,-4.9203606366697,0.0002255628455051306,0.0007066380651083742
NABP1,-0.8666781065505303,-4.922705838474265,0.00022457877735130205,0.0007042372526565332
OPCML,-1.1132650935978572,-4.925762257695409,0.0002233029473190624,0.0007008945555892742
PCDHGB1,-1.7055510443810549,-4.927449689717148,0.00022260178827848145,0.0006994100267283912
FOXD4L3,-0.632161585510426,-4.940361845101239,0.00021731149124833694,0.0006839587944841866
ANKRD20A3P,-1.7191699473536426,-4.944957734712895,0.00021546007328514689,0.000679408564422814
RAC3,-0.7592727506428258,-4.946446491187636,0.00021486385068362405,0.000677877202619977
CMTM8,-1.5911092789157963,-4.952294949422114,0.0002125381412537502,0.0006712307088539354
LANCL3,-0.9675959283928827,-4.956490866414276,0.0002108856693442793,0.0006670429066462498
ACHE,-0.8649996433349902,-4.9593062582303356,0.00020978435743844144,0.0006639019675258885
NETO2,-0.8999607944797465,-4.96349420573203,0.00020815715251113663,0.000660115543141887
CD36,-1.0875087598036983,-4.9685496996756235,0.00020621028073407026,0.0006549580419170212
C9orf116,-0.8320467425650577,-4.971640850039245,0.00020502918602162225,0.0006515442769893958
RREB1,-2.2347526209908213,-4.978774589144744,0.00020233015237168148,0.0006436345791584886
COL6A1,-0.7894626417791573,-4.984812155976316,0.00020007464022216078,0.0006377750848698425
SYS1,-0.7697819658280697,-4.985337992523588,0.0001998794364881227,0.0006374926876546265
ARRDC3-AS1,-1.1236792160644578,-4.986119065042849,0.00019958984717344635,0.0006369004493353599
LOC105376139,-1.2728068415503702,-4.987365295852854,0.00019912869688449848,0.0006357598499489457
ADAMTSL1,-0.8646007402015297,-4.990941489853348,0.0001978115000451494,0.0006322129798106183
SYNC,-0.9427839787949875,-4.993234059073378,0.0001969718476883495,0.0006301865481887173
LRRC26,-1.2518776491168788,-4.995247477107346,0.0001962374824821628,0.0006285039990085055
PRSS23,-1.2123356431414858,-4.997838490845743,0.00019529662299414628,0.0006267896853162916
CFAP46,-0.5990070269204701,-5.002511889398957,0.00019361140890261587,0.0006226851713394729
NAGS,-0.5781999768849603,-5.005212174706084,0.00019264457453188895,0.000619900914372955
FGFR3,-0.8825517798245429,-5.012406014352969,0.00019009318938453983,0.0006136236181817952
FBLN2,-1.1209818539542076,-5.017467160288868,0.0001883192115212914,0.0006082174745129169
PCDHGB5,-2.5999617543418734,-5.018253430512769,0.00018804516147205526,0.0006076525249465992
HIVEP2,-0.6454430786000445,-5.023306943556816,0.00018629363305752537,0.0006026279528457153
CEP85L,-0.2500736652542952,-5.025694014242052,0.0001854721765436512,0.0006002874562896419
CALHM6,-1.3746799139421995,-5.026857562531501,0.00018507313065567523,0.0005993123565342257
DACT1,-1.0940419108207038,-5.029219292049784,0.00018426589744849198,0.0005973294295924146
TEAD4,-1.1405770073705703,-5.0306257949869515,0.00018378689441328136,0.0005960918850547168
EVA1B,-3.1328305521839455,-5.033537931654472,0.0001827992296274032,0.0005935165665338886
ITGA5,-1.4881874982401964,-5.04515911117668,0.00017891235936793554,0.0005815125996423355
CGA,-2.572904499551514,-5.045951676534042,0.0001786504178457241,0.0005809692633391452
SPEG,-0.7164066879356235,-5.050535119684286,0.00017714338218493555,0.0005763741681494984
MSX1,-1.9405446297094222,-5.057501555401693,0.00017487803315388754,0.0005696080463513979
SMOC1,-1.1022427217724005,-5.060452488795023,0.00017392753098964057,0.0005670711498101086
PCSK6,-1.619429020815639,-5.06222991201502,0.00017335760766295908,0.0005658584318285086
SOX2-OT,-2.622749480382754,-5.070023527939462,0.00017088140440136464,0.0005583704738701307
PSMD10,-0.8929685697267015,-5.0758258006937576,0.00016906175120378136,0.0005533094153118952
DIAPH3,-3.072599576195854,-5.077726741290346,0.00016846997981788698,0.0005516671881857089
CRTAP,-0.8658925083030314,-5.081096428823241,0.00016742625874589852,0.0005491294628744558
MAPKAPK3,-0.8143716159542915,-5.081276294157575,0.00016737073662172783,0.0005491294628744558
ACSS2,-1.2936243664727733,-5.083090516640821,0.0001668117768466062,0.0005477001564379733
RASIP1,-1.175039184846304,-5.087971277761679,0.00016531761845165214,0.0005433764081011408
PPM1M,-1.0626972690378018,-5.091162197284153,0.00016434829153671627,0.0005404801647639865
ERGIC3,-0.8173157963895293,-5.09130610664841,0.00016430471452833422,0.0005404801647639865
CCN1,-2.203458261196179,-5.093421740261222,0.0001636654648364895,0.0005388127279525674
BMPR1B,-0.7202863514050732,-5.102667763187107,0.0001609018852230178,0.0005308549819252417
CALM1,-0.7503422743211384,-5.103933786268319,0.00016052726726715813,0.0005299042263584704
VGF,-0.9364802296049284,-5.105058408231624,0.0001601952496263688,0.0005290931466646772
LTBP3,-0.8816841811476158,-5.105414591827606,0.00016009024370373026,0.0005290313713767474
MED14OS,-1.0149319207178742,-5.109345589111915,0.0001589360881789554,0.0005260681536376872
GNG11,-2.7301465709984365,-5.113266471391,0.00015779350675313873,0.0005225684475401083
SLC12A5-AS1,-0.8421124480354444,-5.119510140843965,0.00015599161751871145,0.0005168803326430818
KIF2C,-1.383824192773337,-5.12031679870028,0.0001557603839641281,0.0005163932686317497
LMO3,-2.0386763006503776,-5.123185605935394,0.00015494090231863876,0.0005142326644359803
CEBPB,-1.1110980293916108,-5.124564734044298,0.0001545485459388954,0.000513208335105866
PACRG,-0.8415502251201421,-5.130220129361187,0.0001529503689202052,0.0005084521483084913
KCNQ3,-0.6913705833462108,-5.13718460317282,0.0001510058097348629,0.0005028058738048396
LORICRIN,-2.4284525820538545,-5.137399883673153,0.00015094611176552804,0.0005028058738048396
ENPP2,-0.9474309681429073,-5.140225074639781,0.00015016494513441116,0.0005005498171147039
STBD1,-1.355833808640847,-5.144284365497161,0.00014904989314470577,0.0004973738949249027
KCNT2,-1.2025492399278586,-5.150186854471734,0.00014744385329927385,0.0004930882819010085
TUB,-1.192472306734323,-5.152145974654437,0.00014691476814927202,0.0004915870790147584
LGI2,-0.6992899268875062,-5.159024199019036,0.00014507278256005942,0.0004859541842039149
MKRN3,-1.6084697238432095,-5.163304500676855,0.0001439386457103017,0.0004829468517811436
NR0B1,-1.96441592083631,-5.16425585720561,0.0001436878216794556,0.00048236930279028635
NTS,-1.4148005201076561,-5.164305273399621,0.0001436748055714517,0.00048236930279028635
NECAB1,-0.9859691284047709,-5.164316229999552,0.0001436719197950087,0.00048236930279028635
MATN3,-1.037825989950284,-5.166656450141124,0.00014305692484938796,0.00048104166172613724
TTC9B,-0.9912749516182031,-5.173778996011538,0.00014120194084558585,0.00047532558889810066
TBX2,-1.0916478014432678,-5.175014798383299,0.00014088264354414603,0.00047451132138770063
TPM2,-1.2048773051312,-5.177188540754572,0.0001403228276194327,0.0004728856147922608
MPDU1,-1.127561620265846,-5.1826759183814755,0.00013891989209331034,0.0004686730536774862
EPHA2,-1.1013966125289767,-5.184629939063896,0.00013842384178933264,0.0004672566906214808
LYPD5,-1.381289838681238,-5.185064460491448,0.0001383137839956442,0.000467142421979779
SLC25A6,-1.129788230231905,-5.189545282433796,0.00013718414853499555,0.0004640942773286549
LINC02600,-1.3907247344957574,-5.190287641943237,0.00013699792419336371,0.00046372019619288766
CALHM4,-1.2135936057202206,-5.194272332593125,0.00013600282615101246,0.00046086087579088247
CPNE4,-1.2399436547760125,-5.194772718830368,0.00013587839652522179,0.00046069389972323534
MEF2C,-1.1273637578401512,-5.195634394636568,0.00013566440328109468,0.0004602568458334224
ARFGEF3,-0.537623421826869,-5.211739359289531,0.00013172862253227484,0.00044761444352707584
LOC728975,-0.9860751782235586,-5.217417367007101,0.00013036947430154316,0.00044373396861102697
RGS19,-1.2486187874522827,-5.222339075729465,0.00012920315824500753,0.0004404979755516664
PCK2,-0.8888212220425661,-5.224407728850741,0.00012871618451721994,0.00043908192047332123
FNDC4,-0.7707830240329465,-5.2313807827679595,0.00012708869515879929,0.0004337715486210689
ZFP42,-1.555061014815268,-5.235216904280843,0.000126202493485498,0.0004317083063984948
EFEMP2,-0.8721248410275018,-5.250763064249251,0.0001226763650269169,0.000420585076965884
WRAP53,-0.8688788319778108,-5.256746716402075,0.00012134661975295836,0.0004164920375619455
COMMD7,-0.7569759938638647,-5.260612304676038,0.0001204955492496696,0.0004142668070109224
SOWAHA,-2.064572494923371,-5.27505360511858,0.00011737059762747847,0.0004042032378968781
TEAD3,-1.034823493757799,-5.2814585261603355,0.0001160117368180964,0.000399748143167471
EDEM2,-0.7544810659470125,-5.287329096843929,0.0001147806168966901,0.00039617408872562516
DOCK8,-2.3948428206025674,-5.293707431118399,0.00011345840863338751,0.00039249438201053357
CILP2,-1.4161611894260198,-5.308548418435158,0.00011044289035317805,0.0003824943038785206
VWA5B2,-0.5836179923077803,-5.313317374003792,0.00010949169587069149,0.0003796290133978161
KCNIP2,-0.9229905981083748,-5.319650825670007,0.00010824161542498389,0.00037571976362126344
CLEC2L,-1.463454569338187,-5.320971304242494,0.00010798285926194663,0.0003752465574125469
INSRR,-1.251353563535573,-5.323946630877737,0.00010740218185353815,0.0003736523125778598
VSNL1,-2.6954785700379484,-5.324003072370743,0.00010739119795446267,0.0003736523125778598
PPP1R16B,-0.9948951666042568,-5.331966478256216,0.00010585312411562775,0.00036952144124646817
FOXD4L6,-0.7894823691281324,-5.332303680567111,0.00010578850415919217,0.0003695062851828194
JDP2,-1.1703776618218784,-5.333165232215549,0.00010562358662956069,0.0003691405849710416
OCA2,-1.3927180623969053,-5.335175209473653,0.00010523987796389801,0.0003680093850078122
CNKSR3,-0.515742953425867,-5.33973005175346,0.00010437570937906081,0.0003656131991392244
MATN2,-2.4246532964063103,-5.345288814718043,0.00010333107000100183,0.00036216092573249927
UST,-1.1066495155809517,-5.351542694910814,0.00010216879907562972,0.00035829218440137884
SCN1B,-0.4724899272883663,-5.352727883820802,0.00010195007252225995,0.0003578424721821434
PEG13,-0.5162710437957431,-5.3570425044025844,0.00010115791853965358,0.0003555608031238971
LRRC3B,-0.968077401784467,-5.359966937117754,0.00010062464556570897,0.0003538893157302329
RASD1,-0.7244758608122466,-5.361143077807103,0.00010041100129023457,0.0003533406647009977
LINC01586,-2.219014721564785,-5.3672693435206185,9.930578566012563e-05,0.0003500543220796838
HAR1A,-2.2596665908091205,-5.375327029682343,9.7871383596993e-05,0.00034559422894560316
MAML2,-1.5873969884014898,-5.37869112870923,9.727891781725171e-05,0.0003437001534407798
LOC100130587,-0.5758848218280987,-5.38649313315147,9.591920404478579e-05,0.00033928720184335656
TENM2,-1.1049475477486839,-5.387273493928425,9.57842979007222e-05,0.0003390056270966669
DCDC1,-1.4326195441465492,-5.391247933665898,9.510026971382581e-05,0.00033694118108983854
HS3ST3A1,-1.2589896716085458,-5.398127902923215,9.392817995185882e-05,0.00033339880897793547
GULP1,-1.0845415137738725,-5.3993813076858,9.371627192484231e-05,0.00033283936668556394
KIFC2,-0.7756533991793979,-5.412131716733081,9.158869789533833e-05,0.00032584951717842364
TLR5,-0.9985425347629803,-5.412756003275537,9.148582842369886e-05,0.0003256725483375575
THSD4,-2.2005089825535205,-5.414224029687432,9.124440213139742e-05,0.00032500185070625577
BOK,-1.2282811614407116,-5.415973857380624,9.095749859934103e-05,0.00032416829442672123
PNCK,-0.9104141454320209,-5.4222941860446685,8.992901457770865e-05,0.0003206892724615207
PTPRR,-1.4850813963844676,-5.423251191618187,8.977434385462512e-05,0.00032051061609135234
UQCRFS1P1,-1.579944911364509,-5.425971821496151,8.933614916225399e-05,0.0003193181308248495
MTUS2,-0.5987772936646393,-5.433339604582578,8.816061968610306e-05,0.00031548429578272724
LINC01630,-2.458747173845695,-5.442297429960909,8.67530740415787e-05,0.00031062870553439097
RAB29,-0.7722269694213811,-5.44696479329214,8.602898834580446e-05,0.00030875743475397034
PRR5L,-1.5992755296961128,-5.448098629191507,8.58540398616771e-05,0.0003083529319029019
INSC,-2.844195559400764,-5.459540318984993,8.410921942205929e-05,0.0003031096502394024
LOC105379507,-1.4216846628988653,-5.459807454170651,8.406892646597006e-05,0.0003031096502394024
MYLIP,-0.635764389830233,-5.469251282793733,8.26573300106523e-05,0.00029893181885858326
CD248,-2.3614422700423465,-5.469319120697093,8.264727992519949e-05,0.00029893181885858326
CHST9,-4.03182396607347,-5.4769260600172105,8.152836266374238e-05,0.00029537166851580424
BAMBI,-1.1535080418153638,-5.478373082509942,8.131731130919844e-05,0.0002947812645330493
PAPPA,-1.2313194153230926,-5.4837003458649916,8.054521336743964e-05,0.00029250127840189867
IGFBPL1,-0.9514263183840319,-5.485572820507704,8.027564781463063e-05,0.0002916951518101279
EPHA6,-1.6848100308891858,-5.486439742558333,8.015116248142725e-05,0.00029141555516675507
SLC1A5,-1.5865302828341663,-5.494692449999031,7.897614587148573e-05,0.0002874844264799332
SLC6A2,-1.5486096491799324,-5.500878445753003,7.810717056994772e-05,0.0002846593077251959
TMEM132E,-0.8304258604369581,-5.501173073879461,7.806603232673812e-05,0.0002846593077251959
STK26,-1.2430610321766595,-5.515670887263824,7.60693872334182e-05,0.0002780592389629419
CCDC80,-2.502109815184813,-5.515855670253572,7.604428529696024e-05,0.0002780592389629419
MKI67,-2.016735277486566,-5.527087478180633,7.453459856242749e-05,0.00027293732926384737
WWC2,-0.5549989501089103,-5.528453895756447,7.435308021217207e-05,0.00027259831441424327
ADRA2C,-1.7253956258378982,-5.531422753441447,7.396027686723945e-05,0.0002713204651084248
ACTA2,-1.8241521985956162,-5.533224811149991,7.3722906420138e-05,0.00027061162656014727
EPHX1,-0.8068867312538444,-5.534768338781355,7.352022177436377e-05,0.0002701912227079436
TRNC,-0.8735854243884423,-5.538395252035699,7.304624615841207e-05,0.0002686103712963803
MAP1LC3A,-0.9597072750774044,-5.540178621555173,7.28143600496402e-05,0.0002679183836160231
KIT,-0.5582341926041486,-5.550523954698236,7.148424804471957e-05,0.0002634987615839633
LOX,-3.049800159189629,-5.552866342770275,7.118661847213315e-05,0.00026255954947904705
DNASE2,-1.0847068980320052,-5.554009075138487,7.104188948844011e-05,0.00026218349341609746
LOC105376060,-0.6981612925575885,-5.5575402086427035,7.059660193403182e-05,0.00026069709027446694
HM13,-0.8048436046005374,-5.5611851869279425,7.014001089256996e-05,0.0002591671288556081
RASGRP2,-1.087151418419548,-5.561938159132561,7.004607376519848e-05,0.00025897613521149983
BCAS4,-0.8455263882270257,-5.566513096162613,6.947814107587139e-05,0.00025703138490953026
SMAD6,-3.4674654716549633,-5.570288669709708,6.90130600808748e-05,0.00025546501104816577
TGFB1I1,-1.644244388643352,-5.572098537151246,6.879127054697364e-05,0.0002547978782193042
MIR646HG,-2.9059212632420643,-5.576540329986795,6.825009891190276e-05,0.0002530992778765662
ARHGEF26,-1.2441705302320778,-5.581464994501775,6.765528490296686e-05,0.0002511973933707976
PRKCD,-2.7533006961822513,-5.587640813769294,6.691698861864941e-05,0.00024860675165595206
DUSP15,-1.2974443697623912,-5.592208779850538,6.63763167710187e-05,0.0002467476178328349
ABCA7,-0.6364227853268708,-5.593582779769092,6.62145811954007e-05,0.0002464452839877391
ACKR3,-2.235092223129673,-5.594368995567915,6.612221959040574e-05,0.0002462510365061891
DPY19L2,-0.5931726491151774,-5.60205252857868,6.522663291570333e-05,0.00024306337980137472
TRPC4AP,-0.7431438025597468,-5.602439018205125,6.518191973034131e-05,0.0002430445060504819
COL5A1,-1.5396904650127838,-5.60298526857406,6.511877828671265e-05,0.00024295685386338926
NME9,-0.9310967315329376,-5.607966023653939,6.454598541581322e-05,0.0002412602991456921
PGM1,-0.81559475735657,-5.60899523044403,6.442828230713278e-05,0.0002409672791596851
CGNL1,-1.094160069920521,-5.609656160133607,6.435281457832054e-05,0.0002408319617613583
DPP10-AS1,-1.7919703675375753,-5.622043984779176,6.295526189298283e-05,0.00023588982604155545
MYOM2,-0.8550350655275502,-5.628836491280927,6.220243638593535e-05,0.0002334972045595736
SLC7A11,-1.2914911049881765,-5.632899446375776,6.175662869828027e-05,0.000231965768333614
PARD3B,-1.3867585944565697,-5.634706748622815,6.155939545083118e-05,0.00023150864669545712
RPN2,-0.8614325218480767,-5.6454857930413045,6.039664005176586e-05,0.00022727526305544796
MMP1,-1.483516301206785,-5.661396541395304,5.872204711857702e-05,0.00022138139534863291
BMP4,-2.4299590287562456,-5.670265057276074,5.780975300116384e-05,0.0002183449081313212
LOC105371308,-2.26060503306312,-5.677928085593875,5.703338560244869e-05,0.0002158115146561793
EPS8L2,-0.8755797366834106,-5.686614471718995,5.6166487844165445e-05,0.00021279392489785795
PCDHA3,-1.624494513383099,-5.703572860874991,5.451347080077075e-05,0.0002070431078120971
LOC105373780,-1.4269394417430894,-5.704479158621991,5.4426572595705724e-05,0.00020684122133395914
SHROOM3,-1.2087633426591908,-5.709194937316604,5.3976740624904083e-05,0.0002052589454284504
PBK,-3.3832760748752424,-5.712369911466665,5.367607274298045e-05,0.0002042422879667723
ADAMTS3,-1.4160269406383164,-5.717826750510338,5.3163394154202745e-05,0.0002025429497608843
OLFM3,-1.2170699822841797,-5.72373096400294,5.2614441380625837e-05,0.00020070101161371275
IFT57,-0.8113205350592707,-5.727706845630713,5.224811693794523e-05,0.000199427743978583
UGT3A1,-2.2268339782566837,-5.7308942551107735,5.1956364330157814e-05,0.00019843770301798593
ACE,-1.7152918962722201,-5.731133747683879,5.1934511754802605e-05,0.00019843770301798593
FRZB,-1.044565348332327,-5.731673949426581,5.1885256125119684e-05,0.0001984133624747247
LOC107985728,-1.8192292128359333,-5.735507897325747,5.1537075872552346e-05,0.00019732809187929162
SESN3,-0.6528175940818873,-5.741992913358541,5.09536842491353e-05,0.0001955830209437692
PFKL,-0.9058672013118693,-5.74308605380921,5.0856026944167725e-05,0.00019533047942841362
STAC2,-1.4950651568341282,-5.746583008956428,5.054493264964536e-05,0.00019425732736195992
PCOLCE2,-1.9160283492819479,-5.751498668141357,5.011098643601595e-05,0.00019307375666422237
LRRC63,-1.3561069364307259,-5.755795257724295,4.973487901876393e-05,0.0001919866551542965
ROBO1,-0.6595566746128212,-5.765615246643981,4.8886306509057555e-05,0.00018894896525884161
LITAF,-1.2928153255883708,-5.766556709570363,4.880575075111506e-05,0.0001887566259333346
PFKP,-1.6634641510265473,-5.774747840339711,4.811070770717148e-05,0.0001864213895353737
SLC24A2,-1.6190114365273776,-5.775276917259144,4.8066171035771426e-05,0.00018636662141004355
FN1,-1.562423964482946,-5.7762657260894965,4.7983050497902766e-05,0.00018616208832414173
KLF16,-1.0862395445216362,-5.78036325980713,4.76402043734781e-05,0.00018518354648663332
PCSK1N,-1.0206215741459734,-5.781269909996591,4.7564690255315234e-05,0.0001850073294829203
COL4A1,-1.1519884957060682,-5.783089532202491,4.741351272379109e-05,0.00018453640190275517
C17orf102,-0.9911253719999866,-5.783775840443585,4.7356623486915815e-05,0.00018443208511740404
POLD4,-0.7700689891506424,-5.790760586919469,4.678168758780463e-05,0.00018254089427959414
SMIM10L2B,-0.9173214575782006,-5.797936561362524,4.6198604185389416e-05,0.00018072587342465675
GBX2,-1.828985348306991,-5.8029862395767,4.579285014985417e-05,0.00017936752167323073
SLC25A43,-1.4006836210845004,-5.806356799569266,4.552409187004248e-05,0.00017866729364236956
CT75,-1.5790734621542237,-5.808269013690905,4.537235126223453e-05,0.00017829007258813952
PIGT,-0.9427238191142453,-5.811695545170891,4.5101765629031644e-05,0.00017734048961254905
DGKA,-1.0038449152202502,-5.822788623838296,4.42372818764013e-05,0.00017427669530998711
ESRRG,-0.9213559385597329,-5.8284345384444745,4.380396504786146e-05,0.00017268058247163395
LOC105370807,-2.266984288375116,-5.836640704762412,4.31820485827445e-05,0.00017055796250787614
EDN1,-2.6469921988537166,-5.8400859005328325,4.292370751119777e-05,0.00016975634002815634
LCP1,-1.2869208290180956,-5.847386264612872,4.238160936544015e-05,0.0001679374695605353
CCDC24,-1.1358317838280947,-5.848478116986194,4.230114993000762e-05,0.00016772706925675723
NRK,-2.9816342792894273,-5.850748817787773,4.213433134994138e-05,0.0001671737548059163
ZNF385D,-1.1047012455553618,-5.8620487244825705,4.1314346467181054e-05,0.00016413282167454301
ANXA2,-1.3287767931803884,-5.866521467424462,4.0994405072926944e-05,0.00016296738203439828
ITPR2,-1.4154482987968422,-5.866752190906403,4.097797155354063e-05,0.00016296738203439828
PRRT1,-0.7363725043379415,-5.8667793340802765,4.097603870582578e-05,0.00016296738203439828
FGF2,-0.5827147174315416,-5.867355722940889,4.093501693363918e-05,0.00016296738203439828
EMILIN3,-2.3675018877558913,-5.872377894671675,4.057939981667393e-05,0.0001618423688199162
NNMT,-3.750819338288136,-5.880079600344954,4.004031050150218e-05,0.00015979629125925022
WNT5A,-1.000256613334315,-5.886447231515611,3.9600259470420024e-05,0.00015845273534835166
CDH13,-1.5809073471249382,-5.887635331762176,3.951871439078702e-05,0.00015822973168878147
IGSF21,-1.2255480713662115,-5.89746369445435,3.885084562679033e-05,0.00015575911294455507
FST,-2.568220624340912,-5.901817470607541,3.855877635958193e-05,0.0001546893318614118
GPRC5C,-1.500662661669949,-5.902554124485201,3.8509586223153876e-05,0.00015461464489172926
KCNH5,-0.8396982294118993,-5.90496163489236,3.834928184358738e-05,0.00015415153947619055
PROX1-AS1,-1.0513219571382753,-5.917342219199235,3.753587426027698e-05,0.00015108004544681411
LRRC7,-1.4112143901922034,-5.917963319039698,3.749554638498328e-05,0.0001510168852430667
CNTNAP2,-1.3490845522149766,-5.920625410852041,3.732321021705194e-05,0.00015042161645662617
CYP4X1,-0.9321417101438051,-5.920970581225871,3.7300925651136774e-05,0.00015042161645662617
KIF23,-1.2184226504087394,-5.92487118052758,3.705006420068914e-05,0.00014951737560910098
TCIM,-2.772212468491108,-5.933519890728746,3.6500110674630416e-05,0.00014758949764873645
VLDLR,-0.645344258255058,-5.941324080401615,3.601118892252005e-05,0.00014580487985141867
C1GALT1C1,-0.9144775855529089,-5.958415737858215,3.496420775143564e-05,0.0001417530380398813
FTCDNL1,-1.5960825921020891,-5.967103884730186,3.444425980184245e-05,0.00013983000833463194
WWTR1,-2.0613486082724486,-5.970144842607067,3.426418910731676e-05,0.0001391911724505313
TUBB6,-1.102403022092251,-5.972026385752315,3.415326698146467e-05,0.00013883257731855332
CDKN2C,-3.1915120278111258,-5.9780230605684785,3.3802247607277874e-05,0.0001376795865997431
LUZP2,-1.549816873970596,-5.987388255724606,3.326158433826161e-05,0.0001357480106481649
GUCY2D,-2.1464959406324073,-5.9918024250262,3.300989576022096e-05,0.00013481056696212822
TMEM54,-1.2528245955926665,-5.9927100412251155,3.295839256946882e-05,0.0001346899643005626
TSHZ2,-1.042732226860428,-6.004954109820656,3.227175978342994e-05,0.00013223655579707588
PKIG,-0.9359806226439767,-6.007147565689268,3.215034356151163e-05,0.00013182716122546242
ROM1,-0.9210402261523233,-6.0086615012079285,3.206682044508601e-05,0.00013157269700694594
DIRAS3,-1.758135020006429,-6.009684450907359,3.2010513423340105e-05,0.0001314296364936871
PDLIM4,-1.083961926200197,-6.019527921430003,3.1473952846378597e-05,0.00012948679929416162
PPP2R5A,-0.8142620820774329,-6.0285886380310805,3.09883808295405e-05,0.00012766046672384626
MARCHF3,-1.761346888716282,-6.042296117936499,3.026864142534179e-05,0.0001247792682833525
SCN2A,-0.5624662182684574,-6.04322239979288,3.0220640892504745e-05,0.0001246985240951125
DCHS2,-0.681000367854996,-6.048614530273574,2.9942795371907797e-05,0.00012368553613867572
SCEL,-2.0156343462652875,-6.052834338532705,2.972722384240937e-05,0.0001231269474013307
TOP2A,-0.8917995134472928,-6.0560967640698085,2.956167520378019e-05,0.00012252404935711464
ALDH4A1,-0.9660266337472241,-6.056386859586151,2.954700140792392e-05,0.00012252404935711464
PRKCB,-0.9734154744719948,-6.05997558866718,2.9366103651754053e-05,0.00012187827717349515
CALY,-1.157571856717243,-6.064647903677364,2.9132321957502564e-05,0.00012107195498270557
FAM83D,-1.970162133923828,-6.066945994820251,2.9018051762357644e-05,0.00012067887198321054
TGFB1,-1.1917687659208167,-6.08117720657283,2.8320796197509388e-05,0.00011826054542965433
ARPC1B,-0.8817637336231192,-6.082996114169912,2.823295236255871e-05,0.00011797409542091675
LOC107984398,-1.1570091642101785,-6.084816498294484,2.814532295050593e-05,0.00011768815121869124
SNX10,-0.7787239729228954,-6.0907608493183165,2.786115347304219e-05,0.00011665906474709604
SYT3,-0.8249884121694353,-6.094116786005914,2.7702051993091137e-05,0.00011607216590406608
ZCCHC12,-1.0996626707160553,-6.108559910504831,2.702810454813646e-05,0.00011379277532972287
H2BC5,-0.953244745438031,-6.110842136599289,2.692319266136257e-05,0.00011342898351488149
RGS6,-3.578855314748688,-6.113389281561236,2.6806606355732318e-05,0.00011301547246261287
ITGA1,-1.2184627196805384,-6.124568847997719,2.630112367838343e-05,0.00011111363759372187
LOC102724479,-1.342874544798988,-6.135742048278953,2.580589924088383e-05,0.00010932284889192668
TMEM200B,-1.0203447578045193,-6.137991993346539,2.5707363417025134e-05,0.0001089807314981771
STAC,-2.1658872370623903,-6.140324070699246,2.5605646671264134e-05,0.00010862464643242154
SPINT2,-1.1765726489056918,-6.157708689272738,2.4860558602416153e-05,0.00010590356096790202
SLC35G2,-0.9925901231548445,-6.165015809938721,2.4554197917920435e-05,0.00010481701478889433
ESPL1,-3.84322336123323,-6.167863737087131,2.4435868806710025e-05,0.00010438458242866372
LOC145845,-1.166981319294416,-6.169972025714109,2.4348656194182905e-05,0.0001040845623921487
STMN3,-0.9323954677777739,-6.1703717134567775,2.433215931586981e-05,0.0001040845623921487
BUB1B,-1.3032075007986819,-6.185015502587346,2.3735752556782193e-05,0.00010167726287426613
PPP1R3B,-1.0866463223858465,-6.201866813451451,2.3068354507671598e-05,9.916480584293612e-05
NRTN,-2.130748404716101,-6.2038805252577784,2.2989927437182102e-05,9.889702118591318e-05
LAMA1,-0.8492371965212725,-6.206721556953171,2.287975422756213e-05,9.849220043185104e-05
LOC107984851,-3.1564116863559772,-6.212835274602609,2.2644541667509642e-05,9.761676541619838e-05
ANKFN1,-1.5766306387087223,-6.214250944778449,2.259043907380326e-05,9.745207003688528e-05
TSC22D3,-0.8537914140807339,-6.216271416840829,2.251345743590311e-05,9.718837611414511e-05
PCGF5,-1.0522122001895362,-6.226609544561594,2.212384794393902e-05,9.570867176876937e-05
PHF24,-1.0170231965675616,-6.228374888427657,2.2058027875556055e-05,9.549132124093123e-05
SOX2,-1.856509802525598,-6.249827392074674,2.127439049775969e-05,9.235978310996239e-05
NEK6,-1.0476525211988177,-6.250901840734735,2.1235918052803824e-05,9.231584962044587e-05
GRM7,-3.6915780515176078,-6.25161996706611,2.1210245015696874e-05,9.227736121094524e-05
AURKA,-1.103671874561132,-6.263566193096976,2.078790871820629e-05,9.082671449936176e-05
SGMS2,-3.4086929706399878,-6.274695830378609,2.0402374080655475e-05,8.926948830436693e-05
KIFC3,-0.6488260819044189,-6.2748725155701806,2.0396314469287086e-05,8.926948830436693e-05
TMOD1,-1.7223607098590183,-6.282792758323136,2.012661090832455e-05,8.825187758800393e-05
SHANK1,-0.6489322971401157,-6.284215354908095,2.0078565661100286e-05,8.810422870618808e-05
GPR50,-3.5240530610366214,-6.292860289939294,1.9789176173962134e-05,8.689659738279933e-05
KCNC4,-0.8630643708395194,-6.301761197008152,1.949578578396204e-05,8.56696536599909e-05
FAM72C,-1.3453977435975377,-6.310596467155047,1.9209068762507107e-05,8.453093432460055e-05
NOTCH2NLB,-1.5666902903355535,-6.317748087105045,1.8980229257791128e-05,8.364400097071144e-05
LOC105372632,-1.0594225332219946,-6.325402047257729,1.8738481662288216e-05,8.263805222289695e-05
TMEM191C,-1.4442076031529814,-6.33047975541765,1.8579888348075706e-05,8.199763540223477e-05
KCNAB1,-1.2568590791560024,-6.331666408978337,1.854302873409975e-05,8.189392373201114e-05
HOXA4,-0.605815198515354,-6.334844947697861,1.8444675070715794e-05,8.151828275666029e-05
CNTNAP3P2,-1.5265238235780143,-6.341806581091659,1.8231168442997217e-05,8.063280126664713e-05
SDC2,-1.2699636652975075,-6.350039861986307,1.7982004423547735e-05,7.958822174465531e-05
E2F1,-0.9947419298310509,-6.357472082164002,1.776015131283785e-05,7.866309793908672e-05
CPNE9,-1.3914052950817448,-6.378276248952668,1.715428470531938e-05,7.62550871962348e-05
LOC100132077,-1.402352187660062,-6.3877243260342675,1.688633453106108e-05,7.522763857224158e-05
TACR3,-3.1166650231247814,-6.393065127351252,1.6736814823724715e-05,7.461576354140545e-05
WWC1,-1.33082880122467,-6.3981364949912125,1.6596124078639746e-05,7.41503211385289e-05
AURKB,-3.104458027988138,-6.400550822813974,1.6529582104928235e-05,7.396083087825552e-05
LOC102723636,-0.8783748200665698,-6.421888682865538,1.595351816736885e-05,7.156665389667263e-05
VSTM2B,-1.032490585300983,-6.423670452007263,1.5906378395436126e-05,7.143303997364355e-05
GPR143,-1.620586905390351,-6.425689042643657,1.5853149738436876e-05,7.124619347259388e-05
ZC3HAV1,-1.124459123157413,-6.427160395473065,1.581446917043278e-05,7.117672247779218e-05
FGF14,-0.8189924195464094,-6.433235684680046,1.565580138447253e-05,7.051437361264997e-05
EGFL6,-2.10375597594249,-6.43713472583627,1.555485177796636e-05,7.016279720304179e-05
PCDH17,-0.9882280426352998,-6.439291169740663,1.549931329554925e-05,6.996376325605075e-05
EPB41L2,-0.9721267167053612,-6.440785154670975,1.546095834039102e-05,6.984205941532569e-05
OSBPL10,-1.1163366717715641,-6.447128139551216,1.529922179987135e-05,6.926457136869378e-05
FNDC10,-1.0835186331616906,-6.448969657766137,1.525259936222518e-05,6.910453369581696e-05
MROH8,-0.9478320667119741,-6.45228704922708,1.516898771866034e-05,6.882745722826638e-05
LOC100505797,-2.7527080367882815,-6.470068055424381,1.4728964546387719e-05,6.692998715297013e-05
DNAH8,-2.19893311974214,-6.473253786672659,1.4651554245727468e-05,6.662761685927995e-05
RAMP2-AS1,-1.162939341435456,-6.480216031679519,1.4483861642074442e-05,6.596290628968524e-05
ABHD15,-1.162827441290503,-6.489876166325371,1.425451909943374e-05,6.496669299593222e-05
DPY19L1,-0.8263820560475698,-6.498612915077758,1.4050382723242686e-05,6.422732743734352e-05
PCDHGA11,-1.7812408642515856,-6.499269633819824,1.4035162916894404e-05,6.42056333437035e-05
PLXND1,-3.331105810162898,-6.499961723492611,1.4019142110097311e-05,6.418023983188687e-05
ACVR1C,-1.3616437347338852,-6.509085267302475,1.3809732614082014e-05,6.331612634579114e-05
TOM1L1,-1.4599502126478985,-6.509457477109763,1.3801259487051489e-05,6.331612634579114e-05
PDE8B,-2.1995612474007644,-6.538534632886751,1.3155924061573442e-05,6.059039406269361e-05
BICC1,-0.848867985104526,-6.5413936151174505,1.309420675567724e-05,6.035149429496351e-05
CNTN5,-0.9302420035706795,-6.551869309255181,1.2870653082009488e-05,5.9455239934226186e-05
KISS1R,-1.912841629148449,-6.556127218259343,1.278093784546069e-05,5.9085331065365024e-05
MDGA2,-1.7652176282354195,-6.573868339300112,1.2414141121301736e-05,5.75197921946936e-05
DGLUCY,-0.8509766223018842,-6.574080334139179,1.2409825623461875e-05,5.75197921946936e-05
MOXD1,-3.340323507827432,-6.581772749854303,1.2254295682482659e-05,5.690820646486265e-05
RGS5,-1.7283488915119636,-6.59182494253831,1.205413534009422e-05,5.6063618842775095e-05
SPX,-1.709953346665998,-6.592171485810881,1.204729650536431e-05,5.6063618842775095e-05
EIF4A1,-1.0871237268897003,-6.606541200763466,1.1767278316014741e-05,5.4854308803931834e-05
RXRA,-0.7502070447144628,-6.615838059372431,1.1589764485428645e-05,5.410910608962497e-05
TMEM59L,-0.797869521926201,-6.620179413162938,1.1507837015592609e-05,5.376756166584047e-05
PRELID3B,-0.8811401139861222,-6.629207015021325,1.1339416305994846e-05,5.3061543477670533e-05
LRP1B,-1.2531205281895001,-6.632299100704085,1.1282327114557233e-05,5.283473278245672e-05
RTL9,-0.9325598886420389,-6.637968849475599,1.1178430008555654e-05,5.242829070577365e-05
NRBP2,-0.7400846783218352,-6.6396692220255344,1.1147467409560097e-05,5.232310506937473e-05
PLAT,-4.107281270835484,-6.660011378938743,1.0783963521124286e-05,5.085053568037836e-05
NENF,-1.201510278129216,-6.6609933547377524,1.076673452662985e-05,5.080837771227172e-05
PTGES3P2,-2.4389871093379445,-6.662530320502376,1.0739826173730972e-05,5.072044256161083e-05
BMP2,-1.0848169327132395,-6.663445081752004,1.0723844606587942e-05,5.068401498718896e-05
ABALON,-0.9946631320353957,-6.665197312198783,1.0693301598239005e-05,5.0578656479324924e-05
FBXO2,-1.2915031258984604,-6.668945019696457,1.0628282153527605e-05,5.03488173115334e-05
LINC01140,-0.9156641517971271,-6.673934209597621,1.054236839641198e-05,4.998044723124937e-05
TTC29,-1.649100456579365,-6.678833476920328,1.0458713408745172e-05,4.962222383560984e-05
DEPDC1,-1.9158245387547361,-6.680784042398074,1.0425602021814525e-05,4.950343949939817e-05
CCNA1,-1.0251793299321004,-6.681473573883866,1.041392341867985e-05,4.9486318260858504e-05
NRXN2-AS1,-1.5387389667159908,-6.688148484852628,1.0301578877117448e-05,4.8990441052544574e-05
MMP24OS,-0.9895402920549083,-6.712491403009685,9.902546493627626e-06,4.7276176017085164e-05
LOC100505501,-2.2217329638842886,-6.7127789384678636,9.897931496903368e-06,4.7276176017085164e-05
SIPA1L2,-0.9137134311554964,-6.714616454039201,9.868492397921955e-06,4.718709703530545e-05
PCDH15,-1.0379104599743483,-6.717866184348058,9.816653209621037e-06,4.6975865866492556e-05
LINGO2,-1.352404811490295,-6.736323072601603,9.527613750480584e-06,4.5807272384663514e-05
PAM,-1.22931367623785,-6.744290947310594,9.405613889264664e-06,4.525621125682291e-05
TK1,-3.609216519541989,-6.749246933439512,9.330560239630832e-06,4.493034899366615e-05
NECAB3,-1.2524346968492157,-6.754508021574455,9.251575011592528e-06,4.45850273750489e-05
AKAP7,-1.9800778437236162,-6.766701499634437,9.071204846552207e-06,4.3819137674834534e-05
ASMTL,-1.3973893590340787,-6.775898351087616,8.937610865580363e-06,4.327610948341835e-05
CHST15,-0.8992441414002547,-6.778908802904649,8.894331803354276e-06,4.313469458430515e-05
DLK1,-2.661866013911544,-6.784881362748706,8.80911996051423e-06,4.275526948373099e-05
LDB2,-1.1995102926927415,-6.786161570416081,8.790966981563388e-06,4.270097273928967e-05
AOX1,-2.544772391463442,-6.789200616906856,8.748031586775098e-06,4.252611707131748e-05
GABRB1,-3.1975007532648063,-6.801229414787276,8.580242451909416e-06,4.174356050016247e-05
RND3,-1.0901562091185237,-6.802754572971713,8.55921122054525e-06,4.167431674498998e-05
LOC105377329,-2.572077285276414,-6.814604618945407,8.397640891399256e-06,4.1017959095041786e-05
FHIT,-1.3735245917987426,-6.826801917220557,8.234683463856671e-06,4.028620082477366e-05
PITPNM2,-0.47799002117991374,-6.827801182173258,8.221481448623088e-06,4.0253739041581095e-05
RRAS,-1.7032540360286013,-6.83132143045407,8.175150043790229e-06,4.005888870378426e-05
ACTR3C,-1.1821463754685633,-6.834778597049946,8.129916217837437e-06,3.990102995623978e-05
SLC35G1,-0.9041808138636304,-6.838443118787374,8.082256762915849e-06,3.976262757357476e-05
MAP7,-0.9652560601148693,-6.840105303415786,8.060735994274302e-06,3.968860373084456e-05
CACNA1E,-1.069858433377942,-6.847053986127046,7.971420310056374e-06,3.931199235771969e-05
LIPG,-2.2887145886098588,-6.848586165976068,7.951866765991777e-06,3.9247136292696935e-05
ZNF804A,-1.0025712243743374,-6.856322345163217,7.853906263130718e-06,3.8857502334940514e-05
RFX4,-3.1433541843185844,-6.875806346698173,7.612772428911825e-06,3.772537994278859e-05
MAF,-1.5162531546957427,-6.878456694955061,7.580578767429542e-06,3.759623612001868e-05
NRSN1,-1.401760612572854,-6.88498561582614,7.501882019776626e-06,3.7236062171037016e-05
FOXO6,-1.1231425832614064,-6.889444887212345,7.448626484817565e-06,3.700168586056051e-05
EPHB4,-2.2372816404140154,-6.909265506362623,7.2166861750632744e-06,3.590769988079372e-05
FKBP10,-1.314171828651019,-6.913220522908617,7.171321515556029e-06,3.5740000723868665e-05
NXPH2,-1.418684647037786,-6.932350187061437,6.956100035393179e-06,3.4752154211051496e-05
FLJ32255,-2.9867326804696708,-6.93284740942161,6.9505974676352936e-06,3.4752154211051496e-05
ITGB5,-2.3092884944132535,-6.935061363033747,6.926152070207241e-06,3.4659030359486024e-05
MYOF,-3.348526023959096,-6.949174961934008,6.772429215333859e-06,3.391747638071614e-05
KCNC2,-1.6592652302895698,-6.952915617693468,6.732291793123988e-06,3.374403000151271e-05
LEF1,-1.1656877448996967,-6.953396677183641,6.7271482061705265e-06,3.374403000151271e-05
RIPOR2,-1.5400542223348872,-6.961498623585068,6.641139421984857e-06,3.3341674575566886e-05
AK5,-1.489808600541212,-6.99922243355204,6.255647908950621e-06,3.1561417022113014e-05
FREM2,-1.425977580153556,-7.00976026587259,6.152227973176854e-06,3.1065203851379e-05
DCTN1-AS1,-1.1490003639765582,-7.010800833697917,6.142113816433516e-06,3.103970131470524e-05
DLGAP5,-3.1419901767005203,-7.022827236528491,6.026481676847455e-06,3.053085345378091e-05
UQCRFS1,-1.3045930829346828,-7.030538485959546,5.953547326797748e-06,3.0254868246342985e-05
COL4A5,-3.8349100841701924,-7.038599535398064,5.878297602107187e-06,2.992854177817031e-05
ZNF512B,-0.6520173120428846,-7.041260762334707,5.853675612171877e-06,2.9827956361274815e-05
LHFPL2,-0.9872596360039659,-7.041315741721178,5.853168083134265e-06,2.9827956361274815e-05
STK32C,-0.9537778252173346,-7.044665416442106,5.822333636424362e-06,2.9717656279168474e-05
ADAMTS15,-1.7563834104131708,-7.048078271816199,5.791093518850367e-06,2.958283605879396e-05
HTR6,-3.994856472408779,-7.056130477250323,5.718084039357942e-06,2.925864370723221e-05
SLC35F4,-1.600834213094908,-7.062102687578869,5.664560510179635e-06,2.905753634092148e-05
CACNB2,-1.2763919488689757,-7.079201988277639,5.514213622593037e-06,2.8405150845794385e-05
SLC8A1,-0.5971383398535131,-7.086597906028218,5.4504923286803935e-06,2.812417337947038e-05
SCG2,-1.1970260116250993,-7.113243885357121,5.2272753681947815e-06,2.7132259108411526e-05
FOXM1,-1.9413104079368864,-7.115264118210002,5.210749144323155e-06,2.7069400215848256e-05
WIPI1,-0.8794430874069431,-7.11572611969741,5.206977548087425e-06,2.7069400215848256e-05
COL18A1,-1.0436228069107167,-7.118882522733155,5.18128676769072e-06,2.6962044045792963e-05
LOC283028,-3.028409213690696,-7.1508491301142865,4.928503129650006e-06,2.5821986482696185e-05
THSD7B,-3.2761955529936153,-7.151222574003225,4.925628028315274e-06,2.5821986482696185e-05
GJD2,-1.0264307339120704,-7.155932659364147,4.889516981462108e-06,2.5661591692091374e-05
APOE,-1.64173719880046,-7.159348157511334,4.863505789753657e-06,2.5546949863915952e-05
RAMP1,-1.5961890789760833,-7.172925731524163,4.7615373085715925e-06,2.5032781905269176e-05
TTYH1,-3.0066797920496073,-7.178828043356927,4.7179155139094e-06,2.4824740000227143e-05
ATP5F1E,-0.9603197059731132,-7.181055214969076,4.701564949979874e-06,2.4759959745168922e-05
PCDHA9,-1.2295088388493502,-7.1817396189342295,4.696552470014721e-06,2.4754829442124027e-05
HLA-C,-1.5598559304683877,-7.193886048227218,4.60852456208346e-06,2.431175177760035e-05
ABCC4,-1.4636469282614997,-7.197472019763598,4.582870023924775e-06,2.423899331031827e-05
GAB3,-2.011393990296152,-7.199269443017581,4.570067687631737e-06,2.4192154512247453e-05
LAMB2,-1.2329833930355003,-7.206141644416239,4.521466257190355e-06,2.395556452599557e-05
GPD1L,-0.9783042323703994,-7.228586471654984,4.366492395527684e-06,2.3174544055917493e-05
CREG2,-0.9474364980943765,-7.243167143855094,4.26882613326053e-06,2.267582686038739e-05
LOC105374338,-1.539384177414744,-7.270593475077047,4.091303132407973e-06,2.1789477151747066e-05
MYBL2,-2.0518282304886983,-7.290864340041868,3.965107173932368e-06,2.113574519670036e-05
PCDHGC3,-1.798409578461273,-7.2953229884185795,3.93790465713633e-06,2.102731319533598e-05
KCNJ4,-0.855245115367962,-7.309838405922835,3.8507001084406445e-06,2.0614769160507122e-05
ZMAT4,-2.501158896808545,-7.313350813997634,3.82990611535787e-06,2.0522136789461317e-05
NOTCH2NLC,-1.3498017892769765,-7.323460230991391,3.7707150847795717e-06,2.024035330096215e-05
HCN2,-0.9282823530277485,-7.330248125590826,3.731513644548162e-06,2.0047483471586533e-05
PLIN5,-1.585790254340043,-7.331347856753247,3.725203047297699e-06,2.003113568415342e-05
SYT17,-1.6504588064537953,-7.337992948840415,3.687310174888009e-06,1.9844786103655395e-05
TMEM88,-0.9811767942913175,-7.3414855346040016,3.6675572961239513e-06,1.9755822693532358e-05
HS3ST2,-1.684775252430516,-7.342529286126542,3.6616758766200452e-06,1.974148911493481e-05
PCDH18,-0.8927150698820419,-7.344393113511476,3.651198153283928e-06,1.9720080207259123e-05
UQCC1,-0.8532922740235445,-7.360118455839057,3.5640452329635617e-06,1.9334156883244807e-05
TAP1,-2.9497705583641873,-7.367147812024597,3.5257994019938484e-06,1.9143622970967485e-05
TMEM121,-1.3998172604166097,-7.380533141494011,3.4541636385837204e-06,1.8804638636339438e-05
B4GALT5,-0.8791974958275272,-7.405485219502715,3.32469257224875e-06,1.818052227286783e-05
LOC107985177,-0.7489298553974579,-7.408942038930133,3.307163699627752e-06,1.8116991491258376e-05
FAM83G,-1.7877954253993702,-7.411326614281675,3.2951288188184923e-06,1.8067208997636277e-05
GDAP1L1,-1.094723749295311,-7.423009470518861,3.2368299160403164e-06,1.7763444391519374e-05
LRRC4C,-0.64556029226958,-7.434802364761654,3.179084464820113e-06,1.746217542056209e-05
PDZRN3-AS1,-1.8988228394145659,-7.436377364503577,3.17145494508713e-06,1.7435891312452117e-05
SAMD5,-0.9420228724686145,-7.455305784642016,3.0812594922398713e-06,1.695522503360001e-05
TRAPPC1,-1.170798928006597,-7.456533782201771,3.075502265923201e-06,1.6938750125884296e-05
C22orf42,-3.1645751307666887,-7.458970579363395,3.064111404598374e-06,1.689118966743528e-05
COL5A2,-1.0102542772187149,-7.462671555259999,3.046896189039223e-06,1.6811407415670962e-05
APCDD1,-0.9068422034985045,-7.476857386746625,2.9818498571211345e-06,1.651195991341694e-05
DAB1,-1.7636122069848892,-7.481159781993249,2.9624129584129366e-06,1.6424517122105395e-05
GPR26,-2.06072354653299,-7.488052200633016,2.9315533003181545e-06,1.630709775948302e-05
GABRA2,-3.209873150545546,-7.491651144219543,2.91557462548286e-06,1.6232945008365062e-05
KIF19,-1.057503675872929,-7.4946331199501826,2.902404813182452e-06,1.6189027756877553e-05
CHD5,-1.4051060834660385,-7.497861416943872,2.8882178798291113e-06,1.6139250643894765e-05
TAC1,-1.3743087765593536,-7.498597389111358,2.884993864507976e-06,1.6135960209337494e-05
COL14A1,-3.5457239871150237,-7.500841079579373,2.8751885253313587e-06,1.6110517056929824e-05
RUBCNL,-3.1117383138582877,-7.510070980653428,2.835220602870802e-06,1.5901099995972568e-05
FRMPD4,-1.6315457602664325,-7.514811948093987,2.8149193128442196e-06,1.5801699073017458e-05
FLRT2,-1.5871771804286277,-7.5155921405989154,2.811593180342467e-06,1.5797494221355933e-05
HAGHL,-1.225822423696151,-7.516233731240478,2.808861046429375e-06,1.5796622215240427e-05
SHROOM1,-0.7985142455127039,-7.5215169460954545,2.7864693951094163e-06,1.5728413804807293e-05
SPATS1,-2.0334354455897508,-7.523525882979114,2.778004503900371e-06,1.5695085353833432e-05
CYP46A1,-1.2033166139927882,-7.532650824820454,2.739895715662034e-06,1.5494059720487332e-05
SCARF2,-1.1692416662748137,-7.535353754886511,2.7287136173478374e-06,1.544507338351084e-05
B3GLCT,-1.595934062513505,-7.5415083673938295,2.7034311495258157e-06,1.531611178058526e-05
ADM,-2.227353560611612,-7.541703245726322,2.7026346609636737e-06,1.531611178058526e-05
SYN3,-1.7704975249508805,-7.5519097097336525,2.6612640319272604e-06,1.5119136715212333e-05
KCNA4,-1.4126552593195463,-7.571368168131584,2.5842326965063167e-06,1.4749857010785589e-05
ADAMTS18,-5.157418928103084,-7.574413497338579,2.5723915991593466e-06,1.4706058873951983e-05
LOXL2,-1.746184821526379,-7.581328531540607,2.5457161889007034e-06,1.458433667099188e-05
LAYN,-2.103256124454275,-7.591777304282714,2.5059616682803375e-06,1.4370014056649644e-05
TMEM123,-1.0918414102986458,-7.618364848196571,2.4077309053878196e-06,1.3832605857570134e-05
EDNRA,-1.909432596259595,-7.6258671932181095,2.380754250953921e-06,1.3690453619462977e-05
ZNF503-AS2,-1.1139391585295844,-7.6367567268139895,2.3421644701780085e-06,1.3481190800179523e-05
ATP6AP2,-0.9182275077592763,-7.641923491862668,2.3240863132136943e-06,1.3389707800751828e-05
TRAF5,-1.0124858616831236,-7.64528452316088,2.3124054420792087e-06,1.3334943894586594e-05
CALN1,-1.3412716579960182,-7.646500602013339,2.3081943895884275e-06,1.3323193604686496e-05
CLDN11,-2.4851343725930906,-7.655074661966535,2.278732902126588e-06,1.3165535051871803e-05
PAQR9,-1.6506389791125915,-7.660813217204672,2.2592365702455076e-06,1.3077545019456999e-05
DLL1,-0.7486161179424203,-7.661717732805812,2.25617964951708e-06,1.3072193999564934e-05
DPP10,-1.5596426788479185,-7.6684298768288395,2.2336311692646567e-06,1.2990663251985149e-05
FAM89A,-1.305503053771839,-7.670533866269111,2.226612209684671e-06,1.296213945428968e-05
PRKCQ,-1.2917796661369636,-7.675719131116599,2.2094132969064133e-06,1.2886492397751013e-05
SYP,-1.0503169579970209,-7.684655709535003,2.1801001702847137e-06,1.2800779735483999e-05
WNT4,-3.2009179185309655,-7.690300331386683,2.1617969649449493e-06,1.2717673123908385e-05
ADRA2A,-1.3227179084671048,-7.692100241923159,2.1559947729363706e-06,1.2695723302689676e-05
FUT9,-0.9231275086710377,-7.699002723083399,2.1338959631169396e-06,1.2601909685844739e-05
CDH6,-1.9125630424753242,-7.703262950394577,2.1203760300057985e-06,1.2546240409204193e-05
CHSY3,-1.5515165870646979,-7.711853775428997,2.093387262293464e-06,1.2410506690385819e-05
LGI1,-1.308945575558602,-7.714275358149742,2.0858453955226986e-06,1.2377765996664222e-05
RNF152,-1.0091529961499444,-7.7167378237728315,2.078205625559753e-06,1.2344380314613651e-05
SLC6A17,-1.884545744527733,-7.721071540731883,2.0648320128731874e-06,1.2288757513507416e-05
HMCN1,-1.836486922812308,-7.722633694269213,2.060033608753189e-06,1.22721146954879e-05
KCNS2,-0.9100642636061275,-7.738167487510869,2.012954989454352e-06,1.2015008846499687e-05
SPAG4,-1.2729146488531773,-7.738644013520678,2.011528864087978e-06,1.2015008846499687e-05
A4GALT,-2.3187550772130288,-7.739208672324404,2.0098403604395467e-06,1.2015008846499687e-05
TTLL9,-1.2202553160765504,-7.7424277074390675,2.0002430088016414e-06,1.1985815878742973e-05
OLIG3,-3.242207984698892,-7.7598730164373055,1.949066264561283e-06,1.1748059195438216e-05
MAMLD1,-1.098814598643067,-7.764101786063029,1.93687044138785e-06,1.1686039178845985e-05
GLIPR1,-3.6680876394770943,-7.766393557427402,1.9302946539697277e-06,1.16693355313949e-05
CA10,-4.312595725405186,-7.768165838066313,1.925225616621374e-06,1.165018068103556e-05
PTCHD1,-1.1074529960583828,-7.782078465211798,1.8859182367023622e-06,1.1434894946573174e-05
SPTB,-1.6384097408157259,-7.794635988532012,1.8511671690601529e-06,1.1257593994383667e-05
TCEA2,-0.9109377865191908,-7.800395392077297,1.8354557930961557e-06,1.1195367175800432e-05
S100A11,-3.2100143732331357,-7.820662143874562,1.781279905694586e-06,1.0886586063716661e-05
CALHM5,-1.1870642518224206,-7.825783044421308,1.767860181470409e-06,1.082615675565795e-05
ANO3,-1.1779658386538165,-7.834209218395088,1.7460107232797404e-06,1.0703045733704808e-05
ID3,-2.917324221924748,-7.835784058265846,1.7419588370921895e-06,1.0688896567943063e-05
NIPAL2,-0.9858818188391385,-7.840238131758285,1.7305527063775228e-06,1.0640208716242943e-05
PLAU,-2.009550984333823,-7.843663339485859,1.7218350195812444e-06,1.0597237620515089e-05
MAN1A1,-3.292666523213314,-7.850382815372531,1.704867447481123e-06,1.05179458526711e-05
GDF7,-4.401266936596119,-7.854906901176928,1.6935431223149126e-06,1.0465140463498401e-05
SULF2,-0.8679314557718912,-7.858659161305787,1.684211076883493e-06,1.0417975682437751e-05
ATXN1-AS1,-0.8419718894350451,-7.8777000733886355,1.6376858300699978e-06,1.0150671525105245e-05
SLC12A4,-1.0245206496502683,-7.893337993098299,1.6004917127899287e-06,9.950318660651382e-06
SENP3,-1.15493395176946,-7.897183411387357,1.5914830148466782e-06,9.906690632469279e-06
GRIA1,-1.1554428275171083,-7.9066160548989295,1.5696112814274348e-06,9.788115112055113e-06
TOX,-3.3650018090698315,-7.916696841609877,1.5465874827815461e-06,9.654359744858327e-06
GSTT2,-2.658667313790375,-7.922311002126371,1.5339201459620928e-06,9.594827035456764e-06
LOC105377335,-2.225471186216298,-7.926881662411445,1.5236882726505666e-06,9.550316064772978e-06
NT5DC3,-1.702714333010714,-7.953196438719572,1.4661664909236537e-06,9.218051886525125e-06
MICAL2,-1.959535900300138,-7.96314566182624,1.4450203813590101e-06,9.103776914420073e-06
CD99,-1.5197063609680899,-7.969035882264142,1.4326534392102122e-06,9.035149776089096e-06
ZNF365,-1.7146839478031886,-8.005287578704706,1.358962851558193e-06,8.614728314427841e-06
DYNC1I1,-1.1519297034564502,-8.006912757327969,1.3557545991994313e-06,8.603287466969476e-06
FRMPD3,-1.6963245433604983,-8.011084552489988,1.3475556985869242e-06,8.560120655272378e-06
DBNDD2,-1.932009174072994,-8.032358770561462,1.3065527176683744e-06,8.334202038821161e-06
PIEZO1,-1.4759803053005554,-8.032846663063326,1.305627995367963e-06,8.334202038821161e-06
H2BP2,-3.163638798937967,-8.034537417357502,1.302428791561805e-06,8.325222619680776e-06
SP8,-2.5111093998728293,-8.060980685970394,1.2534577325828147e-06,8.062639979782429e-06
SNCA,-1.5020672001873507,-8.066769531708802,1.2429992970063444e-06,8.003766481774046e-06
PDGFA,-1.3128898383053154,-8.071012480848543,1.2353923865088883e-06,7.971531925578405e-06
FOXO1,-1.1458103963114343,-8.077899587935615,1.2231495608986672e-06,7.90085016681647e-06
MDFI,-3.5882296613161233,-8.078056628990463,1.222871898555484e-06,7.90085016681647e-06
PCDHAC2,-1.10167637214152,-8.083679295992363,1.2129743201525484e-06,7.851671153680171e-06
COL11A1,-1.931520244095993,-8.087326669980207,1.2065991795827842e-06,7.818660645710853e-06
GPR83,-1.6550370175760845,-8.097042665324906,1.1897891807124237e-06,7.717891722504928e-06
KIF20A,-1.7446152088995814,-8.111020010212107,1.1660395870190899e-06,7.579875576274678e-06
GREM1,-4.372037162588916,-8.123734895341919,1.14487040919604e-06,7.450165189354273e-06
NFS1,-0.996706788014657,-8.139244549327938,1.1195971321612393e-06,7.293443592081187e-06
ADAMTS5,-1.755833764663524,-8.14023638296639,1.1180011260672483e-06,7.290794577438544e-06
CPNE7,-1.2635827829614603,-8.15197346215814,1.0992961236115176e-06,7.184099400574203e-06
CCNE1,-0.9938031302191414,-8.168232809420665,1.0739292182692873e-06,7.033318491443089e-06
RNF112,-1.2002729546493516,-8.19498606111491,1.0335287372756214e-06,6.797780214055321e-06
MYLK4,-0.8982366996359074,-8.210336018944751,1.011077245986848e-06,6.664412384838041e-06
MCF2,-1.8543155142267553,-8.214176145971319,1.0055415959225126e-06,6.635059185150702e-06
CYRIA,-0.9614579204501864,-8.214455936010102,1.0051395259987703e-06,6.635059185150702e-06
ZIM2-AS1,-3.8557419379429643,-8.215596838774033,1.0035017613463003e-06,6.635059185150702e-06
FOXB1,-3.295924245602458,-8.221429751467223,9.9517262320101e-07,6.587913801535844e-06
IGFBP4,-1.4722349900663585,-8.223939796010672,9.91610930679275e-07,6.5714324379069784e-06
DHRSX,-1.381502624847905,-8.23547524573303,9.754149599579968e-07,6.4710970828382255e-06
CNGB1,-1.685049983249548,-8.238113473684644,9.717503158899727e-07,6.4537697035812914e-06
DCLK3,-2.303575658154462,-8.253518469831711,9.506407854666065e-07,6.334160885772063e-06
FNDC9,-2.714355064512894,-8.26751919951419,9.318761923477151e-07,6.222659105764154e-06
FZD6,-1.7004893329346713,-8.269060171912853,9.298349641038539e-07,6.215799705514312e-06
POU6F2,-1.6690998509325383,-8.27353588760154,9.239330502680074e-07,6.1830890809420145e-06
ASPM,-1.516012137883194,-8.277772407796212,9.183830625711962e-07,6.152664670558943e-06
FRMD6,-1.08076065599289,-8.284259588888261,9.099528955222491e-07,6.102856946992764e-06
KCNJ3,-1.5281432252726512,-8.297964198132966,8.92411661428542e-07,5.998337154119476e-06
RNF217,-0.7404734079003228,-8.298650145202249,8.915431400356083e-07,5.998337154119476e-06
ID1,-3.469625200231941,-8.299626826274716,8.903080449863561e-07,5.997349797545454e-06
CHRDL1,-0.9857862033694125,-8.308265782682033,8.794618783286745e-07,5.943882375032828e-06
HAGLROS,-1.5984538840774012,-8.313195986568935,8.733347824892954e-07,5.908986994105277e-06
MRAP2,-1.1156078695385654,-8.320228454189754,8.646731207707105e-07,5.8568466633419395e-06
KLHL2,-0.6465670743054553,-8.321226704807534,8.63450995705427e-07,5.855038278400738e-06
VSTM2A,-0.8878699435132966,-8.331361614546555,8.511461550950303e-07,5.7843968189939425e-06
C3orf80,-2.2558622505860964,-8.33565882038588,8.459850489613309e-07,5.762098166814398e-06
SLC17A6,-2.037192357977393,-8.405866986037193,7.661940893621342e-07,5.25954061342652e-06
RYR2,-0.6823298425268944,-8.445745199514025,7.244558276922214e-07,5.006667670522342e-06
OGDHL,-1.3602862692277566,-8.452814422962797,7.173115180407623e-07,4.96288894536103e-06
KLHL1,-3.336470954181458,-8.455328098435558,7.147891527550974e-07,4.9510254309477365e-06
NTN1,-1.0580573621947063,-8.479327026884874,6.911747319163576e-07,4.809195353742647e-06
BACE2,-3.7038238148190135,-8.485268158817796,6.854572872372494e-07,4.774833148595839e-06
LRP4,-1.62631761179363,-8.49754443544857,6.738012655291962e-07,4.698978108866863e-06
H2AC6,-1.3540932065294058,-8.500449916315066,6.710734150730203e-07,4.68528477721824e-06
PLK2,-1.2805047929681888,-8.502665708507694,6.690009485452299e-07,4.676141179683306e-06
ITGA4,-1.2323589289201022,-8.508969929099178,6.631414935456688e-07,4.64047643314492e-06
MCUB,-2.3741960303882976,-8.52340111509386,6.49932047927449e-07,4.553238232908871e-06
CNTNAP3C,-1.049223202796887,-8.544640061649897,6.309956110167034e-07,4.43070228583321e-06
HS6ST3,-1.2899404180990255,-8.558430927204018,6.190133289870022e-07,4.371603348721571e-06
SNTA1,-1.3070940496172885,-8.573971630179985,6.057988746073091e-07,4.293118036234456e-06
LOC728739,-1.15963311220609,-8.575930309157272,6.041547068972515e-07,4.2874073501170485e-06
PDPN,-2.5595873735224317,-8.61121151277667,5.753341163998363e-07,4.105702134494758e-06
CELF5,-0.7221640304152647,-8.65747758210898,5.397286046915069e-07,3.8741643404671394e-06
AK4,-2.132651582230166,-8.658180258617968,5.392061851136536e-07,3.8741643404671394e-06
TNS3,-1.2357356665977217,-8.661687665904099,5.366065273898584e-07,3.860795789788535e-06
PCDHB7,-1.1520798166559598,-8.668126419065027,5.318686799790841e-07,3.831204475054978e-06
CALCB,-2.100909606585761,-8.737483020528535,4.835537525555375e-07,3.5120669468784896e-06
FAM241A,-1.0740062091495575,-8.744152726203135,4.791590600003256e-07,3.488414534206646e-06
HRH3,-1.113192348511344,-8.764064865704643,4.6628881827506847e-07,3.406853940436436e-06
GRIN3A,-1.1621565385317292,-8.7657996017407,4.651850468912662e-07,3.4028452714122457e-06
CAV2,-4.027661620755737,-8.766221108031658,4.6491727072270424e-07,3.4028452714122457e-06
CNTNAP3B,-1.585324552086514,-8.766402354450438,4.6480217800569947e-07,3.4028452714122457e-06
SAMHD1,-0.9370514365639162,-8.768353047230764,4.635653839395015e-07,3.4028452714122457e-06
ELOVL2,-0.8077820740929152,-8.774579386177638,4.596409840804502e-07,3.382472067722881e-06
WLS,-1.4590632758044249,-8.789058712550998,4.506502914756729e-07,3.3282967310191265e-06
CPNE1,-0.9019984659324982,-8.78936622291564,4.5046138114514567e-07,3.3282967310191265e-06
SCN9A,-0.6999712331053399,-8.801269957062642,4.432127726299548e-07,3.2812733046154867e-06
SH3KBP1,-1.6933989098907254,-8.806810862494926,4.398809698586938e-07,3.260544552882458e-06
SMIM10L2A,-1.0864078502838423,-8.811381517966101,4.371525660871148e-07,3.244243619992753e-06
DCAF12L2,-1.0988482850046992,-8.81310423008477,4.361288699920991e-07,3.24056966430493e-06
LOC401021,-1.1817087805756687,-8.81644243881884,4.3415241282426483e-07,3.2337233178769665e-06
NELL1,-0.9082193362646968,-8.818050090935083,4.332039566998663e-07,3.2305842513019225e-06
ALDH6A1,-1.0115765423221141,-8.827746560991711,4.275297574343314e-07,3.1960456256981116e-06
PLPPR4,-1.5889489892359265,-8.834902635308726,4.2339268979503163e-07,3.1689831360727033e-06
LINC02593,-1.5808989130157032,-8.838890789798144,4.2110548852997844e-07,3.15957973646116e-06
ALOX5,-4.767705050229619,-8.84597981339724,4.170722055642103e-07,3.1400063077051673e-06
RADX,-1.1164313657409781,-8.871815448397863,4.027161198404082e-07,3.0474570988432006e-06
ABCB1,-1.7887888303659392,-8.874027413274192,4.015115761969376e-07,3.0423559481918756e-06
BMS1P14,-1.4070163035372898,-8.881309643889152,3.9757288338904055e-07,3.0168713424024485e-06
ZNF536,-1.8422098228023902,-8.889761689366548,3.9305276676872027e-07,2.993060199120814e-06
CDK1,-2.4818498864331615,-8.925397025865863,3.74585600823991e-07,2.8595388954558715e-06
ISYNA1,-1.2862064254272274,-8.928968798846414,3.7278599685646304e-07,2.849349327593664e-06
SYNGR3,-0.9991764423089364,-8.93351332718383,3.705095172653316e-07,2.8354848200205776e-06
GLRA2,-0.8598145017411126,-8.935083131108238,3.6972658728468065e-07,2.8330299750688653e-06
TP53I13,-0.94493338101206,-8.944601861734304,3.65016582219362e-07,2.8004401113951055e-06
PRMT8,-1.0321074151857748,-8.946783265750886,3.639461764005546e-07,2.797017123742237e-06
MAP3K21,-1.4972445777033838,-8.956620539881484,3.591602385649501e-07,2.769373914972508e-06
CXXC4,-0.9892340152059914,-8.965507283255993,3.548940837328109e-07,2.7433804959421572e-06
CPE,-1.0451371239565572,-8.973657581975491,3.510286747925851e-07,2.720361285055053e-06
RELN,-2.341940421824004,-8.97485772621934,3.5046326782945195e-07,2.719417508600684e-06
PTPN13,-1.8302691388732395,-8.975625121470662,3.5010224186332056e-07,2.719417508600684e-06
HEBP2,-1.0110564213434106,-8.98340883117303,3.4646254747401067e-07,2.6986218754964237e-06
ISOC1,-1.330245527811626,-8.990877438167015,3.430078897180882e-07,2.6751124223560825e-06
DNER,-1.0136402889439196,-8.997052117118582,3.401793258511314e-07,2.6564321878566053e-06
LPP,-0.39788219784516166,-9.005722632482914,3.362491116856707e-07,2.635814647868493e-06
P2RX3,-0.908940777646935,-9.013071875165075,3.3295550433496366e-07,2.613338337481853e-06
PRLR,-0.7755921607531034,-9.014261448924051,3.324256139043563e-07,2.612524375940646e-06
F2RL1,-3.3331299815055075,-9.021616926676108,3.291689415785513e-07,2.590749727203644e-06
DSCAM,-1.7535423555592475,-9.030121818192379,3.254454799024091e-07,2.5675428465917217e-06
AJM1,-0.8085979150506972,-9.032653926972825,3.2434556320747174e-07,2.5621627609043837e-06
PCDHA11,-2.3478475184226064,-9.040531948234515,3.209485837270682e-07,2.54187961013815e-06
ITGA3,-0.6656462840893225,-9.042018412130881,3.2031186595518897e-07,2.5401186782733615e-06
AP1S2,-1.4334534377535728,-9.075532569131479,3.0630614243089014e-07,2.432197737177923e-06
FAM210B,-0.975550869074165,-9.079660567984913,3.046264844741418e-07,2.4219978596971325e-06
SMS,-1.011262166976972,-9.079860228534148,3.0454549181161036e-07,2.4219978596971325e-06
UNC80,-0.6720105450224034,-9.169877080615159,2.702555454985934e-07,2.165577116217487e-06
GPR135,-0.8112735183911609,-9.190580560900301,2.629637396948722e-07,2.1154432077815834e-06
SAMD4A,-1.2479144947462955,-9.193206165150386,2.6205401447195177e-07,2.1108950180197955e-06
CGREF1,-1.3410081109817755,-9.203574691345597,2.58493992171488e-07,2.0878147879472934e-06
CCDC3,-0.986771462025555,-9.211429440395149,2.5583123587562154e-07,2.0716584886625625e-06
BIRC5,-2.8922012167861464,-9.220527284303767,2.527833902652272e-07,2.0524002414911825e-06
ITGAV,-0.7994299964268196,-9.260880089612456,2.397218057460239e-07,1.951520145050633e-06
PRSS35,-2.18011453045083,-9.309990393183927,2.2478431123852527e-07,1.8446155661206963e-06
MAMDC2,-1.7720980916611986,-9.339408253314014,2.1631210615243914e-07,1.7774707918424289e-06
SAMD11,-1.9976684537512428,-9.344859984670816,2.1477958965626113e-07,1.7672468249568868e-06
ID4,-0.896953333420793,-9.347065435740992,2.1416289968127004e-07,1.7645410954921845e-06
SYT9,-1.0146671259571756,-9.347460681760502,2.1405257932430004e-07,1.7645410954921845e-06
ANKRD33B,-2.2775004935876138,-9.350590799397407,2.1318103309988678e-07,1.761185623857555e-06
ELL2,-1.1240344350797042,-9.358353524046324,2.1103579571421557e-07,1.7458156919408115e-06
NRP2,-1.0424290168145993,-9.384033818943891,2.041007267809318e-07,1.6930141477227494e-06
LOC112268106,-1.6118793709742836,-9.4207162993229,1.946108341420586e-07,1.6208755615364393e-06
MPP1,-1.3629053225080552,-9.432373085954636,1.9169411534862398e-07,1.6009331431703883e-06
DEPTOR,-1.6997372270590216,-9.434550262197943,1.9115451012099833e-07,1.5986045662233559e-06
COL4A6,-4.5635572597955525,-9.43462883037842,1.911350674412549e-07,1.5986045662233559e-06
TENT5A,-1.6980743221942913,-9.44299572252631,1.890765380198743e-07,1.5877249014545607e-06
PCDHA4,-1.1545435276022968,-9.444862583755091,1.8862044733147518e-07,1.5860676846940233e-06
PTGIS,-1.4528535569281718,-9.452900409086602,1.8667002861254136e-07,1.5718231804874704e-06
GPX8,-3.1892418710318067,-9.462792922638657,1.8429889572269258e-07,1.556132549283892e-06
RGS7BP,-2.046447166427015,-9.478438458554956,1.8061384197152044e-07,1.5292304575765473e-06
ZFHX4,-3.330700262341324,-9.47859116941206,1.805782611406198e-07,1.5292304575765473e-06
AXL,-1.9430793560119628,-9.482965124054548,1.7956230392784232e-07,1.5245386746228162e-06
TRIM25,-1.1840507793647246,-9.488354424736647,1.7831884273812948e-07,1.5160811456098943e-06
PRR16,-4.001813618823012,-9.491531620556088,1.7759006008437118e-07,1.511982039329438e-06
C10orf82,-1.6134940134214009,-9.497914533880333,1.7613548956963403e-07,1.503775140754675e-06
MYO5B,-2.6605706221874046,-9.49971545979129,1.7572737640170192e-07,1.503775140754675e-06
PHLDB2,-1.751409230936543,-9.500224243064121,1.7561226141191913e-07,1.503775140754675e-06
EFNB3,-1.4156635020676736,-9.501127579888054,1.7540807367589908e-07,1.503775140754675e-06
FBXL7,-1.0482029737234773,-9.526181640873219,1.69844165083797e-07,1.4664010309347544e-06
TRNY,-1.2028108105401492,-9.543428299050357,1.661231391489591e-07,1.4383260494111856e-06
SNX7,-1.1971074035474276,-9.571571988038624,1.6023563506988446e-07,1.3912810807059373e-06
SLITRK3,-4.080396813193069,-9.592489685306852,1.5600342744476388e-07,1.3622521513339068e-06
GRM8,-1.6177603943797618,-9.596962935929689,1.5511386575049748e-07,1.3564165435813831e-06
LRRC8C,-1.0750027999551537,-9.612150651585194,1.5213355569029022e-07,1.3341612251523305e-06
PCDHB18P,-1.0397402443102837,-9.61717271178958,1.5116149065932662e-07,1.3275357274235992e-06
HTRA1,-1.8650083277982281,-9.627160015290368,1.492478978724105e-07,1.314496571778558e-06
HSPG2,-1.5809878362862095,-9.640036328694013,1.4681863188728512e-07,1.296827396929478e-06
TMBIM1,-4.23557574690568,-9.653666305878168,1.4429284908201454e-07,1.2763566592680361e-06
GCH1,-1.6210684512917322,-9.656223143838226,1.438241991244417e-07,1.2740496251919475e-06
LINC00634,-1.575614554101552,-9.660301321320263,1.4308003971573333e-07,1.2692918139760423e-06
TMEM117,-1.2560462658161642,-9.66529420805442,1.4217453158446873e-07,1.263086780598251e-06
TRANK1,-0.913048223168065,-9.686357939684735,1.3842086040561206e-07,1.233313770765119e-06
SERPINI1,-2.165785238214795,-9.696331579265104,1.3668034075162048e-07,1.2195785863281418e-06
ADGRL2,-0.8619279981721283,-9.72651220207397,1.3155355012116025e-07,1.1772602368506749e-06
ADCY2,-1.0274393903454264,-9.73365362106769,1.3037056273285867e-07,1.1683794584099762e-06
SHFL,-1.8898400717445474,-9.734633271061233,1.302091652260427e-07,1.1683794584099762e-06
CRYBG2,-1.6908882793578268,-9.738001668361695,1.2965583802453693e-07,1.1653816526252366e-06
NTM,-1.3212381822888368,-9.741385513243943,1.2910248640785436e-07,1.1638209436472755e-06
SPARC,-2.232199018420856,-9.745995420044075,1.2835267153131074e-07,1.1587656502016713e-06
ZFP36L2,-2.6902913618736726,-9.746700136042438,1.282384554706249e-07,1.1587656502016713e-06
CHAT,-0.9821384767780752,-9.763284076708892,1.2558154935547328e-07,1.1387794342441585e-06
KCNG1,-4.6014217591254205,-9.776434089204232,1.2351635411407852e-07,1.121711482547113e-06
PLEKHB1,-1.130550394113799,-9.784182089463094,1.223164485883018e-07,1.1124626555582937e-06
CAMK4,-1.3481359410076716,-9.78736911091239,1.2182648415674168e-07,1.1096528200309456e-06
ZNF528,-0.9905639100533852,-9.814952011165227,1.1767202141710509e-07,1.0766111810251556e-06
YBX2,-1.4625002429330956,-9.872450251230234,1.0948780418744965e-07,1.0032290578012951e-06
HLA-B,-2.4609058566825976,-9.892724374167313,1.0674803477493987e-07,9.79589001752068e-07
FOSL1,-3.876109058042361,-9.894519324095375,1.0650900534835225e-07,9.788608737412285e-07
PDE4D,-1.1443423650355893,-9.897443149115425,1.0612086251315771e-07,9.767580888973826e-07
SYN2,-1.7113610583146028,-9.908296965314117,1.0469308763483138e-07,9.650656048143102e-07
SLC18A3,-1.2617195673594421,-9.924063958094484,1.0265523756050349e-07,9.491351527087275e-07
PLCE1,-3.2966238520695628,-9.927380166959535,1.0223201174955489e-07,9.480820454232548e-07
RPS6KA3,-0.6747448453476411,-9.933808650142334,1.0141685638888304e-07,9.41947469187656e-07
PROX1,-0.7842339039723836,-9.960415657762727,9.811568887385553e-08,9.140564936120583e-07
GALNT13,-0.6683661682225152,-9.963995748529312,9.7680289584218e-08,9.113853503063263e-07
SPATS2L,-1.2606886786967362,-9.974502187819542,9.641433755578104e-08,9.023204415525766e-07
STC2,-2.8003434221914354,-9.974697390851013,9.639098252635963e-08,9.023204415525766e-07
ANKRD29,-2.2670442382163256,-9.976073402044216,9.622652031949308e-08,9.023204415525766e-07
EPHB6,-1.0191740257628694,-9.991625756511544,9.438827257520058e-08,8.874234829539565e-07
ITPRIPL2,-0.9009737040598512,-9.994054590631903,9.410457487944643e-08,8.866531877825944e-07
ENC1,-1.8574831074379223,-10.00066721573022,9.333677360904074e-08,8.815938709143602e-07
MIR7-3HG,-1.3675946363386644,-10.00109845632998,9.328693333555908e-08,8.815938709143602e-07
CACNG8,-1.468593684585754,-10.040273963982063,8.887510262360713e-08,8.433504320165816e-07
ABCA5,-0.8089908354482479,-10.042874114063952,8.859023440527092e-08,8.419505998516445e-07
LBX1,-2.8458338540884895,-10.058611254676519,8.688667144053973e-08,8.28328609534228e-07
COL12A1,-3.06004953683271,-10.059016532656887,8.684326201672001e-08,8.28328609534228e-07
INSM2,-4.483283442399556,-10.062183549506576,8.650483454000142e-08,8.272615222000137e-07
HAP1,-1.169092003999488,-10.072085615116597,8.545570829345024e-08,8.19786372204773e-07
FAM122B,-0.7612618275729833,-10.10009774232681,8.256036564323496e-08,7.944977101931402e-07
TSTD1,-2.0459458890029785,-10.107324309156704,8.183046252540478e-08,7.887118479256781e-07
VEGFB,-1.5381482920137035,-10.159285266266533,7.67799509145135e-08,7.435404409256994e-07
C2CD4C,-1.1451734313693862,-10.174541323291942,7.536079314775423e-08,7.309519968286921e-07
NR3C1,-1.6239306512885197,-10.193308969368116,7.365310693103746e-08,7.15520674306275e-07
CSMD1,-3.9970876973301452,-10.198618385188059,7.317749500655518e-08,7.120286418891797e-07
GSN,-1.063946340285861,-10.238006980112623,6.974941189737288e-08,6.819200876090841e-07
SORCS3,-1.2805717484359906,-10.239831473484944,6.959481582911367e-08,6.814955607547393e-07
C7,-4.119363752419621,-10.24006677086366,6.957490473633364e-08,6.814955607547393e-07
SH3D19,-1.1726067229418817,-10.262734565570913,6.768482846461859e-08,6.649166642437692e-07
LYPD6,-1.2313168830746002,-10.265066139040004,6.749353644550891e-08,6.64101730996741e-07
CSPG5,-1.58620279230625,-10.270047867595554,6.708673723596917e-08,6.611602881937154e-07
LHX3,-2.4478891108023757,-10.279873787960824,6.629198836973752e-08,6.543798529895185e-07
NBL1,-3.4984277266760886,-10.283514122879211,6.600009296618199e-08,6.525493062624122e-07
ALK,-2.1852542336329264,-10.291099601073405,6.53962409310714e-08,6.48671451306582e-07
BNC2,-2.3716412750145963,-10.294108865581379,6.51583135897251e-08,6.473589340437841e-07
SLITRK6,-2.738101111802541,-10.332478276923327,6.220398995453215e-08,6.190104844501333e-07
TMEM229A,-1.7670980594203807,-10.378917283153232,5.881753693729444e-08,5.872174290319461e-07
KANK2,-0.7976499213390038,-10.41591796524789,5.625972412476305e-08,5.635165177856168e-07
LRP2,-1.6255465077194051,-10.427517317602206,5.548242719158606e-08,5.575529158761025e-07
SHTN1,-0.751650350246025,-10.436743586069928,5.48723085165456e-08,5.52327177678858e-07
SLC41A2,-0.897166428391777,-10.502414354429687,5.0730404352536484e-08,5.165737187392834e-07
SNX25,-1.0071452644890835,-10.552580944629364,4.779073933225402e-08,4.882620535111952e-07
BEAN1,-1.2295949305477936,-10.555906759367435,4.760236373085493e-08,4.871493984476474e-07
SLC4A10,-1.0115341458470426,-10.564014094442912,4.7146460630714714e-08,4.8329064158241e-07
PCDHB5,-1.5001602578781656,-10.567820184351973,4.6934034559218894e-08,4.827275702147849e-07
CNTNAP3,-1.707526050699664,-10.5707871952194,4.676914519021718e-08,4.8245357104275e-07
AJUBA,-2.680978506470616,-10.579126147482306,4.63090038025102e-08,4.787085890546164e-07
PRKN,-0.9307225592715758,-10.5947259592071,4.5461084956984944e-08,4.7153375767566443e-07
CDK6,-2.6752106924287893,-10.598633286952994,4.525129990918178e-08,4.7015333634454965e-07
RFX6,-1.0389495389609174,-10.603457207652765,4.499372166417568e-08,4.6827082139456183e-07
NPFFR2,-3.6303086481087132,-10.607638569137668,4.477171471697771e-08,4.6675274016168933e-07
TAGLN,-3.354206351768633,-10.610987528472004,4.459474372581932e-08,4.656997939340246e-07
RMST,-1.6851924482414922,-10.615028994742278,4.438216802089587e-08,4.6427080199333053e-07
PTPRJ,-0.8913963521302251,-10.617516561772867,4.4251861218509424e-08,4.6427080199333053e-07
THCAT155,-0.9532787267715519,-10.627050221393713,4.3756211936867186e-08,4.616619262874283e-07
MARCHF1,-0.9834180136234182,-10.638378224200707,4.31749383412952e-08,4.5692026103904715e-07
SLC12A5,-1.619872187039762,-10.638793588159647,4.3153781451048575e-08,4.5692026103904715e-07
TMCC3,-1.5552425093703484,-10.662454457035556,4.1966609857777936e-08,4.481799972616355e-07
CYP26B1,-1.5679710251146315,-10.663948325759426,4.189283067448797e-08,4.4817286567994986e-07
MFAP3L,-1.4244551674087178,-10.687509107152964,4.074727404577433e-08,4.3744446567530065e-07
ANKRD24,-1.084425943754834,-10.688329880553887,4.070797234241456e-08,4.3744446567530065e-07
CDH8,-3.6824068298626633,-10.689029563503052,4.067450073128778e-08,4.3744446567530065e-07
PCDHB15,-1.0863465138808164,-10.716276575348518,3.939354654171338e-08,4.2664742102597706e-07
IQSEC2,-1.0848284672350672,-10.744783326909253,3.809917219619609e-08,4.1335916028793277e-07
SLC2A13,-1.2482585999997804,-10.762247856200773,3.732858340636378e-08,4.057166955337056e-07
GPC3,-1.072100303270002,-10.774528880520066,3.6796642580258306e-08,4.0064550447066325e-07
HAS3,-0.9194115770486398,-10.77667029598442,3.670471753835532e-08,4.003557268863311e-07
PTPRT,-4.089758557880239,-10.824901425563144,3.469769116945262e-08,3.8186148450402975e-07
TEK,-2.750233592439794,-10.83808314245264,3.4169712036516254e-08,3.767272208342529e-07
GASK1B,-5.364321260284017,-10.839676762603318,3.410646267729538e-08,3.767074165978751e-07
CNTN1,-1.5371620145742964,-10.872245087073802,3.2840763784437606e-08,3.646990615916712e-07
SDK1,-0.985033389279821,-10.898810662381246,3.184535339472917e-08,3.542867809613245e-07
BMP3,-5.99789038944037,-10.922258153060929,3.099342515210531e-08,3.4543581124073735e-07
GJA1,-3.1339966035769953,-10.93764831147211,3.044744918841014e-08,3.405891670163397e-07
DOK5,-1.9279932967624285,-10.945564693236149,3.017060348785476e-08,3.3810932245073067e-07
DMTN,-1.04016483138779,-10.949172822593924,3.0045312217147466e-08,3.373219118884871e-07
DKK3,-1.5564391870908938,-10.9954650290806,2.8486026385642162e-08,3.221759072767278e-07
BLCAP,-1.0500867512201644,-11.008128917496277,2.8074624529442104e-08,3.1810988607297617e-07
LOC101928092,-2.165644412480664,-11.009724124773197,2.802325224916616e-08,3.1810988607297617e-07
PSD2,-0.9312857617838396,-11.01208042521378,2.7947552492836604e-08,3.178450775159339e-07
EPHA10,-0.9411773623543056,-11.02161522084419,2.7643446574000037e-08,3.1555740688756095e-07
UBE2C,-3.0325475200863607,-11.075107567112061,2.6001361878595213e-08,2.973663214846803e-07
MFGE8,-1.445034808472464,-11.085647458903365,2.5690228881887278e-08,2.943572019550823e-07
LINC00643,-1.8534315443794545,-11.089805792085192,2.5568568517285324e-08,2.935118445898109e-07
FAM189A2,-1.3917786879611176,-11.09749211430333,2.5345300544650397e-08,2.914947323427897e-07
YAP1,-2.7190797367081605,-11.099267595429033,2.5294022859429505e-08,2.91451804752449e-07
RIPPLY2,-1.658818458446542,-11.111017545838106,2.4957442576559563e-08,2.892043912935919e-07
PRAG1,-0.8039017159622427,-11.12200157630125,2.4647109488698892e-08,2.866921843751883e-07
DCBLD2,-1.3354453710877352,-11.123721858310548,2.4598879206314255e-08,2.8667515120666615e-07
LTBP1,-2.0045413141409365,-11.133902570600029,2.4315498013291558e-08,2.839123863266233e-07
LOC101927359,-1.7201191353543266,-11.188472642838098,2.2854597078867267e-08,2.683882760411041e-07
KANK1,-1.3216387894005457,-11.251832323019144,2.127468277463578e-08,2.5079577963176406e-07
ADGRG6,-7.848243084115823,-11.255981084575147,2.1175368216241745e-08,2.501059868315258e-07
C2orf80,-1.2056210575030886,-11.260348551247878,2.1071351071635062e-08,2.4993396142994623e-07
PTPN14,-2.261267264453823,-11.261948781320053,2.1033375647367248e-08,2.4993396142994623e-07
TMEM74B,-0.9502728885802939,-11.272478125097853,2.0785310588078147e-08,2.48855378720545e-07
ARHGAP10,-2.9038950582257548,-11.300799529281806,2.013339803732108e-08,2.4152197645553467e-07
POSTN,-4.123206735101569,-11.316670004426012,1.977762925022415e-08,2.3771934765465498e-07
CD44,-4.704453657087465,-11.324913689545346,1.9595476072586208e-08,2.3645722111211311e-07
GSTT2B,-2.6005984895880063,-11.328082330784165,1.952593726146684e-08,2.360828311889383e-07
NETO1,-1.9452982979722317,-11.345911073815353,1.9139533672662756e-08,2.318682636628907e-07
CCDC68,-3.169950848023186,-11.38050769460928,1.8412745464093397e-08,2.2439389601370283e-07
LOC728485,-1.1219372117174065,-11.393225222245835,1.815301479598551e-08,2.216692842617354e-07
PPP4R4,-1.4036807398776685,-11.40737159434861,1.786867713050332e-08,2.1863271618759554e-07
HOXD1,-2.8184606100672145,-11.408986546491201,1.7836519838735553e-08,2.1863271618759554e-07
SAMD3,-0.9091033755711352,-11.418587440683712,1.764661186227404e-08,2.1678102347843657e-07
BMP7,-2.0709734483051854,-11.44718722288908,1.7093546124995012e-08,2.104085095305611e-07
PIGZ,-0.9497672030715476,-11.489869765133577,1.630219244562806e-08,2.010713072267606e-07
CAV1,-4.757431873482889,-11.50597704397287,1.6013772382781224e-08,1.9831196910393717e-07
PDE3A,-2.4655859735904566,-11.523143947752777,1.571234849960473e-08,1.9497306943841496e-07
SLC8A3,-1.0254059106896218,-11.53485095879634,1.551025908580915e-08,1.9324774023579287e-07
IQGAP3,-4.6692007526764865,-11.555908482334692,1.5153690478685194e-08,1.8918965913307583e-07
SAT2,-1.3117122855230192,-11.580301549995049,1.4751518723856179e-08,1.8492190138494556e-07
COL6A2,-2.8777297353609246,-11.601212348497862,1.4415802202322943e-08,1.8108374487754025e-07
PCDHA13,-3.508905718973829,-11.616091494108609,1.4181879883983446e-08,1.7851113693802572e-07
SLITRK1,-0.7365143495019609,-11.642537841508021,1.3776020678449055e-08,1.7375927316644592e-07
CNN1,-4.247665686628619,-11.648281209266646,1.3689525215102956e-08,1.7302430838882704e-07
P3H2,-3.107330999248405,-11.653857036764014,1.3606105859237866e-08,1.7232526635770274e-07
MAGEL2,-1.2063366263795077,-11.719709475432689,1.2660822583385453e-08,1.6202681093142554e-07
SEZ6L,-0.9908036660618981,-11.773627283561925,1.1938934132988627e-08,1.5375139965382413e-07
CPAMD8,-1.7759122928263833,-11.796524818461629,1.1645741583801601e-08,1.502913598077975e-07
SIAH3,-2.0973887330420715,-11.812391539064826,1.1447078056496836e-08,1.480392162158768e-07
COL2A1,-3.0912116897591484,-11.83340379423997,1.1189524606568008e-08,1.4514957424170553e-07
HPCAL4,-2.310479277923638,-11.834861373841013,1.1171888971918575e-08,1.4514957424170553e-07
TGFBI,-1.840866945196343,-11.836723642306787,1.1149399954764544e-08,1.4514957424170553e-07
LINC02609,-1.1697727658593453,-11.857853832764416,1.0897578613559339e-08,1.4273965149811697e-07
SYDE2,-0.8579003783570173,-11.875000467229924,1.0697683882243355e-08,1.4042141798319435e-07
SGK1,-1.4797572415630973,-11.875676233057373,1.0689886246421659e-08,1.4042141798319435e-07
TMEM191A,-1.871872781413041,-11.879243559574315,1.0648823190703029e-08,1.4038126055700983e-07
CDYL2,-1.0613992138888417,-11.884306521083523,1.0590832187871454e-08,1.3991767524062934e-07
OPRK1,-3.9616048827362365,-11.885515241959945,1.0577037324582548e-08,1.3991767524062934e-07
KCNA3,-1.607471305090814,-11.91488948455594,1.0247611229326599e-08,1.359693870904157e-07
SERTM2,-0.9197184376195077,-11.959618238103308,9.76680276347844e-09,1.301532629133105e-07
DNM3,-0.7920778306136279,-11.964162373658887,9.719317886629737e-09,1.2980265500008775e-07
PLD5,-2.1753200923144,-11.96891918048293,9.669873949006057e-09,1.297074995785714e-07
VEGFC,-2.760994188223263,-12.003788130885637,9.31551159069899e-09,1.2522825888373861e-07
TPD52L1,-1.8797972094637265,-12.013944243335828,9.214918492278673e-09,1.2414824254432586e-07
TFPI,-4.867534007148759,-12.041063468499276,8.951937813648184e-09,1.2140570530456497e-07
SATB2,-1.3219829283814928,-12.055862219255776,8.811812710213794e-09,1.1977031466432497e-07
PRKD1,-1.274508139415221,-12.1075484234025,8.340453761284746e-09,1.1386855580551335e-07
YPEL2,-0.9631805558871632,-12.107803493562177,8.338195342070088e-09,1.1386855580551335e-07
TSHZ3,-0.9424066725571842,-12.13682572391915,8.085434188557439e-09,1.1137912713675754e-07
TNIK,-0.8693864919868955,-12.142608144779198,8.0360558925215e-09,1.1119869666175349e-07
NEK7,-1.097989073465778,-12.1598839865801,7.890434804333117e-09,1.0967883299447167e-07
TC2N,-3.8407544370320337,-12.16688688632606,7.832209078404624e-09,1.0911691284231897e-07
SYT16,-0.8402438174268051,-12.203829763267485,7.532529698564464e-09,1.0563715019250748e-07
AMIGO2,-1.8231907164987544,-12.224638562739845,7.369127787415855e-09,1.0384540996979125e-07
SEMA3A,-0.899769881600925,-12.242291282831516,7.2334689257877575e-09,1.0240453698632552e-07
AHNAK,-3.235107637804779,-12.251701667318029,7.162240674812613e-09,1.0163086883472527e-07
LOC728743,-1.0240639910533587,-12.299072644131082,6.814856605670564e-09,9.737778786191272e-08
LINC00839,-2.923659598839984,-12.300837383887686,6.802267211546729e-09,9.737778786191272e-08
KDR,-2.210456849448685,-12.303283282753624,6.784859479145249e-09,9.737778786191272e-08
BAIAP3,-1.6318811138643914,-12.306099063059,6.76487800786931e-09,9.734437133389406e-08
CNKSR2,-0.8843945450192467,-12.32060698848232,6.66291505346017e-09,9.610275124167258e-08
LHFPL3,-3.361746433652,-12.374408860729915,6.2988533635556575e-09,9.149756189240801e-08
GTPBP6,-1.1444065486453252,-12.377853961258381,6.276274974304871e-09,9.138614154985476e-08
HLA-DQB1,-4.102250032449672,-12.387592596373018,6.212915342606293e-09,9.08953963011374e-08
KRT18,-2.0284891272232386,-12.387599738476352,6.21286912688541e-09,9.08953963011374e-08
CUL4B,-1.0716290884847741,-12.390564414099078,6.193716650061149e-09,9.08953963011374e-08
COL3A1,-4.073955105145842,-12.449816045553202,5.823840676139612e-09,8.623223030129425e-08
GABRA5,-1.8580149690744672,-12.48464212194443,5.617482073936587e-09,8.378385672319046e-08
TBL1X,-1.25670382225265,-12.654570959570385,4.716500676746197e-09,7.156472561498561e-08
TFPI2,-5.2889627133642865,-12.693400384482276,4.533076276871011e-09,6.929615355915038e-08
CLIC5,-2.976612151381903,-12.697488823954748,4.514210209020697e-09,6.918027145324219e-08
PAK3,-0.9072518180388781,-12.736621911381512,4.337806952732323e-09,6.697923581926737e-08
LRRC34,-2.551470014179654,-12.766230717570512,4.209224173927335e-09,6.532289667385966e-08
PCDHB11,-1.4769142762010217,-12.789952880647519,4.1091372674155786e-09,6.409417671566794e-08
SPP1,-3.6454258592470508,-12.856829690193463,3.840388211295616e-09,6.020864382414865e-08
TMEM151A,-1.4977918457264447,-12.865447026449221,3.807145472030472e-09,5.984051729114563e-08
TMEM130,-0.8642981373422868,-12.882676672321717,3.741595514614192e-09,5.9113351815940714e-08
ADCY5,-0.9332049970784542,-12.883030815541256,3.740260864834715e-09,5.9113351815940714e-08
ANKRD1,-5.1015522860022875,-12.890292476483943,3.713005625190092e-09,5.896560746739705e-08
NAP1L3,-1.0613022904233576,-12.897487043694976,3.686210878968188e-09,5.8692136852142836e-08
C11orf87,-1.3103133407706131,-12.897533885769578,3.6860371017135647e-09,5.8692136852142836e-08
CNTN3,-3.220905208614908,-12.949047166719037,3.500113667902187e-09,5.602009604240315e-08
HDAC9,-2.0578985007685557,-12.972755900332086,3.417926140456611e-09,5.4888918999518925e-08
IL13RA1,-2.0918879369867533,-12.976224934337143,3.406074124327776e-09,5.4888918999518925e-08
UNC5C,-2.4872519392604184,-12.988531129514254,3.364381885887575e-09,5.44159919801869e-08
NID1,-2.3225758768715643,-13.001174346129933,3.3221138632753197e-09,5.38744920155495e-08
ERVW-1,-4.917205546563505,-13.115784867108502,2.9637981780926532e-09,4.8448220884554577e-08
TLL2,-2.663712282862711,-13.120466000418743,2.9500683818342603e-09,4.8448220884554577e-08
SHISA9,-1.540839114471492,-13.13249473581621,2.9150980427832026e-09,4.8036427425432874e-08
AMPH,-1.1300573143504729,-13.146817857343047,2.874032853105152e-09,4.748738919012016e-08
AEBP1,-1.7720999297001905,-13.1824100334438,2.774634978774059e-09,4.609352959318423e-08
SLC8A2,-0.9636538713940972,-13.238977207061872,2.6241263656448158e-09,4.455926487923191e-08
NTNG1,-1.4282433820801714,-13.245552298662984,2.607205046788036e-09,4.439490815780739e-08
PLAAT5,-2.5418904575053953,-13.263571679031186,2.5614247972840417e-09,4.373686353022612e-08
GNAS,-1.1042955310963851,-13.263853802713427,2.5607148817001918e-09,4.373686353022612e-08
OPRL1,-2.006411572499516,-13.26953120185301,2.546473183369731e-09,4.372515578167073e-08
GPC4,-5.116009473381551,-13.300695884545984,2.4697863414038668e-09,4.252750076630816e-08
CACNA2D3,-2.956159445989537,-13.349775613388747,2.3539658247095684e-09,4.076217656912332e-08
PCSK1,-1.6050705906180947,-13.398113879735575,2.245539550693507e-09,3.904154830270384e-08
HEPACAM2,-4.088627047996643,-13.43248104349395,2.1716969418788223e-09,3.812707844606833e-08
QPCT,-2.053031212552696,-13.449810079790927,2.1354490037212488e-09,3.772421438850506e-08
RAB31,-2.2192839325108134,-13.457945206396545,2.1186554062145256e-09,3.753571572281804e-08
CELF6,-0.9675354790615878,-13.460439293297839,2.1135350335461768e-09,3.753571572281804e-08
TNC,-2.328459679365118,-13.486628950824102,2.0605573406787603e-09,3.682570407685364e-08
HOXA5,-1.0119367427743855,-13.505763465793,2.022747150092651e-09,3.636199422307317e-08
HLA-DQB2,-4.352422671692194,-13.523097677629623,1.9891327300539732e-09,3.59421336776025e-08
DIAPH2,-2.793069968421476,-13.531400869650362,1.973242686734506e-09,3.578691618249266e-08
LGR4,-1.0490339971678977,-13.555052146997904,1.9287180118971573e-09,3.529266093411813e-08
AFF2,-2.043507896598145,-13.591519144468934,1.8621537485098844e-09,3.427928672181859e-08
LINC01116,-1.5472395141194515,-13.623767058886061,1.805330203022396e-09,3.3535376195537235e-08
PAWR,-1.055695199222885,-13.659982602419744,1.7437121988341756e-09,3.258827981357773e-08
CAVIN1,-5.353091580348468,-13.664936618035133,1.735459273117429e-09,3.2533227352323666e-08
JAZF1,-1.074584688472895,-13.694059404038866,1.6877781246181312e-09,3.1834092012028134e-08
ARHGAP29,-2.0352085927265677,-13.706993224750954,1.6670520926479554e-09,3.1540213975098666e-08
KREMEN2,-1.818183512827577,-13.71762597299519,1.650216756563175e-09,3.1415617135814476e-08
EML6,-1.6194596429672703,-13.802479588924184,1.522187702076423e-09,2.94353647120772e-08
NR5A2,-1.8884260955048315,-13.81151186017943,1.509197060981697e-09,2.927651260701836e-08
RNF144B,-2.078381864116799,-13.829160188227485,1.484154396357518e-09,2.8882115713243127e-08
GRM1,-1.1302281695000915,-13.850559836377881,1.454381762686171e-09,2.8574872452776375e-08
NR3C2,-2.476872044288466,-13.867991638316793,1.4306003017244076e-09,2.8198005947172405e-08
NOTCH2,-2.3908303920741734,-13.872812638979036,1.4240966829588914e-09,2.8160363440445173e-08
PLAAT3,-1.543905496998045,-13.919235532059853,1.3630610959251158e-09,2.7040661870617992e-08
ATP1A2,-4.065424836992561,-13.964203445840218,1.306592699578093e-09,2.6004588468875678e-08
RAPGEF4,-1.4260479302722842,-13.997312334382464,1.2666134761660741e-09,2.545685445540339e-08
SMIM41,-4.506854478642698,-13.997822500373275,1.2660077519166757e-09,2.545685445540339e-08
KCNIP4,-2.4233311813096554,-14.110091922867593,1.139936888703448e-09,2.3292710425840456e-08
PTGER3,-2.4144054994299933,-14.113985181051557,1.1358127742205526e-09,2.328606122398658e-08
PRKG1,-2.5923221731747756,-14.153796347395938,1.09454286375129e-09,2.2667391063498e-08
ITGA8,-1.743730963692227,-14.19609042808185,1.0524457889823266e-09,2.209415303582761e-08
CASKIN1,-0.9472979115821395,-14.202608625344519,1.0461130871261522e-09,2.2036677745990765e-08
DGKB,-1.4452503335744171,-14.235874350843364,1.0144210542575044e-09,2.144276228482242e-08
ARSI,-3.559694955851691,-14.246700864593514,1.0043289103844226e-09,2.130289349708135e-08
SLC27A6,-2.9107418967635668,-14.264904796648986,9.876004582028835e-10,2.1020801419387763e-08
ETS1,-3.8125873432605744,-14.28404235352448,9.703341215822222e-10,2.079772085768889e-08
PCDH10,-1.4765257692009832,-14.293332645333132,9.620685907874037e-10,2.069291390009398e-08
LIN7A,-1.0821287331144358,-14.345076368158068,9.173859604375866e-10,1.9801323723529598e-08
CACNA1B,-1.1913740029667268,-14.389316785858295,8.8093756266601e-10,1.9149458365754046e-08
STAR,-2.0362963637598956,-14.40893957440569,8.65268418759623e-10,1.887578436653555e-08
PCDHA5,-4.5880347805580755,-14.438785248515716,8.420035497148829e-10,1.8433863427686543e-08
ADAMTS12,-2.9157304466147083,-14.488153940583256,8.049731396128193e-10,1.7814026519229537e-08
SOX3,-3.336487404739103,-14.51181819483865,7.878427573352878e-10,1.7498101820526502e-08
H2AJ,-1.084533325351295,-14.528656235952905,7.75890890179866e-10,1.729531329746392e-08
NEURL1,-1.2387310305949903,-14.546019285305219,7.637687340978596e-10,1.70872348175908e-08
SERPINE1,-3.0943384577574786,-14.577586526078381,7.42244463714586e-10,1.66665148812103e-08
FADS3,-1.283313857140107,-14.585969311772125,7.366380396140132e-10,1.660143817218346e-08
H3-2,-5.485644959016649,-14.618963874534462,7.150062810879863e-10,1.6173389310219024e-08
KCNMA1,-1.469098337028388,-14.835951607680549,5.886014396503225e-10,1.3667147064607868e-08
PCDHA2,-2.2004674894781573,-14.842761297179386,5.850427701067118e-10,1.3661861171466589e-08
PPP1R3D,-1.6137337432959908,-14.896516501206024,5.577440638968698e-10,1.3099506175049087e-08
ZNF528-AS1,-1.3951278619402485,-14.950152521922861,5.318566099765335e-10,1.2636748136264149e-08
LBX1-AS1,-3.320134560986211,-14.963846538232133,5.254547725027697e-10,1.2533220838295635e-08
MAFA,-1.3461565911184863,-14.99023992046317,5.133469332550212e-10,1.234045765040502e-08
TRPC4,-2.6947775486187187,-15.007843382086374,5.05437186782701e-10,1.2210395688094084e-08
GRID1,-0.8102268199215927,-15.124934461719224,4.5602518269999053e-10,1.1137188724904151e-08
DOC2A,-2.0003264047475366,-15.258631807086092,4.0583531586460137e-10,1.0071945288461565e-08
GALR1,-7.048449826501524,-15.353331931619886,3.738701182932418e-10,9.378312426727433e-09
GNG12,-2.553500054967207,-15.42178794967385,3.524421094459657e-10,8.927562524395743e-09
FAM217B,-1.1127733910062478,-15.44841082796634,3.4446613376537276e-10,8.76173195013168e-09
DGKE,-0.9402220422441163,-15.476254655048253,3.363301265135833e-10,8.590431981367775e-09
CACNA2D1,-1.3936251061581701,-15.47775239353461,3.3589833972541594e-10,8.590431981367775e-09
CYP1B1,-4.713105424444003,-15.493379614791772,3.3142826444516037e-10,8.536366643062323e-09
PARM1,-1.9166690268106108,-15.494582402885788,3.310868559155731e-10,8.536366643062323e-09
SFRP1,-2.456870044682219,-15.502891526037857,3.287385625946525e-10,8.536366643062323e-09
PCDHB13,-1.2256419310524218,-15.520295701447411,3.2387729032693646e-10,8.448373573209023e-09
KCND2,-1.0437843725235636,-15.540193215340729,3.184134420176484e-10,8.413251722276659e-09
RRM2,-3.1015909414031375,-15.610339811614061,2.9992278459906673e-10,7.958989911654888e-09
GLCCI1,-0.7590904533647082,-15.618826269372892,2.977647157823795e-10,7.93607699019994e-09
BNC1,-5.963314199406056,-15.667414259239518,2.857239558859158e-10,7.648418557120803e-09
CCND2,-1.2395618109033433,-15.702212215876472,2.774205382657413e-10,7.458718857758745e-09
OTULINL,-2.1161774561894235,-15.704096427602359,2.7697834706833206e-10,7.458718857758745e-09
KRT19,-5.789754944749896,-15.739482261584444,2.6881218661478176e-10,7.2912332033124436e-09
HAGLR,-2.0732123311811654,-15.757897653104372,2.6466442097669174e-10,7.2106351137205345e-09
CREB3L1,-1.2222022964083494,-15.957888102659256,2.2377333891157991e-10,6.206925644923009e-09
MYL9,-3.8065538145670623,-15.961182256809398,2.2315914397997295e-10,6.206925644923009e-09
EEF1A2,-1.834820537813183,-15.96921036145067,2.2166983051428452e-10,6.204730872386138e-09
ERBB4,-4.230166820268353,-15.976770657907773,2.2027700178033066e-10,6.1940276188689315e-09
SMCO4,-1.510132433364572,-15.997877829446294,2.1643767307591864e-10,6.142420999793431e-09
CD47,-1.188383173933037,-16.01022142359929,2.1422557588520928e-10,6.136461589609032e-09
HOXC5,-1.7012373898089959,-16.029017382292807,2.1090339306729425e-10,6.069661030528234e-09
RETREG1,-1.4816484304749418,-16.068065260497562,2.0417625334371455e-10,5.903775627344199e-09
CELF2,-1.3523076207132954,-16.091381074521273,2.002689745217584e-10,5.818240823783787e-09
PNMA8B,-2.138393992304976,-16.100150536622625,1.9882011275543048e-10,5.803653767575185e-09
GLP1R,-3.3056238812121275,-16.101162346292384,1.9865366649739494e-10,5.803653767575185e-09
TSPAN2,-1.015612257660309,-16.11786698891733,1.959270945118406e-10,5.774197544988379e-09
ARHGAP20,-2.293166062821971,-16.234456317709864,1.7797509154495298e-10,5.321889322783228e-09
ABAT,-1.343181571136548,-16.254987293967417,1.749999405856199e-10,5.258576646028676e-09
SDC4,-2.2211588789743097,-16.27812021377508,1.7171125299862702e-10,5.185172319613713e-09
TOX2,-2.333305009512612,-16.287430512133337,1.7040633883238224e-10,5.171241866547046e-09
PCDHB12,-1.9242953699092875,-16.29008797396319,1.7003581970854413e-10,5.171241866547046e-09
EMID1,-2.5582802247063934,-16.290424918035285,1.6998890245679074e-10,5.171241866547046e-09
SPOCK1,-1.8684663522503504,-16.328522585020867,1.647721709153324e-10,5.130170942269947e-09
CIT,-0.9164929572371929,-16.385237221034124,1.5732046048579928e-10,4.945509860399742e-09
RAB27B,-3.026746495392811,-16.4140782975043,1.5366984109322558e-10,4.855650133512747e-09
TMTC1,-1.2605625310798576,-16.50562963815771,1.4266869972737762e-10,4.531394452480957e-09
GABRG2,-2.2042832142495135,-16.507545647515794,1.4244765261233285e-10,4.531394452480957e-09
GPC5,-3.0815682528393067,-16.528201035117274,1.4008776316270763e-10,4.496010409358103e-09
GRPR,-2.6488181872397583,-16.580992993323243,1.3424393815354388e-10,4.3311333730590736e-09
CCND1,-2.157599858301145,-16.61756795019778,1.3034825216143104e-10,4.227697279098266e-09
RBM24,-3.5870088537247296,-16.64138517908024,1.2787645904930312e-10,4.169588797724618e-09
SLC18A2,-6.148811551630579,-16.71786047112371,1.2027242169758913e-10,3.942620026771237e-09
SLCO3A1,-0.9377779932955106,-16.735169868625587,1.186192726997601e-10,3.909334094889942e-09
PPP2R2C,-1.214189222625965,-16.827610362308366,1.1019205913844822e-10,3.6512287703712843e-09
PCDHB6,-2.695708923188916,-16.864365821444842,1.0702106277895014e-10,3.584913195819477e-09
IRS2,-0.9510621480146739,-16.90654351617282,1.0350194674059446e-10,3.5368205170885774e-09
SPON1,-2.3916947124972925,-16.952025177172896,9.984522609688812e-11,3.4384900897411474e-09
FRMD3,-1.160384557609416,-16.977026091066545,9.789414933801505e-11,3.3903453979775837e-09
DNAJC6,-1.0593488156272226,-16.987167709330066,9.711434220337247e-11,3.3903453979775837e-09
VAT1L,-2.7048483258411866,-17.015205705843957,9.499277946211191e-11,3.34658470173992e-09
LOC100129455,-2.2157831457272366,-17.058404606951193,9.182035688259982e-11,3.253519003990387e-09
LY6H,-2.8262846671931197,-17.062436406348144,9.153009956471404e-11,3.253519003990387e-09
NRXN2,-1.3699656867556973,-17.064076461589703,9.14123092863332e-11,3.253519003990387e-09
SNX21,-1.2890502261080237,-17.113303884489962,8.79510638129993e-11,3.171411889256975e-09
PDCD4-AS1,-1.657345002669421,-17.163209665777686,8.458463337731071e-11,3.0863321583506827e-09
PCDHGB4,-5.868750878396432,-17.1659732417476,8.44022820777327e-11,3.0863321583506827e-09
LOC100240735,-1.3453661847340261,-17.283334491460764,7.703310971414527e-11,2.8618967427133966e-09
HOXD9,-3.273506289822314,-17.296694508918378,7.623886372488215e-11,2.849659967277607e-09
FBN2,-2.33590304288549,-17.33892990889785,7.378501271772073e-11,2.774859680733915e-09
SLC7A14,-2.873091130423297,-17.36481668553948,7.232282031599208e-11,2.7366598057841447e-09
NPTXR,-1.0831197489220874,-17.44220428215633,6.81332680867253e-11,2.594142443302025e-09
NKAIN2,-1.3938037729512198,-17.512437510470146,6.455504248991848e-11,2.475744971770208e-09
CDHR3,-1.9802316508698983,-17.57167934656818,6.169283405574541e-11,2.4087711640873843e-09
AR,-1.9416720538045187,-17.638914786501903,5.860781280824606e-11,2.3178444678357954e-09
ANXA1,-6.249391779122981,-17.640990377155774,5.851523953533514e-11,2.3178444678357954e-09
MYRIP,-1.5675176152322785,-17.654133862782036,5.793264294501374e-11,2.3178444678357954e-09
ANO5,-1.4825232636617167,-17.739116705473855,5.4312148453668063e-11,2.1903517764538503e-09
ZFPM2,-3.2918528615110763,-17.762412884899465,5.336244836220567e-11,2.166303367286892e-09
SEMA3D,-1.1959016744754707,-17.804310072685922,5.169881504538809e-11,2.112758241521527e-09
LRATD2,-2.351707207617056,-17.931206638612945,4.6989481759430696e-11,1.9331914307738936e-09
COMTD1,-1.1791988834861875,-18.08314574276359,4.194588734587471e-11,1.7373533069608918e-09
PTPRN2,-1.4672538751689557,-18.14673706189557,4.00096259686204e-11,1.691441428880297e-09
ZNF728,-3.5604023490002854,-18.200212811616566,3.8455271520676274e-11,1.6370195445954553e-09
HMX2,-2.919063683238557,-18.254282344420982,3.694908037670256e-11,1.5839011378264804e-09
FAM155A,-0.9120576110122014,-18.266183491269743,3.662609711553284e-11,1.58111250224096e-09
HTR1B,-3.6335516774088497,-18.303748908374637,3.562625441520882e-11,1.5593471274617068e-09
CHD3,-1.0933172744570512,-18.357246464221888,3.4252393593275904e-11,1.5215012516433425e-09
PLPPR5,-2.9719837717589033,-18.364338862110362,3.407454904902391e-11,1.5215012516433425e-09
CYP26A1,-2.5316185870557173,-18.403649374616872,3.310655038316219e-11,1.492229072417531e-09
SRGAP2B,-1.4863275694196991,-18.490923239080523,3.1060954579639236e-11,1.4209227729342427e-09
SYNDIG1,-2.7554814567063852,-18.493442660593125,3.1003946560614764e-11,1.4209227729342427e-09
CACNA2D2,-1.1452030311914705,-18.62420935239205,2.819324654102812e-11,1.3092772825492604e-09
LRRN2,-1.594057040465934,-18.697605224168267,2.673608761365798e-11,1.2510856265017054e-09
NKX6-2,-6.960952074149512,-18.7049939183311,2.659392039780797e-11,1.2510856265017054e-09
CUEDC1,-1.148584573614349,-18.85954022618277,2.379818244733943e-11,1.1397098312671148e-09
MAP3K7CL,-5.424314466930384,-18.867868021035584,2.3656738556655603e-11,1.1397098312671148e-09
CADPS2,-5.478476616014841,-19.00043375572294,2.152214876951378e-11,1.0639578383638667e-09
HOXD3,-1.0778089949929472,-19.120681078799855,1.9763439682654882e-11,9.8495841670467e-10
HOXD8,-1.8977973049101313,-19.174041536360953,1.9032800454576513e-11,9.722588898879502e-10
ZBTB16,-1.5715126099082568,-19.190125162945733,1.881827947205969e-11,9.722588898879502e-10
LYPD1,-1.8301398451189472,-19.194956197543604,1.8754349723017574e-11,9.722588898879502e-10
PID1,-1.412055493717446,-19.23657477293361,1.8213123907187558e-11,9.624693926815494e-10
GABRA3,-1.6690120739495322,-19.25201090607379,1.8016651282028424e-11,9.603658465985584e-10
ELMO1,-2.2077768666364372,-19.310522943917743,1.729222581937521e-11,9.298363532699127e-10
TMEM271,-1.8472033764802147,-19.34158852035912,1.6920319422207733e-11,9.178898943197646e-10
ATP1B2,-2.119581115150029,-19.429927570132502,1.5908715321621323e-11,8.707180796565956e-10
SCD5,-1.4442184613536602,-19.452153425792943,1.5664511946768647e-11,8.707180796565956e-10
HMX3,-2.531969462196316,-19.50928114016881,1.5055029365234456e-11,8.545123148971039e-10
NALCN,-2.510198644063504,-19.612004820907803,1.4021949103687023e-11,8.033135327626303e-10
PLS3,-3.2446856296648336,-19.707799541651852,1.3126636875876788e-11,7.591158872558935e-10
CAMK1D,-1.2050993569127795,-19.766088225652815,1.2611923397242313e-11,7.362960992866226e-10
RERG,-2.5220365519510706,-19.837247515300646,1.2012630063793465e-11,7.219355126573916e-10
SHISA7,-1.6798827374805865,-19.900204018876778,1.1507771225458668e-11,6.984419565550657e-10
RALYL,-2.231298370224695,-20.034925017812164,1.050203560734649e-11,6.502775583134745e-10
PHLDA1,-1.398138686591431,-20.0407471719081,1.0460746419332773e-11,6.502775583134745e-10
GAD1,-5.095877859261484,-20.1774641706199,9.539428505663636e-12,6.091322577053967e-10
BRINP2,-1.6223095522534348,-20.222507283069486,9.255209901489681e-12,5.972045968013867e-10
FAM135B,-1.8332910979841117,-20.225996988173485,9.233571217995902e-12,5.972045968013867e-10
GRIA3,-2.5746755202068696,-20.279653606813216,8.907584042187382e-12,5.935161975935723e-10
LOC107985797,-7.294246737118135,-20.486758630650673,7.760154392349653e-12,5.227444662099271e-10
CDH4,-1.5931883899116517,-20.495062163265388,7.717578632908408e-12,5.227444662099271e-10
NEXMIF,-0.9250021960507546,-20.692913050604574,6.7735755424678425e-12,4.665395289362683e-10
ABLIM3,-2.8989442692620857,-21.131287496546197,5.094078538316315e-12,3.717464457128454e-10
LOC112268283,-6.32311178771858,-21.1314075254761,5.09368501008069e-12,3.717464457128454e-10
CACNG3,-3.882422116211185,-21.39680987336528,4.2981435378371574e-12,3.2940748830566934e-10
WNT5B,-1.572880031320486,-21.549955343182788,3.900463785093964e-12,3.065364487516154e-10
NDNF,-3.1293671609753626,-22.012918760633823,2.919798162290794e-12,2.386448364645676e-10
DPY19L2P2,-1.563464685028067,-22.042769640057173,2.8663555312747948e-12,2.3744269468533095e-10
SYT13,-2.2346596464114072,-22.147742377888623,2.6865748127277238e-12,2.3097616435396066e-10
SRGAP2D,-2.3866005453263437,-22.239732433566488,2.5389298977601842e-12,2.2556000396043375e-10
GAS7,-6.364508625726048,-22.308884954236888,2.4336615019352403e-12,2.2266186577407497e-10
COL1A2,-3.6530630001363464,-22.369340573501614,2.345453132339581e-12,2.1784284395820653e-10
PELI2,-1.5612787028549135,-22.42300045793661,2.2700219284450222e-12,2.140805295595075e-10
RAB3B,-1.726702146108331,-22.54924911660851,2.1025941760361518e-12,2.0458575077939064e-10
FGF13,-1.9745277616723071,-22.667238041237066,1.9580212721433787e-12,1.9676508849571985e-10
CELF4,-1.2519892841276914,-22.694481054079244,1.9261749142741955e-12,1.9676508849571985e-10
RFTN1,-3.6279427870928105,-22.75012594297674,1.8628360236059162e-12,1.9354550550346214e-10
VSTM2L,-4.000358976756732,-23.259115143876194,1.376876563651423e-12,1.5071880955684326e-10
UAP1L1,-2.892353487091009,-23.669598478027442,1.0839286690464712e-12,1.2304597668990498e-10
MYO6,-0.8431690867207811,-23.740046709667727,1.0407419896145136e-12,1.2037261125164091e-10
MN1,-2.214562440223427,-23.86945678912786,9.66132746135973e-13,1.1389218718872143e-10
CDH11,-1.393646728375927,-24.124354727454467,8.353910479105702e-13,1.0041072791552541e-10
NCAM2,-2.1703595678167664,-24.156192839186414,8.204408297449176e-13,1.0041072791552541e-10
FSTL1,-3.133363544217798,-24.408812950167885,7.114895030451236e-13,9.086313861805432e-11
RPL23AP53,-1.2449114649105149,-24.558443742375587,6.543424561115261e-13,8.534296289284373e-11
COL1A1,-5.127103983036428,-25.06983747271243,4.932966579859255e-13,6.777199382056539e-11
FLT1,-3.773111838921844,-25.496384994488874,3.913726866858472e-13,5.844512888680876e-11
VAX1,-8.622965548575506,-25.96924457510608,3.041094753415781e-13,4.9057660101154576e-11
RGS9,-2.1127183395854483,-25.997447485127907,2.99609899349051e-13,4.9057660101154576e-11
MID2,-1.1449773342324236,-27.15943665690796,1.6426442388362177e-13,2.961590936490004e-11
NEDD9,-3.522644549105799,-27.87825397084908,1.1466212729184773e-13,2.1456526993186608e-11
PRKCG,-1.924340187231712,-28.037101961193862,1.0603377872405596e-13,2.0967324631563325e-11
FREM3,-3.0722547447907065,-28.61552272683487,8.003520577689444e-14,1.7521993264727246e-11
LOC101926969,-7.649773306599919,-29.198276974796812,6.061744761958183e-14,1.3762405700297651e-11
DLK2,-1.8491995330786244,-29.472301931085166,5.329107292675482e-14,1.2564395270807965e-11
LMO4,-1.7749504586267335,-30.472901517428536,3.361861857487796e-14,8.960092689739215e-12
HS6ST2,-1.6625284998192538,-30.78195051659313,2.924645409652615e-14,8.149125618713877e-12
SLC30A10,-1.3625705632228045,-30.814026112074934,2.882884403187501e-14,8.149125618713877e-12
IGFBP3,-3.9354664278414404,-30.994913817507655,2.6590191084914983e-14,8.149125618713877e-12
NRG3,-1.1209444351899076,-31.74908783316397,1.9075353086792824e-14,6.496217467891111e-12
FSTL5,-2.996266904931661,-32.29830427188594,1.5049113750927694e-14,6.150071152879118e-12
SLITRK5,-1.9555478245828362,-32.50311120186623,1.3789616366220624e-14,6.150071152879118e-12
SCRN1,-1.6208405172719642,-37.29894661326425,2.0499033711134648e-15,1.2565907664925539e-12
MBP,-3.410458101004615,-37.95274709643917,1.6108325563251675e-15,1.0971559522525863e-12
NBPF15,-2.7615842283223326,-44.09261715452457,2.006554261392945e-16,1.537522202792344e-13
RIMBP2,-7.736299036171533,-62.796854080345504,1.4547645083307792e-18,2.229426609016919e-15
