rank_nsig3,rank_all,pert_iname_lower,best_score,median_score,n_sigs
1,1,cd-00491sc,-0.38812768,-0.075508974,26
2,2,l-690488,-0.3768899,-0.028373595,59
3,3,4-iodo-6-phenylpyrimidine,-0.37614366,-0.065290764,59
4,4,tw-37,-0.3759929,-0.010066522,57
5,5,brd-k57732441,-0.37229344,-0.121681035,13
6,6,brd-k84924563,-0.3719705,0.031901296,59
7,7,trifluoperazine,-0.37158588,-0.011484488,134
8,8,brd-k60070073,-0.3707205,-0.098265134,13
9,9,brd-k35247118,-0.3698428,-0.08588349,4
10,10,brd-k49553303,-0.36980045,0.0022660524,13
11,11,brd-k07642375,-0.36970723,0.08650874,4
12,12,brd-k66426634,-0.36963773,-0.04014837,17
13,13,brd-k90999434,-0.3674578,0.016819978,59
14,14,sa-440832,-0.36571002,-0.1857653,8
15,15,brd-k83509924,-0.3629132,-0.0024200212,13
16,16,brd-k64099269,-0.36274794,-0.05598996,21
17,17,geldanamycin,-0.3625492,-0.015857674,934
18,18,brd-k36910796,-0.36131194,-0.041281253,8
19,19,calcitriol,-0.35879382,0.013110596,125
20,20,naltrexone,-0.35866567,0.0111623965,81
21,21,brd-k90430314,-0.3569188,-0.009625898,17
22,22,sd-6-035-a8,-0.3565646,-0.09164434,13
23,23,tg-100115,-0.35592058,-0.07047551,17
24,24,brd-k85592362,-0.3550891,-0.08346337,11
25,25,mw-shh-61,-0.3535247,0.07453786,101
26,26,aminoglutethimide,-0.35064304,-0.0425415,39
27,27,sa-1463814,-0.3503384,-0.04657894,18
28,28,nicardipine,-0.34984213,-0.017445413,88
29,29,ikk3-inhibitor-ix,-0.34917068,-0.0731471,59
30,30,iobenguane,-0.34795317,0.056958977,23
31,31,triacsin-c,-0.34777066,-0.102593765,59
32,32,brd-k67798612,-0.34775096,0.02337617,13
33,33,brd-k47709646,-0.3476584,-0.09193385,17
34,34,estradiol,-0.34632903,-0.034861103,302
35,35,sa-247384,-0.34550568,-0.100238524,21
36,36,genistein,-0.34091708,0.0070791235,274
37,37,brd-k65904652,-0.3394425,-0.18771684,13
38,38,bms-345541,-0.33937266,-0.07943449,66
39,39,brd-k15475572,-0.33873835,-0.0333877,17
40,40,brd-k58972465,-0.33832523,-0.06260695,17
41,41,amiloride,-0.3380447,-0.045501314,48
42,42,brd-k54577741,-0.3379238,-0.115720674,4
43,43,gsk-1904529a,-0.33783922,-0.07112829,65
44,44,mw-stk33-4c,-0.33750984,0.068505585,32
45,45,sd-8-005,-0.3374055,-0.008921953,22
46,46,brd-k53816294,-0.3371691,-0.009333366,17
47,47,nsc-95397,-0.3369249,-0.007307264,98
48,48,brd-k49441594,-0.33689308,0.053826857,9
49,49,sa-1457810,-0.33582985,0.06958864,12
50,50,brd-k25144184,-0.33383268,-0.09298278,13
51,51,brd-k96285502,-0.33379245,0.013362607,8
52,52,brd-k03176945,-0.33326808,0.02926727,16
53,53,masitinib,-0.33298272,-0.060833655,66
54,55,brd-k32896438,-0.33249107,-0.017066233,25
55,56,apo-866,-0.33184204,-0.059666142,59
56,57,idarubicin,-0.33175787,0.09312161,105
57,58,brd-k94544211,-0.33162242,0.00049994007,17
58,59,brd-k67519589,-0.3316197,-0.034101095,13
59,60,brivanib,-0.33094677,0.05720222,66
60,61,brd-k23282736,-0.33064863,0.003887822,13
61,62,brd-k83816656,-0.33012074,-0.08782037,13
62,63,st-012030,-0.3300792,-0.04501563,17
63,64,brd-k95367721,-0.3291558,-0.006648686,12
64,65,sa-1460224,-0.3290978,-0.011765683,26
65,66,st-4066738,-0.329029,-0.0630817,17
66,67,benfluorex,-0.32846808,0.0010522135,15
67,68,brd-k39507792,-0.3270049,0.047086217,12
68,69,brd-k24754728,-0.32643068,-0.024383299,13
69,70,mw-shh-97,-0.32630277,-0.05004807,101
70,71,brd-k02562327,-0.3262839,-0.036202278,19
71,72,brd-k41185612,-0.32604873,0.015411751,12
72,73,prl-3-inhibitor-i,-0.3257356,-0.044064194,94
73,74,brd-k46666779,-0.32549083,-0.1786713,8
74,75,cay-10415,-0.32460487,-0.049810644,17
75,76,tenofovir,-0.32434493,0.15040185,16
76,77,sd-8-006,-0.32431242,-0.075050026,24
77,78,dexamethasone-acetate,-0.324257,-0.00033826355,23
78,79,ipratropium,-0.32401678,0.015530051,65
79,80,brd-k24383920,-0.32361948,-0.11715457,8
80,81,brd-k57353465,-0.32353246,-0.009202606,12
81,82,genipin,-0.32353103,-0.10868389,11
82,83,brd-k88964386,-0.32311144,0.02304671,17
83,84,brd-k33720404,-0.32306272,0.05344823,13
84,85,brd-k37669227,-0.3225584,-0.066501364,28
85,86,coumestrol,-0.32234174,0.023624606,19
86,87,malonoben,-0.3218283,0.0038887062,31
87,88,sa-86418,-0.32130772,-0.035802472,12
88,89,hg-6-64-01,-0.32120606,-0.045442473,64
89,90,nfkb-activation-inhibitor-ii,-0.3203722,-0.04754285,57
90,91,tacedinaline,-0.32027358,0.012089767,130
91,92,sa-1463787,-0.32007593,-0.14047435,18
92,93,brd-k17025677,-0.32006636,-0.014701676,25
93,94,sa-1939079,-0.3199263,-0.04562644,17
94,95,brd-k49010888,-0.31971383,-0.075440004,45
95,96,sa-84512,-0.31955734,-0.09288304,25
96,97,brd-k98079119,-0.31940168,-0.101285845,12
97,98,tremorine,-0.31937772,-0.018290807,22
98,99,xav-939,-0.31935716,-0.04304948,107
99,100,epigallocatechin,-0.31766728,-0.058855146,59
100,101,brd-k50280607,-0.3175706,-0.10391012,17
101,102,brd-k30802967,-0.3175542,-0.07022959,12
102,103,brd-k12621773,-0.3173538,-0.0426436,30
103,104,lovastatin,-0.31710944,0.008598566,109
104,105,brd-k73418978,-0.31688106,0.077248976,17
105,106,dg-041,-0.31686005,-0.05351386,59
106,107,brd-k74163137,-0.3166745,0.09995339,13
107,108,sa-1457769,-0.31657305,-0.055434894,15
108,109,brd-k99395085,-0.31604284,-0.011585141,7
109,110,gw-843682x,-0.31600916,-0.047165558,134
110,111,brd-k33164466,-0.31588805,-0.07858714,17
111,112,brd-k95606637,-0.31586054,-0.09954216,59
112,113,cobalt(ii)-chloride,-0.31575775,-0.052602105,11
113,114,sa-427228,-0.31567833,-0.10062681,12
114,115,ethoxyquin,-0.31548956,0.03435254,4
115,116,flupirtine,-0.31496182,-0.13181928,18
116,117,brd-k31999759,-0.3149046,0.052636452,7
117,118,sch-23390,-0.31487972,0.0023248135,44
118,119,sa-90024,-0.31487787,-0.14817177,8
119,120,brd-k52225919,-0.3145188,-0.011359779,12
120,121,sa-246522,-0.31444114,-0.05941637,14
121,122,brd-k89329876,-0.31425267,-0.063954815,59
122,123,brd-k61053657,-0.3139012,-0.045750543,71
123,124,tubastatin-a,-0.31385154,-0.031513885,125
124,125,brd-k33116223,-0.3138184,0.09786603,13
125,126,montelukast,-0.31371865,-0.026914932,26
126,127,thioridazine,-0.31335703,-0.026225656,208
127,128,yl-54,-0.31316394,-0.008148256,11
128,129,brd-k77032321,-0.31310922,-0.009649376,12
129,130,brd-k00381581,-0.31307492,0.05686396,9
130,131,curcumin,-0.31298444,0.0037629164,324
131,132,fk-888,-0.31294402,0.049592894,19
132,133,mg-132,-0.31281307,0.039531063,72
133,134,brd-k99636700,-0.31252256,-0.043204106,70
134,135,ran-30,-0.31247157,0.051383495,17
135,136,sa-1458306,-0.31202966,0.04612478,22
136,137,droperidol,-0.3119565,-0.011773992,34
137,138,carbacyclin,-0.3116702,-0.033997446,53
138,139,ciclacillin,-0.3116142,-0.08542477,19
139,140,sa-1921614,-0.3115423,-0.08813236,8
140,141,brd-k63671514,-0.31098932,-0.004438716,11
141,142,oxalomalic-acid,-0.31025633,0.075616635,18
142,143,brd-k35429092,-0.31012848,-0.07652963,13
143,144,sa-1473468,-0.3100798,-0.12061555,18
144,145,brd-k46555627,-0.3096699,0.032341633,13
145,146,tegafur,-0.30966237,0.02531662,11
146,147,cp-724714,-0.30945888,0.032701783,82
147,148,brd-k67526586,-0.3094536,-0.13260496,8
148,149,brd-k51556300,-0.30942896,-0.1255218,45
149,150,mdl-28170,-0.30925965,0.0737419,19
150,151,bjm-hsc2-10,-0.30921826,0.03974805,11
151,152,t-0901317,-0.30883607,0.061546594,32
152,153,nifurtimox,-0.3086071,0.012307974,19
153,154,gmx-1778,-0.3084386,0.011133016,59
154,155,cefotaxime,-0.30824372,0.06855512,16
155,156,brd-k84874839,-0.30788964,-0.0034267197,13
156,157,rev-5901,-0.30779302,0.023487547,19
157,158,quinapril,-0.3077889,0.03138136,20
158,159,brd-k03358980,-0.30778518,-0.15896739,13
159,160,brd-k74711637,-0.30764073,-0.046879657,17
160,161,brd-k75416754,-0.30751193,0.024039619,7
161,162,mafenide,-0.30744314,-0.060939528,24
162,163,oxymetazoline,-0.3072665,-0.072122216,19
163,164,tipifarnib,-0.30719212,-0.047213487,59
164,165,amoxapine,-0.3069814,-0.032543834,34
165,166,brd-k64877338,-0.3068836,-0.04139801,28
166,167,brd-k82092559,-0.30688328,-0.022502365,61
167,168,brd-k98288062,-0.30674228,-0.017320724,13
168,169,brd-k15230829,-0.30649468,-0.08543824,12
169,170,trihexyphenidyl,-0.3064291,-0.038674362,4
170,171,sa-85268,-0.30594742,-0.2128423,12
171,172,panobinostat,-0.30571833,0.09086488,170
172,173,ntncb,-0.30533764,0.010391359,19
173,174,brd-k04289865,-0.30526975,-0.11237855,4
174,175,brd-k50131741,-0.3052316,-0.058367576,11
175,176,brd-k11533227,-0.3051477,-0.0075101005,64
176,177,brd-k11264391,-0.30508503,-0.07086162,8
177,178,sa-424827,-0.3049258,0.012595435,18
178,179,brd-k28180706,-0.30467194,0.07733475,12
179,180,brd-k19004531,-0.30443043,0.02281537,13
180,181,betaxolol,-0.30425066,-0.021144347,33
181,182,brd-k76236182,-0.30405363,-0.0042978916,17
182,183,praziquantel,-0.3040216,0.052261077,26
183,184,brd-k78701355,-0.3039647,-0.090782866,17
184,185,hydrocortisone,-0.30388722,-0.05937347,44
185,186,sa-423862,-0.30386856,-0.062795825,18
186,187,brd-k72381041,-0.3038378,-0.062485382,17
187,188,prilocaine,-0.3038147,-0.027465379,14
188,189,brd-k47533800,-0.3037426,-0.083894916,4
189,190,vorinostat,-0.30360892,0.011265188,1323
190,191,ptb1,-0.3035997,-0.0021122235,59
191,192,danazol,-0.3035946,-0.06001618,75
192,193,brd-k36895979,-0.30355293,-0.024060065,17
193,194,brd-k56392985,-0.30348742,-0.011165533,17
194,195,brd-k86948282,-0.30323896,-0.033871528,4
195,196,brd-k41513507,-0.30311993,-0.08313084,8
196,197,sa-243913,-0.30286247,-0.039064452,14
197,198,amiodarone,-0.3026645,0.038023256,113
198,199,valproic-acid,-0.3026624,-0.0326663,107
199,200,oxymetholone,-0.3023097,-0.07713054,14
200,201,terazosin,-0.3021428,0.030950319,28
201,202,brd-k39289507,-0.30204892,-0.020218551,13
202,203,brd-k11224669,-0.30196235,-0.04119518,17
203,204,hdac1-selective,-0.3018184,-0.023348201,118
204,205,brd-k90970920,-0.30166912,-0.054541208,13
205,206,tienilic-acid,-0.30118948,-0.12863442,11
206,207,brd-k84106030,-0.30107123,0.06641815,13
207,208,kinetin-riboside,-0.3010304,-0.10530953,71
208,209,sa-1459224,-0.30103,-0.038381737,19
209,210,brd-k93623501,-0.3008922,-0.055872187,12
210,211,brd-k04025047,-0.30072415,-0.0996715,11
211,212,sa-1457472,-0.30059123,0.02383376,26
212,213,brd-k45114207,-0.30047438,-0.03628916,18
213,214,brd-k09957764,-0.30042535,-0.08599231,10
214,215,brd-k09031632,-0.30032095,-0.007925367,11
215,216,brd-k95482240,-0.30025154,-0.0040748077,13
216,217,brd-k51454562,-0.2999799,0.013032936,12
217,218,erythromycin,-0.29969412,-0.009742875,41
218,219,brd-k19875179,-0.2996611,-0.006787229,17
219,220,meloxicam,-0.29960695,0.02604853,36
220,221,fludroxycortide,-0.29935792,0.00833209,38
221,222,brd-k79131428,-0.2993058,-0.09396306,13
222,223,sa-1459213,-0.29925722,0.14773072,7
223,224,gemcitabine,-0.29916036,0.025506586,153
224,225,sa-1939007,-0.29895443,-0.104890116,17
225,226,tripelennamine,-0.29890633,-0.07158534,30
226,227,ku-c103884,-0.29867148,0.103434525,13
227,228,sonidegib,-0.29864886,0.08198702,59
228,229,gitoxigenin,-0.29858413,-0.038168337,23
229,230,brd-k03651937,-0.2984231,-0.0025560148,13
230,231,sa-1922932,-0.29812402,-0.021203144,13
231,232,brd-k19826688,-0.29798043,-0.05401475,110
232,233,merck60,-0.29792026,0.007769692,75
233,234,mibefradil,-0.2979063,-0.04475411,36
234,235,brd-k24051260,-0.29789934,0.015013987,13
235,236,ritodrine,-0.29775313,0.016210092,34
236,237,brd-k84244541,-0.29757318,-0.1835522,6
237,238,bg-stk33-55,-0.29756376,-0.14335117,32
238,239,pu-h71,-0.29751745,0.021662729,18
239,240,brd-k98822179,-0.29744905,-0.09300518,8
240,241,brd-k08777248,-0.2973596,-0.056317966,13
241,242,cp-466722,-0.29728493,0.029512303,65
242,243,brd-k93578426,-0.29714933,-0.015525672,17
243,244,guanabenz,-0.29700133,0.0059736692,41
244,245,mesoridazine,-0.29699355,-0.0010172788,93
245,246,brd-k12623437,-0.29684472,0.0027663426,13
246,247,exemestane,-0.2968382,-0.054292157,38
247,248,fluphenazine,-0.2967067,-0.022546276,90
248,249,brd-k21918725,-0.2966771,-0.023664933,28
249,250,piperacillin,-0.29659894,-0.044327036,15
250,251,brd-k32582686,-0.29643172,-0.14209567,11
251,252,sunitinib,-0.29635316,-0.034332022,18
252,253,brd-k95080859,-0.29633757,0.0018700443,17
253,254,cyclopentolate,-0.29611975,-0.010616958,27
254,255,nu-1025,-0.29602045,-0.02623814,106
255,256,brd-k73082558,-0.2956542,-0.13142228,12
256,257,sa-85377,-0.2956205,-0.11793043,12
257,258,10-debc,-0.29552612,-0.0039348155,63
258,259,brd-k90826279,-0.29548597,-0.035156075,74
259,260,cdc,-0.2954025,0.053113386,19
260,261,fluspirilene,-0.29535276,-0.010219418,92
261,262,brd-k96903816,-0.29534742,-0.0040534753,8
262,263,prima1,-0.2951476,-0.06482944,59
263,264,sa-88642,-0.2950844,-0.016686955,18
264,265,hdac3-selective,-0.29508156,0.012396035,118
265,266,brd-k26510616,-0.2950106,-0.04347674,96
266,267,bendroflumethiazide,-0.29484853,-0.005302623,38
267,268,pargyline,-0.29467976,-0.005112524,22
268,269,tranilast,-0.2946732,0.048734233,50
269,270,brd-k08663380,-0.2946517,-0.048068326,55
270,271,ci-966,-0.29455206,-0.036451835,19
271,272,brd-k63733272,-0.2945224,0.0035662365,3
272,273,brd-k90735586,-0.29451248,-0.07389856,67
273,274,brd-k28377013,-0.29443458,0.033691235,13
274,275,brd-k25646871,-0.2943832,-0.053485032,3
275,276,bg-stk33-03,-0.29413658,-0.06553052,32
276,277,sa-84902,-0.2939901,0.024179893,25
277,278,pioglitazone,-0.2937515,-0.026752252,43
278,279,glycopyrrolate,-0.29375014,0.0022779196,28
279,280,brd-k31562577,-0.2936033,-0.04994442,8
280,281,sd-6-035-b1,-0.2935823,-0.07437117,13
281,282,chlorcyclizine,-0.29345387,-0.18179491,4
282,283,brd-k32644160,-0.29338405,0.024446273,32
283,284,hydroxycholesterol,-0.2933051,-0.12052662,24
284,285,brl-15572,-0.29328164,-0.028883334,19
285,286,l-692585,-0.29316014,-0.016096126,19
286,287,mw-stk33-1c,-0.2931434,-0.06193242,53
287,288,brd-k11977286,-0.29308876,0.042723835,12
288,289,brd-k27074404,-0.29298908,-0.000771504,15
289,290,withaferin-a,-0.29288748,0.04720342,227
290,291,uk-356618,-0.2926614,-0.061479244,59
291,292,sorafenib,-0.29264528,-0.024539065,104
292,293,sa-242443,-0.29261315,-0.056497138,14
293,294,brd-k63350243,-0.292474,0.02395719,35
294,295,brd-k50634134,-0.29242316,-0.08170044,13
295,296,cimetidine,-0.2923253,0.0036090198,45
296,297,rifampicin,-0.29220557,-0.019236298,50
297,298,brd-k32581454,-0.29212755,0.016919158,27
298,299,brd-k60341033,-0.29212067,0.04413357,11
299,300,doxercalciferol,-0.29210985,-0.059334237,17
300,301,pf-477736,-0.2920458,-0.038445707,48
301,302,brd-k88334823,-0.29195055,-0.08825247,4
302,303,bay-k-8644-(s)-(-),-0.2918934,-0.08066541,59
303,304,ofloxacin,-0.29185513,-0.11666128,14
304,305,sjb-shh-31,-0.2917683,-0.007098819,112
305,306,fluoropyruvate,-0.29171857,-0.07510623,95
306,307,pf-04217903,-0.29168865,0.012287965,143
307,308,flurofamide,-0.29161847,-0.061368752,19
308,309,antimycin-a,-0.2915867,0.054701805,37
309,310,brd-k15250199,-0.29158643,0.049046233,17
310,311,pirenperone,-0.2915803,-0.008132044,38
311,312,fulvestrant,-0.29146224,0.0072745187,281
312,313,brd-k78518750,-0.2913758,-0.14461592,4
313,314,brd-k28800414,-0.29126817,-0.020416062,13
314,315,ag-490,-0.29116172,0.0419781,46
315,316,deracoxib,-0.2910954,-0.012830809,23
316,317,captopril,-0.2910781,-0.100440234,14
317,318,brd-k03013810,-0.29102603,-0.018896217,9
318,319,brd-k61105081,-0.29098698,-0.16983755,13
319,320,gsk-2334470,-0.2909275,-0.034090694,59
320,321,brd-k23027438,-0.29087383,-0.08257516,30
321,322,brd-k79459005,-0.29070708,0.051061533,13
322,324,brd-k48654774,-0.290466,-0.034082785,12
323,325,brd-k03339442,-0.29038897,-0.044879526,13
324,326,le-135,-0.2900759,-0.026649065,78
325,327,brd-k33586157,-0.2899168,-0.07004294,18
326,328,cp-94253,-0.2898917,-0.004566037,19
327,329,mw-shh-98,-0.28988895,-0.110259935,101
328,330,gatifloxacin,-0.28982118,0.07884419,25
329,331,pregnenolone,-0.28981173,-0.07138528,53
330,332,sa-427636,-0.2897098,-0.13578579,12
331,333,pci-34051,-0.28955898,-0.05902964,131
332,334,mw-stk33-100,-0.28945777,-0.077778615,32
333,335,chaetocin,-0.28945753,0.03720936,94
334,336,sa-1459975,-0.28944567,-0.15322542,12
335,337,brd-k22013971,-0.2894115,-0.082561046,4
336,338,brd-k86273012,-0.2892616,-0.077801034,12
337,339,indatraline,-0.28921416,0.014626541,11
338,340,clenbuterol,-0.28906035,-0.12781507,3
339,341,sa-1919584,-0.2890508,-0.0546515,17
340,342,bg-1017,-0.28894946,-0.13553986,6
341,343,metaraminol,-0.28886932,-0.06561802,3
342,344,brd-k16180117,-0.288607,-0.031056035,17
343,345,ro-28-1675,-0.28856078,0.0251872,95
344,346,brd-k83727172,-0.28845674,-0.05713407,7
345,347,brd-k43009525,-0.28836894,-0.08834943,12
346,348,brd-k17530818,-0.2883437,-0.14228678,4
347,349,brd-k58547240,-0.28829765,-0.01372127,17
348,350,brd-k10355322,-0.2882588,-0.028970527,15
349,351,pd-173074,-0.28820315,-0.05463813,112
350,352,brd-a82913781,-0.28812823,-0.0030023032,30
351,353,brd-k55231301,-0.2880055,0.060738012,3
352,354,bax-channel-blocker,-0.28780288,-0.006091948,95
353,355,sb-525334,-0.28779843,-0.072323844,66
354,356,brinzolamide,-0.28775027,-0.0075909514,22
355,357,sa-101776,-0.28772175,-0.08779769,8
356,358,cephalexin,-0.2876378,-0.022853438,14
357,359,brd-k30066603,-0.28762752,0.022938,13
358,360,ym-298198,-0.2875673,-0.049942665,40
359,361,brd-k23582869,-0.28755745,-0.08609368,44
360,362,brd-k93605482,-0.28750956,0.076731145,13
361,363,batimastat,-0.28750327,0.004489596,59
362,364,brd-k44968548,-0.28745675,-0.16895966,4
363,365,tretinoin,-0.28734285,-0.015443399,221
364,366,brd-k89966732,-0.28731343,0.003662832,4
365,367,brd-a75558199,-0.28730118,0.0407847,12
366,368,tul_xix002,-0.2869607,-0.16427107,32
367,369,ub-165,-0.28684965,0.05942449,19
368,370,brd-k81527737,-0.28682417,-0.04391111,12
369,371,ski-ii,-0.28682005,0.02596078,125
370,373,brd-k20718732,-0.28639308,-0.17495382,11
371,374,brd-k18359792,-0.28632253,-0.06824168,11
372,375,brd-k63947990,-0.2863091,-0.1295546,8
373,376,bimatoprost,-0.28609633,-0.013390323,11
374,377,brd-k45322187,-0.28598434,-0.047326956,9
375,378,brd-k41871066,-0.2858258,0.09811297,14
376,379,brd-k78603557,-0.2856479,-0.07712171,17
377,380,fosinopril,-0.28537396,0.01843724,11
378,381,brd-k10855750,-0.2853282,-0.020750804,13
379,382,brd-a83993876,-0.2853197,0.040252704,12
380,383,sa-1456734,-0.28530493,-0.09550054,8
381,384,brd-k45542213,-0.28521106,-0.13699168,11
382,385,brd-a10330754,-0.2851907,0.0061418484,17
383,386,brd-k44421914,-0.28511873,-0.03633935,10
384,387,methoxsalen,-0.28506806,0.038811967,34
385,388,brd-k23438281,-0.28500625,-0.09936731,4
386,389,brd-k76223260,-0.28474313,-0.03925296,4
387,390,pirfenidone,-0.28463256,-0.03108316,19
388,391,clopidogrel,-0.28451532,0.0791643,19
389,392,brd-k28083085,-0.2844978,0.057011463,14
390,393,brd-k46373671,-0.28447887,-0.09577195,13
391,394,estrone,-0.28433868,-0.02499315,92
392,395,dapsone,-0.28431287,-0.060493447,14
393,396,sildenafil,-0.2842054,0.0020433343,133
394,397,brd-k02519835,-0.28414893,-0.16928607,4
395,398,mw-stk33-2b,-0.28413692,-0.104987,45
396,399,brd-k72883421,-0.28404903,-0.07246149,15
397,400,levcromakalim,-0.28394514,0.07266704,19
398,401,rs-56812,-0.28394052,0.093828976,19
399,402,loperamide,-0.28375873,0.015239261,95
400,403,brd-k12814321,-0.28370193,-0.0060466044,12
401,404,brd-k43838150,-0.28343698,0.021527419,11
402,405,brd-k72462994,-0.28335187,-0.08313978,8
403,406,brd-k73664775,-0.28326428,-0.002354147,4
404,407,ku-c104137,-0.28311226,0.15065506,12
405,408,brd-k00007652,-0.28307876,-0.110031895,21
406,409,rizatriptan,-0.28298345,-0.02540085,34
407,410,anandamide,-0.28293106,-0.054447692,44
408,411,brd-k41390249,-0.28277865,-0.17909727,4
409,412,brd-k61106942,-0.2825491,-0.072324015,13
410,413,hemado,-0.28253326,0.011707322,19
411,414,perphenazine,-0.2824796,-0.037805162,37
412,415,wy-01-034,-0.28228,-0.07823954,101
413,416,sa-423131,-0.28223145,-0.014233394,25
414,417,brd-k76188144,-0.28223127,0.017349517,58
415,418,spironolactone,-0.2820785,-0.019938214,33
416,419,sa-1447005,-0.28205395,-0.07444407,29
417,420,brd-k74596421,-0.28202072,-0.04113726,13
418,421,miconazole,-0.28172243,0.09253306,3
419,422,ag-957,-0.28171274,-0.008770509,23
420,423,tetrahydrobiopterin,-0.28159806,-0.072114885,11
421,424,mitomycin-c,-0.2815956,0.09587179,34
422,425,broad-sai-370,-0.28158933,-0.046625316,22
423,426,brd-k98634983,-0.28158092,0.024896787,17
424,427,brd-k58247702,-0.28157064,-0.15472655,12
425,428,brd-k39208132,-0.28155828,-0.029681407,15
426,429,brd-k73238422,-0.2814689,-0.11366527,17
427,430,pf-3845,-0.2814411,0.018411461,59
428,431,brd-k39211770,-0.28139076,-0.0036538187,4
429,432,ibuprofen-(s),-0.28135252,-0.018623324,23
430,433,cpccoet,-0.2812432,-0.057511542,19
431,434,brd-k34836852,-0.28115794,-0.16960368,4
432,435,brd-k98439022,-0.2810806,-0.09486681,12
433,436,brd-k69501658,-0.2808145,0.113488704,17
434,437,brd-k29451642,-0.28080276,-0.061194487,11
435,438,sa-1456352,-0.2807917,-0.15939525,12
436,439,tolazamide,-0.2807211,0.0074284514,107
437,440,cyclosporin-a,-0.28071195,0.009933518,142
438,441,qw-bi-011,-0.2807065,-0.11167584,17
439,442,brd-a37656721,-0.28066143,-0.09865426,31
440,443,parecoxib,-0.28064933,-0.0705885,11
441,444,sa-1459020,-0.28062108,-0.074309975,26
442,445,brd-k87063901,-0.280603,-0.071543366,8
443,446,brd-k84039354,-0.28038132,-0.049217574,13
444,447,brd-k07967886,-0.28037956,-0.096932545,8
445,448,ginsenoside,-0.28017467,0.0018646807,19
446,449,brd-k93156709,-0.28016508,-0.024613269,4
447,450,brd-k81813927,-0.28016412,-0.058323313,17
448,451,emf-bca1-57,-0.28011224,-0.07164714,31
449,452,brd-k59036917,-0.28010288,0.010894192,72
450,453,brd-k78921480,-0.28008318,-0.055729344,3
451,454,mirtazapine,-0.2798942,0.008014927,49
452,455,brd-k92266998,-0.27985218,-0.16762462,3
453,456,terconazole,-0.27983606,0.020132007,23
454,457,brd-k68548958,-0.2795183,-0.027308196,59
455,458,sa-419021,-0.27937642,-0.075394146,13
456,459,brd-k91047982,-0.27931216,-0.10500699,18
457,460,st-91,-0.27930486,-0.12534754,19
458,461,xmd-1150,-0.2792713,-0.03317374,78
459,462,brd-k26370510,-0.27914944,-0.034067456,6
460,463,brd-k25731886,-0.27914906,0.06772292,16
461,464,deoxycholic-acid,-0.27905568,0.04108213,30
462,465,sa-419090,-0.27891138,-0.09985189,12
463,466,mgcd-265,-0.27883765,-0.1257388,48
464,467,sa-83851,-0.27882162,-0.036874812,18
465,468,proxymetacaine,-0.27867484,-0.031779155,34
466,469,brd-k96839270,-0.278651,-0.058162805,3
467,470,brd-k45735142,-0.27843988,-0.016356546,14
468,471,lamotrigine,-0.27839926,0.02540487,30
469,472,akt-inhibitor-1-2,-0.27834848,0.036507264,104
470,473,brd-k96326565,-0.2783223,-0.0026121035,17
471,474,brd-k12182524,-0.2783111,-0.11467016,13
472,475,brd-k51189903,-0.27818003,-0.0388546,13
473,476,famotidine,-0.27816975,0.056659866,14
474,477,sulforaphane,-0.27816513,-0.07715079,262
475,478,equilin,-0.27814382,-0.0029121316,91
476,479,pifithrin-mu,-0.27812734,-0.01526786,146
477,480,brd-k69218883,-0.27803853,0.0201757,13
478,481,tbep,-0.27803767,-0.08135409,11
479,482,brd-k86682249,-0.27794343,0.016133307,74
480,483,brd-k92302554,-0.27791172,-0.123204425,8
481,484,benzopurpurin-4b,-0.27781814,0.040553898,23
482,485,rhc-80267,-0.27781415,0.08931641,19
483,486,celecoxib,-0.2777835,-0.012041267,46
484,487,brd-k09977233,-0.2775007,-0.11122944,17
485,488,ku-c104219,-0.27740645,0.023338797,13
486,489,auraptene,-0.277406,-0.045314513,19
487,490,pyrrolidine-dithiocarbamate,-0.27726474,-0.111532964,19
488,491,ku-c104140,-0.27721444,0.07482664,13
489,493,fl-hdac-025,-0.27718487,-0.027041212,96
490,494,brd-k11883928,-0.2771544,0.09230953,17
491,495,brd-k17874705,-0.2770878,-0.10894532,11
492,496,pq-401,-0.27708337,0.054347903,19
493,497,trimetozine,-0.2768982,-0.00010132994,23
494,498,scriptaid,-0.27689067,-0.016895974,61
495,499,prostaglandin,-0.27681646,-0.12168418,18
496,500,lidocaine,-0.27679962,-0.057410434,33
497,501,brd-k62818989,-0.27673057,0.05064423,21
498,502,chlorphenamine,-0.27672297,0.013006754,60
499,503,xmd-16144,-0.2765619,0.053083204,66
500,504,sa-247592,-0.27654073,0.041665427,12
501,505,sa-1456456,-0.27641186,-0.0017515715,19
502,506,brd-k89912164,-0.27629817,-0.0530243,6
503,507,brd-k69795440,-0.27626726,-0.03789433,13
504,508,aica-ribonucleotide,-0.27625278,-0.058152743,59
505,509,brd-k64024097,-0.2761317,-0.062226202,135
506,510,pantoprazole,-0.27609998,-0.09282115,30
507,511,brd-k24565544,-0.27605116,-0.04261693,7
508,512,brd-k35188965,-0.27597266,-0.032854874,11
509,513,clofibric-acid,-0.2757741,-0.036495857,27
510,514,brd-k35716340,-0.27573198,0.02584337,56
511,515,sq-22536,-0.27568826,-0.034084085,19
512,516,dilazep,-0.27561906,-0.02657428,30
513,517,brd-k73261812,-0.27551982,-0.04225534,59
514,518,brd-k64864583,-0.2755051,-0.095738724,11
515,519,orantinib,-0.27550453,-0.07668288,77
516,520,ly-341495,-0.2754201,-0.0517393,19
517,521,flubendazole,-0.2754142,-0.0721212,15
518,522,fostamatinib,-0.27536932,-0.0120184515,107
519,523,pg-9,-0.27533433,0.036466233,19
520,524,stk-721917,-0.2753281,-0.10783765,101
521,525,brd-k07276035,-0.27525482,-0.0072263293,8
522,526,brd-k56477805,-0.27521756,-0.029157553,74
523,527,brd-k75065443,-0.27517056,0.07785241,8
524,528,bucladesine,-0.2751656,-0.022141919,132
525,529,rs-23597-190,-0.27483404,-0.07603444,59
526,530,brd-k35004659,-0.27478808,-0.016010143,17
527,531,sj-172550,-0.27474853,-0.07767169,59
528,532,brd-k14744524,-0.27465072,0.072091244,3
529,533,brd-k46791751,-0.27455348,-0.01899932,46
530,534,brd-k28040935,-0.27425495,-0.05115448,12
531,535,androstenol,-0.27421787,-0.033799153,24
532,536,tofacitinib,-0.27410233,0.021219574,17
533,537,azasetron,-0.2740491,-0.054052934,30
534,538,ethambutol,-0.2740149,0.018465905,16
535,539,brd-a11512624,-0.27400303,0.10102735,11
536,540,elvitegravir,-0.27391762,0.093281925,14
537,541,sa-423167,-0.27388403,-0.06415722,24
538,542,racecadotril,-0.2738109,0.01672354,34
539,543,huperzine-a,-0.2737814,-0.049372006,43
540,544,sa-1973509,-0.27346426,0.0063194553,27
541,545,ku-c103868,-0.27344963,-0.025035847,12
542,546,entinostat,-0.27344862,-0.05561567,131
543,547,tl-aa09,-0.27341765,-0.042662468,42
544,548,sgx523,-0.2733844,-0.12538888,48
545,549,ziprasidone,-0.27334705,-0.048222125,18
546,550,rs-100329,-0.27333942,-0.0120592555,19
547,551,brd-k08447949,-0.27331442,-0.02965799,12
548,552,brd-a73929928,-0.27316633,0.083570056,11
549,553,brd-k31260488,-0.27314055,-0.16834873,13
550,554,manumycin-a,-0.27313372,0.028276645,145
551,555,alw-ii-49-7,-0.2730647,-0.06769577,65
552,556,brd-k54018158,-0.27278623,-0.041018076,15
553,557,sa-418267,-0.27278328,-0.1626322,12
554,558,brd-k21109208,-0.27277023,0.007939775,6
555,559,arp-101,-0.27276456,-0.018195814,90
556,560,10-hydroxycamptothecin,-0.27271855,-0.0605818,11
557,561,guanaben-acetate,-0.2726668,-0.033705473,23
558,562,chembl-374350,-0.27257162,-0.010509129,72
559,563,mek1-2-inhibitor,-0.2723968,0.04300007,19
560,564,ranitidine,-0.27239102,0.0147903245,64
561,565,isoreserpine,-0.2723721,-0.060221575,19
562,566,minoxidil,-0.27228048,-0.003737412,98
563,567,brd-k14833463,-0.2722432,-0.066802405,17
564,568,brd-k37088230,-0.2722124,-0.045488577,13
565,569,fti-276,-0.2722106,-0.014773631,95
566,570,xaliproden,-0.27208558,0.011484523,19
567,571,vu-0400195-3,-0.2718925,-0.076607384,13
568,572,promazine,-0.2718446,-0.021528795,86
569,573,brd-k41924482,-0.27184403,-0.13741542,17
570,574,sa-102695,-0.27182454,-0.02268637,8
571,575,brd-k82206012,-0.27181235,-0.06880298,24
572,576,brd-k86631041,-0.271773,-0.055259276,29
573,577,brd-k89451433,-0.27175304,-0.10200814,13
574,578,brd-k04156788,-0.271687,-0.025662629,32
575,579,sa-1472321,-0.2716742,-0.08207543,18
576,580,forskolin,-0.2715651,0.013227919,141
577,582,sa-1937516,-0.27142206,0.05079934,12
578,583,sr-95639a,-0.27141157,-0.010385757,23
579,584,brd-k33218708,-0.27138397,-0.10717205,4
580,585,brd-k49061529,-0.27128467,0.09812682,19
581,586,pp-110,-0.27125186,0.13339971,95
582,587,brd-k18351060,-0.27119356,-0.1461287,4
583,588,brd-k21994180,-0.27116218,-0.105475545,8
584,589,brd-k35413818,-0.27112207,-0.13586359,11
585,590,citalopram,-0.27108458,0.038788192,43
586,591,plx-4720,-0.27104524,-0.0411038,99
587,592,tanespimycin,-0.27103144,-0.02966986,198
588,593,sa-427137,-0.27096307,-0.14397441,12
589,594,brd-k69498175,-0.2709491,-0.013047867,4
590,595,brd-a01999384,-0.27092373,-0.04947015,12
591,596,brd-a81936046,-0.2707892,-0.041560058,59
592,597,brd-k50011261,-0.27076775,-0.13711593,6
593,598,dicycloverine,-0.27074105,0.005538759,26
594,599,brd-k51320264,-0.27064508,-0.04608255,26
595,600,brd-k95041551,-0.2706182,0.0021976717,9
596,601,brd-k86182839,-0.27050218,0.0228684,4
597,602,brd-k74155249,-0.27041772,-0.0037635267,13
598,603,temefos,-0.27035108,-0.0288882,19
599,604,stat3-inhibitor-vi,-0.27034783,0.00026638267,59
600,605,olaparib,-0.27028605,0.010125962,179
601,606,brd-k33720394,-0.27022508,-0.02404397,12
602,607,venlafaxine,-0.27016968,-0.027855009,38
603,608,brd-k12744550,-0.2701421,-0.005688174,11
604,610,brd-k74728819,-0.2701264,-0.10153799,11
605,611,brd-k28582709,-0.27002934,-0.071448736,6
606,612,km-00799,-0.2699185,0.036163997,16
607,613,nandrolone,-0.26985252,0.014382049,11
608,614,brd-k41513229,-0.26985046,0.038373757,11
609,615,ketanserin,-0.26982906,-0.024883786,22
610,616,sa-1463785,-0.26980078,-0.02093063,18
611,617,sa-1919875,-0.2697518,-0.038412113,17
612,619,brd-k16057611,-0.26957732,-0.06300282,17
613,620,barasertib-hqpa,-0.26952282,-0.015872568,166
614,621,azaperone,-0.2694848,0.014463248,27
615,623,sa-1459830,-0.26943642,0.13424228,15
616,624,sid-26681509,-0.26940018,0.004040105,94
617,625,sa-1922261,-0.26930758,-0.014523192,17
618,626,brd-k14340219,-0.26917657,-0.09909089,13
619,627,ugiss-186,-0.26914963,-0.009263975,17
620,628,lawsone,-0.26914376,-0.0010488619,19
621,629,wortmannin,-0.26913252,0.07710413,997
622,630,sulmazole,-0.26913178,0.028980406,19
623,631,brd-k58191509,-0.26908413,0.11889285,13
624,632,brd-k62473229,-0.26905993,-0.033272743,22
625,633,brd-k20332840,-0.26905388,0.086738475,9
626,634,brd-k36489877,-0.2689833,0.039730746,8
627,635,brd-k32112425,-0.26896736,0.029917859,24
628,636,metrizamide,-0.26887724,0.0156081,19
629,637,sa-417716,-0.26885518,-0.12210922,12
630,638,gossypetin,-0.26882473,-0.13380104,40
631,639,artemether,-0.26880664,-0.053948607,10
632,640,brd-k43581698,-0.26867118,-0.05596139,17
633,641,sa-1455884,-0.2685963,-0.12557739,8
634,642,"16,16-dimethylprostaglandin-e2",-0.26857018,-0.07461351,59
635,643,brd-k41087962,-0.26856452,0.028764997,59
636,644,brd-a43126523,-0.26851302,0.029979797,15
637,645,brd-k87640646,-0.26842597,-0.1772889,5
638,646,brd-k82594686,-0.26835352,0.09976072,13
639,647,sa-1458610,-0.26814497,-0.05528665,12
640,648,pravastatin,-0.26800826,-0.0031942362,78
641,649,brd-k02170312,-0.2679979,0.065124236,4
642,650,neostigmine,-0.26798713,-0.10503793,4
643,651,brd-k00551481,-0.2679275,-0.010895876,17
644,653,gw-7647,-0.2679033,0.033272807,28
645,654,ici-199441,-0.26788142,-0.023025012,19
646,655,sa-1463838,-0.26786217,-0.08602399,7
647,656,brd-k98991361,-0.26785067,-0.034461223,30
648,657,sa-441181,-0.26783478,-0.07458511,8
649,658,brd-k42357106,-0.26783141,0.0324099,6
650,659,dm-161,-0.267793,0.0043471865,12
651,660,brd-k96403486,-0.26776078,-0.041324276,17
652,661,brd-k73602693,-0.26771864,-0.16685852,8
653,662,brd-k99756483,-0.2677156,0.051036224,13
654,663,vu-0420363-1,-0.2676694,-0.083409265,12
655,664,talniflumate,-0.26766202,-0.000623582,19
656,665,disopyramide,-0.26758584,-0.017813418,37
657,666,mosapride,-0.2674672,0.09208623,29
658,667,fenretinide,-0.2674557,-0.037705164,79
659,668,brd-k23384658,-0.26742914,-0.124940634,4
660,669,sulindac,-0.26741523,-0.018948205,42
661,671,m-chlorophenylbiguanide,-0.2673336,-0.042688172,19
662,672,brd-k02216544,-0.2672448,-0.054710247,12
663,673,brd-a38793261,-0.26722926,-0.11539161,12
664,674,sa-1920722,-0.2672016,-0.104926586,8
665,675,brd-k87113270,-0.26719108,-0.06629286,13
666,676,brd-k75969390,-0.26713845,0.17918262,4
667,677,bms-191011,-0.26710725,-0.014556851,78
668,678,brd-k55996983,-0.2671009,-0.14750792,11
669,679,thiotepa,-0.26704657,-0.06433224,23
670,680,brd-k30511626,-0.2669431,-0.06456924,17
671,681,biperiden,-0.26694253,0.026415488,42
672,682,brd-k98327170,-0.266912,-0.15595016,4
673,683,brd-k34547533,-0.26688656,0.013851296,11
674,684,brd-k67619794,-0.26684862,-0.10587313,12
675,685,pimethixene,-0.26675436,-0.06137331,3
676,686,ncs-382,-0.26672634,-0.0064757606,42
677,687,vuf-5681,-0.26670793,-0.09357706,19
678,688,brd-k80019738,-0.26670784,-0.01802871,4
679,689,sa-1457945,-0.26669025,-0.008400563,26
680,690,probenecid,-0.26664984,-0.07807219,34
681,691,brd-k55034844,-0.26658523,-0.09882649,13
682,692,alw-ii-38-3,-0.26655507,-0.01866505,65
683,693,dipyridamole,-0.26648444,-0.016072012,37
684,694,lenalidomide,-0.26647997,-0.051616136,76
685,695,brd-k31427141,-0.26647493,0.034148905,6
686,696,parthenolide,-0.26646397,0.013650257,174
687,697,nsc-632839,-0.2664554,-0.069243014,125
688,698,brd-k50521229,-0.2664498,-0.07665705,13
689,699,alrestatin,-0.26632854,-0.06204899,23
690,700,brd-k88844437,-0.2662709,-0.14698812,4
691,701,brd-k10087454,-0.2662663,0.047216855,13
692,702,terreic-acid-(-),-0.2662325,-0.048244752,24
693,703,brd-k76926998,-0.26618025,0.027108852,17
694,704,anacardic-acid,-0.26613933,-0.016262783,6
695,705,sa-1457103,-0.26609993,-0.07985585,8
696,706,rifaximin,-0.26609346,-0.08410675,11
697,707,fenbufen,-0.26595965,0.03453439,26
698,708,brd-k59754458,-0.2659241,-0.03971178,13
699,710,brd-k51511759,-0.26587054,-0.052382927,4
700,711,rifapentine,-0.26580852,-0.01684653,28
701,712,brd-k46792957,-0.2657484,-0.23539665,3
702,714,salsolinol,-0.26567703,-0.021914024,29
703,715,km-04644sc,-0.26545724,0.043830603,13
704,716,tubocurarine,-0.26545635,-0.026856482,42
705,718,brd-k85449516,-0.26532185,-0.022080678,3
706,719,brd-k42427050,-0.26525664,-0.05787106,7
707,720,selegiline,-0.26524734,-0.024551496,26
708,721,pindolol,-0.26519594,-0.078404486,26
709,722,rs-67333,-0.2651661,-0.051145732,19
710,723,brd-k51774655,-0.26499197,-0.017847948,13
711,724,a-443644,-0.26495075,0.15095182,59
712,725,brd-k28774715,-0.26494473,-0.055792548,30
713,726,brd-k53335770,-0.2649099,-0.058947824,13
714,727,brd-k70751730,-0.26490113,-0.11805173,13
715,728,brl-37344,-0.26482987,-0.025698595,19
716,729,norgestimate,-0.2648136,-0.058371566,27
717,730,carbenoxolone,-0.26465672,-0.038437363,42
718,731,gw-9662,-0.26463747,0.036705017,31
719,732,brd-k47586560,-0.2646142,-0.11058823,11
720,733,rondual-kinase-inhibitor,-0.26460266,-0.11279033,48
721,734,brd-k82927587,-0.26458293,-0.02765689,12
722,735,ku-c103656,-0.26457465,-0.07512874,13
723,736,ly-344864,-0.26455238,-0.010434065,15
724,737,brd-k42251804,-0.26449895,-0.02330524,5
725,738,sa-1456751,-0.2644887,0.043357678,22
726,739,clopamide,-0.2644871,-0.009313179,3
727,740,xl-147,-0.26444328,0.062196918,18
728,741,guanadrel,-0.26440734,0.019200593,4
729,742,nilotinib,-0.26435685,-0.046337403,120
730,743,brd-k48505466,-0.2643161,-0.10293221,4
731,744,sa-1973497,-0.2642859,-0.026449727,27
732,745,brd-k00640357,-0.26427767,-0.033408154,101
733,746,brd-k66224104,-0.26414534,-0.08653285,17
734,747,sa-1939938,-0.26412418,0.19803794,12
735,748,diflunisal,-0.2641235,0.006030151,37
736,749,brd-k80832690,-0.2638862,-0.114480786,4
737,750,brd-k88059273,-0.26385787,0.040538643,13
738,751,brd-k93138145,-0.26382995,0.0036376726,4
739,752,brd-k62459624,-0.2638273,0.099722125,33
740,753,chelidonine,-0.2638011,0.026042236,23
741,754,xmd-885,-0.26378787,-0.045692533,66
742,755,sa-1473648,-0.26374623,-0.047515288,12
743,756,niclosamide,-0.26372617,-0.01396201,139
744,757,brd-k68097207,-0.26371273,0.06027873,13
745,758,ku-c104127,-0.26368192,-0.00051826175,12
746,759,palmitoylethanolamide,-0.26351628,-0.108649276,19
747,760,tyrphostin-ag-18,-0.26348144,-0.0025405134,19
748,761,brd-k20931972,-0.26344138,-0.024629427,3
749,762,bcl2-inhibitor,-0.26336947,-0.00042353198,27
750,763,mst-312,-0.2633604,-0.011978613,51
751,764,mw-shh-250,-0.26335064,-0.06991737,101
752,765,brd-k97631938,-0.26324528,-0.01561319,17
753,766,pf-562271,-0.26322156,0.018187689,63
754,767,sa-1939126,-0.26317194,0.12556888,12
755,768,chloroquine,-0.2631342,-0.048929382,127
756,769,brd-k08630646,-0.26310965,0.024377823,17
757,770,sa-419172,-0.26310837,-0.1228531,12
758,771,brd-a96746500,-0.26310328,-0.0020032725,12
759,772,brd-k06020002,-0.2630608,0.06605709,32
760,773,brd-k83920942,-0.26305962,-0.13953492,4
761,774,brd-k11088254,-0.26288903,-0.09342013,9
762,775,norketamine,-0.262876,-0.011791511,19
763,776,niguldipine,-0.26280823,0.002411087,82
764,777,brd-k08451418,-0.2627897,-0.06250965,59
765,778,brd-k19922318,-0.26278898,-0.05818301,59
766,779,brd-k01621458,-0.26277563,0.00071440695,96
767,780,pipamperone,-0.26271698,0.05328805,23
768,781,sulfacetamide,-0.26267347,-0.06849931,14
769,782,tebuthiuron,-0.26261476,0.08480946,23
770,783,tipifarnib-p2,-0.26249927,-0.019158287,59
771,784,brd-a36275421,-0.26249582,0.07854814,101
772,785,tacrolimus,-0.2624668,-0.020873252,110
773,786,thenoyltrifluoroacetone,-0.26246557,-0.061626643,25
774,787,brd-k34407242,-0.26246542,-0.22384477,4
775,788,nafcillin,-0.26240575,-0.008290652,30
776,789,wr-216174,-0.2623721,-0.068136975,19
777,790,acetylcysteine,-0.26236498,0.02365527,58
778,791,brd-k84803513,-0.2622364,-0.06891754,17
779,792,fenofibrate,-0.26222607,-0.025868151,22
780,793,brd-k61679744,-0.2622165,-0.05214934,15
781,794,podophyllotoxin,-0.26220936,-0.019021945,49
782,795,brd-k14989056,-0.26219225,-0.0342139,13
783,796,tropisetron,-0.26191798,-0.028106697,49
784,797,nocodazole,-0.26173115,-0.024941701,40
785,798,nicotinamide,-0.2616659,0.06511985,23
786,799,sa-247654,-0.2616641,-0.119342275,11
787,800,saquinavir,-0.2616138,0.039223053,34
788,801,brd-k71599932,-0.26156092,-0.06922963,13
789,802,brd-k91745259,-0.26152888,-0.041814197,9
790,803,sa-1455938,-0.2615083,0.16242266,8
791,804,brd-k54051742,-0.2614901,0.04945436,12
792,805,sa-1462678,-0.26141796,0.017189285,12
793,806,xmd-892,-0.26140904,-0.013046914,65
794,807,cinacalcet,-0.26137915,-0.05422262,18
795,808,navitoclax,-0.26136023,-0.027643202,59
796,809,fumonisin-b1,-0.2613403,-0.019441802,59
797,810,brd-k00442147,-0.2613208,-0.09276999,13
798,812,probucol,-0.2612711,-0.017633332,22
799,813,brd-k22080587,-0.2612183,0.0010007867,14
800,814,brd-k30704475,-0.26098806,-0.031704437,18
801,815,tivantinib,-0.26098666,-0.088866696,48
802,816,enzalutamide,-0.26098263,-0.034393113,65
803,817,brd-a24054354,-0.26093233,0.0017113041,58
804,818,relcovaptan,-0.26091576,0.042470913,19
805,819,ag-370,-0.26091078,-0.031894475,19
806,820,thiothixene,-0.2608665,-0.00081653195,32
807,822,mepacrine,-0.26079938,0.019765377,111
808,823,brd-a68274214,-0.260771,0.03626707,17
809,824,sa-97343,-0.2607176,0.005746653,12
810,826,triamterene,-0.2605991,-0.057239342,49
811,827,sa-1939936,-0.26058355,0.0793324,24
812,828,roquinimex,-0.26056197,0.04021878,19
813,829,ku-c103885,-0.26050144,0.060680427,12
814,830,brd-k30064966,-0.26048896,0.024989998,59
815,832,androstenedione,-0.2604215,-0.08431354,24
816,833,ly-165163,-0.26040965,-0.0022725903,25
817,834,brd-k84114569,-0.26021236,0.015996626,17
818,835,vx-222,-0.26019543,-0.118264385,18
819,836,trazodone,-0.26015517,-0.0048808493,37
820,837,brd-k19059335,-0.2600976,0.016758833,12
821,838,ikk-2-inhibitor,-0.2600865,-0.06075755,19
822,839,sa-1017940,-0.26008162,-0.10181679,23
823,840,cyclobenzaprine,-0.26006475,-0.07334326,4
824,841,bisacodyl,-0.26004994,-0.0066740643,27
825,842,brd-k46017542,-0.25995585,-0.09270856,12
826,843,brd-k78687850,-0.25994527,0.012750415,13
827,844,canrenoic-acid,-0.25987127,-0.033019476,26
828,845,tolbutamide,-0.25983062,0.011325057,33
829,846,imiquimod,-0.25983006,-0.044731494,65
830,847,brd-k33045404,-0.2597252,-0.051009696,13
831,848,brd-k65774694,-0.25972122,-0.029196845,13
832,849,brd-k41342615,-0.25966597,-0.06827266,8
833,850,pemoline,-0.25964162,-0.005035445,22
834,851,sa-1460192,-0.25962636,-0.06140572,19
835,852,cyclopentene,-0.2596242,-0.06323013,96
836,853,f-1566-0341,-0.25961688,-0.020377064,34
837,854,brd-k72382350,-0.25960305,-0.0020023305,45
838,855,sa-1480001,-0.25956592,-0.06759272,18
839,856,brd-k37226311,-0.2595503,0.119683444,4
840,857,dehydroisoandosterone,-0.2595406,-0.060344994,23
841,859,indapamide,-0.25949714,0.013957214,29
842,860,brd-k59488055,-0.2594307,0.06145842,17
843,861,cgs-12066b,-0.25937468,0.07357965,29
844,862,trap-101,-0.2593522,0.031421535,19
845,863,brd-k41668190,-0.2593364,-0.04983946,18
846,864,brd-k96269157,-0.25931963,0.05115789,4
847,865,chenodeoxycholic-acid,-0.25929913,-0.020944666,27
848,866,wy-01-045,-0.25924307,0.072949626,101
849,867,brd-k46232974,-0.25918445,-0.018896053,9
850,868,xylazine,-0.25918302,-0.0048813634,23
851,869,brd-k47121420,-0.25917774,-0.007590117,8
852,870,nifedipine,-0.25913846,0.025666818,92
853,871,brd-k68211814,-0.259076,-0.1471253,13
854,872,brd-k60202068,-0.25900844,-0.0062190066,15
855,873,brd-k25070860,-0.25899392,-0.053832352,23
856,874,isoxicam,-0.25898856,0.012858463,26
857,875,cefixime,-0.25891042,0.044535663,35
858,876,brd-k71387353,-0.25890452,0.022227861,12
859,877,brd-k67778494,-0.258833,0.021474067,72
860,878,eugenitol,-0.2587494,-0.10974663,19
861,879,phenothiazine,-0.25871736,0.0066722706,93
862,880,teicoplanin,-0.25871593,-0.0289095,18
863,881,pyrazolanthrone,-0.25870782,0.065146275,73
864,882,calpeptin,-0.25868377,0.020438373,78
865,883,iopanoic-acid,-0.2586559,-0.052546177,27
866,884,sa-1922111,-0.2585288,0.057629216,12
867,885,doconexent,-0.2585237,-0.012009146,31
868,886,brd-k85211514,-0.25851873,0.050069902,4
869,887,vegf-receptor-2-kinase-inhibitor-iv,-0.25851274,-0.009957372,8
870,888,brd-k52111234,-0.2584989,-0.17128895,11
871,889,1-benzylimidazole,-0.25843683,-0.06588549,13
872,890,ku-c103904n,-0.25840354,0.0104098385,13
873,891,sa-85764,-0.25832114,0.0015816664,14
874,892,sa-1920453,-0.25831434,-0.014977819,13
875,893,reserpic-acid,-0.25828424,0.0010272943,19
876,894,spb02137,-0.25823534,0.004170158,30
877,895,brd-k45443730,-0.2581878,-0.035110895,15
878,896,pt-630,-0.25812688,-0.08183368,95
879,897,brd-a43640821,-0.25809526,0.033397626,13
880,898,brd-k21635943,-0.2579988,-0.07936311,8
881,899,brd-k46512534,-0.25794613,0.0036853026,5
882,900,nafadotride,-0.2577625,0.03169884,32
883,901,sa-243929,-0.25772977,0.02892444,8
884,902,mdl-73005ef,-0.25770575,-0.05555893,26
885,903,cdk2-5-inhibitor,-0.2576874,0.008024967,19
886,904,sa-1460032,-0.25768712,0.04127591,12
887,905,brd-k94114461,-0.2576651,-0.030275,5
888,906,brd-k88278225,-0.2576384,0.06434473,15
889,907,sa-1459173,-0.2576374,-0.058370154,15
890,908,gw-0742,-0.2576206,-0.022306811,19
891,909,brd-k43267173,-0.2575825,0.02454066,13
892,910,kuc111109n,-0.2575656,0.0024356241,101
893,911,naftifine,-0.25755808,-0.035107963,23
894,912,brd-a96272097,-0.25753853,-0.08891663,17
895,913,brd-k94498396,-0.25750843,0.16046953,8
896,914,fexaramine,-0.25749958,-0.07763362,19
897,915,nvp-aew541,-0.25743312,-0.11755099,48
898,916,brd-a74134989,-0.2574071,-0.03138633,15
899,917,brd-k22129929,-0.25733754,0.026634187,30
900,918,carteolol,-0.25731635,0.0082190465,23
901,919,brd-k08995965,-0.25730306,0.00129788,13
902,920,cp-55940,-0.25729695,-0.0578874,19
903,921,pyroxamide,-0.25729582,-0.033780657,17
904,923,rilmenidine,-0.2572235,-0.03399174,84
905,924,farnesylthioacetic-acid,-0.25721604,-0.07543921,25
906,925,sa-247714,-0.25714016,-0.10783563,25
907,926,ly-294002,-0.25707683,0.030147959,375
908,927,alvespimycin,-0.2570685,-0.023536142,42
909,928,maackiain,-0.25704837,-0.031431597,19
910,930,brd-k67454499,-0.25697997,-0.052507512,5
911,931,sa-424068,-0.25694674,-0.048340283,12
912,932,brd-k82071478,-0.25692135,0.015899101,11
913,933,brd-k85413794,-0.2568822,-0.00092392665,46
914,934,brd-k40655550,-0.2568699,-0.059635244,4
915,935,haloperidol,-0.2568485,0.05871749,31
916,936,xanthohumol,-0.25681567,-0.074608795,18
917,937,meclofenamic-acid,-0.25681043,-1.0396225e-05,33
918,938,mebendazole,-0.25670666,0.06773823,105
919,939,sa-1457188,-0.25667003,-0.1019844,8
920,940,sa-1456220,-0.2566689,-0.007186506,8
921,941,sa-1460110,-0.25664806,0.019164154,19
922,942,iloprost,-0.2566279,-0.0503147,73
923,943,mw-stk33-1a,-0.25662723,-0.063100696,13
924,944,nacl,-0.25662586,0.09424107,12
925,945,skf-96365,-0.25662202,0.020041334,31
926,946,brd-k15428056,-0.25661942,0.08804155,15
927,947,doxylamine,-0.25658482,-0.030162226,37
928,949,brd-k51998148,-0.2565139,-0.11765594,18
929,950,brd-k95551268,-0.2564476,0.06915179,11
930,951,brd-a89049230,-0.25642946,-0.021676995,13
931,952,brd-k39866321,-0.25638652,-0.0047785053,13
932,953,brd-k73400194,-0.25634673,-0.08510727,11
933,954,clonidine,-0.25625342,-0.0153522175,99
934,955,pp-30,-0.2562345,0.03323328,59
935,956,sparfosic-acid,-0.25618884,-0.062023032,59
936,957,farnesylcysteine-methyl-ester,-0.2561356,-0.010133568,24
937,958,tul_xxi035,-0.2561316,-0.10233536,32
938,959,brd-k40949493,-0.25608838,-0.04123705,13
939,960,brd-k57638192,-0.25607505,0.04124592,11
940,961,brd-k75449859,-0.25606918,-0.09454687,7
941,962,sa-1939915,-0.25599927,-0.0955096,8
942,963,niflumic-acid,-0.2559906,-0.0027036201,14
943,964,sa-1456195,-0.25594637,0.14064023,16
944,965,brd-k33591392,-0.2558262,0.051579744,12
945,966,brd-a26962727,-0.25581342,0.0116548855,30
946,967,brd-m04224464,-0.25580585,-0.04693099,6
947,968,saracatinib,-0.25579938,0.04197569,83
948,969,brd-k84855138,-0.255698,-0.00563119,15
949,970,brd-k85147876,-0.25560984,-0.02040723,13
950,971,verapamil,-0.25560173,-0.025434963,98
951,972,qs-11,-0.25557917,-0.07226011,65
952,973,brd-k28036193,-0.25557864,-0.018413454,4
953,974,brd-k54405293,-0.25557232,-0.0482674,17
954,975,brd-k00347265,-0.2555038,-0.15684757,4
955,976,brd-k45437867,-0.2554933,-0.055367503,11
956,977,brd-k51490254,-0.25548264,-0.019750386,22
957,978,brd-k51267267,-0.25542608,0.037837576,11
958,979,pizotifen,-0.25535005,-0.0024482799,38
959,980,brd-k36490574,-0.2553334,0.005319818,13
960,981,gossypol,-0.25524005,-0.015922934,64
961,983,icosapent,-0.25519598,0.007460331,21
962,984,arg-a1-22,-0.25519124,-0.033990502,13
963,985,brd-k77629773,-0.25517252,0.022962559,9
964,986,tyrphostin-ag-527,-0.25513926,-0.02353912,27
965,987,sa-1922959,-0.25512606,-0.0005193111,13
966,988,brd-k83929831,-0.2550712,-0.047814313,13
967,989,brd-k38625260,-0.2550676,-0.041871272,13
968,990,gr-55562,-0.25502983,-0.02622426,19
969,991,sa-1456625,-0.25495994,-0.1662494,8
970,992,ib-meca,-0.2549597,-0.018119833,34
971,993,tyrphostin-1,-0.25493747,0.05445006,78
972,994,pemetrexed,-0.25492015,0.015306082,58
973,995,st-4039884,-0.25488272,-0.016453316,17
974,996,brd-k59563627,-0.25482404,-0.03423898,21
975,997,etamivan,-0.254773,-0.09943111,27
976,998,sa-1939891,-0.25476778,-0.083028,12
977,999,brd-k14187559,-0.2547445,-0.12436092,4
978,1000,zaldaride,-0.25468314,-0.006787801,19
979,1001,westcort,-0.25465712,-0.091331564,11
980,1002,progesterone,-0.2545404,-0.014937698,55
981,1003,sb-431542,-0.25453085,-0.005498895,25
982,1004,neurodazine,-0.25452483,-0.04480007,18
983,1005,ilomastat,-0.25448,0.059367586,23
984,1006,doxapram,-0.2544397,-0.08178057,13
985,1007,brd-k06145650,-0.25443774,-0.009151793,6
986,1008,zd-7288,-0.25443128,-0.047591038,19
987,1009,brd-k22449070,-0.2543805,-0.02601567,13
988,1010,dihydroergocristine,-0.25437433,0.037226748,49
989,1011,brd-k37150847,-0.2543321,-0.016028116,26
990,1012,af-dx-116,-0.254292,0.011115897,11
991,1013,ropinirole,-0.25427085,-0.00057051465,27
992,1014,gbr-12783,-0.25421265,-0.024710912,38
993,1015,ku-c104224,-0.2541605,-0.119678564,13
994,1016,diltiazem,-0.25402883,0.016264625,75
995,1017,dr-2313,-0.25399187,-0.07866762,55
996,1018,itopride,-0.2539864,-0.040195156,15
997,1019,brd-k54331210,-0.25397107,-0.051927343,17
998,1020,flavoxate,-0.25393614,-0.005714174,22
999,1021,15-delta-prostaglandin-j2,-0.25392586,-0.036982726,109
1000,1022,retinol,-0.25385976,-0.0708259,48
1001,1023,brd-k19724398,-0.25382224,-0.05243832,13
1002,1024,brd-k83437201,-0.25379413,-0.06709908,3
1003,1025,brd-k75514176,-0.25377756,-0.057004258,12
1004,1026,brd-k70153099,-0.25371206,-0.2119644,4
1005,1027,brd-k10422753,-0.25368994,-0.0007475699,5
1006,1028,brd-a43805296,-0.25364387,-0.040776998,12
1007,1029,carmoxirole,-0.2535679,0.017931245,19
1008,1030,naftidrofuryl,-0.25337917,-0.06910291,26
1009,1031,pentoxyverine,-0.25335804,-0.029113885,15
1010,1032,bambuterol,-0.25333473,-0.14390802,3
1011,1033,brd-k86693415,-0.25332937,-0.060933262,32
1012,1034,brd-a88504692,-0.2532993,-0.06577573,17
1013,1035,pd-166793,-0.25314063,-0.03837988,19
1014,1036,sd-6-035-a12,-0.2530014,0.0042083776,27
1015,1037,brd-k07921357,-0.25299704,0.015243535,4
1016,1038,decitabine,-0.25299448,-0.038439386,29
1017,1039,jw-7-24-1,-0.25296223,0.037076548,64
1018,1040,ar-c133057xx,-0.25293523,-0.03046367,59
1019,1041,brd-k81031294,-0.25275588,-0.07421932,5
1020,1042,brd-k80204885,-0.2527513,0.015023212,5
1021,1043,brd-k55071917,-0.252745,-0.07080869,17
1022,1044,tivozanib,-0.25268793,-0.030151613,107
1023,1045,mdl-72832,-0.2526435,0.00050078414,19
1024,1046,brd-a00626522,-0.2526296,-0.050705396,12
1025,1047,brd-k05778965,-0.25261298,-0.05901586,3
1026,1048,brd-k72772617,-0.25257415,-0.069004424,4
1027,1049,brd-k81665681,-0.25256437,-0.10544521,6
1028,1050,brd-k77547509,-0.25253534,-0.0829498,12
1029,1051,lylamine,-0.25247908,-0.0048241126,19
1030,1052,brd-k86652643,-0.2524704,-0.016604194,13
1031,1053,clemizole,-0.25243,-0.015522586,3
1032,1054,brd-k99842945,-0.2523133,-0.13711564,12
1033,1055,brd-k35790918,-0.25228682,0.013787829,15
1034,1056,brd-k32605311,-0.2522115,-0.061322935,4
1035,1057,brd-k89915215,-0.25215095,0.03217872,5
1036,1058,l-689560,-0.2521252,-0.03986761,38
1037,1059,brd-k91134378,-0.25208378,0.02676315,13
1038,1060,brd-k12676148,-0.25206017,-0.07631528,11
1039,1061,brd-a05680309,-0.25196138,-0.0011267865,15
1040,1062,brd-k32128027,-0.25192642,-0.07076627,6
1041,1063,brd-k65790118,-0.25190723,-0.14984784,3
1042,1064,sa-1938219,-0.25186566,-0.004717344,12
1043,1065,brd-k82524003,-0.25176474,-0.02750273,33
1044,1066,dac-009,-0.25172406,-0.07468742,20
1045,1067,brd-k72343629,-0.25172293,0.06655407,12
1046,1068,givinostat,-0.25166747,0.042501885,17
1047,1069,pyrvinium-pamoate,-0.25164613,0.015803816,74
1048,1070,amn-082,-0.25162527,-0.008295994,19
1049,1071,sa-244587,-0.25157565,0.0612951,12
1050,1072,isoxsuprine,-0.2515188,0.004727332,37
1051,1073,brd-k29987902,-0.25146973,-0.028827162,4
1052,1074,bml-257,-0.2514438,-0.017751537,16
1053,1075,brd-k52099002,-0.25144178,0.014435066,17
1054,1076,brd-k06186994,-0.2514091,0.048806373,13
1055,1077,caffeine,-0.25139582,-0.065321155,33
1056,1078,brd-k77762110,-0.25135285,-0.00014643617,13
1057,1079,brd-k19593010,-0.25133777,-0.056987595,13
1058,1080,ku-60019,-0.25132895,-0.051411532,48
1059,1081,brd-k71424888,-0.25132492,-0.015768524,11
1060,1082,tetramisole,-0.2513182,0.040546305,27
1061,1083,brd-k95760042,-0.25128552,0.039570786,34
1062,1084,brd-k53423944,-0.2512779,-0.010181413,13
1063,1085,brd-k30958640,-0.25126815,0.03658521,17
1064,1086,brd-k37014875,-0.2512149,-0.1253391,5
1065,1087,protein-tyrosine-phosphatase-inhibitor-iv,-0.25117812,-0.024112308,23
1066,1088,brd-k24705176,-0.2511056,-0.0594127,13
1067,1089,brd-k14914284,-0.25106332,-0.04471071,12
1068,1090,brd-k07101857,-0.2510592,-0.0043866006,15
1069,1091,enalapril,-0.25101486,-0.090963505,87
1070,1092,tomelukast,-0.25093272,-0.047846377,32
1071,1093,cp-93129,-0.2509051,0.04779149,19
1072,1094,clofibrate,-0.25089374,-0.080589704,27
1073,1096,bg-1009,-0.25080344,-0.06307558,6
1074,1097,vu-0447127-2,-0.25079867,-0.083588004,13
1075,1098,brd-k38725747,-0.25057656,-0.17293681,8
1076,1099,brd-k88714443,-0.25054225,-0.08302358,18
1077,1100,testosterone,-0.25052953,-0.001444305,67
1078,1101,pergolide,-0.25052932,-0.0481659,37
1079,1102,sulfamerazine,-0.25047946,-0.1229292,4
1080,1103,ciglitazone,-0.25045905,-0.018720496,28
1081,1104,phenylbutyrate,-0.25044242,-0.06929772,17
1082,1105,ag-14361,-0.25043717,0.09554491,110
1083,1106,quetiapine,-0.2504053,0.024341295,34
1084,1107,fccp,-0.25032097,-0.03440863,39
1085,1108,brd-k01800709,-0.25027227,-0.022923227,18
1086,1109,brd-k00313977,-0.2502458,-0.01145353,13
1087,1110,md-ii-038,-0.25022954,-0.07909596,17
1088,1111,odq,-0.25013465,-0.10047648,19
1089,1112,pyridoxine,-0.25010446,-0.18614303,4
1090,1114,vemurafenib,-0.25001994,0.0042538512,140
1091,1115,endecaphyllin-x,-0.24999754,-0.016131204,19
1092,1116,brd-k02549628,-0.24999602,-0.22517696,4
1093,1118,elesclomol,-0.24994601,0.0023085233,59
1094,1119,paroxetine,-0.24992515,0.026706941,60
1095,1120,sa-1456102,-0.24989983,-0.09662503,8
1096,1121,brd-k14844937,-0.24988516,0.08148046,19
1097,1122,sa-1919667,-0.24982391,-0.13804623,8
1098,1124,gsk-2126458,-0.24974498,0.10612665,48
1099,1125,pd-160170,-0.24969192,-0.013256175,19
1100,1126,sa-243276,-0.24957265,0.041069094,14
1101,1127,brd-k32053286,-0.2495273,-0.10646011,7
1102,1128,brd-k76052538,-0.24943307,-0.044567946,17
1103,1129,brd-k31851742,-0.2494201,-0.005071015,17
1104,1130,brd-k55210983,-0.24935335,-0.08463554,7
1105,1131,zolmitriptan,-0.24932066,-0.020810034,32
1106,1132,flecainide,-0.24925478,-0.06454161,38
1107,1133,brd-k91485395,-0.24921097,-0.0026689584,17
1108,1134,cg-930,-0.24918994,-0.011652246,66
1109,1135,spiperone,-0.24917556,-0.04709772,44
1110,1136,piperine,-0.24908991,0.012193519,23
1111,1137,ku-c104223,-0.24908446,0.079348445,13
1112,1138,brd-k99381377,-0.24905573,-0.112962626,13
1113,1139,ku-c103654,-0.24904887,0.048539616,13
1114,1140,nvp-tae684,-0.24904239,0.0721112,101
1115,1141,brd-k84023371,-0.24898818,0.038248964,38
1116,1143,doramapimod,-0.24889392,0.047410645,48
1117,1144,quercetagetin,-0.24885815,-0.032645024,19
1118,1145,arachidonamide,-0.2487735,0.06993959,19
1119,1146,sa-441350,-0.24876148,-0.020397145,8
1120,1147,brd-k87467896,-0.24875546,-0.07901667,8
1121,1148,docosatrienoic-acid,-0.24875402,-0.06306337,19
1122,1149,cilastatin,-0.24871546,0.02690243,30
1123,1151,brd-k14790374,-0.24864142,-0.069800295,17
1124,1152,brd-k12238169,-0.24863838,0.07373634,32
1125,1153,sa-424294,-0.24858543,-0.002179062,12
1126,1154,gw-5074,-0.24850224,-0.082839854,86
1127,1155,eplerenone,-0.24845496,0.00034199186,19
1128,1156,docetaxel,-0.24841529,0.022918284,32
1129,1157,sa-89068,-0.24832736,0.05611985,25
1130,1158,brd-k28472299,-0.24832016,0.048572414,12
1131,1159,brd-k76904146,-0.2483078,0.021247309,4
1132,1160,mw-shh-54,-0.24830459,-0.06321378,101
1133,1161,sa-1456170,-0.24828723,0.05712664,8
1134,1162,zonisamide,-0.24824695,0.004121036,31
1135,1163,brd-k59019422,-0.24824665,0.008878116,107
1136,1164,brd-k77517292,-0.24817277,-0.1545562,3
1137,1165,azd-6482,-0.24817249,0.024637297,84
1138,1166,brd-k92863101,-0.24813539,-0.05827522,17
1139,1167,brd-k44781077,-0.24813518,-0.031818632,13
1140,1168,aliskiren,-0.24811423,-0.0033275979,23
1141,1169,brd-k55155550,-0.24808118,0.07211226,9
1142,1170,brd-k18953385,-0.24807541,-0.047102526,15
1143,1171,th02453-036-p1,-0.24805838,-0.048923552,76
1144,1172,brd-k52914903,-0.24805178,-0.12054963,17
1145,1173,tyrphostin-51,-0.24801363,-0.055418536,18
1146,1174,fluperlapine,-0.2479904,0.01904258,32
1147,1175,brd-k58853583,-0.2479661,-0.053029828,12
1148,1176,brd-k89961851,-0.2479468,0.059284225,17
1149,1177,md-920,-0.24791867,0.047757886,19
1150,1178,sc-i-004,-0.24787566,-0.06179594,17
1151,1179,motesanib,-0.24786521,-0.05565251,83
1152,1180,brd-k63175663,-0.24779466,0.017583406,30
1153,1181,sr-57227a,-0.24777429,0.052834406,30
1154,1182,brd-k04930762,-0.24776535,-0.07166095,12
1155,1183,brd-k48116811,-0.24774021,0.07428207,8
1156,1184,brd-k65657366,-0.24770729,0.051673383,11
1157,1185,roscovitine,-0.24760091,0.03108177,67
1158,1186,brd-a81372523,-0.2475748,-0.08077487,13
1159,1187,sb-590885,-0.24756533,-0.04009684,65
1160,1188,brd-k86992982,-0.24753898,-0.05778958,12
1161,1189,brd-k83601549,-0.24746367,-0.111625984,4
1162,1190,brd-k45205755,-0.24744338,-0.055431463,13
1163,1191,rescinnamine,-0.24743925,-0.04041034,19
1164,1192,brd-k24319052,-0.24739349,-0.09065612,4
1165,1193,hg-5-113-01,-0.24738106,-0.03968653,65
1166,1194,sa-103123,-0.24725185,-0.064343974,25
1167,1195,brd-k70590207,-0.24722986,0.017201005,7
1168,1196,brd-k48598367,-0.24722952,0.01307276,11
1169,1197,neratinib,-0.24721391,-0.004319039,106
1170,1198,zm-447439,-0.24719766,-0.012306558,131
1171,1199,brd-k57309821,-0.24714114,-0.09767347,13
1172,1200,moxisylyte,-0.24713168,-0.020366507,19
1173,1201,brd-k10143126,-0.24708195,-0.060402285,13
1174,1202,ro-16-6941,-0.24706703,0.034203086,19
1175,1203,tolazoline,-0.24704798,0.012766753,29
1176,1204,brd-k98575502,-0.247031,0.0023843304,12
1177,1205,brd-k55630727,-0.24701169,0.003800759,30
1178,1206,sibutramine,-0.2469129,-0.061476603,26
1179,1207,lansoprazole,-0.246874,-0.0350856,21
1180,1208,sa-244358,-0.24687187,-0.0486468,12
1181,1209,eriodictyol,-0.24686763,0.0020464314,39
1182,1210,mizolastine,-0.24681653,-0.004769856,4
1183,1211,brd-k75458636,-0.24678904,0.010243647,17
1184,1212,denbufylline,-0.24677336,-0.03937335,19
1185,1213,tozasertib,-0.246761,0.037333928,279
1186,1214,brd-k56473018,-0.24670283,0.0041956767,9
1187,1215,brd-k50659736,-0.24670082,-0.035367794,17
1188,1216,brd-k28184645,-0.24665691,0.12219098,4
1189,1217,dalcetrapib,-0.24665067,0.053624652,58
1190,1218,box-5,-0.24661376,-0.07772128,6
1191,1219,brd-k37340241,-0.24656598,0.010802546,17
1192,1220,brd-k40160468,-0.24654819,-0.04564784,7
1193,1221,arg-a1-2,-0.2465252,-0.04403831,13
1194,1222,osi-930,-0.24650125,0.02269006,48
1195,1223,lymecycline,-0.24648379,0.0030167666,4
1196,1224,sa-1920013,-0.24646454,-0.023433225,16
1197,1225,estropipate,-0.24646191,-0.046314556,53
1198,1226,sa-432998,-0.24645656,-0.049523085,21
1199,1227,brd-k22630935,-0.24644694,-0.018033512,18
1200,1229,nitrazepam,-0.24631971,-0.064247265,11
1201,1230,tgx-221,-0.24631347,0.051913768,66
1202,1231,brd-k67010098,-0.24630608,0.019350192,17
1203,1232,brd-k34974324,-0.24628809,-0.03492249,19
1204,1233,brd-k87426499,-0.24625403,-0.06326601,17
1205,1235,endo-iwr-1,-0.24622613,-0.045063548,100
1206,1237,brd-k18074178,-0.24616203,-0.1023432,17
1207,1238,hypericin,-0.24614684,-0.032631435,23
1208,1240,tracazolate,-0.24603787,-0.02809846,23
1209,1241,loxapine,-0.24603137,-0.06703922,37
1210,1242,tibolone,-0.24603018,0.0823544,12
1211,1243,anagrelide,-0.246008,0.015579691,34
1212,1244,brd-k99115033,-0.24599141,-0.035762697,4
1213,1245,brd-k68253248,-0.24596672,-0.022884574,14
1214,1246,o-3m3fbs,-0.24596536,0.06211417,23
1215,1247,brd-a99911370,-0.24592534,-0.002755205,15
1216,1248,brd-k93779718,-0.24590454,-0.07659778,8
1217,1249,carbofuran,-0.24590224,-0.032152463,19
1218,1250,brd-k28112517,-0.24588734,-0.052525476,74
1219,1251,pilocarpine,-0.24588008,0.07936213,15
1220,1252,brd-k29160485,-0.24586472,-0.023275604,13
1221,1254,quinoclamine,-0.24578191,-0.005783152,70
1222,1255,jnj-16259685,-0.24576555,0.019540539,25
1223,1256,linezolid,-0.2457537,-0.09998378,32
1224,1257,l-733060,-0.24566725,0.009553729,19
1225,1258,immepip,-0.24563104,-0.040554784,19
1226,1259,brd-a73847809,-0.24559587,-0.05305827,17
1227,1260,brd-a99518825,-0.24557328,-0.012398145,31
1228,1261,brd-a72069525,-0.24556078,-0.034457307,15
1229,1262,flucloxacillin,-0.24547601,-0.028188497,23
1230,1263,nikkomycin,-0.24547297,-0.013607157,17
1231,1264,griseofulvin,-0.24540791,-0.09140098,14
1232,1265,isocarboxazid,-0.24538137,-0.014836751,23
1233,1266,tmi-15,-0.24536626,-0.003451859,17
1234,1267,tul-xix029,-0.24534714,0.015108869,17
1235,1268,testosterone-propionate,-0.24534185,0.0045570843,19
1236,1269,acarbose,-0.24528083,0.034656364,44
1237,1270,brd-k58519325,-0.2451965,-0.101000525,13
1238,1272,brd-k95838867,-0.24510156,-0.013703302,4
1239,1274,doxepin,-0.24509661,-0.026939895,90
1240,1275,brd-k78559095,-0.24508795,-0.011953711,17
1241,1276,brd-k07476834,-0.24505211,-0.12765321,6
1242,1277,brd-k15790516,-0.2450208,-0.050527297,11
1243,1278,lfm-a12,-0.24498726,-0.043986008,8
1244,1279,bx-795,-0.24493241,-0.00446066,59
1245,1280,troglitazone,-0.24492861,-0.0017501786,187
1246,1281,sa-419010,-0.24492754,-0.18692555,12
1247,1282,wye-354,-0.24492304,0.072363704,18
1248,1283,etodolac,-0.24490845,-0.01994025,56
1249,1284,brd-k84677391,-0.24489832,0.022389561,17
1250,1285,napelline,-0.24486421,-0.016869802,15
1251,1286,latrepirdine,-0.24478365,-0.0974816,12
1252,1287,labetalol,-0.24476032,0.012939572,48
1253,1288,brd-k76882924,-0.24473687,0.025556924,17
1254,1289,brd-k05984448,-0.24473318,-0.041822545,13
1255,1290,brd-k15414305,-0.24472359,-0.09182287,4
1256,1291,brd-k86217247,-0.24472278,0.01988565,13
1257,1292,timolol,-0.24469793,-0.023671355,34
1258,1293,alvocidib,-0.24464971,0.16839804,122
1259,1294,levocabastine,-0.24463977,-0.002245114,23
1260,1295,brd-k76079827,-0.24462344,0.027950685,12
1261,1296,stavudine,-0.24460615,0.053528648,26
1262,1297,k784-3131,-0.24457765,0.12524176,37
1263,1299,loreclezole,-0.24455056,-0.06976143,19
1264,1300,idelalisib,-0.24452527,0.011956381,6
1265,1301,brd-k02174945,-0.24445838,0.03392148,13
1266,1302,brd-k74126469,-0.2444029,-0.06595401,13
1267,1303,sa-242939,-0.2443893,0.045388617,12
1268,1304,depudecin,-0.24435245,-0.051304065,17
1269,1305,bicuculline,-0.24433763,-0.004186435,11
1270,1306,sa-424233,-0.24432883,-0.11211565,8
1271,1307,norethisterone,-0.24430235,0.013367004,49
1272,1308,brd-k53155533,-0.24427964,-0.08074415,3
1273,1309,palbociclib,-0.2442718,0.05867216,66
1274,1310,desmethylclomipramine,-0.24420993,0.11039679,12
1275,1311,brd-k31385226,-0.24414335,0.040764,4
1276,1312,brd-k62719675,-0.24413535,-0.011663896,13
1277,1313,brd-k14316227,-0.24412176,-0.04575557,17
1278,1314,tadalafil,-0.24411523,-0.04725579,33
1279,1315,n-(3-acetamidophenyl)-3-chlorobenzamide,-0.24408785,-0.07181038,30
1280,1316,mw-ras9,-0.24406457,-0.063347146,13
1281,1317,polydatin,-0.24406351,-0.08278362,11
1282,1318,brd-k69569876,-0.24405578,-0.008185224,30
1283,1319,brd-k44893543,-0.24404559,-0.03686752,17
1284,1320,brd-k79342257,-0.24402618,-0.04329824,15
1285,1321,salmeterol,-0.24401501,0.0048387134,36
1286,1322,brd-k35243934,-0.2439918,-0.051279634,4
1287,1323,brd-k01806521,-0.24394329,-0.09045808,13
1288,1324,o-2050,-0.24393237,0.10757201,19
1289,1325,o-1918,-0.24392824,0.0054352963,19
1290,1326,atracurium,-0.24391827,0.012375513,14
1291,1327,brd-k97149069,-0.24385937,0.017774237,17
1292,1328,pseudopelletierine,-0.24384764,0.028185355,19
1293,1329,rho-kinase-inhibitor-ii,-0.24384221,0.05259346,15
1294,1330,actarit,-0.24371251,-0.115955986,11
1295,1331,diethyltoluamide,-0.24370469,0.023311382,19
1296,1332,17-hydroxyprogesterone-caproate,-0.24365573,-0.0028608118,13
1297,1333,zoxazolamine,-0.2436554,-0.045582645,26
1298,1334,brd-k18726304,-0.24364957,-0.045537464,13
1299,1335,gabazine,-0.24362297,-0.03937001,38
1300,1336,psoromic-acid,-0.24355888,-0.1230574,8
1301,1337,brd-k73434853,-0.24348944,0.08043873,6
1302,1338,brd-k38517635,-0.24342823,-0.054076537,4
1303,1339,medroxyprogesterone,-0.24332027,0.035480812,24
1304,1340,sa-1920687,-0.24326976,-0.018437348,12
1305,1341,raltitrexed,-0.24326946,-0.03882828,30
1306,1342,naltrindole,-0.24321586,0.019410059,30
1307,1343,cam-9-027-3,-0.24320605,-0.027721295,71
1308,1344,rita,-0.24318033,-0.015738843,58
1309,1345,idebenone,-0.24316867,-0.0050277887,15
1310,1346,brd-k21786893,-0.24315123,-0.11999813,13
1311,1348,brd-k37549600,-0.24314114,0.015768418,13
1312,1349,tosufloxacin,-0.2431393,0.05393646,15
1313,1350,fpl-64176,-0.24313895,-0.034295194,76
1314,1351,brd-k49417484,-0.24313821,-0.027948119,11
1315,1352,rho-kinase-inhibitor-iii[rockout],-0.24309473,-0.048013527,65
1316,1353,brd-a57300602,-0.24307454,-0.0003166663,17
1317,1354,zatebradine,-0.24307351,-0.046946865,19
1318,1355,brd-k66295388,-0.2430513,0.0010698689,5
1319,1356,sa-1939838,-0.24300495,-0.06549056,12
1320,1357,bortezomib,-0.24298453,-0.046930656,120
1321,1358,boldine,-0.24297045,0.034949888,19
1322,1359,brd-a83255679,-0.24294809,-0.06917125,71
1323,1360,brd-a57107094,-0.24292193,-0.02146206,34
1324,1361,propantheline,-0.24288182,-0.03159256,15
1325,1362,sa-1921574,-0.24276756,0.028309261,12
1326,1363,perhexiline,-0.24275462,-0.036878094,96
1327,1364,brd-a50388635,-0.24275333,-0.026481353,17
1328,1365,linopirdine,-0.2427016,0.038643777,28
1329,1367,warfarin,-0.24262442,-0.023098338,48
1330,1368,importazole,-0.24258341,0.06988404,93
1331,1369,brd-k32580836,-0.2425641,0.03683396,15
1332,1370,simvastatin,-0.24255411,0.0312636,119
1333,1371,trimipramine,-0.24251664,-0.025305323,27
1334,1372,brd-k72624437,-0.24250744,-0.084395304,5
1335,1373,brd-k06652922,-0.24245356,-0.029729169,17
1336,1374,brd-k53582057,-0.2423918,-0.1358505,4
1337,1375,dexamethasone,-0.24237975,-0.021966532,221
1338,1376,brd-a73513677,-0.24234354,-0.05118628,28
1339,1377,ct-200783,-0.24232271,-0.050033614,59
1340,1378,brd-k81647657,-0.2422562,0.023352649,65
1341,1379,brd-k35224528,-0.24224254,-0.13437814,4
1342,1380,k784-3188,-0.24223165,0.07134313,37
1343,1381,sa-103021,-0.24222016,0.031848133,12
1344,1382,brd-a21406558,-0.24216665,-0.037795916,12
1345,1383,tylosin,-0.24214527,-0.07750124,4
1346,1384,gsk-3-inhibitor-ii,-0.24212812,-0.06949849,63
1347,1385,brd-k37765157,-0.24212249,-0.04695373,4
1348,1386,brd-k89194506,-0.24209201,-0.124178015,4
1349,1387,brd-k79277758,-0.24209042,-0.044958066,4
1350,1388,rwj-21757,-0.24207579,-0.07042205,19
1351,1389,brd-k98731749,-0.24203716,-0.041975044,17
1352,1390,quinidine,-0.24201682,-0.021445632,58
1353,1391,brd-k18026907,-0.24200152,-7.9935126e-05,5
1354,1392,rhizocarpic-acid,-0.24195902,0.034024805,19
1355,1393,brd-k40138205,-0.24192174,-0.0017814366,12
1356,1394,brd-k60297835,-0.24188858,-0.14598265,13
1357,1395,brd-k93367411,-0.24188618,-0.058443412,148
1358,1396,brd-k81218586,-0.2418636,-0.02065473,13
1359,1398,benactyzine,-0.24182698,0.10087623,11
1360,1399,brd-k51696048,-0.24181941,-0.0706962,17
1361,1401,alda-1,-0.24174868,-0.08070711,59
1362,1402,brd-k69672023,-0.24172392,-0.1043443,5
1363,1403,brd-k07531476,-0.2416506,0.17149156,4
1364,1404,bosentan,-0.24163176,0.0027224207,15
1365,1405,dac-013,-0.24162619,-0.09850092,20
1366,1406,emf-sumo1-1,-0.24157566,-0.06611537,18
1367,1407,sitagliptin,-0.24155967,-0.122422904,17
1368,1408,promethazine,-0.24154271,-0.045181945,59
1369,1409,brd-k92978552,-0.24153684,-0.032647565,3
1370,1410,cinanserin,-0.24152988,0.010523614,45
1371,1411,brd-k83016905,-0.24143699,-0.0695529,4
1372,1412,triclabendazole,-0.2414142,-0.09230351,11
1373,1413,eriochrome-black-t,-0.24139734,-0.032861806,19
1374,1414,pentoxifylline,-0.2413832,-0.05674872,87
1375,1415,fraxidin,-0.24136081,0.04589613,19
1376,1416,meticrane,-0.2413583,-0.03956647,19
1377,1417,quizartinib,-0.24133849,-0.059346214,66
1378,1418,brd-k57786095,-0.24131566,0.039682537,13
1379,1419,brd-k14236372,-0.24130209,-0.012631369,12
1380,1420,brd-k94575695,-0.24127896,-0.057042107,7
1381,1421,gossypin,-0.24125457,-0.12738144,20
1382,1422,st-013960,-0.24121447,-0.031876493,17
1383,1423,bg-stk33-59,-0.24117956,-0.13027176,32
1384,1424,benidipine,-0.24116877,0.012826164,11
1385,1425,lopinavir,-0.24109885,-0.09194815,18
1386,1426,methocarbamol,-0.24105914,-0.016906086,22
1387,1428,sa-85901,-0.24104388,0.052956864,25
1388,1429,u-74389f,-0.24092609,-0.069806576,19
1389,1430,brd-k37852224,-0.24091834,0.014092442,17
1390,1431,su-4312,-0.240901,-0.012079224,38
1391,1432,tetrahydrozoline,-0.24083544,-0.031959366,19
1392,1433,brd-k86570333,-0.24081227,-0.10958186,6
1393,1434,ipidacrine,-0.2407981,0.042029623,11
1394,1435,spb02303,-0.24076314,-0.055596948,30
1395,1436,brd-k13960193,-0.24075808,0.081680626,4
1396,1437,sa-1459291,-0.24074723,-0.027654506,26
1397,1438,brd-k33297438,-0.24074212,-0.063629985,12
1398,1439,brd-k11928012,-0.2407317,0.060346,12
1399,1440,ac-55649,-0.24069658,-0.006299854,59
1400,1441,brd-a17757596,-0.24068415,-0.09411335,12
1401,1442,colforsin,-0.2406439,-0.0033620496,23
1402,1443,theophylline,-0.24063535,-0.023366341,15
1403,1444,brd-a55565369,-0.24060299,-0.012958804,17
1404,1445,osi-027,-0.24056618,0.05905682,66
1405,1446,brd-k20178228,-0.24056073,-0.0077946293,13
1406,1447,carbamazepine,-0.24054293,0.019781291,102
1407,1448,mebhydrolin,-0.24050084,0.03949173,4
1408,1449,skf-89976a,-0.24044824,0.06095162,19
1409,1450,methysergide,-0.24044722,-0.057200782,42
1410,1451,brd-k61627029,-0.24041061,0.017905068,32
1411,1452,rimcazole,-0.24040176,0.04394171,32
1412,1453,oligomycin-a,-0.24038282,-0.02470039,82
1413,1454,brd-k60595380,-0.24034949,0.014451968,4
1414,1455,brd-k21614065,-0.24034527,-0.028583309,72
1415,1456,olmesartan-medoxomil,-0.2403291,0.027228173,27
1416,1457,crizotinib,-0.24032761,-0.03523427,112
1417,1458,fr-180204,-0.2403124,-0.062636346,61
1418,1459,brd-k74447990,-0.24029511,0.0032176622,13
1419,1460,sa-1457169,-0.24029487,-0.11329635,8
1420,1461,brd-m11500571,-0.24023159,-0.033374287,6
1421,1462,amlexanox,-0.2402143,-0.016578536,11
1422,1463,luteolin,-0.24021265,-0.050104227,12
1423,1464,ellagic-acid,-0.24020855,0.022129038,6
1424,1465,ku-c103443n,-0.24017312,0.0024979215,15
1425,1466,fatostatin,-0.2401723,-0.0046914616,59
1426,1467,estradiol-valerate,-0.24013142,0.0063503217,19
1427,1468,brd-k01737880,-0.24011573,-0.022383511,126
1428,1469,jas07-009,-0.24006595,-0.041324608,13
1429,1470,valsartan,-0.24004489,-0.032427505,41
1430,1471,brd-k51731619,-0.24002005,-0.06543656,17
1431,1472,ku-c104487,-0.24001276,-0.0048022703,12
1432,1473,calcipotriol,-0.24000537,-0.018855885,33
1433,1474,tamibarotene,-0.23999435,0.008173494,26
1434,1475,gsk-690693,-0.23997726,-0.053772412,48
1435,1476,rs-67506,-0.2399624,-0.020263309,19
1436,1477,brd-k42568865,-0.23994836,0.07879909,17
1437,1478,sa-103006,-0.23994532,-0.108338736,29
1438,1479,vindesine,-0.23992263,0.015755543,11
1439,1480,brd-k17754811,-0.23990902,-0.12141456,13
1440,1481,brd-k13217265,-0.23989855,-0.14241323,4
1441,1482,harpagoside,-0.23987162,-0.01963019,19
1442,1483,brd-k35095050,-0.23981613,-0.025409307,4
1443,1484,deoxyrhapontin,-0.23981345,0.008973151,19
1444,1485,etacrynic-acid,-0.2397885,-0.048983555,29
1445,1486,flunarizine,-0.23978332,-0.004681121,45
1446,1487,brd-k20146413,-0.23975374,-0.07378722,5
1447,1488,bx-912,-0.23974766,0.07778454,72
1448,1489,loratadine,-0.23967868,0.055129685,15
1449,1491,brd-k41115759,-0.2396779,-0.031329434,12
1450,1492,arachidonyl-trifluoro-methane,-0.23963633,0.0024471106,91
1451,1493,brd-k94169505,-0.23963095,-0.08260143,11
1452,1494,su-1498,-0.23959732,-0.034996916,19
1453,1495,coumarin,-0.23951367,-0.029767178,23
1454,1496,sb-203580,-0.23950939,0.038939796,93
1455,1497,brd-k60996261,-0.2394745,-0.15482944,11
1456,1499,brd-k33459729,-0.23938632,-0.06994037,13
1457,1500,ssr-69071,-0.23935677,0.017438475,19
1458,1501,taurocholic-acid,-0.23935373,-0.04283032,24
1459,1502,brd-k06935006,-0.23932588,-0.065134086,5
1460,1503,brd-k57696989,-0.239201,-0.06361422,6
1461,1504,linsitinib,-0.23915514,-0.041812357,107
1462,1505,repaglinide,-0.23915106,-0.03453268,30
1463,1506,brd-k46965430,-0.23909089,0.042104185,4
1464,1507,ku-c104218,-0.23901951,0.012768403,12
1465,1508,ursolic-acid,-0.23899794,0.006925435,70
1466,1509,brd-k85580279,-0.23898512,-0.081010886,13
1467,1510,brd-k38144109,-0.23896576,0.017163029,11
1468,1511,quinpirole,-0.2389235,0.029831447,15
1469,1512,brd-k73281599,-0.23888779,-0.09231919,8
1470,1513,clebopride,-0.23885085,-0.022532823,15
1471,1514,brd-a96006241,-0.23884371,-0.015483281,13
1472,1515,cgp-55845,-0.23878169,-0.054631274,19
1473,1516,abt-737,-0.23874035,0.007823574,106
1474,1517,brd-k18865856,-0.23873746,-0.011233954,13
1475,1518,st-4062971,-0.23873734,0.045636676,26
1476,1519,rolipram,-0.23873135,-0.012852606,103
1477,1520,brd-k02986291,-0.23872373,-0.048254233,13
1478,1521,st-003833,-0.23870422,-0.021631878,17
1479,1522,methazolamide,-0.23865882,-0.11395134,15
1480,1523,gsk-1070916,-0.23865017,-0.017934049,108
1481,1524,brd-a84909344,-0.23861578,-0.023350907,15
1482,1525,mocetinostat,-0.23859392,0.07239018,17
1483,1527,"hdaci1,2+3_mix",-0.23857014,0.022606809,48
1484,1528,tubacin,-0.23855525,-0.052718174,13
1485,1529,ku-55933,-0.23854566,-0.01859492,84
1486,1530,brd-u88878891,-0.23854548,0.005945255,12
1487,1531,brd-k62346407,-0.23851706,-0.05566059,4
1488,1532,dyphylline,-0.23850507,-0.049480245,19
1489,1533,etomidate,-0.23847055,-0.009700863,34
1490,1534,brd-k55722623,-0.23845935,-0.030861702,13
1491,1535,azd-1152hqpa,-0.23841746,-0.04497747,42
1492,1536,brompheniramine,-0.2383787,0.028087623,35
1493,1537,sa-103013,-0.23835403,-0.028107587,12
1494,1538,bl-050,-0.23834492,-0.025625613,24
1495,1539,pramipexole,-0.23828167,0.052079946,26
1496,1540,carbinoxamine,-0.23824991,-0.05568981,34
1497,1541,rabeprazole,-0.2382049,0.017402137,15
1498,1542,kuc104542n,-0.2381678,-0.02787456,13
1499,1543,brd-k02418197,-0.23812887,0.03711417,7
1500,1544,brd-k19677752,-0.23812512,-0.03618297,11
1501,1545,ehna,-0.23810907,-0.0073957024,25
1502,1546,mw-mitf22,-0.23810026,0.0306721,13
1503,1547,sa-425929,-0.23807886,-0.06020397,14
1504,1548,primaquine,-0.23807094,0.045038674,27
1505,1549,bmy-14802,-0.23805791,-0.070128925,19
1506,1550,m2-pk-activator,-0.23802479,-0.037328165,72
1507,1551,brd-k41042536,-0.23798211,-0.15647718,6
1508,1552,bromhexine,-0.23794596,0.006241839,27
1509,1553,brd-k46532897,-0.23788853,-0.12260849,13
1510,1554,tul_xix003,-0.23787951,-0.04643457,27
1511,1555,brd-k89692698,-0.23787804,-0.012439996,74
1512,1556,albendazole,-0.23785344,-0.005427386,45
1513,1557,decafluorobutane,-0.23782492,-0.051653337,19
1514,1558,famprofazone,-0.23782155,-0.14658792,4
1515,1559,gr-32191,-0.23778707,0.0098212855,19
1516,1560,phentermine,-0.23777343,0.016714789,23
1517,1561,brd-a43885598,-0.23776583,0.06628727,13
1518,1562,famciclovir,-0.23776452,-0.02626232,38
1519,1563,phorbol-12-myristate-13-acetate,-0.23773491,-0.062364917,95
1520,1564,brd-k38885465,-0.23772213,-0.107858524,8
1521,1565,acetyl-farnesyl-cysteine,-0.23769346,0.0017628609,24
1522,1566,brd-k05211263,-0.23762354,0.05036766,11
1523,1567,kin001-242,-0.23761806,0.08728204,66
1524,1568,meclofenoxate,-0.23756726,-0.016640851,4
1525,1569,brd-k96433222,-0.23751208,-0.03233823,17
1526,1570,dimenhydrinate,-0.23749083,-0.1661795,3
1527,1571,cinalukast,-0.23747541,-0.009547402,19
1528,1572,apoptosis-activator-ii,-0.23744005,-0.021375753,19
1529,1573,brd-k24656059,-0.23738275,0.07747422,9
1530,1574,brd-k32485462,-0.23734516,-0.025587128,17
1531,1575,sa-1457797,-0.23733726,-0.07660109,12
1532,1576,pentylenetetrazol,-0.23732185,0.030741338,22
1533,1577,propafenone,-0.23729841,0.011179276,34
1534,1578,brd-k03601405,-0.23729432,-0.08355853,12
1535,1579,honokiol,-0.23728108,0.03338635,11
1536,1580,sa-424936,-0.23726048,-0.121068396,25
1537,1581,quipazine,-0.23724906,-0.04284386,27
1538,1582,brd-a24951056,-0.23724632,-0.011886918,6
1539,1583,brd-k84381175,-0.2372366,0.046185385,6
1540,1584,proadifen,-0.23714265,-0.031085843,27
1541,1585,sa-1456305,-0.23712656,-0.12095878,8
1542,1586,brd-k50532160,-0.2371191,0.025545722,13
1543,1587,paclitaxel,-0.23705573,-0.03414252,105
1544,1588,butenafine,-0.2370184,-0.08706655,4
1545,1589,brd-k24053449,-0.23698686,-0.049748167,13
1546,1590,guggulsterone,-0.23697323,-0.019970594,37
1547,1591,midazolam,-0.23695855,0.05843827,11
1548,1592,brd-a25829966,-0.23693265,-0.013409809,15
1549,1593,brd-k34952911,-0.23691976,-0.08811231,8
1550,1594,ibc-293,-0.23685393,-0.0020760705,19
1551,1595,chlorpromazine,-0.23684561,0.018948825,73
1552,1596,ozagrel,-0.23683558,-0.05567192,49
1553,1597,st-057710,-0.23681669,-0.14822656,20
1554,1598,src-kinase-inhibitor-ii,-0.2368037,-0.08194257,19
1555,1599,mevastatin,-0.2367677,0.019693775,40
1556,1600,cycloheximide,-0.23675153,-0.041908834,93
1557,1601,sa-1458689,-0.23667602,-0.05426938,19
1558,1602,brd-k24598397,-0.236668,0.024604876,15
1559,1603,sa-1920890,-0.23661397,-0.06727345,13
1560,1604,bmy-7378,-0.23660211,-0.0106096985,19
1561,1605,brd-k30658064,-0.23651706,-0.13017409,3
1562,1606,tert-butylhydroquinone,-0.2365054,-0.031547308,149
1563,1607,azapropazone,-0.23648417,-0.14706276,4
1564,1608,brd-k86108784,-0.23644702,0.035116836,13
1565,1609,brd-k61894884,-0.2364183,-0.017487831,118
1566,1610,bms-509744,-0.23639625,-0.029448912,48
1567,1611,sa-432137,-0.23636329,0.04112275,18
1568,1612,brd-k08121566,-0.23626263,-0.005088259,8
1569,1613,l-693403,-0.2362612,-0.066513196,19
1570,1614,pyridine-2-aldoxime,-0.23620394,0.0021971648,11
1571,1615,brd-k18595892,-0.23615216,0.019458156,15
1572,1616,brd-k40151202,-0.2361186,0.019876271,35
1573,1617,brd-k78778188,-0.23611183,-0.17501445,4
1574,1618,brd-k71489689,-0.23608117,0.0295549,13
1575,1619,brd-k74923162,-0.23605523,-0.116132095,4
1576,1620,mdm2-inhibitor,-0.2360094,-0.09429529,19
1577,1621,brd-a66604020,-0.23596942,0.025650956,12
1578,1622,brd-k34387287,-0.23596841,0.050323285,18
1579,1623,brd-k09997269,-0.23587081,-0.010127277,17
1580,1624,methylene-blue,-0.23586832,0.09433215,107
1581,1625,brd-k74840245,-0.23585992,-0.016770214,13
1582,1626,5-methylhydantoin,-0.23580033,-0.03580592,11
1583,1627,lapatinib,-0.23576601,-0.04743663,83
1584,1628,brd-k85411199,-0.23572262,-0.015602648,5
1585,1629,brd-k15293421,-0.2356941,0.053806,12
1586,1630,brd-k00289828,-0.23567377,0.07931559,13
1587,1631,brd-k34294489,-0.23565799,0.07269688,12
1588,1632,brd-k79489641,-0.23564292,-0.042455543,11
1589,1633,brd-k19189705,-0.23562814,-0.057578735,11
1590,1634,brd-k90610876,-0.2356218,-0.040215377,11
1591,1636,lupanine,-0.23556724,-0.032625172,23
1592,1637,brd-k18396390,-0.23552702,0.0051967558,14
1593,1638,biochanin-a,-0.23550683,-0.0072300546,19
1594,1639,betahistine,-0.23549438,-0.016012248,23
1595,1640,brd-k25388406,-0.23547825,-0.16358368,4
1596,1641,brd-k28284219,-0.23546357,-0.007189135,13
1597,1642,lobelanidine,-0.23542629,0.058954075,19
1598,1643,npc-15199,-0.23541823,0.017976638,19
1599,1644,brd-k53011428,-0.23541813,0.032028355,26
1600,1645,pazopanib,-0.23541346,-0.08878152,66
1601,1646,brd-k18495986,-0.23539236,-0.06369131,12
1602,1647,fgin-1-27,-0.23531175,-0.037099995,74
1603,1648,brd-k36031023,-0.23526897,-0.08124711,17
1604,1649,mupirocin,-0.23526159,-0.11028589,11
1605,1650,nomifensine,-0.23525111,-0.015435943,14
1606,1651,brd-a82628254,-0.23523477,-0.052485112,17
1607,1652,brd-k49807497,-0.23520653,0.04072865,17
1608,1653,wh-4023,-0.23520371,-0.07773611,66
1609,1654,sa-85290,-0.23519842,0.0014079474,12
1610,1655,tamoxifen,-0.2351937,0.0017753066,261
1611,1656,brd-k59446585,-0.2351559,-0.13604394,7
1612,1657,emf-sumo1-12,-0.2351409,-0.04421442,18
1613,1658,ebselen,-0.23508205,-0.045358747,24
1614,1659,secnidazole,-0.23507333,0.01571371,15
1615,1660,hli-373,-0.2350721,-0.026351063,59
1616,1661,17-beta-estradiol,-0.23500744,-0.093105614,11
1617,1662,mrs-1845,-0.234982,-0.020882368,19
1618,1663,stk-064652,-0.23497714,-0.039796043,76
1619,1664,brd-k54343811,-0.2349295,0.012740207,96
1620,1665,nadolol,-0.2348822,-0.03829244,57
1621,1666,st-024029,-0.23486735,-0.107850805,17
1622,1667,chlordiazepoxide,-0.23486191,0.017758189,13
1623,1668,ku-c103671,-0.23484817,-0.01934914,13
1624,1669,rimantadine,-0.234838,0.059043787,15
1625,1670,epitiostanol,-0.2348071,-0.13523522,4
1626,1671,linifanib,-0.23478106,-0.014212152,66
1627,1672,brd-k41220170,-0.23473881,0.009024264,17
1628,1673,brd-k96020117,-0.23472156,0.016644072,6
1629,1674,pp242,-0.23471718,-0.03298809,6
1630,1675,brd-k57930080,-0.23465997,-0.038058396,15
1631,1676,brd-k92980438,-0.23462498,0.00086407596,59
1632,1677,cisapride,-0.23459476,0.014770767,53
1633,1679,brd-a93426597,-0.23453754,-0.029001324,15
1634,1680,oxybuprocaine,-0.23450418,-0.008499229,22
1635,1681,epirizole,-0.2344527,-0.02187602,51
1636,1682,brd-k09460252,-0.23443736,-0.10641007,17
1637,1683,brd-a60784279,-0.23442918,0.053007036,13
1638,1684,methylnorlichexanthone,-0.2344116,-0.10288755,8
1639,1685,tyrphostin-ag-1295,-0.23437248,-0.08781534,18
1640,1686,brd-k64985742,-0.23435797,0.017375968,17
1641,1688,brd-k21401822,-0.23428342,-0.042661957,12
1642,1689,veliparib,-0.23428223,0.027667552,143
1643,1690,nbi-27914,-0.23426516,0.006941589,19
1644,1691,brd-k65455015,-0.23424493,0.019022739,11
1645,1693,brd-k28215800,-0.23421763,-0.048287224,13
1646,1694,pyrimethamine,-0.23421256,-0.05288288,33
1647,1695,valaciclovir,-0.23420188,-0.06221552,15
1648,1696,brd-a61599461,-0.23419285,-0.060612507,12
1649,1697,brd-k37762845,-0.23418446,-0.09114112,17
1650,1698,ibudilast,-0.23410873,-0.027538782,23
1651,1699,arg-tc-41,-0.23409234,-0.0154393045,26
1652,1700,vincristine,-0.23409103,0.020675324,60
1653,1701,hydroquinidine,-0.2340545,-0.0825399,19
1654,1702,moexipril,-0.2340164,-0.052600365,19
1655,1703,brd-k12450081,-0.23399651,-0.09656693,8
1656,1704,brd-k19056367,-0.23397289,-0.057414416,13
1657,1705,brd-k35832492,-0.2339667,-0.049206816,96
1658,1706,salbutamol,-0.23396023,0.056900017,14
1659,1707,imipramine,-0.23393047,-0.0020685107,45
1660,1708,methiazole,-0.23389776,0.02049756,24
1661,1709,pranoprofen,-0.23388702,-0.014883535,4
1662,1710,ici-204448,-0.23387994,0.014839965,15
1663,1711,bms-641988,-0.23387699,-0.034776896,59
1664,1712,zafirlukast,-0.23381661,-0.016780932,26
1665,1713,gnf-2,-0.23378262,0.05291073,65
1666,1714,halometasone,-0.23377216,0.013637124,11
1667,1715,brd-k31553917,-0.23373625,0.027734939,30
1668,1716,bas-09104376,-0.2336999,-0.10789738,17
1669,1717,ho-013,-0.23368971,-0.022732249,24
1670,1718,"pyridine-2,4-dicarboxylic-acid",-0.2336792,-0.10063318,6
1671,1719,brd-k54925167,-0.23367362,0.04806666,13
1672,1720,brd-k74489738,-0.23366319,-0.05695411,8
1673,1721,hydroflumethiazide,-0.2335378,0.051531598,30
1674,1722,brd-k92370559,-0.23351224,-0.03481385,4
1675,1723,wh-4025,-0.2335108,-0.02643181,65
1676,1724,voriconazole,-0.23350357,-0.021730725,33
1677,1725,brd-k28100108,-0.23346958,-0.012816565,59
1678,1726,brd-a98444709,-0.23341925,-0.028571801,13
1679,1728,brd-a95937159,-0.23333319,-0.042831518,30
1680,1729,brd-k81249836,-0.23327039,0.0021875794,13
1681,1730,brd-k03026470,-0.23326115,-0.0752513,4
1682,1731,aniracetam,-0.233249,-0.030851401,29
1683,1732,duloxetine,-0.23324426,-0.031853005,47
1684,1733,brd-k36111658,-0.2332408,-0.045532364,12
1685,1734,bemesetron,-0.23322701,0.03097461,19
1686,1735,brd-k00203625,-0.23322189,-0.011516841,15
1687,1736,brd-k35868313,-0.23321895,-0.13173011,4
1688,1737,benproperine,-0.23321737,0.10329218,11
1689,1738,brd-k01497355,-0.23320843,-0.005385065,18
1690,1739,nicergoline,-0.2331616,-0.07062115,26
1691,1740,crotamiton,-0.23315923,0.0070007686,34
1692,1741,sa-1459714,-0.23315465,-0.15615988,8
1693,1742,erlotinib,-0.2331425,0.021066664,70
1694,1743,brd-k05542495,-0.23309466,0.012334191,17
1695,1744,brd-k91701366,-0.23307648,0.009579881,12
1696,1745,sb-239063,-0.23301637,-0.042333245,85
1697,1746,lithocholic-acid,-0.23301575,-0.07626398,28
1698,1748,vincamine,-0.23290601,0.046681166,22
1699,1749,jak3-inhibitor-v,-0.23282596,0.042187475,19
1700,1750,stk-222600,-0.23279764,0.056643065,30
1701,1751,brd-k46869836,-0.2327579,0.020404385,13
1702,1752,brd-k45232279,-0.23271778,-0.03272415,13
1703,1753,methylprednisolone,-0.23270929,-0.012921919,13
1704,1754,brd-k18749194,-0.23266235,-0.10153128,13
1705,1755,ku-c104123,-0.23263414,-0.14500691,13
1706,1756,brd-k04363266,-0.232632,-0.047516506,13
1707,1757,ku-c103882,-0.23262542,-0.021665812,13
1708,1758,brd-k95021846,-0.23261097,-0.02633562,4
1709,1759,ryanodine,-0.23259541,-0.040859863,19
1710,1760,vu-0414833-2,-0.23258792,0.050343297,12
1711,1761,brd-k00954209,-0.23258416,-0.07967864,17
1712,1762,dovitinib,-0.2325816,-0.068917565,65
1713,1764,sa-1939945,-0.2325627,-0.1365883,8
1714,1765,quercetin,-0.23253615,0.051374096,33
1715,1766,meptazinol,-0.23247567,-0.104944944,23
1716,1767,brd-k66866270,-0.23243235,0.012706436,17
1717,1768,yl-55,-0.23236202,-0.008233895,11
1718,1769,brd-k61050052,-0.23235245,-0.08887796,4
1719,1770,brd-k43149678,-0.23235212,-0.07700582,12
1720,1771,irsogladine,-0.23228626,-0.014941699,34
1721,1772,evodiamine,-0.23227426,-0.010558691,59
1722,1773,fit,-0.23226811,-0.03221362,19
1723,1774,fr-139317,-0.23215944,-0.022453021,19
1724,1775,4-carboxy-3-hydroxyphenylglycine-(rs),-0.2321192,-0.03877398,11
1725,1776,brd-k09299610,-0.23211433,-0.0052762926,12
1726,1777,brd-a88029023,-0.23209748,-0.07002854,17
1727,1778,toremifene,-0.23207946,-0.02625189,136
1728,1779,brd-k54671386,-0.23204578,-0.11873283,3
1729,1780,brd-k60093216,-0.2320158,0.014011294,13
1730,1781,brd-a04392722,-0.23200922,-0.0015958622,12
1731,1782,brd-k18364651,-0.23199798,0.080571726,21
1732,1783,brd-k44540157,-0.23198901,0.0573649,17
1733,1784,brd-k48835133,-0.23198788,0.03443848,4
1734,1785,brd-k58141791,-0.23198389,0.011081546,17
1735,1786,irbesartan,-0.23195356,-0.01897274,34
1736,1787,brd-k89383912,-0.23194437,-0.038139034,15
1737,1788,clemastine,-0.2319396,0.030949589,26
1738,1789,brd-k41284916,-0.23190743,-0.059777115,13
1739,1790,necrostatin-1,-0.23190624,-0.046259888,78
1740,1791,bw-723c86,-0.23190212,-0.0726761,19
1741,1792,cvf-sumo-7,-0.23188698,-0.117646515,11
1742,1793,brd-k26381032,-0.23182681,-0.07378657,8
1743,1794,brd-k99310510,-0.23181453,-0.015995527,5
1744,1795,zaprinast,-0.23180334,-0.039843358,22
1745,1796,jas07-001,-0.23177065,-0.05254887,15
1746,1797,sa-441412,-0.23175776,-0.07488179,14
1747,1798,brd-k34922409,-0.23172553,-0.010782696,4
1748,1799,vu-0400193-3,-0.23170878,-0.04008889,13
1749,1800,benazepril,-0.23169692,-0.019599915,38
1750,1801,brd-k80852934,-0.23166217,-0.06704551,4
1751,1803,indole-3-carbinol,-0.23156813,0.034926612,22
1752,1804,prednisolone-hemisuccinate,-0.23149577,-0.011261166,23
1753,1805,brd-k82062446,-0.23147653,0.017659174,3
1754,1806,nitrendipine,-0.231442,-0.0073811756,103
1755,1807,brd-k05562558,-0.23144153,-0.12362024,17
1756,1808,meclizine,-0.2313924,-0.004492951,34
1757,1809,brd-k29715937,-0.23136544,-0.006543829,32
1758,1810,brd-k64058329,-0.2313378,-0.02858092,29
1759,1811,brd-k96740880,-0.23133725,-0.020324042,12
1760,1812,glibenclamide,-0.23133494,-0.042787194,92
1761,1813,sa-419083,-0.23133047,0.038015846,22
1762,1814,prothionamide,-0.23131096,-0.005707766,23
1763,1816,brd-k80603893,-0.23108277,-0.020960266,3
1764,1817,l-ascorbyl-6-palmitate,-0.23101638,-0.059259422,12
1765,1818,brd-k97103850,-0.23100924,0.029446362,13
1766,1820,leu-enkephalin,-0.23100123,-0.027329504,15
1767,1821,mesulergine,-0.23092434,-0.051347632,15
1768,1822,brd-k96900359,-0.23086268,-0.008938884,4
1769,1823,tak-715,-0.23083533,-0.02462611,66
1770,1824,brd-a49848186,-0.2308309,-0.09085447,11
1771,1825,brd-k23165181,-0.23082997,-0.08683404,12
1772,1826,sa-440772,-0.23082262,-0.054313924,12
1773,1827,nialamide,-0.23082171,0.04371827,17
1774,1828,brd-k80786583,-0.23078635,-0.011808034,16
1775,1829,brd-k75418381,-0.2307653,0.0057800044,17
1776,1830,brd-a24021119,-0.23075067,-0.06569943,15
1777,1831,brd-k18309912,-0.23073381,-0.012369028,6
1778,1832,broad-sai-609,-0.2306692,0.07448374,16
1779,1833,azd-7762,-0.23066053,0.09202797,64
1780,1834,brd-k16227029,-0.23064525,0.094973326,4
1781,1835,obaa,-0.23062554,0.043938946,38
1782,1836,brd-a00474148,-0.23062496,-0.07909931,13
1783,1837,halcinonide,-0.23060606,-0.0047608414,23
1784,1838,ci-976,-0.23060128,-0.012480783,59
1785,1839,herniarin,-0.2305697,0.08284466,19
1786,1840,prostaglandin-a1,-0.23056215,0.03386279,78
1787,1841,pi-103,-0.23051786,0.082265064,113
1788,1842,brd-k58912123,-0.23047897,0.008164667,4
1789,1843,dienestrol,-0.23046954,-0.012195981,123
1790,1844,brd-k01678149,-0.23046243,-0.13936272,4
1791,1845,pregnenolone-succinate,-0.23043308,0.048015025,20
1792,1847,brd-k39522184,-0.23036735,-0.09619779,15
1793,1848,brd-k85946956,-0.23034427,-0.024717037,8
1794,1849,mefloquine,-0.23031689,-0.026305651,14
1795,1850,i-212148,-0.23031008,-0.059935912,17
1796,1851,brd-k76662562,-0.23026446,-0.031139528,4
1797,1852,brd-k30715463,-0.23025635,-0.10870449,5
1798,1853,diclofenac,-0.23025237,-0.021893313,44
1799,1854,tyrphostin-ag-825,-0.23024763,0.08638059,19
1800,1855,tyrphostin-a9,-0.23023507,-0.0034470274,30
1801,1856,clomipramine,-0.23021673,-0.03254338,33
1802,1857,cgk-733,-0.23018397,0.024742022,31
1803,1858,psb-069,-0.23018163,0.07376437,23
1804,1859,brd-k74663820,-0.2301652,-0.06816694,3
1805,1860,3-methyl-gaba,-0.23014833,-0.027065914,11
1806,1861,ikk-inhibitor-x,-0.23014799,-0.004250056,59
1807,1862,sa-427069,-0.23011342,-0.13318646,12
1808,1863,gdc-0879,-0.2300943,0.03432991,82
1809,1864,lasalocid,-0.23009221,0.026415255,34
1810,1865,brd-k14721042,-0.2300868,-0.043765076,11
1811,1866,mw-a1-14,-0.23005913,-0.07240841,29
1812,1867,resorcinol,-0.23000997,-0.054812584,23
1813,1868,mw-stk33-3a,-0.22994319,0.0076026623,17
1814,1869,l-755507,-0.22991887,0.0051210085,23
1815,1870,naproxen,-0.22990027,-0.033234406,39
1816,1871,brd-k35210537,-0.22982658,-0.049060464,4
1817,1872,brd-a42610307,-0.2297845,-0.009532223,6
1818,1873,brd-k88668773,-0.22973813,0.002067905,12
1819,1874,brd-k09407750,-0.22973152,-0.0553584,3
1820,1875,bromocriptine,-0.22972377,-0.01854404,60
1821,1876,azd-8055,-0.22971202,0.1209564,107
1822,1877,mk-212,-0.22967917,0.05789015,15
1823,1878,brd-k58788895,-0.22954446,-0.044602707,6
1824,1879,daunorubicin,-0.22949243,0.12868804,130
1825,1880,nf-449,-0.22947124,-0.048162714,59
1826,1881,cyanoquinoline-11,-0.22945507,-0.009313878,59
1827,1882,brd-k40161407,-0.22942375,-0.02601675,5
1828,1883,brd-a89333723,-0.22935732,-0.08154258,17
1829,1884,brd-a29342309,-0.2293545,-0.060169075,6
1830,1885,brd-a77577770,-0.22926821,-0.027592096,18
1831,1886,brd-k95985487,-0.22924185,0.022411307,32
1832,1887,metergoline,-0.22920612,0.0069957175,37
1833,1888,meclocycline,-0.22918876,0.0017981146,23
1834,1889,ly-364947,-0.22917129,-0.023550183,19
1835,1890,azacyclonol,-0.22917074,-0.01570574,22
1836,1891,brd-k46594703,-0.22912934,0.05034562,13
1837,1892,brd-a09984573,-0.22911261,-0.10737321,17
1838,1893,brd-a43087975,-0.2290836,-0.07031886,17
1839,1894,brd-k12168891,-0.22906716,0.07576175,30
1840,1895,l-701252,-0.22906658,0.04454637,17
1841,1896,metformin,-0.2290558,0.087421,36
1842,1897,brd-a13346522,-0.2290246,-0.06968364,31
1843,1898,brd-k32188552,-0.22899072,0.03471709,11
1844,1899,tridihexethyl,-0.22891675,-0.076291144,4
1845,1900,as-605240,-0.22887227,0.044711906,113
1846,1901,brd-k44878494,-0.2287834,-0.0070797186,15
1847,1902,tranylcypromine,-0.2287783,-0.09516089,30
1848,1903,brd-k05649647,-0.22868635,0.014646508,95
1849,1904,brd-k33165698,-0.22867003,-0.13973126,6
1850,1905,brd-k09703570,-0.22866243,-0.057547968,4
1851,1906,kynuramine,-0.22865723,-0.04394009,19
1852,1907,brd-k74348865,-0.22864856,-0.052672278,12
1853,1908,sb-216641,-0.22864687,-0.01578856,23
1854,1909,mw-a1-12,-0.2286361,0.0110746175,59
1855,1910,brd-k88710727,-0.22858128,-0.0760408,17
1856,1911,brd-k88668992,-0.22857992,-0.14335841,13
1857,1912,brd-k55715339,-0.2285668,-0.04866984,17
1858,1914,brd-k47084999,-0.22853567,0.0050997688,25
1859,1915,bci-hydrochloride,-0.22848229,-0.008251454,25
1860,1916,brd-k18823018,-0.2284731,-0.078590356,5
1861,1917,ketoconazole,-0.22846295,-0.056224108,21
1862,1918,brd-k77644833,-0.22845818,0.034840666,15
1863,1919,spermidine,-0.2284569,-0.092605814,6
1864,1920,brd-k27290412,-0.22841415,0.03467927,13
1865,1921,ceramide,-0.2284073,0.04951967,30
1866,1922,austricine,-0.22830872,-0.016633391,27
1867,1923,brd-k60571253,-0.22828637,-0.014651917,15
1868,1924,brd-k97318829,-0.22826828,0.028596653,10
1869,1925,brd-k66775134,-0.22822359,0.055423554,11
1870,1926,brd-k41790758,-0.22817257,0.03408351,28
1871,1927,mycophenolate-mofetil,-0.22813402,0.025543792,19
1872,1928,brd-a93048969,-0.22810978,-0.06098736,11
1873,1929,brd-k92742972,-0.22808133,-0.022914855,12
1874,1930,brd-k77326001,-0.228046,-0.0035253856,7
1875,1931,sa-84905,-0.22803697,-0.08861083,8
1876,1932,arg-csc-91,-0.22803552,0.01033763,58
1877,1934,brd-k91781484,-0.2279803,-0.043360453,17
1878,1935,brd-a68820570,-0.2279795,-0.009435975,15
1879,1936,tiabendazole,-0.227977,-0.030407459,34
1880,1937,2-fluoropalmitic-acid,-0.22792308,-0.06420294,59
1881,1938,verteporfin,-0.22787972,0.07000055,27
1882,1939,zileuton,-0.22787267,-0.047094487,74
1883,1940,ku-c103420n,-0.22784838,-0.09081903,13
1884,1941,brd-k55896440,-0.22781235,0.04619487,11
1885,1942,dipropyl-5ct,-0.227793,-0.057426285,19
1886,1943,carvedilol,-0.22779232,0.03603348,46
1887,1944,brd-k33445737,-0.22775327,-0.10246069,5
1888,1945,entacapone,-0.2277505,-0.028158993,15
1889,1946,bms-299897,-0.22772117,-0.029074268,58
1890,1947,l-803087,-0.22763586,0.018608738,19
1891,1948,sa-1472623,-0.22758807,0.022194292,17
1892,1949,azelastine,-0.22755428,0.047977928,15
1893,1951,brd-k45278408,-0.2275293,0.015127118,12
1894,1952,asenapine,-0.22752257,-0.12584066,3
1895,1953,brd-a62496920,-0.22751349,-0.0049378662,12
1896,1954,brd-k97787842,-0.22751085,-0.11791755,4
1897,1955,brd-k93610587,-0.2275025,-0.046261426,11
1898,1956,lamivudine,-0.22748801,-0.03291044,28
1899,1957,brd-k03883227,-0.22745275,0.22100997,4
1900,1959,brd-k70115829,-0.22737752,-0.048940346,6
1901,1960,brd-k08130208,-0.22736819,-0.17388317,4
1902,1961,brd-k82230692,-0.22736005,0.013393085,24
1903,1962,ungerine,-0.22735149,-0.009110038,19
1904,1963,brd-k61997144,-0.22734849,-0.11251448,4
1905,1964,brd-k24102129,-0.22734514,-0.08599301,18
1906,1965,cyt-997,-0.22734268,0.05634597,58
1907,1966,ibandronic-acid,-0.22731476,-0.0068571605,4
1908,1967,tul-xxi039,-0.2273068,-0.05723492,49
1909,1968,deferiprone,-0.22725432,-0.04310068,11
1910,1969,brd-k75051049,-0.22724688,-0.11523256,4
1911,1970,brd-k56518176,-0.22720794,0.05685882,17
1912,1971,brd-k43433419,-0.22719055,-0.04778733,5
1913,1972,cuneatin,-0.22713895,-0.051021587,19
1914,1973,brd-k05778745,-0.22713354,-0.024120633,10
1915,1974,brd-k24677486,-0.22710726,0.0228896,15
1916,1975,acyclovir,-0.22710204,0.035318285,24
1917,1976,brd-k68326515,-0.2270424,-0.018004652,14
1918,1977,brd-k25379780,-0.22702351,0.09297222,12
1919,1978,brd-k64738596,-0.22701694,-0.03380844,12
1920,1979,brd-k79873567,-0.22701047,-0.08654562,6
1921,1980,brd-k61102114,-0.2269817,-0.12664019,4
1922,1981,brd-k96451524,-0.22697917,0.00025523262,5
1923,1982,brd-k09191212,-0.22694233,-0.046370286,31
1924,1983,brd-k74271701,-0.2268756,0.027384102,17
1925,1984,gefitinib,-0.22687314,-0.005019,142
1926,1985,cholic-acid,-0.22687238,-0.104861565,24
1927,1986,sa-1458571,-0.22684093,-0.15201719,12
1928,1987,jx-401,-0.22683021,-0.015154134,25
1929,1988,brd-k30315899,-0.22681342,-0.19564652,4
1930,1989,gr-144053,-0.2267446,0.034211624,19
1931,1990,pnu-282987,-0.22673438,-0.001775868,19
1932,1991,suberoyl-bis-hydroxamic-acid,-0.2267247,-0.093939304,6
1933,1992,temozolomide,-0.2267012,0.035492405,134
1934,1993,brd-k16425675,-0.22665706,0.0012790868,3
1935,1994,brd-k84651951,-0.226646,-0.03181325,9
1936,1995,phenethyl-isothiocyanate,-0.22662334,-0.023800032,59
1937,1996,avrainvillamide-analog-5,-0.2266088,0.010576025,44
1938,1997,brd-k65504774,-0.22658856,-0.09155522,4
1939,1998,cytosporone-b,-0.22655734,0.010559004,59
1940,1999,tg-101348,-0.22653472,0.01488697,114
1941,2000,brd-k35920785,-0.22649449,0.027958587,15
1942,2001,hnha,-0.22648929,0.08625691,18
1943,2002,acadesine,-0.22647019,-0.01839925,17
1944,2003,atenolol-(+/-),-0.22643393,0.011204982,11
1945,2004,noreleagnine,-0.22637415,-0.062119473,21
1946,2005,varenicline,-0.2263617,-0.037396427,17
1947,2006,nizatidine,-0.22635697,-0.0053087925,53
1948,2007,brd-k84855052,-0.22633746,-0.025605064,32
1949,2008,sd-6-035-a11,-0.22633311,0.004672093,20
1950,2009,brd-k55860636,-0.22630975,-0.0869188,3
1951,2010,brd-k51791390,-0.22630477,0.014926168,17
1952,2011,sa-97110,-0.22628197,0.1775599,12
1953,2012,avicin-g,-0.22627415,0.08046394,94
1954,2013,brd-k00910650,-0.22623381,-0.058991667,12
1955,2014,t-5345967,-0.22621393,0.028745111,72
1956,2015,ldn-193189,-0.22621004,0.03473778,87
1957,2017,tpca-1,-0.22612555,0.0027354406,107
1958,2018,brd-k60637442,-0.22610718,0.01029977,14
1959,2019,brd-k51608872,-0.22610146,-0.0034160793,32
1960,2020,abt-751,-0.22609107,-0.027826566,59
1961,2021,brd-k77432048,-0.22605278,-0.026446141,102
1962,2022,brd-k51083659,-0.22604622,-0.04610611,13
1963,2023,naproxol,-0.22602034,-0.018502835,23
1964,2024,brd-k56621596,-0.22601888,-0.040525284,6
1965,2025,indirubin,-0.22600858,-0.001959408,41
1966,2026,apafant,-0.22600655,0.002048462,19
1967,2027,brd-k65283978,-0.22594,0.026524197,12
1968,2028,brd-k97473407,-0.22593185,-0.11792989,5
1969,2029,brd-a38425832,-0.22591124,-0.04555329,12
1970,2030,brd-k52678950,-0.22590363,-0.026123838,17
1971,2031,brd-k63549648,-0.22586763,0.030119175,17
1972,2032,brd-k70638773,-0.22586493,-0.011664256,8
1973,2033,metrifonate,-0.22584404,-0.064582154,19
1974,2034,brd-k65085267,-0.22582807,0.009979995,10
1975,2035,pinacidil,-0.22582603,0.018032674,54
1976,2036,cyclopiazonic-acid,-0.22579604,0.0011052899,34
1977,2037,brd-k67414432,-0.22579591,0.010314895,13
1978,2038,formoterol,-0.22577284,0.017884862,34
1979,2039,brd-k27881911,-0.22575691,-0.01996106,17
1980,2040,brd-k48311056,-0.22574484,0.012311023,15
1981,2041,ibuprofen,-0.22572859,0.010449764,26
1982,2042,ftase-inhibitor-b581,-0.22568662,-0.039861184,29
1983,2044,quinine,-0.22564816,-0.04421819,52
1984,2045,myricetin,-0.2256431,-0.04404202,35
1985,2046,isoliquiritigenin,-0.22563057,-0.020434063,59
1986,2048,felodipine,-0.22560547,-0.06494594,23
1987,2049,alfuzosin,-0.22559875,0.0415312,37
1988,2050,procainamide,-0.22550236,-0.039815582,33
1989,2051,oxybenzone,-0.2254784,-0.068489574,23
1990,2052,brd-k69695287,-0.22544722,-0.08588908,13
1991,2053,sa-1456508,-0.22544251,-0.06550403,19
1992,2054,bifonazole,-0.22541682,0.037399396,11
1993,2055,iodoacetic-acid,-0.22538806,-0.02238393,11
1994,2056,gsk-3-inhibitor-ix,-0.22538464,-0.032860618,72
1995,2057,brd-a26595446,-0.22538139,-0.08951382,18
1996,2058,brd-k89000385,-0.22536598,-0.14665374,5
1997,2059,broad-sai-595,-0.22535451,0.071728155,48
1998,2060,brd-k99146421,-0.22533391,0.012910845,13
1999,2061,mr-16728,-0.22530997,-0.04816467,19
2000,2062,brd-k58999277,-0.22529942,-0.034582477,12
2001,2063,srt-1720,-0.2252903,-0.014574203,59
2002,2064,brd-k17554130,-0.22527854,0.06860713,11
2003,2065,selumetinib,-0.22522327,0.025158122,166
2004,2066,fenbendazole,-0.22521965,0.039572105,30
2005,2067,mrs-1220,-0.22513935,-0.028900761,19
2006,2068,azithromycin,-0.22513075,-0.04565956,17
2007,2069,beclometasone,-0.22512914,-0.015534225,17
2008,2070,bml-190,-0.22512038,-0.03998712,19
2009,2071,ku-c103853,-0.22510464,-0.121823445,13
2010,2073,brd-k12738359,-0.22507788,-0.025172602,6
2011,2074,brd-k64314806,-0.22502556,0.0005035445,13
2012,2075,articaine,-0.22497809,0.00021030472,19
2013,2076,rofecoxib,-0.2249419,-0.02626995,38
2014,2077,sa-3676,-0.22491685,0.05551299,24
2015,2078,"1,2,3,4,5,6-hexabromocyclohexane",-0.22489734,-0.044627402,11
2016,2079,acetyl-geranygeranyl-cysteine,-0.22484492,-0.035284467,24
2017,2080,ym-201636,-0.22482824,-0.069057494,48
2018,2081,w-9,-0.22481836,-0.085711524,19
2019,2082,parthenolide-(alternate-stereo),-0.22480643,-0.12263977,17
2020,2083,my-5445,-0.2248052,0.048943706,18
2021,2084,desipramine,-0.22480388,0.05032526,37
2022,2085,brd-k91600270,-0.22478634,-0.09912608,12
2023,2086,atomoxetine,-0.22475174,-0.033129312,30
2024,2087,asn-05257430,-0.22474925,-0.045449503,74
2025,2088,hydrastinine,-0.22474904,-0.04510596,19
2026,2089,vitexin,-0.2247372,-0.05744774,19
2027,2090,clodronic-acid,-0.22470866,-0.09014726,4
2028,2091,brd-k73788182,-0.2246996,-0.09266259,4
2029,2092,brd-k02969269,-0.22469366,-0.06447113,13
2030,2093,brd-k60212338,-0.22468857,0.0063514444,13
2031,2094,sb-415286,-0.22465026,0.028707258,19
2032,2095,brd-k95547711,-0.22464512,0.085967,13
2033,2096,brd-k71915010,-0.22461072,-0.098169394,13
2034,2097,retinyl-acetate,-0.22460139,-0.053107403,24
2035,2098,epoxycholesterol,-0.22458974,-0.027576279,24
2036,2099,brd-k86231656,-0.22457463,0.0012419072,13
2037,2100,brd-k57064803,-0.2245702,0.017176177,62
2038,2101,brd-k27865298,-0.22455913,0.055367958,12
2039,2102,l-701324,-0.22455429,-0.024751313,23
2040,2103,brd-k74796495,-0.2245463,-0.025992904,4
2041,2104,brd-k10806285,-0.22454076,0.032114696,13
2042,2105,clocortolone-pivalate,-0.22450331,-0.0070071113,19
2043,2106,capsazepine,-0.22449538,-0.04779936,19
2044,2107,brd-k52904470,-0.22445859,0.02120504,75
2045,2108,jzl-184,-0.22445099,-0.031735744,59
2046,2109,brd-k30229575,-0.22442387,-0.009639848,12
2047,2110,l-161982,-0.2244233,0.03028996,23
2048,2111,brd-k25774147,-0.2244066,-0.01714835,30
2049,2112,tws-119,-0.22439718,0.030588517,85
2050,2113,y-134,-0.2243838,0.027474564,19
2051,2114,bl-074,-0.22437364,-0.039970294,18
2052,2115,nilutamide,-0.22436199,-0.00094947935,23
2053,2116,brd-k45431864,-0.22431208,-0.057687104,6
2054,2117,brd-a11095214,-0.22431089,0.064417094,13
2055,2118,aprepitant,-0.224291,-0.023416977,22
2056,2119,deltaline,-0.22428918,0.005087387,19
2057,2120,sd-6-035-a9,-0.22423513,0.022161681,13
2058,2121,brd-k91836367,-0.22421671,0.059010983,13
2059,2122,brd-k22790182,-0.22418155,0.00071655127,3
2060,2123,brd-k54674709,-0.22410968,-0.01401469,15
2061,2124,brd-k84881516,-0.22404519,-0.14188285,12
2062,2125,brd-k25828886,-0.22404484,-0.0470486,12
2063,2126,metyrapone,-0.22404414,-0.060703993,19
2064,2127,brd-k98297262,-0.22400269,-0.027885286,15
2065,2128,brd-k27539181,-0.22399479,-0.023248801,13
2066,2129,brd-k17086338,-0.22399044,-0.05789333,12
2067,2130,sa-1920327,-0.22393893,0.026552655,8
2068,2132,brd-k24156250,-0.2239343,0.0390386,12
2069,2133,brd-k06800040,-0.22390588,0.0033674808,17
2070,2134,glafenine,-0.22390357,-0.06434126,3
2071,2135,brd-k90692502,-0.22379316,0.05421628,12
2072,2136,ambroxol,-0.22379102,-0.052802928,26
2073,2137,acitretin,-0.22379053,-0.01649801,28
2074,2138,brd-k84797952,-0.22377928,-0.008798532,11
2075,2139,cam-9-026,-0.22377332,0.069986664,12
2076,2141,brd-a06909528,-0.22375415,-0.05492632,17
2077,2142,brd-k89326053,-0.22373402,0.06662607,8
2078,2143,moclobemide,-0.22362961,0.073549375,14
2079,2144,brd-k26367064,-0.22362165,0.06676455,17
2080,2145,eicosatetraynoic-acid,-0.22361621,-0.050777845,24
2081,2146,nvp-bez235,-0.2236099,0.09992598,101
2082,2147,talampicillin,-0.22358559,-0.013738,27
2083,2148,blebbistatin,-0.22358099,0.0013001766,59
2084,2149,pj-34,-0.22354491,0.03218922,95
2085,2150,brd-a19928752,-0.2234868,0.02208875,13
2086,2151,brd-k71574320,-0.22348389,0.02286713,17
2087,2152,at1-shh-29,-0.22347575,-0.06045585,101
2088,2153,brd-k32183200,-0.22346535,-0.032496404,6
2089,2154,brd-k00256608,-0.22343767,-0.028425388,9
2090,2155,brd-k30548766,-0.22342375,-0.1711221,8
2091,2156,sa-247615,-0.22342049,0.07963794,25
2092,2157,indometacin,-0.22338982,-0.010745393,29
2093,2158,sirolimus,-0.22338825,0.06048257,470
2094,2159,brd-k53638321,-0.22336817,-0.105994865,13
2095,2160,brd-k30194621,-0.22336346,-0.009744672,17
2096,2161,brd-k40300908,-0.22335424,-0.06761286,18
2097,2162,hmn-214,-0.22329406,0.014503002,66
2098,2163,isonicotinohydroxamic-acid,-0.22323313,-0.041207556,111
2099,2164,emf-sumo1-2,-0.22323114,-0.084136754,18
2100,2165,sulfinpyrazone,-0.22322774,0.024928859,29
2101,2166,rhamnetin,-0.22322328,0.08244556,31
2102,2167,y-27632,-0.22320597,0.049894027,122
2103,2168,brd-k49814456,-0.2231642,-0.005272119,15
2104,2169,benzbromarone,-0.22313765,-0.0112191625,36
2105,2170,tenoxicam,-0.22313641,0.028168656,23
2106,2171,brd-k63954456,-0.22311372,0.025177022,17
2107,2172,methantheline,-0.22311209,-0.067502,23
2108,2173,cinnarizine,-0.22308335,0.020222127,22
2109,2174,brd-k36070105,-0.2230566,-0.011602086,5
2110,2175,brd-k58982513,-0.22305243,-0.009812334,13
2111,2176,brd-k55612480,-0.22297336,0.029702235,17
2112,2177,vu-0400071-3,-0.2229555,-0.0140971,13
2113,2178,cardiogenol-c,-0.22295412,-0.067556724,19
2114,2180,brd-k09551497,-0.22291984,-0.0834279,5
2115,2181,brd-k90469014,-0.22291417,-0.15670533,6
2116,2182,sa-247636,-0.22289556,-0.004975777,12
2117,2183,brd-k47407883,-0.222891,-0.08774109,6
2118,2184,brd-a69454249,-0.22286953,-0.1471903,6
2119,2185,brd-k26425257,-0.22286911,-0.052288175,4
2120,2186,brd-a30455275,-0.22284971,0.006503586,17
2121,2187,vu-0413807-2,-0.22284582,-0.001630418,12
2122,2188,brd-k83548510,-0.22282198,-0.010424326,14
2123,2189,gsk-461364,-0.22281832,-0.0744492,64
2124,2190,brd-k14383710,-0.22281452,0.09020452,4
2125,2191,canertinib,-0.22281384,0.033331405,66
2126,2192,sib-1893,-0.22278225,0.024168199,35
2127,2193,luzindole,-0.22277792,-0.013283548,25
2128,2194,brd-k75315865,-0.22277315,-0.020052427,15
2129,2195,brd-k33597548,-0.22276974,0.05658572,8
2130,2196,brd-a95820578,-0.22276694,-0.06678664,17
2131,2197,st-4070169,-0.22276384,-0.064695835,17
2132,2198,brd-k74534237,-0.22275291,-0.1177022,11
2133,2199,brd-k67559633,-0.22274323,-0.034096297,4
2134,2200,pirenzepine,-0.22272192,-0.0073767514,22
2135,2201,vinorelbine,-0.22270785,-0.012786731,47
2136,2202,e-4031,-0.2226906,0.024907842,36
2137,2203,brd-k19876534,-0.2226847,-0.021922594,61
2138,2204,nornicotine,-0.22267745,0.013263234,11
2139,2205,sa-1921783,-0.22267391,-0.09282652,8
2140,2206,brd-k58698715,-0.22263026,-0.02227497,32
2141,2207,iproniazid,-0.22262035,0.06257672,14
2142,2208,brd-k33761091,-0.22259009,0.060576227,11
2143,2209,pnu-120596,-0.22258085,-0.058925547,19
2144,2210,brd-k76710817,-0.22253716,-0.03459671,6
2145,2211,brd-k27597389,-0.22253038,0.0107879,13
2146,2212,brd-k43880650,-0.22252668,0.07286851,13
2147,2213,naloxone,-0.22249909,-0.0141217895,82
2148,2214,brd-k49403449,-0.2224932,-0.061206825,30
2149,2215,brd-k06209536,-0.22249064,0.058849346,6
2150,2216,gs-39783,-0.22247832,-0.094702825,19
2151,2217,brd-k48710616,-0.22247821,0.092594504,4
2152,2218,pac-1,-0.22246924,-0.048816487,74
2153,2219,brd-k53592093,-0.22244024,-0.12802204,17
2154,2220,brd-k18710049,-0.22242868,-0.04356886,14
2155,2221,ondansetron,-0.22239648,-0.025279261,43
2156,2222,brd-k46670060,-0.22238797,-0.038089383,6
2157,2223,brd-k56176052,-0.22230703,-0.12209873,4
2158,2224,st-014075,-0.22229391,-0.0882823,13
2159,2225,brd-k87371039,-0.22228187,0.008873617,13
2160,2226,brd-k43568193,-0.22226422,0.03868814,13
2161,2227,brd-k14395638,-0.22224785,-0.066757396,17
2162,2228,methoprene-acid,-0.22224751,-0.019237371,25
2163,2229,u-18666a,-0.22219361,-0.016973997,19
2164,2230,brd-a08658758,-0.22219013,0.020988429,48
2165,2231,brd-k75903201,-0.22212687,-0.03124209,32
2166,2232,am-404,-0.22209758,0.019879501,30
2167,2233,bw-b70c,-0.22209536,-0.029144825,34
2168,2234,4-(2-amino-ethyl)-benzenesulfonamide,-0.2220728,-0.06460965,13
2169,2235,sa-1919248,-0.22206455,-0.114322126,8
2170,2236,cyclopamine,-0.22204542,0.031228982,36
2171,2237,mrs-1334,-0.22203217,-0.0049923193,23
2172,2238,tul-xx025tfa,-0.22202654,0.052263033,17
2173,2240,perindopril,-0.22197849,-0.04718305,27
2174,2241,brd-a62200266,-0.22195068,0.0055240015,14
2175,2242,sulfachlorpyridazine,-0.22193582,-0.08967959,4
2176,2243,brd-k71835137,-0.22192603,-0.020988643,15
2177,2244,digoxigenin,-0.22191267,0.058425765,23
2178,2245,ran-14a,-0.22190422,-0.055481397,17
2179,2246,brd-k29279625,-0.22187683,-0.055545706,3
2180,2247,ter-14687,-0.22185817,-0.02220653,19
2181,2248,brd-k91449330,-0.22185716,-0.018303107,12
2182,2249,brd-k73481389,-0.22183119,0.036415145,13
2183,2250,brd-k30563708,-0.22181614,-0.0018165199,11
2184,2251,brd-k36289669,-0.2218057,-0.07150836,5
2185,2252,vu-0413255-1,-0.22179917,-0.02092358,12
2186,2253,brd-k30647638,-0.22175828,-0.07406133,15
2187,2254,vardenafil,-0.22174147,0.0012705922,32
2188,2255,isoquercetin,-0.22174089,0.0028704463,11
2189,2256,secoisolariciresinol,-0.22172324,0.0021621145,13
2190,2257,procyclidine,-0.2217197,-0.112737805,15
2191,2259,sa-1919877,-0.22169688,0.11627023,12
2192,2260,brd-k61683215,-0.221691,0.073912024,6
2193,2261,brd-k07627743,-0.22165655,0.0693686,6
2194,2262,melperone,-0.22164486,-0.08914434,30
2195,2263,brd-k30126976,-0.22160079,0.029473903,14
2196,2264,bupropion,-0.22160026,-0.0055641253,48
2197,2265,brd-k75813018,-0.22159584,0.03717643,22
2198,2266,nsc-693868,-0.22159474,0.02115992,38
2199,2267,brd-k87730440,-0.2215711,-0.020875541,18
2200,2268,desmethylclozapine,-0.22153217,0.005747833,19
2201,2269,cloperastine,-0.22152135,-0.0853426,4
2202,2270,brd-k93158953,-0.22151597,-0.015231982,18
2203,2271,erythromycin-estolate,-0.22150336,-0.04016158,23
2204,2272,doxycycline,-0.22147033,0.055694293,11
2205,2273,sa-1472542,-0.22145791,0.015943043,18
2206,2274,brd-k95352812,-0.22145449,-0.018094473,15
2207,2275,brd-k48454318,-0.2214506,-0.088153206,4
2208,2276,pyrazinamide,-0.2213917,-0.0073914104,15
2209,2277,solanine,-0.22137758,0.031497158,19
2210,2278,brd-k99306975,-0.2213712,0.027979176,5
2211,2279,brd-k35002913,-0.22135296,-0.02699598,6
2212,2280,brd-k49111930,-0.22134021,-0.044399068,15
2213,2281,st-4075437,-0.22133012,-0.13645431,17
2214,2282,brd-k68664718,-0.22132458,-0.0052025467,4
2215,2283,brd-k35060817,-0.22131938,-0.091931105,4
2216,2284,i-070754,-0.22131369,-0.026247783,17
2217,2285,bh3i-1,-0.22127272,-0.042573817,34
2218,2286,brd-k03857568,-0.22125757,-0.09938048,30
2219,2287,"3,3'-diindolylmethane",-0.22123893,-0.058641158,35
2220,2288,immethridine,-0.2212187,-0.008484716,23
2221,2289,brd-k11826883,-0.22119573,-0.09627962,4
2222,2290,brd-a81282034,-0.22115128,-0.09739968,13
2223,2291,brd-k41931739,-0.22112237,-0.094473995,17
2224,2292,alpha-linolenic-acid,-0.22111702,0.022465294,31
2225,2293,brd-k57954781,-0.2211123,-0.019227263,11
2226,2294,brd-k15277331,-0.22109014,-0.031457193,10
2227,2295,oxetane,-0.22107914,0.12881078,96
2228,2296,sd-6-035-b3,-0.22106923,-0.019905364,27
2229,2298,brd-k75264577,-0.22104937,-0.019485407,10
2230,2299,berbamine,-0.2210139,0.0268478,15
2231,2300,sa-1938740,-0.22100525,0.024713803,24
2232,2301,brd-k88556033,-0.22100295,0.05104819,17
2233,2302,brd-k40769424,-0.2209683,0.0011696514,9
2234,2303,brd-k78496556,-0.22093876,-0.17121306,4
2235,2305,nvp-auy922,-0.2209083,-0.008490111,143
2236,2306,acetylsalicylsalicylic-acid,-0.22089197,0.012427502,3
2237,2307,l-erythro-mapp,-0.22088349,-0.03160031,19
2238,2308,moxifloxacin,-0.22085775,0.03967952,33
2239,2309,buddleoflavonoloside,-0.22085501,0.025420971,31
2240,2310,altretamine,-0.2208066,0.0027720814,38
2241,2311,physostigmine,-0.2207885,-0.012378583,34
2242,2312,dibutyrylcyclic-gmp,-0.22074686,-0.029820116,19
2243,2313,brd-k83068825,-0.22072057,-0.047004893,6
2244,2314,brd-k42107428,-0.22067234,-0.027056295,10
2245,2315,bay-36-7620,-0.22065204,0.0003013074,25
2246,2316,pd-184352,-0.22061996,0.0066229254,83
2247,2317,brd-a45657137,-0.2206196,-0.0067863595,13
2248,2318,brd-k51164721,-0.22059649,0.019829055,13
2249,2319,brd-k36767861,-0.22058983,-0.017165408,17
2250,2320,fk-866,-0.22052914,-0.0681163,71
2251,2321,amcinonide,-0.22052877,-0.045083202,38
2252,2322,brd-k17890048,-0.2205064,-0.040449128,10
2253,2323,brd-k71140693,-0.22047436,0.025223121,13
2254,2324,brd-k09019812,-0.22047369,-0.003057267,11
2255,2325,brd-k64366758,-0.22047214,-0.071456365,13
2256,2326,aminoindazole,-0.22045654,0.05821419,13
2257,2327,rdr-01440sc,-0.22042821,-0.060843434,13
2258,2328,budesonide,-0.22039786,-0.020629764,68
2259,2329,ku-c103875,-0.22038127,-0.07136491,12
2260,2330,brd-k16472144,-0.22036335,0.023756696,15
2261,2331,itsa-1,-0.2203454,-0.03304335,6
2262,2332,orthothymotinic-acid,-0.22033967,-0.076038405,8
2263,2333,sa-1456039,-0.22033234,-0.08759377,19
2264,2334,at1-shh-09,-0.22030511,-0.0036071036,101
2265,2335,ite,-0.22029805,-0.057434276,19
2266,2336,brd-a85712510,-0.2202898,0.050433774,13
2267,2337,linoleamide,-0.22028299,-0.021877943,19
2268,2338,brd-k34502913,-0.22027278,-0.063540585,6
2269,2339,imperatorin,-0.22026168,-0.04376901,19
2270,2340,nalbuphine,-0.22022036,0.04689303,48
2271,2341,ku-c104253,-0.22021209,-0.033515617,12
2272,2342,phloretin,-0.22019589,0.044314757,95
2273,2343,brd-k37277634,-0.22018827,0.10759815,5
2274,2344,brd-k77729938,-0.22017838,-0.053240117,6
2275,2345,brd-k78223772,-0.22016811,-0.043399204,13
2276,2346,brd-k77014406,-0.22015965,0.02770961,30
2277,2348,ql-x-138,-0.22013453,0.034507662,66
2278,2349,ly-2183240,-0.22012113,-0.021886405,90
2279,2351,cephalosporanic-acid,-0.2200795,0.05546749,15
2280,2352,ethisterone,-0.22003801,-0.029531717,22
2281,2353,tul-xx023,-0.2200276,-0.08994262,49
2282,2354,imatinib,-0.22001019,-0.0036905939,86
2283,2355,pha-665752,-0.21999191,-0.05421458,67
2284,2356,brd-k37127624,-0.21998611,-0.033312276,24
2285,2357,pevonedistat,-0.21997702,-0.03535434,71
2286,2358,brd-k59794046,-0.21996018,-0.03375139,13
2287,2359,brd-k80602561,-0.21995224,0.017014261,13
2288,2360,pca-4248,-0.21993713,0.008467612,19
2289,2361,brd-k43623238,-0.21992137,-0.17736235,6
2290,2362,i-606061,-0.21985471,-0.054318037,11
2291,2363,brd-k94501123,-0.21985118,-0.05505635,11
2292,2364,jnj-38877605,-0.2198112,0.005719117,59
2293,2366,kin001-127,-0.21979971,-0.011474434,66
2294,2367,brd-k33159591,-0.21978454,-0.057778712,12
2295,2368,brd-k76896292,-0.21977209,-0.025466874,13
2296,2369,brd-k52453128,-0.21976656,-0.07060509,6
2297,2371,triamcinolone,-0.21974148,-0.041090216,63
2298,2372,brd-k81514393,-0.21972753,0.0390997,11
2299,2373,fluocinolone,-0.21970232,-0.0024159434,30
2300,2374,brd-k40506152,-0.21968906,-0.03477724,11
2301,2375,brd-k41431262,-0.21968554,-0.08415559,11
2302,2376,badge,-0.21960673,0.031167064,29
2303,2377,brd-k98004941,-0.21959585,-0.040869106,21
2304,2378,vu-0365118-1,-0.21958952,-0.059463713,13
2305,2379,menadione,-0.21958509,0.06932643,130
2306,2380,brd-k08829932,-0.2195845,-0.010843229,12
2307,2381,ly-255283,-0.21954544,-0.0020975242,18
2308,2383,vu-0415556-1,-0.21948926,-0.07012206,12
2309,2384,brd-k22322324,-0.21946415,-0.02648495,17
2310,2386,pd-0325901,-0.21940917,-0.024987562,101
2311,2387,tyrphostin-ag-1478,-0.21935892,0.06797567,78
2312,2388,brd-k19290969,-0.21934947,0.04769516,15
2313,2389,altanserin,-0.2193051,-0.067051366,30
2314,2390,sa-1458163,-0.21929842,0.07224703,12
2315,2391,l-694247,-0.2192936,-0.05440025,32
2316,2392,tiotidine,-0.21928214,-0.01772073,19
2317,2393,darinaparsin,-0.21927719,-0.0027098514,59
2318,2394,brd-a74382794,-0.21927162,-0.096620634,28
2319,2395,mepyramine,-0.21926315,-0.023375219,22
2320,2396,pkcbeta-inhibitor,-0.21925916,-0.04664038,59
2321,2397,troleandomycin,-0.219229,-0.15575656,3
2322,2398,brd-k25866746,-0.21920775,0.005303002,5
2323,2399,lypressin,-0.21920727,-0.008532317,18
2324,2400,adipiodone,-0.21918434,-0.05773095,23
2325,2402,dextromethorphan,-0.21915169,0.0028552045,53
2326,2403,brd-k69516039,-0.21912384,0.028919835,31
2327,2404,brd-k40606280,-0.21908398,-0.18864015,4
2328,2406,brd-k00177096,-0.2189749,-0.03370735,4
2329,2407,brd-k64780785,-0.21896872,0.079928376,12
2330,2408,brd-k51961561,-0.21896072,-0.033420883,6
2331,2409,ic-261,-0.21895768,0.09948781,27
2332,2410,hexamethyleneamiloride,-0.2189255,0.0496049,18
2333,2411,oxprenolol,-0.21892457,-0.008923529,19
2334,2412,brd-k04516579,-0.21891919,-0.051371485,13
2335,2414,brd-k91379182,-0.21882088,0.0027374253,4
2336,2415,alitretinoin,-0.21881942,0.009088487,41
2337,2417,brd-k89386994,-0.21880637,-0.12760438,4
2338,2418,brd-k91686310,-0.21878947,-0.071196035,7
2339,2419,fentiazac,-0.21876566,-0.06902758,4
2340,2420,dac-004,-0.21874788,-0.022639174,20
2341,2421,mw-stk33-2a,-0.21873589,0.08500043,25
2342,2422,ixazomib,-0.2187318,0.0010802648,70
2343,2423,brd-k12655851,-0.21872853,-0.048847087,9
2344,2424,tosedostat,-0.21868417,0.0319564,67
2345,2425,brd-k48950795,-0.21867794,-0.011042137,17
2346,2426,brd-k23931216,-0.21865226,-0.09690725,13
2347,2427,zd-2079,-0.21862061,-0.015541153,19
2348,2428,brd-k71142328,-0.21860024,-0.037959564,24
2349,2429,brd-k60298771,-0.21851186,-0.071438104,16
2350,2430,brd-k01615361,-0.21848525,-0.07514035,3
2351,2431,bu-239,-0.21847709,0.027412906,19
2352,2432,brd-a25416824,-0.2184464,0.0042177103,17
2353,2433,gabexate,-0.21844497,0.038174935,34
2354,2435,brd-k83600073,-0.21842073,-0.038144108,4
2355,2436,brd-a89907244,-0.21838465,0.03490039,18
2356,2437,brd-k45217009,-0.2183727,-0.048368383,5
2357,2438,sa-424589,-0.21831572,0.041403845,25
2358,2439,ramipril,-0.21830899,0.018617975,41
2359,2440,brd-k10436544,-0.21829164,-0.027500609,96
2360,2441,mitotane,-0.21827999,0.003235266,27
2361,2442,procarbazine,-0.21827954,-0.04145034,34
2362,2443,brd-k35035132,-0.21823849,0.051401667,12
2363,2444,brd-k77750380,-0.21823423,0.019336248,14
2364,2445,sa-1457992,-0.2182332,-0.13339674,12
2365,2446,brd-k75964506,-0.21819161,0.12270013,11
2366,2447,dexrazoxane,-0.21816817,-0.059828155,18
2367,2448,carbidopa,-0.21815823,0.058333606,35
2368,2449,as-703026,-0.21811347,-0.084024616,18
2369,2450,pentetic-acid,-0.21810612,0.025879946,4
2370,2451,metanephrine,-0.21808824,-0.032086886,15
2371,2452,brd-k71303366,-0.21808432,0.037982978,21
2372,2453,sb-258585,-0.21807472,0.012181665,15
2373,2454,brd-k06555716,-0.21806191,-0.042797104,13
2374,2455,fluvoxamine,-0.2180489,0.042963535,34
2375,2457,brd-k21387011,-0.2179948,-0.04652361,25
2376,2458,t-98475,-0.21798654,-0.039382353,19
2377,2459,sa-426799,-0.2179744,-0.07018879,18
2378,2460,brd-k11171096,-0.21796785,-0.03009852,4
2379,2461,resveratrol,-0.2179346,0.0034916815,170
2380,2462,brd-k07790824,-0.2179148,0.08774245,15
2381,2463,brd-k51846078,-0.2179145,-0.16192904,4
2382,2464,brd-k21064560,-0.21789594,-0.0035287794,19
2383,2465,brd-k64391475,-0.21788575,-0.09113351,4
2384,2466,am-580,-0.217877,0.02948593,132
2385,2467,phtpp,-0.21786341,0.009259505,19
2386,2468,epigallocatechin-gallate-(-),-0.21785158,-0.04722184,34
2387,2469,splitomycin,-0.21782753,-0.04820991,27
2388,2470,brd-k23149109,-0.21782026,-0.04530549,13
2389,2471,nu-7441,-0.21781613,-0.019864578,66
2390,2472,brd-k43145106,-0.21779509,-0.06380289,3
2391,2473,pp-3,-0.21779497,-0.06089899,19
2392,2474,estradiol-benzoate,-0.217786,-0.02024154,23
2393,2475,brd-k53472085,-0.21774805,-0.025673753,17
2394,2476,brd-k43131268,-0.217747,0.0934112,13
2395,2477,brd-k79511609,-0.21774203,-0.06025511,11
2396,2478,cefaclor,-0.21774155,-0.026837332,17
2397,2479,arecaidine-propargyl-ester,-0.2177405,-0.061424706,19
2398,2480,sdm-25n,-0.2177263,-0.04014615,28
2399,2481,sa-1938756,-0.21766047,-0.14666663,12
2400,2482,vu-0405172-2,-0.21762109,0.03817631,12
2401,2483,brd-k42471691,-0.21757337,-0.028472327,13
2402,2484,ampicillin,-0.21754605,0.04608229,17
2403,2485,brd-a04172077,-0.21754347,-0.09679167,17
2404,2486,brd-k42737417,-0.21748856,0.015647354,3
2405,2487,brd-k76691125,-0.21745037,-0.059492208,13
2406,2488,sa-1458902,-0.21743993,-0.02197736,8
2407,2490,brd-k36633782,-0.21740301,-0.14520338,4
2408,2491,raloxifene,-0.21735632,-0.021126542,230
2409,2492,pd-98059,-0.21733418,0.037026763,96
2410,2493,brd-k35462725,-0.21730758,-0.06626506,4
2411,2494,on-01910,-0.21729998,0.030159274,65
2412,2495,brd-k91568452,-0.217286,-0.13333727,6
2413,2497,brd-k54168141,-0.2171808,-0.024748014,13
2414,2498,brd-a90643929,-0.21714911,0.015441522,17
2415,2499,brd-k78524708,-0.21712522,0.0865724,13
2416,2500,brd-k65411918,-0.21711393,-0.07986353,24
2417,2501,brd-k78716413,-0.2171112,0.009856878,67
2418,2502,erastin,-0.21709128,-0.01906697,107
2419,2503,brd-k51041684,-0.21704213,0.031165289,11
2420,2504,sa-1472734,-0.21701421,0.056235027,18
2421,2506,memantine,-0.21689925,-0.023246344,26
2422,2507,zm-323881,-0.2168818,-0.04560495,19
2423,2508,brd-k30267135,-0.21687736,-0.047901653,12
2424,2509,chembl-1222381,-0.21684855,0.025411068,59
2425,2510,bis-tyrphostin,-0.21683244,-0.045980904,19
2426,2511,brd-k90141430,-0.21679626,-0.028933674,4
2427,2512,brd-k21005091,-0.21679561,-0.029592989,30
2428,2513,brd-k82837433,-0.21679239,-0.025041495,17
2429,2514,brd-k03122949,-0.21678284,-0.045001805,17
2430,2515,brd-k25979535,-0.21676922,-0.09823172,18
2431,2516,brd-k48672996,-0.21674854,-0.0042615477,8
2432,2517,d-64406,-0.216747,0.038224235,19
2433,2518,brd-k17489199,-0.2167279,-0.16232488,4
2434,2519,brd-k78130859,-0.21669875,0.033515025,5
2435,2520,brd-k95495709,-0.21669576,-0.010270817,12
2436,2521,brd-k46961308,-0.21669511,-0.0047540464,17
2437,2523,brd-k37883585,-0.21667872,-0.012900345,19
2438,2524,bix-01294,-0.21667734,-0.0041574743,27
2439,2525,carbaryl,-0.21663527,-0.17416152,3
2440,2526,brd-k89833083,-0.216604,-0.09005104,6
2441,2527,n-bromoacetyltryptamine,-0.21659432,-0.034161717,5
2442,2528,merbromin,-0.21659043,-0.052851114,4
2443,2529,brd-k00925050,-0.21658626,0.07894965,15
2444,2530,fenoterol,-0.2165845,-0.073973015,26
2445,2531,alprostadil,-0.21651746,-0.052503746,19
2446,2532,brd-k23263381,-0.21648741,0.027761096,7
2447,2533,brd-k07039703,-0.21646947,-0.038350884,6
2448,2534,brd-k05002121,-0.21643887,-0.10920517,12
2449,2535,brd-k59733592,-0.2164358,0.093109004,4
2450,2536,brd-k98948170,-0.21643436,-0.006033942,197
2451,2537,brd-k15107389,-0.21641585,-0.01049944,17
2452,2538,brd-a03436432,-0.21639673,-0.016173419,12
2453,2539,norfloxacin,-0.21637331,-0.18926775,3
2454,2540,lactotensin,-0.21634358,-0.100629896,6
2455,2541,brd-k06574200,-0.2163406,0.047139123,42
2456,2542,brd-k96539190,-0.21632847,-0.07878921,14
2457,2543,mesna,-0.21632335,0.033760063,15
2458,2544,gp-1a,-0.21630077,-0.0018629865,19
2459,2545,candesartan,-0.21621056,-0.15199009,4
2460,2546,brd-k56904155,-0.21620826,-0.07014462,7
2461,2547,iloperidone,-0.2161984,-0.1424053,18
2462,2548,brd-a09719808,-0.21619034,0.034224935,14
2463,2549,brd-a55554369,-0.21618973,0.012850967,15
2464,2550,brd-k53410660,-0.2161546,-0.0021566413,6
2465,2551,alaproclate,-0.2161493,-0.037291486,23
2466,2552,brd-k56379651,-0.21614866,-0.060329854,4
2467,2553,brd-a83706824,-0.21610342,0.04631943,13
2468,2554,telenzepine,-0.2160697,0.0034316112,22
2469,2555,embelin,-0.21604198,-0.053897385,19
2470,2557,psh-010,-0.21597506,-0.07667514,15
2471,2558,brd-k58479490,-0.21596384,0.052988634,26
2472,2559,"2',5'-dideoxyadenosine",-0.21596055,-0.039117623,59
2473,2560,brd-k13872703,-0.21593003,-0.0034689049,11
2474,2561,brd-k86326967,-0.21578087,0.024398223,9
2475,2562,brd-k67118123,-0.21576792,-0.0063585085,15
2476,2563,brd-k63368502,-0.21576682,0.039278187,13
2477,2564,brd-k26545050,-0.21574664,-0.07227765,4
2478,2565,brd-k68833544,-0.21572158,-0.058313977,12
2479,2566,brd-k02490064,-0.21569952,-0.022261538,14
2480,2567,brd-k63801873,-0.21569341,-0.053513717,13
2481,2568,brd-k53475565,-0.21568994,-0.005154808,16
2482,2569,brd-k02558072,-0.21568477,-0.027406873,11
2483,2570,bulleyaconitine-a,-0.2156793,0.06218956,19
2484,2571,ticlopidine,-0.21567017,0.04091822,34
2485,2572,ran-27,-0.21564983,-0.032843854,17
2486,2573,brd-k28772322,-0.2156458,0.06645331,9
2487,2574,brd-k55533488,-0.21564092,0.015772618,48
2488,2575,brd-k26273696,-0.21563525,-0.0023888152,3
2489,2576,altizide,-0.21562968,-0.043418474,15
2490,2577,brd-k74109131,-0.2155739,-0.049651943,18
2491,2578,quinisocaine,-0.2155685,0.005362173,23
2492,2579,cyclophosphamide,-0.21555072,0.06773453,29
2493,2580,sa-1456859,-0.21554503,0.1621638,12
2494,2581,brd-k28680267,-0.21553373,-0.027156405,19
2495,2582,sa-425500,-0.21549204,-0.070205845,28
2496,2583,dioxybenzone,-0.21548827,0.049178563,27
2497,2584,brd-k47324077,-0.21548791,-0.07251671,12
2498,2585,brd-k84421793,-0.21547377,0.071372665,19
2499,2586,sa-1458487,-0.21543403,-0.0054209577,15
2500,2587,brd-k11932360,-0.21539763,-0.03988443,5
2501,2588,brd-k59397033,-0.21538803,-0.021276433,5
2502,2589,brd-k23774426,-0.21538791,-0.07669665,13
2503,2590,proxyfan,-0.21537514,-0.057959788,19
2504,2591,brd-k30779094,-0.21536389,0.0111909425,13
2505,2592,brd-k38594532,-0.21535857,-0.09971392,14
2506,2593,brd-k83355732,-0.21533008,-0.037052542,17
2507,2594,sa-424371,-0.21532069,0.03973632,12
2508,2595,brd-k90073570,-0.21531418,-0.089487165,5
2509,2596,lavendustin-c,-0.21530019,0.01304544,18
2510,2597,brd-k17693482,-0.21527076,0.020626275,19
2511,2598,brd-k28431278,-0.21526468,0.036054704,18
2512,2599,st-019365,-0.21525595,0.040802136,17
2513,2600,norcyclobenzaprine,-0.21524721,-0.0632588,23
2514,2601,carbetocin,-0.21524101,-0.077532455,17
2515,2602,mln-8054,-0.21522988,0.023905251,108
2516,2603,pk-11195,-0.21522984,0.05113111,77
2517,2604,brd-k04632192,-0.21516015,-0.045738332,8
2518,2605,brd-k70086257,-0.2151404,-0.020464899,17
2519,2606,bix-01338,-0.215121,-0.019186696,17
2520,2607,brd-k40224283,-0.21512084,-0.0029138746,15
2521,2608,brd-k66877406,-0.21507737,-0.06437667,4
2522,2609,brd-k44660322,-0.21507455,-0.06266316,4
2523,2610,norepinephrine,-0.21504104,-0.07131393,17
2524,2611,brd-k28623651,-0.21498518,-0.09029069,5
2525,2612,brd-k79390395,-0.21498206,0.028087875,11
2526,2613,brd-k84559549,-0.21493232,-0.062120616,4
2527,2614,k784-3391,-0.21489054,-0.04445546,17
2528,2616,brd-k89832926,-0.21487902,0.004023241,13
2529,2618,brd-k52904986,-0.21485248,-0.0780477,4
2530,2619,kb-r7943,-0.21485159,-0.04495329,19
2531,2620,brd-k58611676,-0.2148425,-0.061283335,4
2532,2621,kitasamycin,-0.21483907,-0.07185774,11
2533,2622,"9-methyl-5h-6-thia-4,5-diaza-chrysene-6,6-dioxide",-0.21482219,-0.0027964215,59
2534,2623,brd-k66634822,-0.21480285,0.000269088,24
2535,2624,hg-5-88-01,-0.21478733,-0.030014759,65
2536,2625,oxibendazole,-0.2147832,-0.008510969,27
2537,2627,brd-k14783598,-0.21465465,0.011381366,5
2538,2628,wiskostatin,-0.21465163,-0.029429346,19
2539,2629,brd-k97629076,-0.21463634,-0.026905447,15
2540,2630,brd-k73517272,-0.21463506,-0.0605112,13
2541,2631,dl-pdmp,-0.2146137,-0.021568235,95
2542,2632,sulpiride,-0.21460043,0.02591855,21
2543,2633,brd-k39187410,-0.21455908,0.030323144,19
2544,2634,brd-k49562544,-0.21455644,0.037282005,15
2545,2635,brd-k87338781,-0.21454893,-0.059476122,12
2546,2636,brd-k42943439,-0.21454659,-0.023048783,5
2547,2637,plerixafor,-0.21454336,-0.056005508,4
2548,2638,brd-k80553643,-0.2145296,-0.10286294,13
2549,2639,ns-3694,-0.2145149,-0.07656034,15
2550,2642,zg-10,-0.21446075,0.010092938,62
2551,2643,salermide,-0.21445803,0.037576236,60
2552,2644,brd-k45319408,-0.21444838,0.025611231,5
2553,2645,brd-k23802982,-0.21441649,-0.101712026,6
2554,2646,ar-a014418,-0.21432945,-0.028046614,37
2555,2647,brd-k83691318,-0.21432929,-0.065045714,18
2556,2648,chlorthalidone,-0.21428709,-0.05105591,39
2557,2649,brd-k80676896,-0.21427701,0.003317062,5
2558,2650,tyrphostin-ag-112,-0.21426564,-0.06008658,65
2559,2651,glimepiride,-0.21425498,0.026660824,53
2560,2652,vesamicol,-0.21421851,0.027639125,34
2561,2653,brd-k28358982,-0.21418709,-0.1312052,4
2562,2655,brd-k79131144,-0.21409607,-0.055508368,6
2563,2656,brd-k84864079,-0.2140886,-0.01695392,12
2564,2657,brd-k23050218,-0.21408546,0.000788128,14
2565,2658,brd-k19969618,-0.2140847,0.017918684,4
2566,2659,iodophenpropit,-0.214049,-0.043534156,19
2567,2660,r-96544,-0.2140212,-0.013119077,19
2568,2661,brd-k36817836,-0.21396624,-0.052437287,13
2569,2662,bg-1025,-0.21394591,-0.034885228,6
2570,2663,brd-k72817452,-0.21393086,0.026204051,13
2571,2664,gaboxadol,-0.21391943,-0.18079215,4
2572,2666,brd-k71448503,-0.21388741,-0.08074574,4
2573,2667,desoximetasone,-0.21387427,0.07876308,36
2574,2668,w-7,-0.21386449,0.036351025,32
2575,2669,estriol,-0.21386234,0.010774728,156
2576,2670,brd-k38205437,-0.21385552,0.12198095,17
2577,2671,sa-1473405,-0.21381044,-0.09797558,12
2578,2672,brd-k10894258,-0.21378349,-0.07151257,4
2579,2673,brd-k00430421,-0.2137803,-0.03385514,13
2580,2674,sa-1921996,-0.21376482,-0.008729127,8
2581,2675,brd-k08339178,-0.21375407,0.07567382,11
2582,2676,ku-c104129,-0.21375364,0.011149682,12
2583,2677,brd-k18746324,-0.21374512,-0.09368302,10
2584,2678,brd-k99398689,-0.21374154,-0.11352952,4
2585,2679,brucine,-0.213709,-0.012771048,36
2586,2680,brd-k72766058,-0.21366027,0.07962669,6
2587,2681,brd-k80563095,-0.21358463,-0.07968423,6
2588,2682,brd-k31688005,-0.21357965,0.033688538,13
2589,2683,brd-k93541117,-0.21353935,0.025823463,19
2590,2684,tetrindole,-0.21351516,-0.014580326,15
2591,2685,brd-k07634536,-0.21349461,0.0018090159,4
2592,2686,brd-k14842454,-0.21348198,0.056098875,17
2593,2687,brd-k40087764,-0.21347734,-0.06910215,6
2594,2689,xmd-1527,-0.2134288,-0.0051253997,66
2595,2690,brd-k53808186,-0.2133494,-0.0258348,13
2596,2691,l-690330,-0.21334696,0.013883751,63
2597,2692,brd-k29611469,-0.21331342,0.09091988,4
2598,2693,dibenzepin,-0.21330994,-0.0048756367,23
2599,2694,brd-k76999748,-0.21328267,-0.01860399,17
2600,2695,brefeldin-a,-0.21328028,0.011732375,84
2601,2696,cucurbitacin-i,-0.21326993,0.008425023,124
2602,2697,fusaric-acid,-0.21326979,-0.017033448,19
2603,2698,brd-k75856618,-0.21326846,-0.14486028,4
2604,2699,brd-k27675859,-0.21321234,-0.08839044,3
2605,2700,brd-k48102470,-0.213184,-0.065406844,4
2606,2701,xmd-132,-0.21316212,0.059897088,66
2607,2702,brd-k60679910,-0.213153,-0.16133249,3
2608,2703,brd-k57975631,-0.21313815,-0.09759139,13
2609,2704,xylometazoline,-0.21313408,-0.20723681,3
2610,2705,psb-11,-0.21308729,-0.082451776,19
2611,2706,brd-k58893765,-0.21303737,0.01881934,3
2612,2707,brd-k79153888,-0.21299209,0.022363141,6
2613,2708,brd-k91028164,-0.21297832,-0.084753804,13
2614,2709,nomegestrol-acetate,-0.21297246,-0.056020994,19
2615,2710,brd-k64523453,-0.2129709,-0.08986687,11
2616,2712,sew-2871,-0.21293779,0.05329162,19
2617,2713,cb7993113,-0.21293211,-0.0066660065,3
2618,2714,safrolglycol,-0.212929,-0.025579056,15
2619,2715,brd-k89793018,-0.21291375,-0.05567325,3
2620,2716,flumetasone,-0.21290989,-0.01563004,38
2621,2717,ubenimex,-0.2129041,0.040813096,32
2622,2719,sa-1455822,-0.2128838,-0.13793054,8
2623,2720,brd-k16811158,-0.21284482,-0.0030745347,7
2624,2721,piroxicam,-0.21283925,0.05631074,49
2625,2722,7-hydroxy-pipat,-0.21282768,-0.039763242,25
2626,2723,brd-k04562016,-0.21278659,0.10959658,11
2627,2724,brd-k48527688,-0.2127807,-0.0054417,9
2628,2725,trioxsalen,-0.21275736,-0.06578566,23
2629,2726,sr-142948,-0.21274842,0.0646469,24
2630,2727,spaglumic-acid,-0.21272223,-0.088951886,4
2631,2728,brd-k59983542,-0.21270986,-0.06796354,6
2632,2729,brd-k01055635,-0.21270548,0.022964407,7
2633,2730,mifepristone,-0.21266977,0.0011911907,58
2634,2731,alfadolone-acetate,-0.2126697,-0.042365167,19
2635,2732,brd-k38599483,-0.21256329,0.06269512,13
2636,2733,cl-82198,-0.21254535,0.027214708,19
2637,2734,brd-k49861754,-0.21251842,-0.027680488,17
2638,2736,sa-1921456,-0.21249919,-0.04023976,24
2639,2737,brd-a95504714,-0.21247895,0.086522296,28
2640,2738,buphenine,-0.21243577,-0.0399322,23
2641,2739,brd-k86845397,-0.21242876,-0.08865076,8
2642,2740,brd-k02920722,-0.21242478,-0.04993176,13
2643,2741,dropropizine,-0.21242219,-0.015663404,15
2644,2742,brd-k69603398,-0.21241847,-0.030337239,11
2645,2743,brd-k37160541,-0.21240859,-0.06352219,18
2646,2744,nsc-23766,-0.21240053,0.048030008,74
2647,2745,brd-k52908798,-0.21239913,-0.12054156,4
2648,2746,brd-k75296800,-0.212372,0.04845623,13
2649,2747,pancuronium,-0.21233302,0.039781816,15
2650,2748,bg-1029,-0.21229373,-0.018456873,6
2651,2749,brd-k27520107,-0.2122871,0.0058786497,15
2652,2751,brd-k50986888,-0.21226706,0.009685171,4
2653,2752,brd-k27170250,-0.21226421,0.047981665,17
2654,2753,brd-k19607523,-0.2121885,0.03569651,4
2655,2754,isradipine,-0.21217512,0.041501224,36
2656,2755,brd-k41666683,-0.21216612,0.016601564,13
2657,2756,jpr-3-97-17,-0.21216513,0.03820885,13
2658,2757,brd-k64256554,-0.21216264,-0.039849564,4
2659,2758,riluzole,-0.21216261,0.05553154,45
2660,2759,micropenin,-0.21215446,-0.1342747,11
2661,2760,brd-k26778237,-0.21213834,-0.07936449,4
2662,2761,brd-k26257340,-0.21211769,-0.006999119,30
2663,2762,ipsapirone,-0.21211253,0.014648309,19
2664,2763,brd-k66187495,-0.2120734,0.0034272315,5
2665,2764,md-ii-051,-0.21207114,0.03038257,17
2666,2765,xmd-1185h,-0.21206596,-0.018293714,66
2667,2766,brd-k85297392,-0.21203157,-0.047859248,5
2668,2767,yl-52,-0.21203136,0.007973847,11
2669,2768,brd-k54729370,-0.21202996,-0.055912286,4
2670,2769,brd-k33928422,-0.21201979,0.034785405,12
2671,2770,aminogenistein,-0.21201581,-0.018191747,19
2672,2771,phenanthridone,-0.21201564,-0.026570454,55
2673,2772,milrinone,-0.21199968,-0.062126935,34
2674,2773,brd-k42677417,-0.21198979,0.0043431125,15
2675,2774,trimethobenzamide,-0.211956,-0.023425415,22
2676,2776,tyrphostin-ag-82,-0.21189378,-0.094780214,23
2677,2777,brd-k21690323,-0.21186256,-0.048577663,5
2678,2778,nifekalant,-0.2118602,-0.10668394,11
2679,2779,purmorphamine,-0.21184596,0.005735808,78
2680,2780,brd-k04279026,-0.21184592,-0.020815603,12
2681,2781,brd-k95349679,-0.2118388,-0.060633194,17
2682,2782,gw-3965,-0.2118021,0.011102123,23
2683,2783,brd-k12360898,-0.21178894,-0.11839816,4
2684,2784,brd-k21017376,-0.2117643,-0.18778828,4
2685,2785,brd-k76021727,-0.21174608,0.019152822,12
2686,2786,brd-k87109962,-0.2117124,-0.062333614,3
2687,2787,brd-k57019930,-0.21169093,0.04252643,17
2688,2788,brd-k10542638,-0.21163051,-0.0785031,4
2689,2789,tyrphostin-ag-1296,-0.2116152,-0.022729848,19
2690,2790,capsaicin,-0.21161209,0.03137189,75
2691,2791,cgp-7930,-0.21159178,-0.07005078,19
2692,2792,brd-k21788104,-0.2115716,0.044212736,30
2693,2793,brd-a30083233,-0.21154267,-0.11963389,17
2694,2794,brd-k74176341,-0.21153688,-0.106039055,5
2695,2795,brd-k59556282,-0.21153082,0.06791284,17
2696,2796,brd-k24686773,-0.2115084,0.074912705,13
2697,2797,gw-583340,-0.21148507,-0.05294789,19
2698,2798,ki-16425,-0.2114843,0.09671083,17
2699,2799,brd-k62578746,-0.21146958,0.02397125,12
2700,2800,brd-k20510412,-0.21145603,-0.030693466,8
2701,2801,hydralazine,-0.21144563,-0.0036436422,22
2702,2802,brd-k56411643,-0.21142332,0.10619904,81
2703,2803,brd-k11147885,-0.21141921,0.005273965,18
2704,2804,caffeic-acid,-0.21141455,-0.01153213,30
2705,2805,midodrine,-0.21139224,-0.03615931,37
2706,2806,sa-433965,-0.21138693,0.00028713164,14
2707,2807,goserelin,-0.21136163,0.037032574,13
2708,2808,rutin,-0.21128708,0.020799177,53
2709,2809,alprenolol,-0.21127324,0.0057314755,26
2710,2810,brl-50481,-0.21126936,-0.056653894,19
2711,2811,brd-k21009077,-0.21126732,-0.07186168,13
2712,2812,brd-k39829853,-0.21126364,-0.03622311,13
2713,2813,brd-k75949681,-0.21126331,-0.0950708,6
2714,2814,brd-k60685007,-0.21125016,0.02701136,17
2715,2815,anabasine,-0.2112457,-0.02703875,19
2716,2816,targinine,-0.21124333,0.057169396,11
2717,2817,brd-k65065275,-0.21123764,0.031752314,5
2718,2818,brd-k52542879,-0.2112288,-0.073646404,4
2719,2819,brd-k26899819,-0.21122067,-0.13493006,4
2720,2820,brd-k13277629,-0.21121003,0.053898014,13
2721,2821,clomifene,-0.2112045,-0.016999263,104
2722,2822,brd-a75471153,-0.21114792,0.008933591,17
2723,2823,brd-k49797414,-0.21109612,-0.058333255,4
2724,2824,sjb-af-2,-0.2110947,0.051356964,30
2725,2825,terguride,-0.21109357,-0.057273798,19
2726,2826,brd-k02313433,-0.21107964,-0.013716799,12
2727,2827,brd-k72219469,-0.21107641,-0.13196212,4
2728,2828,moxonidine,-0.21104601,0.02164413,34
2729,2829,brd-k11671649,-0.21104291,-0.05598893,15
2730,2830,phensuximide,-0.21101972,-0.047314387,19
2731,2832,brd-k47497589,-0.21099451,-0.046346914,3
2732,2833,brd-k97926541,-0.21098593,-0.014895078,15
2733,2834,safinamide,-0.21095747,-0.06067975,18
2734,2835,brd-a32917072,-0.21092586,0.022968251,12
2735,2836,brd-k50907285,-0.21092579,-0.0015097916,13
2736,2837,ikk-2-inhibitor-v,-0.21092232,-0.012528568,89
2737,2838,mnitmt,-0.2109201,0.00285826,19
2738,2839,brd-k77690805,-0.2109033,-0.03177175,28
2739,2840,w-12,-0.21089505,0.07568854,8
2740,2841,brimonidine,-0.21088222,0.0011835548,30
2741,2842,taxifolin,-0.21086575,0.027102552,22
2742,2844,brd-k59201357,-0.21085429,-0.10912245,4
2743,2845,vinpocetine,-0.21084908,0.00031728466,41
2744,2847,brd-k54588025,-0.21082108,-0.099832326,5
2745,2848,buspirone,-0.21080758,-0.022138454,34
2746,2849,niridazole,-0.21080045,-0.03897045,19
2747,2850,thiazolopyrimidine,-0.21077944,0.02992542,95
2748,2851,brd-k24199200,-0.21077839,0.060803004,3
2749,2852,medrysone,-0.21070033,-0.012472883,53
2750,2853,mdl-29951,-0.21069126,0.010795243,23
2751,2854,xanthoxyline,-0.21069013,0.04059686,19
2752,2855,brd-k85724483,-0.2106717,-0.054930933,6
2753,2856,brd-a41630653,-0.21063001,-0.022328338,15
2754,2857,brd-k63375110,-0.21062267,-0.15430406,4
2755,2858,ebelactone-b,-0.2105994,-0.057685927,18
2756,2860,propylthiouracil,-0.21054824,-0.034067307,15
2757,2861,brd-a40560522,-0.21054457,-0.043739628,13
2758,2862,brd-a35207501,-0.21054114,0.041400433,28
2759,2863,brd-k42589221,-0.21053854,-0.04179581,9
2760,2864,olanzapine,-0.21053681,-0.06844682,15
2761,2865,brd-k85694079,-0.21052939,-0.044574086,17
2762,2867,oxiconazole,-0.2104778,0.022686996,15
2763,2868,brd-k51288770,-0.21046507,-0.033710107,5
2764,2869,benzydamine,-0.21044149,0.020521909,22
2765,2870,brd-a47832959,-0.21043195,-0.009245161,25
2766,2871,vu-0405166-2,-0.21042962,0.06223587,12
2767,2872,vu-0413238-1,-0.21037805,-0.055116497,12
2768,2873,sb-221284,-0.21037717,-0.029967949,19
2769,2874,brd-a03772856,-0.2103645,-0.07302576,28
2770,2875,risperidone,-0.21035662,0.03474937,40
2771,2876,brd-k59139557,-0.21034566,-0.06461872,13
2772,2877,brd-k60487596,-0.21034409,-0.03305702,10
2773,2878,brd-k49669601,-0.21034376,0.11106986,18
2774,2880,brd-k80597067,-0.21028863,-0.0029320433,5
2775,2881,rucaparib,-0.21027161,0.008913923,59
2776,2882,brd-k11006288,-0.21026754,-0.04673502,8
2777,2883,ly-83583,-0.21026248,0.054362554,12
2778,2884,brd-k91880445,-0.2102536,-0.080705225,5
2779,2885,brd-k12579869,-0.21022238,-0.0013190957,12
2780,2886,brd-k12393722,-0.21022199,0.009551099,13
2781,2887,le-300,-0.21021827,-0.074483365,19
2782,2888,chloroxine,-0.21017359,-0.02513044,26
2783,2889,cortisone-acetate,-0.2101512,-0.004864408,23
2784,2890,brd-k05025838,-0.2101452,-0.039397184,6
2785,2891,dc-45-a2,-0.21011746,0.05162186,55
2786,2892,brd-k30468800,-0.21011114,0.005843248,17
2787,2893,brd-k87779281,-0.21005331,-0.041935418,11
2788,2894,clindamycin,-0.21002081,0.019547671,3
2789,2895,brd-k16618170,-0.20999624,-0.07683267,12
2790,2896,brd-k93340102,-0.20999433,-0.00029969309,4
2791,2897,brd-k68780601,-0.2099889,0.020859413,4
2792,2898,brd-a84445767,-0.20998482,0.06506087,12
2793,2899,brd-k50186544,-0.20996064,-0.008234643,7
2794,2900,desoxycortone,-0.20994595,-0.04035152,23
2795,2901,brd-a13461302,-0.20993796,-0.09144082,18
2796,2902,brd-k63770300,-0.20992832,-0.026513716,15
2797,2903,rivaroxaban,-0.20990346,-0.12496799,18
2798,2904,cerivastatin,-0.20989035,0.0016681436,11
2799,2905,brd-k50360938,-0.20988849,0.047819767,17
2800,2906,brd-k89156937,-0.2098746,-0.045148075,17
2801,2907,brd-k41670583,-0.20986885,-0.14288454,15
2802,2908,cgp-13501,-0.20986585,-0.008495861,19
2803,2909,w-5,-0.20986451,-0.046351478,21
2804,2911,brd-k04733502,-0.20984298,0.001031614,11
2805,2912,brd-k70646792,-0.209827,-0.039844446,13
2806,2913,brd-a69429454,-0.20982288,0.035235897,13
2807,2914,dihydroergotamine,-0.20982197,-0.056574766,41
2808,2915,brd-k28162668,-0.20978218,-0.07063155,7
2809,2916,flavanone,-0.20978126,-0.025358727,21
2810,2917,brd-k23980805,-0.20976555,0.019396102,28
2811,2918,brd-k24014699,-0.20973271,-0.023208933,17
2812,2919,brd-k72539944,-0.20967959,-0.14273766,6
2813,2920,brd-k68937023,-0.20962828,-0.16494039,4
2814,2921,alosetron,-0.20960036,0.06335157,11
2815,2922,prostratin,-0.20958398,-0.13450553,13
2816,2923,brd-k61753121,-0.20957524,0.053130902,12
2817,2924,brd-k01763173,-0.20956308,-0.04943087,4
2818,2925,brd-k64169482,-0.20953749,-0.13137802,4
2819,2926,brd-k62768020,-0.20953587,-0.10907541,17
2820,2927,brd-k79219981,-0.2095268,0.045578912,6
2821,2928,co-102862,-0.20951226,-0.037666414,19
2822,2929,brd-k98036459,-0.2095057,-0.055076223,11
2823,2930,brd-k74561903,-0.20948419,-0.057456344,13
2824,2931,rg-14620,-0.20944314,0.107263304,19
2825,2932,cd-437,-0.20941097,0.05015805,95
2826,2933,brd-k52955163,-0.20939939,-0.06271762,4
2827,2934,brd-k53653395,-0.20933641,-0.06850044,15
2828,2935,brd-k16009699,-0.20933439,-0.011537103,6
2829,2936,chlortetracycline,-0.2093216,-0.04979888,18
2830,2937,way-213613,-0.20929784,0.03158955,19
2831,2938,mianserin,-0.20926431,-0.049683616,22
2832,2939,nimesulide,-0.20925532,-0.010680763,22
2833,2940,trichostatin-a,-0.20925361,0.06641503,1006
2834,2941,pimozide,-0.20921573,0.010767268,86
2835,2942,brd-k01121114,-0.2092108,-0.022565445,95
2836,2943,colchicine,-0.20919551,0.030928725,11
2837,2945,mw-shh-151,-0.20914756,-0.005556086,101
2838,2946,brd-k04722205,-0.2091358,-0.02471574,6
2839,2947,xmd-1499,-0.20913465,-0.025101054,66
2840,2948,brd-k37569719,-0.20907398,-0.089106895,5
2841,2949,propentofylline,-0.20907322,-0.005765426,30
2842,2950,brd-k94304934,-0.20907077,-0.09275,12
2843,2951,brd-k96922741,-0.20906226,-0.017010741,9
2844,2952,ku-c103658,-0.20904881,-0.046624858,13
2845,2953,triflupromazine,-0.20904753,0.016964052,42
2846,2954,brd-k01333970,-0.20903017,0.028034087,12
2847,2955,foretinib,-0.2090295,0.013219205,48
2848,2956,brd-k88426506,-0.2090135,-0.041647106,8
2849,2957,brd-k12973880,-0.20900905,-0.06217877,6
2850,2958,brd-k46555875,-0.2090046,-0.00022433698,12
2851,2959,brd-k81313552,-0.20895918,-0.016046552,17
2852,2960,mestranol,-0.20892426,-0.00073430815,53
2853,2961,brd-a39599596,-0.20889324,0.022158785,13
2854,2963,brd-k69676861,-0.20883955,-0.059972476,13
2855,2964,u-0126,-0.20882642,0.06862302,49
2856,2965,tazobactam,-0.20881045,-0.017021023,4
2857,2966,sa-1459849,-0.20880929,-0.0101250205,8
2858,2967,reichstein,-0.20879558,-0.025617268,13
2859,2968,sertaconazole,-0.20879215,-0.010533902,23
2860,2969,brd-k92014112,-0.20876509,-0.12706718,5
2861,2970,st-4049616,-0.20875734,-0.084610924,17
2862,2971,brd-k44494044,-0.2087523,0.044374093,17
2863,2972,brd-k64716911,-0.20872201,0.021007264,5
2864,2973,suxibuzone,-0.208721,-0.07130932,4
2865,2974,brd-k03496708,-0.20871487,-0.08833912,4
2866,2975,brd-k75641083,-0.20870046,-0.03150657,13
2867,2976,brd-k53331454,-0.2086889,-0.0702823,17
2868,2977,aloisine,-0.20863,0.07013336,38
2869,2978,brd-k37174007,-0.20860651,-0.10407709,5
2870,2979,brd-k22932079,-0.20860092,0.04264822,6
2871,2980,brd-k27459043,-0.20858593,-0.037373517,5
2872,2981,brd-k67678077,-0.20858218,0.074283056,12
2873,2982,arg-csc2-40,-0.20857807,-0.06510443,11
2874,2983,brd-k31295191,-0.20857204,-0.029482136,13
2875,2984,brd-k39172790,-0.20856242,0.02309822,6
2876,2985,zstk-474,-0.20854925,0.05446892,83
2877,2986,brd-k00863322,-0.20854597,-0.00706015,15
2878,2987,sa-1459963,-0.2085326,-0.081387036,19
2879,2988,emf-sumo1-7,-0.20851769,0.010542515,18
2880,2989,propylpyrazole,-0.20850907,0.02505738,17
2881,2990,brd-k03228956,-0.20847322,-0.052266475,5
2882,2991,brd-k78984681,-0.20844391,-0.019180052,12
2883,2992,metolazone,-0.20843442,0.018170966,26
2884,2993,brd-k40167599,-0.20837684,-0.058682255,6
2885,2994,osthol,-0.20835355,-0.085578986,19
2886,2995,brd-k64106162,-0.20833175,-0.030827377,48
2887,2996,brd-k58415436,-0.20832337,-0.013298488,11
2888,2997,ruxolitinib,-0.20831463,-0.044759348,84
2889,2998,brd-k87449521,-0.20831105,-0.022626603,6
2890,2999,brd-k82384352,-0.20829025,0.10476543,13
2891,3000,brd-k69406317,-0.20828941,-0.023356576,16
2892,3001,apigenin,-0.20828483,0.06922999,65
2893,3002,arecaidine-but-2-ynyl-ester,-0.2082546,-0.058977347,19
2894,3003,brd-k79554012,-0.2082134,-0.08729478,12
2895,3005,brd-k69791739,-0.20811683,-0.0432312,13
2896,3006,brd-k79826210,-0.20806554,-0.07350324,8
2897,3007,l-745870,-0.20805268,-0.02223711,19
2898,3008,brd-a29721261,-0.20802756,-0.04843837,13
2899,3009,brd-k44897098,-0.20801754,0.020105653,4
2900,3010,brd-k82987299,-0.20800795,0.066192,11
2901,3011,brd-a98050686,-0.20800625,0.02500845,15
2902,3012,enobosarm,-0.20799142,-0.03842712,17
2903,3013,nimodipine,-0.20797056,0.00634667,105
2904,3016,brd-k07872006,-0.20788495,-0.06615751,13
2905,3017,tocainide,-0.20786543,-0.008008128,30
2906,3018,brd-k51810646,-0.20786147,-0.00017781639,11
2907,3019,thapsigargin,-0.20785937,0.039983377,84
2908,3020,brd-k49889622,-0.20785296,-0.058239847,6
2909,3021,danoprevir,-0.20782577,-0.07595855,18
2910,3022,vu-0415555-1,-0.2078191,-0.038721256,12
2911,3023,resmethrin,-0.20779161,-0.01782769,15
2912,3024,brd-k64970062,-0.20778263,-0.023698753,59
2913,3025,brd-k06083657,-0.20776172,0.090921916,7
2914,3026,nalidixic-acid,-0.20774221,-0.1227206,4
2915,3027,brd-k43703651,-0.20770709,-0.085946836,7
2916,3028,olomoucine,-0.2077012,-0.022671787,19
2917,3029,vu-0415012,-0.20769742,0.07787884,12
2918,3030,brd-k98739056,-0.20769209,0.07760003,13
2919,3031,brd-k13060097,-0.20768978,-0.022066528,11
2920,3032,brd-k25351202,-0.20765314,0.072942965,7
2921,3033,buparlisib,-0.207581,0.06935778,48
2922,3034,pifithrin-alpha,-0.20756371,0.018820707,78
2923,3035,brd-k58318000,-0.20755918,0.0028837402,15
2924,3036,brd-k89097220,-0.20755085,0.030652998,48
2925,3037,sa-1460136,-0.20751639,0.03799983,12
2926,3038,brd-k25228014,-0.20745885,-0.02694737,7
2927,3039,methyl-angolensate,-0.20739934,0.01797178,8
2928,3040,ru-28318,-0.20738386,0.03542108,15
2929,3041,brd-k21528100,-0.20738077,-0.022357725,4
2930,3042,brd-k67697926,-0.20737545,0.07788218,4
2931,3043,brd-k59946561,-0.20733735,-0.08749108,24
2932,3044,ava,-0.20732899,-0.017651904,48
2933,3045,brd-a12083771,-0.2073072,0.015024867,74
2934,3047,brd-k58698092,-0.20727202,0.06811522,6
2935,3048,brd-k40274786,-0.20727134,0.01985168,10
2936,3049,bg-1028,-0.20727026,0.011815516,6
2937,3050,brd-k56596360,-0.20726416,-0.04200494,17
2938,3051,brd-k47448802,-0.2072557,0.04154197,13
2939,3052,brd-k82374143,-0.20725451,-0.08056472,3
2940,3053,brd-k19117583,-0.20724323,-0.051775064,15
2941,3055,brd-a84524947,-0.20719074,-0.031824782,13
2942,3056,brd-k93155496,-0.20718366,-0.05102252,13
2943,3057,brd-k36287933,-0.20718127,0.05768164,15
2944,3058,brd-k36928794,-0.20718007,-0.026082039,12
2945,3059,milnacipran,-0.20716876,0.010023279,11
2946,3060,brd-k49791723,-0.20716228,-0.119980484,12
2947,3061,brd-k25991217,-0.20711914,0.037194602,6
2948,3062,brd-k44828732,-0.20711386,0.016307626,9
2949,3063,brd-k96752129,-0.20710263,0.054084376,17
2950,3064,brd-k98173387,-0.20703289,0.05270008,12
2951,3065,dup-697,-0.20701876,0.02305439,32
2952,3066,brd-k97701319,-0.20699848,-0.040550046,17
2953,3067,larixinic-acid,-0.2069898,0.026870675,13
2954,3068,az-628,-0.20694867,0.0104597155,66
2955,3069,brd-k72269288,-0.20693883,-0.027093623,6
2956,3070,alfadolone,-0.20693368,-0.13591823,4
2957,3071,brd-k46276961,-0.20692042,-0.053279594,6
2958,3072,brd-k70794677,-0.20691939,-0.108033285,4
2959,3073,naftopidil,-0.20690472,0.016234491,15
2960,3074,brd-a05729358,-0.20687129,-0.049222797,6
2961,3075,brd-k36772364,-0.20685554,-0.0584253,13
2962,3076,amantadine,-0.206837,0.041418694,23
2963,3077,brd-k76415725,-0.20682225,0.017480271,3
2964,3078,brd-k76938712,-0.2068144,-0.028295087,17
2965,3079,brd-k25719068,-0.20678782,-0.035408475,13
2966,3080,etifenin,-0.20678318,-0.05222211,23
2967,3081,brd-k54070802,-0.20678167,0.055917997,12
2968,3082,brd-k77790153,-0.20677532,0.07795725,11
2969,3083,hydrochlorothiazide,-0.20677342,0.14708482,3
2970,3084,sb-225002,-0.2067684,0.010466327,86
2971,3085,brd-a36059655,-0.20676251,-0.07003404,18
2972,3086,brd-k51428159,-0.20676096,-0.09738979,3
2973,3087,brd-a03946276,-0.20675494,-0.013520918,18
2974,3088,brd-k74486276,-0.20673966,-0.045328733,13
2975,3089,brd-k35535652,-0.20672219,-0.13457192,5
2976,3090,bl-077,-0.20671377,-0.029964019,24
2977,3091,tetrabenazine,-0.2067011,-0.08357408,33
2978,3092,salicin,-0.20669794,0.00023591859,23
2979,3094,brd-k82137294,-0.20660195,0.047233865,13
2980,3095,gr-89696,-0.20658508,0.013770207,30
2981,3096,brd-k09526594,-0.20657499,0.037825275,11
2982,3097,brd-k99750259,-0.2065522,-0.050598446,13
2983,3098,brd-a93942655,-0.20653217,0.019350676,14
2984,3099,irilin-a,-0.2065319,-0.06591111,19
2985,3101,brd-k74606027,-0.20647028,0.010513882,17
2986,3102,mw-mitf9,-0.20646945,-0.015434896,13
2987,3103,brd-k91053205,-0.2064678,-0.018655032,5
2988,3104,brd-k46170844,-0.20646717,0.057133406,15
2989,3105,brd-a80536908,-0.20645562,-0.022442618,15
2990,3106,gw-501516,-0.2064443,0.05632312,18
2991,3107,bas-00594560,-0.2064392,0.07968526,17
2992,3108,brd-k18711687,-0.2064228,0.0012632469,12
2993,3109,brd-a13964793,-0.20637913,0.047562808,19
2994,3110,brd-k54285697,-0.206376,0.0005450827,13
2995,3111,avicin-d,-0.20630327,0.02815327,98
2996,3112,brd-k27882424,-0.20629317,-0.039153345,5
2997,3113,brd-k76612204,-0.20628607,-0.13197924,13
2998,3114,brd-k00695053,-0.20627771,-0.09891898,4
2999,3115,buthionine-sulfoximine,-0.20620474,-0.07864905,17
3000,3116,clobetasol,-0.20619293,0.020623544,57
3001,3117,brd-k90736214,-0.2061481,0.04484516,12
3002,3118,dopamine,-0.20613578,-0.0042965706,50
3003,3119,brd-k73888531,-0.20613386,-0.09445929,17
3004,3120,brd-k31030218,-0.2061263,-0.08684044,12
3005,3122,bg-1027,-0.20610759,0.0067398073,6
3006,3123,syk-inhibitor,-0.2060983,0.09469025,67
3007,3124,brd-k51683034,-0.20609355,0.0075401408,17
3008,3125,brd-k19134488,-0.206091,0.10493134,12
3009,3126,ascorbic-acid,-0.20608708,0.031376004,17
3010,3127,oxaprozin,-0.20607246,0.017793717,50
3011,3128,lonidamine,-0.20605174,-0.024734963,78
3012,3129,brd-k58223721,-0.20604683,0.034694806,11
3013,3130,brd-k81658952,-0.20604587,0.06725494,11
3014,3131,brd-k06663546,-0.20604467,-0.011958322,4
3015,3132,vu-0365114-2,-0.20600544,-0.09798673,12
3016,3133,rn1,-0.20599516,0.020405563,6
3017,3134,brd-k85236313,-0.20598255,-0.08527166,12
3018,3135,brd-k56731825,-0.20597856,-0.01830981,6
3019,3136,brd-k27706744,-0.20597446,-0.0020250976,4
3020,3137,diphenhydramine,-0.20590894,-0.054831043,14
3021,3138,bg-1026,-0.20589049,-0.003835826,6
3022,3139,sdz-21009,-0.20586179,0.027415391,19
3023,3140,brd-k66909449,-0.20584491,-0.061187413,13
3024,3141,epitestosterone,-0.20583902,0.0047395704,42
3025,3142,sew-05685,-0.20582919,-0.009920188,17
3026,3143,brd-k87634799,-0.20582916,-0.048860464,4
3027,3144,bi-2536,-0.20579709,-0.035629548,115
3028,3145,brd-k34545919,-0.205718,-0.036085267,4
3029,3146,tramadol,-0.20568535,-0.008255673,32
3030,3147,brd-k76836103,-0.20566343,-0.023580838,5
3031,3148,semaxanib,-0.20566328,0.06260766,19
3032,3149,brd-k19362120,-0.20561868,-0.13893403,10
3033,3150,letrozole,-0.20561144,0.010742802,30
3034,3151,brd-k99949435,-0.20557982,-0.008928349,3
3035,3152,brd-k53986871,-0.20556962,0.040324513,4
3036,3153,brd-k47228813,-0.20556362,0.029926222,7
3037,3155,brd-k35745977,-0.2055026,-0.04029324,8
3038,3156,3-amino-benzamide,-0.20547119,-0.027676148,95
3039,3157,brd-k71498541,-0.20542735,0.00462112,13
3040,3158,brd-a42737819,-0.20538943,-0.069654375,13
3041,3159,brd-k73700643,-0.2053558,0.013567074,19
3042,3160,bezafibrate,-0.20535323,-0.010636326,28
3043,3161,brd-k08799912,-0.20534623,0.06842672,13
3044,3162,ha-1004,-0.20532039,0.04898209,19
3045,3163,ribavirin,-0.20531268,-0.0055781873,17
3046,3164,brd-k38698447,-0.20531116,-0.023316843,13
3047,3165,ceforanide,-0.2052931,-0.013816674,23
3048,3166,jas07-005,-0.20525678,0.039871223,15
3049,3167,brd-k05174693,-0.20522428,0.024231687,8
3050,3168,brd-k21822525,-0.20519799,0.075235695,13
3051,3169,loxoprofen,-0.20517232,0.010957279,11
3052,3170,brd-k19596098,-0.20511787,-0.023802146,8
3053,3171,brd-a72837804,-0.20511183,-0.02075552,17
3054,3172,rs-45041-190,-0.20510116,0.02390191,19
3055,3173,homochlorcyclizine,-0.2050558,-0.07936757,18
3056,3174,prochlorperazine,-0.20502932,0.05224839,34
3057,3175,brd-k56904840,-0.20502703,0.0077200867,4
3058,3176,brd-k29785053,-0.20501858,-0.07274721,4
3059,3177,brd-k60393413,-0.20501016,0.095414124,4
3060,3178,glutamine,-0.20497848,0.0050617815,53
3061,3179,brd-k91338578,-0.20495455,-0.040195975,101
3062,3180,brd-a76732176,-0.20492901,-0.073720925,17
3063,3181,brd-k96072301,-0.20492646,-0.055163532,8
3064,3182,brd-k35568648,-0.20488472,-0.023253916,17
3065,3183,purvalanol-b,-0.20488212,0.0025396072,15
3066,3184,brd-k99628932,-0.20487586,-0.06379633,5
3067,3185,cct-018159,-0.20485376,0.048762996,19
3068,3186,brd-k80962769,-0.2048265,-0.06181714,13
3069,3187,brd-k65742362,-0.20481874,0.012688893,13
3070,3188,brd-k75329208,-0.20481846,0.03770557,17
3071,3189,brd-k05326558,-0.20481707,-0.03714914,15
3072,3190,farnesol,-0.20480476,-0.03448665,24
3073,3191,saclofen,-0.20476662,0.023765462,19
3074,3192,brd-k91677732,-0.20476593,-0.10097634,13
3075,3193,brd-k08023754,-0.20476216,-0.05700175,3
3076,3194,beta-ccp,-0.20472343,-0.049501095,19
3077,3195,bg-1030,-0.20471363,0.020421589,6
3078,3196,valyltryptophan,-0.20468299,-0.015921285,19
3079,3197,brd-k44787412,-0.20467272,0.03125402,11
3080,3198,i-ome-ag-538,-0.20463961,0.0119127575,15
3081,3199,andarine,-0.2046014,-0.016286703,17
3082,3200,brd-k25884242,-0.20459205,0.06294334,17
3083,3201,brd-k56855930,-0.20458823,0.087458566,13
3084,3202,ritonavir,-0.2045691,-0.0069437446,22
3085,3203,st-4029010,-0.20455943,-0.10217925,17
3086,3204,brd-k40276799,-0.20454548,0.095422275,11
3087,3205,brd-k21125707,-0.20448351,0.09065295,3
3088,3206,nevirapine,-0.20445184,-0.06051494,22
3089,3207,brd-k95583033,-0.20443614,-0.04978661,5
3090,3208,brd-k20126873,-0.20442374,0.037112102,13
3091,3209,synephrine,-0.20441328,0.0029565308,17
3092,3210,brd-k74548617,-0.20440112,-0.012763601,16
3093,3211,brd-k90705745,-0.20439751,0.020527368,13
3094,3212,brd-k22384978,-0.20435776,-0.015487413,17
3095,3213,brd-k71059148,-0.20435768,-0.061795026,6
3096,3215,ttnpb,-0.20435117,-0.043016132,43
3097,3216,brd-k82367827,-0.2043302,-0.06577763,6
3098,3218,brd-k63129749,-0.20431782,-0.09015667,13
3099,3219,tolcapone,-0.20431583,-0.058106072,17
3100,3220,tryptophan,-0.20430662,-0.109829985,3
3101,3221,brd-k44452237,-0.2042915,-0.1432565,3
3102,3222,brd-k52071480,-0.20428891,0.022032473,5
3103,3223,brd-k49180909,-0.20423713,-0.07429139,4
3104,3224,brd-k94766884,-0.20423178,-0.07902194,6
3105,3225,brd-k12707296,-0.20419161,-0.07232155,15
3106,3226,brd-k04574057,-0.20417035,-0.055339646,7
3107,3227,brd-k54470384,-0.2041581,0.08769764,12
3108,3228,brd-k85119394,-0.20415585,-0.11340348,4
3109,3229,brd-k28344523,-0.20411506,-0.09200477,5
3110,3230,brd-k63399564,-0.2041077,0.0065459753,13
3111,3231,zidovudine,-0.20410761,0.0398471,14
3112,3232,brd-k85266146,-0.20409933,0.030161303,17
3113,3233,cot-10b,-0.20408086,0.10507573,93
3114,3234,brd-k76264608,-0.20407392,0.018321056,12
3115,3235,desoxypeganine,-0.2040287,-0.04176893,23
3116,3236,brd-k64304398,-0.20402859,0.015259083,13
3117,3237,dorsomorphin,-0.20401849,0.04619354,81
3118,3238,brd-k86456986,-0.20401645,-0.0832597,15
3119,3240,brd-k51368944,-0.20399453,-0.14013001,5
3120,3241,brd-k81538844,-0.20399204,0.02514572,13
3121,3242,brd-k49831518,-0.20398831,-0.12543297,5
3122,3243,brd-k31828306,-0.20396207,-0.084305026,12
3123,3244,aspirin,-0.20392507,-0.025006916,11
3124,3245,diethylcarbamazine,-0.20390896,-0.08153194,26
3125,3246,brd-k78438907,-0.20390864,-0.12452375,4
3126,3247,idazoxan,-0.20390071,0.053069964,4
3127,3248,brd-k08174547,-0.2038911,-0.041756947,13
3128,3249,brd-k91143067,-0.2038455,-0.080130875,7
3129,3250,brd-k99259037,-0.20383328,-0.08089221,4
3130,3251,brd-k05593511,-0.2038295,-0.017663797,18
3131,3252,brd-k95411194,-0.20380178,-0.023057446,11
3132,3253,mexiletine,-0.20372027,0.023813486,34
3133,3254,brd-k17739445,-0.20371558,-0.07475005,13
3134,3255,brd-k41006959,-0.20366871,0.049136866,12
3135,3256,brd-k04046003,-0.20365831,-0.03996697,4
3136,3257,brd-k47147974,-0.20363964,0.10209092,13
3137,3258,brd-k11062991,-0.2036219,-0.0874357,4
3138,3259,emf-bca1-64,-0.20359975,0.039338946,30
3139,3260,brd-k40955748,-0.20356368,-0.086434565,13
3140,3261,brd-k48924007,-0.20355068,-0.018624533,17
3141,3262,ly-288513,-0.20354515,-0.013117946,19
3142,3263,brd-k90939315,-0.20348656,-0.002972233,3
3143,3264,brd-k04617562,-0.20347707,-0.15711081,4
3144,3265,brd-k15916856,-0.2034667,0.06605433,11
3145,3266,lomerizine,-0.20346653,-0.015809674,11
3146,3267,nsc-663284,-0.2034653,0.037502885,28
3147,3268,brd-k91273791,-0.20337278,0.06115112,13
3148,3269,bisoprolol,-0.2033578,-0.024023764,34
3149,3270,brd-k76379937,-0.20334741,0.008102593,6
3150,3271,brd-k00740489,-0.20334704,-0.010719584,4
3151,3272,gw-4064,-0.20333861,-0.06016554,29
3152,3274,tetramethyl-haematoxylone,-0.20327732,0.0016246552,19
3153,3275,brd-k82195532,-0.20325488,-0.023274641,5
3154,3276,scopolamine,-0.2032372,-0.0147260185,64
3155,3277,brd-k87964538,-0.20323418,-0.0008036848,15
3156,3279,brd-k81609421,-0.20322673,0.045856386,17
3157,3280,olmesartan,-0.20319001,0.0022351155,11
3158,3281,brd-k66448556,-0.20318928,-0.0070085237,13
3159,3282,sparfloxacin,-0.20318514,-0.14269799,4
3160,3283,brd-k30381304,-0.20317884,0.035538483,17
3161,3284,orphenadrine,-0.20317772,0.020696,22
3162,3285,brd-k83589469,-0.20315939,0.013940622,15
3163,3286,kin001-244,-0.2031406,0.010793891,66
3164,3287,f-1061-0166,-0.20312192,0.04048544,34
3165,3288,pik-90,-0.20310986,0.059416432,59
3166,3289,neca,-0.20310664,-0.08954381,19
3167,3290,fipronil,-0.20310037,0.00024289826,23
3168,3291,brd-a68721828,-0.2030753,-0.04622896,18
3169,3292,ketorolac,-0.20305255,0.033274993,38
3170,3293,brd-k28250273,-0.20303628,-0.06637022,4
3171,3294,l-165041,-0.20300892,-0.018654453,19
3172,3295,mebeverine,-0.203,-0.018013654,26
3173,3296,brd-a65516924,-0.20297827,-0.013485189,13
3174,3297,brd-k70917163,-0.20294729,-0.09893751,12
3175,3298,brd-a73747855,-0.20293124,-0.08273663,13
3176,3299,brd-k04238564,-0.20291628,-4.2189335e-05,11
3177,3300,bd-1063,-0.20290382,0.049812283,19
3178,3301,brd-a63949900,-0.20289555,0.0011564009,12
3179,3302,brd-k68690198,-0.20289506,0.010830252,13
3180,3303,epibatidine,-0.20287469,-0.08991898,15
3181,3304,brd-k62019540,-0.20285387,-0.013504735,13
3182,3305,talipexole,-0.20285368,0.033217277,19
3183,3306,brd-k58679238,-0.20284384,-0.06400707,4
3184,3307,ala-ala-phe-cmk,-0.20283836,0.031543024,15
3185,3308,brd-k61102260,-0.2028366,0.043397482,12
3186,3309,efavirenz,-0.20282875,-0.028840583,15
3187,3310,benzonatate,-0.2028235,0.066901624,42
3188,3311,ku-c103881,-0.20281158,-0.043476548,12
3189,3312,brd-k89696951,-0.20279606,0.008167212,13
3190,3313,brd-k39921295,-0.20275798,-0.020018881,13
3191,3314,brd-k34412705,-0.20271878,-0.10057816,13
3192,3315,nor-2-chlorpromazine,-0.2026881,-0.03583183,6
3193,3316,brd-k71726959,-0.20265993,0.08820966,78
3194,3317,brd-k21165668,-0.20265864,0.040260267,17
3195,3318,brd-k16940042,-0.20264916,0.006034755,12
3196,3319,brd-k69892607,-0.20263927,0.05009648,8
3197,3320,brd-k08887444,-0.2026329,-0.014604507,13
3198,3321,brd-k45044657,-0.20260979,-0.032899372,17
3199,3322,axitinib,-0.20260137,-0.02809408,17
3200,3323,brd-k74712058,-0.20258817,0.04320908,4
3201,3324,brd-k10578928,-0.20257637,0.08191645,4
3202,3325,brd-k52695588,-0.20256566,-0.029005544,12
3203,3326,lobeline,-0.20256104,-0.009764085,11
3204,3327,brd-k18724229,-0.20255531,-0.019487256,13
3205,3328,brd-k70503895,-0.2025472,0.03657872,15
3206,3329,brd-k37482798,-0.20254417,-0.051286682,4
3207,3330,brd-k55896799,-0.20253618,0.107319586,101
3208,3331,st-059620,-0.20253551,-0.113730475,20
3209,3332,brd-k75040614,-0.20252319,-0.015652023,13
3210,3333,nicotinyl-alcohol-tartrate,-0.20250209,-0.07027648,13
3211,3334,brd-k57698173,-0.2025013,0.027215274,4
3212,3335,"androsta-1,4-dien-3,17-dione",-0.20249751,-0.019808505,19
3213,3336,brd-k91633589,-0.20248863,-0.056484006,8
3214,3338,cgp-71683,-0.20246352,0.062387574,19
3215,3339,losartan,-0.20246178,-0.03592331,93
3216,3340,triprolidine,-0.20244217,-0.04616894,30
3217,3341,brd-k29345712,-0.20243965,-0.008704163,17
3218,3342,brd-k43913647,-0.20240603,-0.079170465,13
3219,3343,brd-k41845021,-0.20239414,0.031246949,13
3220,3345,felbamate,-0.20237656,-0.0006750392,30
3221,3346,brd-k73819439,-0.2023717,0.004994713,11
3222,3347,brd-k80718156,-0.2023163,-0.04055286,11
3223,3348,aminopentamide,-0.20230575,-0.0027294669,23
3224,3349,brd-k11679888,-0.20230421,-0.13775094,3
3225,3350,brd-k06476055,-0.20230271,-0.046129294,17
3226,3352,brd-k39799535,-0.20230094,-0.06538048,11
3227,3353,brd-k62748479,-0.20229866,-0.063055575,17
3228,3354,caffeic-acid-phenethyl-ester,-0.20228657,-0.0670569,12
3229,3355,busulfan,-0.2022683,0.07605931,17
3230,3356,phenazopyridine,-0.20225376,0.054440446,23
3231,3357,7-nitroindazole,-0.20224057,0.0073125465,72
3232,3358,brd-k87779450,-0.2022338,-0.048095226,6
3233,3359,ku-c103871,-0.20221925,0.020646635,13
3234,3360,brd-k43022624,-0.202214,-0.047812253,3
3235,3361,amlodipine,-0.20220228,-0.017742507,38
3236,3362,brd-k45582470,-0.2021908,-0.018464586,13
3237,3363,brd-k66446284,-0.20218746,-0.07822444,4
3238,3364,brd-k89306950,-0.20217021,0.027126364,13
3239,3365,brd-k10421834,-0.20216975,-0.070947625,9
3240,3366,brd-k51329831,-0.20216084,-0.035778757,12
3241,3367,corticosterone,-0.20216055,0.010266754,17
3242,3369,brd-k94690761,-0.20214386,-0.009551235,4
3243,3371,brd-k02381115,-0.20213982,-0.05982022,12
3244,3372,pf-431396,-0.20212892,-0.05638673,48
3245,3373,brd-k72462751,-0.20211972,0.08036681,19
3246,3374,brd-k71214345,-0.2021177,-0.14797923,3
3247,3375,brd-k75265760,-0.20210005,0.012072723,3
3248,3376,amonafide,-0.20208463,-0.047157947,15
3249,3377,brd-k87865140,-0.20208417,-0.028697046,6
3250,3378,naringenin,-0.202069,0.06664977,23
3251,3379,icariin,-0.2020555,0.026948784,34
3252,3380,sa-1937536,-0.20200437,-0.029768234,8
3253,3381,brd-k57678861,-0.20199631,-0.00087032473,13
3254,3382,gw-441756,-0.20199388,-0.010222057,37
3255,3384,brd-k96213252,-0.20196258,-0.02619713,13
3256,3385,brd-k30199293,-0.20190963,0.020349314,4
3257,3386,chlorotrianisene,-0.20190507,-0.015581288,7
3258,3387,bp-554,-0.20190421,0.0746266,19
3259,3388,radicicol,-0.20189497,-0.04522595,63
3260,3389,xanthinol,-0.20187332,-0.06383103,13
3261,3390,brd-k20914082,-0.20186788,-0.012627118,13
3262,3391,brd-k24002047,-0.20186739,-0.13208696,6
3263,3392,jwe-035,-0.20186424,0.0023031412,66
3264,3393,brd-k34495954,-0.20185004,-0.028806834,13
3265,3394,morantel,-0.20183608,-0.055610698,19
3266,3395,laudanosine,-0.20182244,-0.015624199,15
3267,3396,flumazenil,-0.20178579,-0.07217944,30
3268,3397,brd-k31887147,-0.20177661,-0.0469566,13
3269,3398,trimethoprim,-0.20172718,0.004852574,3
3270,3400,tcb2,-0.20172194,-0.024861768,19
3271,3401,sa-102787,-0.20172088,0.02687987,8
3272,3402,rs-102895,-0.20171313,-0.06576526,15
3273,3403,amyleine,-0.20169675,-0.002663752,18
3274,3404,brd-k67862512,-0.20167977,-0.0638049,4
3275,3405,brd-k97073065,-0.20167214,-0.08637493,8
3276,3406,brd-k52628302,-0.20165467,-0.07978863,3
3277,3407,ver-155008,-0.20164552,0.07864422,59
3278,3409,brd-k39345836,-0.20159106,-0.06747781,15
3279,3410,brd-k63903580,-0.20158304,0.018451195,10
3280,3411,zebularine,-0.20158261,0.019765181,101
3281,3412,brd-k55697606,-0.20154768,-0.01981912,5
3282,3413,brd-k03829970,-0.2015274,0.026852194,13
3283,3414,brd-k05456756,-0.20151962,0.11001343,28
3284,3416,oleoylethanolamide,-0.20150463,-0.014879971,24
3285,3417,ly-278584,-0.20150238,-0.014815063,19
3286,3419,brd-k75781834,-0.20147108,-0.020396888,7
3287,3420,brd-k43782840,-0.20143785,0.00013791493,9
3288,3421,benzthiazide,-0.20143372,-0.010996845,27
3289,3422,pirlindole,-0.20142691,-0.030474717,19
3290,3424,brd-k57457519,-0.20142286,0.09455887,13
3291,3425,brd-k88708949,-0.20134458,0.017706087,17
3292,3426,brd-k32234234,-0.20133801,-0.0816993,4
3293,3427,brd-a66861218,-0.20131885,0.017462844,23
3294,3428,sa-1456227,-0.20131555,-0.011847448,8
3295,3429,brd-k16128171,-0.20131512,-0.034730107,4
3296,3430,brd-k20032655,-0.20129105,0.025477946,30
3297,3431,brd-a41649729,-0.20128162,-0.09100704,12
3298,3432,brd-k56847293,-0.20127474,-0.11079148,4
3299,3433,dmbi,-0.20125496,-0.032166813,23
3300,3434,brd-k86269644,-0.20125073,-0.053109672,17
3301,3435,brd-k38519699,-0.20124277,0.032643925,17
3302,3436,cay-10577,-0.20123437,0.033126127,18
3303,3437,dacinostat,-0.20123167,0.025260974,36
3304,3438,brd-k85051645,-0.20122178,-0.013423201,28
3305,3439,gavestinel,-0.201197,0.031011801,19
3306,3440,sa-1456443,-0.20119034,0.009439656,15
3307,3441,brd-k98896788,-0.2011903,0.02950504,30
3308,3442,thioperamide,-0.20115826,-0.00859992,48
3309,3443,brd-k07244661,-0.20113939,0.025504403,13
3310,3444,allantoin,-0.20111096,0.029620368,19
3311,3445,brd-k79779816,-0.20108536,-0.10041705,17
3312,3446,brd-k45663104,-0.2010628,0.0020101052,3
3313,3447,vecuronium,-0.20105079,-0.008866063,35
3314,3448,tetracycline,-0.20105043,0.013588135,17
3315,3449,primidone,-0.20103608,-0.024094298,38
3316,3450,brd-k15219339,-0.20102632,-0.0073174164,6
3317,3451,brd-k26545157,-0.20102367,-0.15709178,5
3318,3452,brd-k58547375,-0.20101358,0.057832044,101
3319,3453,brd-k57127959,-0.20101348,-0.014636997,4
3320,3454,brd-k78105568,-0.20094998,-0.029644944,5
3321,3455,indoprofen,-0.20094682,-0.024244275,19
3322,3456,mometasone,-0.20094414,-0.022387054,23
3323,3458,nutlin-3,-0.20091261,-0.0016572807,59
3324,3459,brd-k40087974,-0.20090838,-0.0031767832,32
3325,3460,brd-k69237309,-0.20089146,-0.03971772,5
3326,3461,pralidoxime,-0.2008662,0.035912983,4
3327,3462,bumetanide,-0.20085824,0.045676257,33
3328,3463,brd-k93975822,-0.2008532,0.023003412,15
3329,3464,brd-k28460793,-0.20082936,-0.07578157,7
3330,3465,arg-csc-26,-0.20082076,-0.06137851,13
3331,3466,brd-k19390271,-0.20077401,0.012691214,13
3332,3467,brd-k15640888,-0.20076987,0.080924295,15
3333,3468,be-2254,-0.20074074,-0.027190905,19
3334,3469,brd-k86786416,-0.20071149,-0.025958333,12
3335,3470,metoprolol,-0.20070174,-0.00088290765,23
3336,3471,brd-k37984227,-0.20068786,-0.05145425,13
3337,3472,sa-1925246,-0.20068637,0.01848216,17
3338,3473,brd-k21170640,-0.2006612,-0.024179839,15
3339,3474,brd-k28208028,-0.20065713,-0.002963925,3
3340,3475,brd-k04188046,-0.2006535,-0.035457544,30
3341,3476,brd-k79857601,-0.20062222,0.04445052,15
3342,3477,naphazoline,-0.20060036,-0.085975766,22
3343,3478,brd-k88363359,-0.20059825,0.016019536,6
3344,3479,brd-k20352452,-0.2005749,-0.050550878,13
3345,3480,fu-jmbii127b,-0.20057084,0.0025778657,15
3346,3481,brd-k94987138,-0.20055999,-0.0064321742,13
3347,3482,brd-k53445087,-0.2005474,0.03146261,13
3348,3483,brd-k06833365,-0.20054503,-0.04951186,5
3349,3485,brd-k89895693,-0.20044741,-0.17067826,4
3350,3486,brd-k35900085,-0.20044357,0.042832788,5
3351,3487,brd-k12970833,-0.20042565,-0.00014366406,4
3352,3488,brd-k89447773,-0.20040195,-0.011494915,3
3353,3489,tyrphostin-ag-494,-0.20038082,0.048521046,19
3354,3490,cymarin,-0.20037079,0.12290537,23
3355,3491,brd-k42136113,-0.20035812,0.019240921,8
3356,3492,ergocornine,-0.20034353,-0.07097891,19
3357,3493,qx-314,-0.20033096,-0.037606232,19
3358,3494,k784-3187,-0.20028478,0.10190505,38
3359,3495,brd-k24992843,-0.20028201,-0.081568845,6
3360,3496,phenoxybenzamine,-0.20027071,-0.0015710322,30
3361,3498,phenprobamate,-0.20021102,-0.081803314,11
3362,3499,brd-k75906982,-0.20020321,-0.1383788,6
3363,3500,brd-k78777980,-0.20020147,-0.19387603,4
3364,3501,tl-hras-61,-0.20017943,0.030390538,162
3365,3502,tetradecylthioacetic-acid,-0.2001793,-0.023783691,24
3366,3503,brd-k99692850,-0.20015135,0.013220766,4
3367,3504,sa-1462738,-0.20011884,0.12599052,12
3368,3505,brd-k77608452,-0.20010687,-0.0517126,5
3369,3506,brd-k43256821,-0.20008682,0.0023285064,17
3370,3508,artesunate,-0.20003924,0.009911146,105
3371,3509,ingenol,-0.20000058,-0.022935983,107
3372,3510,brd-a84102390,-0.19997619,0.014527911,17
3373,3511,brd-k85536714,-0.19996716,-0.050293013,4
3374,3512,tul-xviii076,-0.19992775,0.057572342,17
3375,3513,bjm-af-64,-0.19992222,0.05579395,23
3376,3514,brd-k16604360,-0.19989166,-0.016210249,23
3377,3515,demeclocycline,-0.19988512,0.045750502,15
3378,3516,brd-k38061943,-0.19987805,-0.03626495,12
3379,3517,cefotiam,-0.19987379,0.004788163,23
3380,3518,brd-k55557659,-0.19985712,0.03151694,13
3381,3519,brd-k05273600,-0.19983281,-0.02098602,4
3382,3520,tyrphostin-ag-556,-0.19982739,0.04359422,19
3383,3521,brd-a36884011,-0.19980934,0.039812725,17
3384,3522,brd-k31812348,-0.19979692,-0.04433575,4
3385,3523,brd-k99303177,-0.19978715,0.032110374,17
3386,3524,brd-k16464815,-0.19974142,-0.06854413,11
3387,3525,brd-k61979066,-0.19971967,-0.043278985,4
3388,3526,brd-k63220166,-0.19971094,-0.048157424,17
3389,3527,brd-k65012833,-0.19958368,-0.09819832,7
3390,3528,vinburnine,-0.19957103,-0.06656383,15
3391,3529,brd-k00409771,-0.19956176,0.022799848,12
3392,3530,brd-k39597586,-0.19955124,-0.005221619,15
3393,3531,piperidolate,-0.19955118,-0.03813115,27
3394,3532,afatinib,-0.19948511,0.012856145,64
3395,3533,brd-k43209476,-0.19948141,-0.01767648,4
3396,3534,sa-90377,-0.199433,0.05027251,25
3397,3535,akt-inhibitor-iv,-0.19942208,0.0299378,90
3398,3536,mpep,-0.19939142,6.795789e-06,17
3399,3537,brd-k31129604,-0.19938998,-0.06045727,5
3400,3538,sd-6-035-a10,-0.19934751,-0.018047698,13
3401,3539,brd-k60965159,-0.19928649,-0.025009388,13
3402,3540,tyrphostin,-0.1992817,0.0069574337,19
3403,3541,iso-olomoucine,-0.19926962,-0.056972045,15
3404,3542,brd-k89489862,-0.19926706,-0.06812531,6
3405,3543,brd-k68826049,-0.19925521,0.01882456,13
3406,3544,wz-4002,-0.19923593,0.0055122175,83
3407,3546,brd-a89208012,-0.19919074,0.0015141834,19
3408,3547,mw-stk33-4a,-0.19918597,-0.043730244,17
3409,3548,su-11274,-0.19917633,-0.07407051,66
3410,3549,brd-k55844427,-0.19915277,0.009093537,13
3411,3550,brd-k24469697,-0.19914259,-0.088600665,6
3412,3551,brd-k95146554,-0.19913116,-0.0195685,3
3413,3552,ml-4054,-0.19912022,-0.08662544,17
3414,3553,quinethazone,-0.1991194,0.036943775,19
3415,3554,brd-k23628492,-0.1991011,-0.019802978,6
3416,3555,brd-k15825608,-0.19910046,-0.019214075,4
3417,3556,bl003-049-hdac3,-0.19909316,-0.017192338,70
3418,3557,brd-k24169646,-0.19908917,0.029107645,5
3419,3558,brd-k90041947,-0.19908865,0.026416382,13
3420,3559,brd-k21259057,-0.19906658,-0.104343,6
3421,3560,dac-012,-0.19906166,-0.05808033,20
3422,3561,brd-k41757249,-0.19905369,-0.0053490098,17
3423,3562,brd-k66480544,-0.19904153,-0.06870439,6
3424,3563,brd-k31671785,-0.19904122,-0.08790564,4
3425,3564,brd-k37638153,-0.19901603,-0.09572057,9
3426,3565,brd-k64920356,-0.19899361,-0.059869263,5
3427,3566,fludarabine,-0.19899166,0.08751942,58
3428,3567,brd-k67808578,-0.19896115,0.00721657,35
3429,3568,brd-k53359044,-0.19894807,0.0354011,8
3430,3569,jl-7-128,-0.19894159,0.02586807,11
3431,3570,psh-028,-0.1988671,0.0022472974,15
3432,3571,chlormadinone-acetate,-0.19886674,-0.02442483,23
3433,3572,ym-155,-0.19884172,0.029515488,73
3434,3573,brd-k89486464,-0.19880652,-0.01126338,13
3435,3574,brd-k83216866,-0.19879453,-0.020394076,7
3436,3575,brd-k37073485,-0.19874339,0.02025368,4
3437,3576,brd-k48199208,-0.19873185,-0.013007259,15
3438,3577,bibr-1532,-0.19873041,0.024767924,59
3439,3578,brd-k30935394,-0.19871221,-0.07966727,4
3440,3579,zolpidem,-0.19866854,0.006067424,22
3441,3580,tubaic-acid,-0.19865595,0.04391575,27
3442,3581,brd-k34092011,-0.19860178,-0.038832117,13
3443,3582,nicotine,-0.19856195,-0.036393177,26
3444,3583,brd-k91498722,-0.19855638,-0.05814907,4
3445,3584,paxilline,-0.19854672,-0.0075619146,21
3446,3585,amisulpride,-0.19854097,-0.047399987,30
3447,3586,brd-k96456313,-0.19851549,0.07880679,13
3448,3587,brd-k28293491,-0.19850919,0.003999645,17
3449,3588,brd-k08656311,-0.19846736,-0.121574014,4
3450,3589,brd-k72913684,-0.1984671,-0.05264114,7
3451,3590,brd-k44484254,-0.19845982,-0.025906686,13
3452,3591,jnj-10191584,-0.19842477,0.004709348,19
3453,3592,ku-0063794,-0.19841854,0.09252262,59
3454,3593,brd-k46610687,-0.19841474,-0.010211136,7
3455,3594,brd-k32862555,-0.19839314,-0.015716795,15
3456,3595,brd-k57480017,-0.19838719,0.05436474,15
3457,3596,scoulerine,-0.1983808,-0.003145435,19
3458,3597,brd-k52524742,-0.19837837,-0.106630854,13
3459,3598,brd-k65258912,-0.19834527,0.006315146,31
3460,3599,brd-k89563433,-0.19830458,0.092328034,12
3461,3600,itraconazole,-0.19828773,-0.01056973,74
3462,3601,hexamethylenebisacetamide,-0.1982403,-0.0020750263,11
3463,3602,brd-a93015352,-0.19819507,-0.009061697,17
3464,3603,phenelzine,-0.19817315,0.006985878,27
3465,3604,gemfibrozil,-0.19817218,0.02870517,35
3466,3605,sa-1457305,-0.19816464,0.018678958,15
3467,3607,gw-311616,-0.19815555,-0.029863171,19
3468,3608,brd-k59524902,-0.19815236,-0.07808834,8
3469,3609,brd-k51993206,-0.19814664,-0.06780011,6
3470,3610,brd-k44161636,-0.1981271,-0.07181735,4
3471,3611,sb-216763,-0.19811897,0.028607188,113
3472,3612,brd-k85205404,-0.19811694,0.034400627,13
3473,3613,brd-k04588345,-0.1981106,-0.037433572,4
3474,3614,brd-k40225343,-0.1981,0.033797774,11
3475,3615,ku-c103655,-0.19808733,-0.08620927,13
3476,3616,brd-k77786391,-0.1980747,-0.0045767915,7
3477,3617,brd-k09824708,-0.19807182,0.0071568256,13
3478,3619,brd-k57562268,-0.19800603,0.010974305,13
3479,3620,bepridil,-0.19800252,-0.024870453,26
3480,3621,domperidone,-0.19795986,0.046962027,23
3481,3622,brd-k75302809,-0.1979493,-0.0967068,13
3482,3623,brd-k00256256,-0.19793768,0.013042637,13
3483,3624,brd-k05978741,-0.197902,0.08190799,12
3484,3625,brd-k90070572,-0.19789132,-0.09327637,4
3485,3626,brd-a22272113,-0.19788028,0.02999475,17
3486,3627,sa-1472702,-0.19786274,-0.042521767,18
3487,3628,brd-k35858371,-0.19785596,0.068846956,13
3488,3630,brd-k55536701,-0.19785355,0.08152854,17
3489,3631,loteprednol,-0.19783558,-0.07102794,11
3490,3632,brd-k94823396,-0.19782966,-0.0639822,6
3491,3633,brd-k97993646,-0.1978205,-0.12034632,6
3492,3634,vu-0424182-2,-0.19779076,-0.00056960166,12
3493,3635,brd-k02694971,-0.1977802,-0.044402584,4
3494,3637,salvinorin-a,-0.19777204,0.047819454,19
3495,3638,mw-stk33-97,-0.19777079,-0.013492833,32
3496,3639,fu-jmbii105b,-0.19776562,0.07961906,15
3497,3640,brd-k72732164,-0.19775201,0.022364503,11
3498,3641,brd-k96707310,-0.19772694,0.07819952,4
3499,3642,deforolimus,-0.19772047,0.002171027,17
3500,3643,brd-k43212439,-0.19770584,-0.04772428,5
3501,3644,sa-1925621,-0.1977047,-0.025464602,12
3502,3645,brd-k68870366,-0.19769149,-0.028389592,4
3503,3646,tosyl-phenylalanyl-chloromethyl-ketone,-0.19768499,0.022903847,23
3504,3647,skimmianine,-0.19767916,0.079077296,19
3505,3648,brd-k94381355,-0.19767557,-0.08847816,13
3506,3649,brd-k48576794,-0.19765916,-0.03371044,31
3507,3650,brd-k32069250,-0.19762641,-0.15536973,6
3508,3651,brd-k83047454,-0.19762087,-0.14380059,3
3509,3652,brd-k58618158,-0.19760652,-0.07304937,13
3510,3653,brd-k83757561,-0.1975917,-0.03739389,6
3511,3654,brd-k73474555,-0.19757694,0.061174087,3
3512,3656,brd-k90446118,-0.1975611,0.05314538,17
3513,3657,kuc105208,-0.19755414,-0.009320814,28
3514,3658,sa-1922927,-0.19753939,0.048708156,18
3515,3660,ku-c104255,-0.1975105,0.04741416,13
3516,3661,brd-k99633092,-0.19749221,-0.014194626,13
3517,3662,irl-2500,-0.19748978,-0.023531843,19
3518,3663,brd-k86335338,-0.19746166,-0.069552585,6
3519,3664,melatonin,-0.1974109,-0.028723232,58
3520,3665,brd-k12837223,-0.19738837,-0.10309288,4
3521,3666,zacopride,-0.19735554,-0.02995088,32
3522,3667,brd-k07850148,-0.19733286,-0.0007220596,17
3523,3668,homatropine,-0.19731292,8.170987e-05,49
3524,3669,nitrocaramiphen,-0.19731112,-0.046560645,23
3525,3670,brd-a06276885,-0.19728905,0.026721789,19
3526,3671,brd-k45714982,-0.19727418,-0.1586906,4
3527,3672,brd-k96072942,-0.1972559,0.081436634,11
3528,3673,vinblastine,-0.19722328,-0.00061235344,61
3529,3674,brd-k56584267,-0.19720015,-0.098176,4
3530,3675,clofazimine,-0.19719672,-0.066529065,14
3531,3676,sn-38,-0.19715218,0.119036466,95
3532,3677,st-012015,-0.19711542,0.02571043,17
3533,3678,brd-k80126354,-0.19709161,-0.009739942,15
3534,3679,brd-k08438429,-0.19705647,0.07551776,32
3535,3680,brd-k91671201,-0.19705443,-0.06723399,17
3536,3681,h-89,-0.19703647,0.006711843,19
3537,3682,brd-k78797196,-0.1970219,0.006521102,15
3538,3683,cay-10585,-0.19701783,0.064545244,18
3539,3684,brd-k90004840,-0.19699317,0.037442226,5
3540,3685,brd-k24625151,-0.19699168,-0.05480048,5
3541,3686,helveticoside,-0.19697121,-0.035189066,15
3542,3687,brd-k21374126,-0.19697064,0.01247629,10
3543,3688,nas-181,-0.19696416,0.014351979,19
3544,3689,glipizide,-0.19695812,0.088656396,33
3545,3690,brd-k25375605,-0.19692989,-0.022849236,17
3546,3692,penfluridol,-0.19689538,0.09038498,41
3547,3693,brd-k93376546,-0.19687894,-0.06041293,6
3548,3694,brd-k13559434,-0.19686596,0.052505277,5
3549,3695,st-019366,-0.19685629,0.014606622,17
3550,3696,remacemide,-0.19685565,0.04460268,30
3551,3697,sa-1472514,-0.1968426,-0.04501723,12
3552,3698,disulfiram,-0.19682464,-0.016070347,14
3553,3699,ku-c104495,-0.19682279,0.09192407,12
3554,3700,kuc104235n,-0.19680569,0.07056119,13
3555,3701,sr-59230a,-0.19679072,-0.008313955,19
3556,3702,brd-k01966678,-0.19678669,-0.054446425,5
3557,3703,yohimbine,-0.19678554,-0.000992649,59
3558,3705,sertraline,-0.19675438,0.022615317,38
3559,3706,brd-k29003210,-0.19671682,-0.014170999,17
3560,3707,fillalbin,-0.19671403,0.016788213,19
3561,3708,brd-k50558304,-0.19668148,-0.07127453,6
3562,3709,brd-k59222562,-0.19667839,-0.041336022,12
3563,3710,brd-a31180007,-0.19664896,0.11937239,6
3564,3712,ifenprodil,-0.19660439,0.043002915,14
3565,3713,brd-k28841686,-0.19659638,-0.019068627,13
3566,3714,triclosan,-0.196585,0.046199117,27
3567,3715,brd-k19418153,-0.19657747,-0.025909835,6
3568,3716,brd-k38690464,-0.19656482,0.03689853,17
3569,3717,homosalate,-0.19655594,-0.016188463,23
3570,3718,brd-k30836161,-0.19655403,-0.018261831,12
3571,3719,brd-k14355517,-0.19654907,0.007115033,12
3572,3720,rs-16566,-0.19654721,-0.07693657,19
3573,3721,cyclopenthiazide,-0.19653511,-0.06524862,23
3574,3722,brd-k80368509,-0.19652557,-0.047430795,28
3575,3723,brd-k68887696,-0.19652082,-0.05749008,3
3576,3724,mephentermine,-0.1965106,0.07228922,27
3577,3725,brd-k00541156,-0.19649513,0.006180312,13
3578,3726,flutamide,-0.19648752,-0.0030831466,139
3579,3727,brd-k35191571,-0.1964808,0.0043071634,13
3580,3728,brd-k19985802,-0.196466,0.13114685,13
3581,3729,ku-0060648,-0.19644953,0.052108508,94
3582,3730,brd-k59840856,-0.19642438,-0.1006278,13
3583,3731,salsolidine,-0.19639726,-0.08013973,4
3584,3732,etoposide,-0.19639374,0.096251674,43
3585,3733,deoxycorticosterone-acetate,-0.1963862,0.0045132292,19
3586,3735,brd-k39143839,-0.19636509,0.069946624,6
3587,3736,brd-k37268490,-0.19636185,-0.04993121,8
3588,3737,brd-k22321414,-0.19636048,-0.022066947,48
3589,3739,brd-k16567490,-0.19630696,-0.044353947,6
3590,3740,brd-k96697180,-0.19630666,0.035310194,12
3591,3741,phorbol-myristate-acetate,-0.19626932,-0.07905174,39
3592,3742,phentolamine,-0.19625548,-0.06291806,33
3593,3743,betamethasone,-0.19624744,-0.020646853,42
3594,3744,brd-k79854633,-0.19624157,0.07245268,11
3595,3745,brd-k69396629,-0.19619556,0.04959777,12
3596,3746,brd-k78327149,-0.19615045,-0.06376883,5
3597,3747,brd-k18300217,-0.19614872,-0.0461595,12
3598,3748,remoxipride,-0.1961226,0.0051747654,23
3599,3749,spiramide,-0.19612053,-0.012343559,35
3600,3750,brd-k07023879,-0.19611622,0.018061783,17
3601,3751,brd-k66261897,-0.19610383,-0.15062444,4
3602,3752,brd-k16300438,-0.19609608,-0.061954096,28
3603,3753,celastrol,-0.196088,0.0024783877,60
3604,3754,brd-k39504007,-0.19607282,-0.1270986,11
3605,3755,floxuridine,-0.19606256,0.04642012,32
3606,3756,brd-k91454871,-0.19605397,0.031871933,4
3607,3757,brd-k09989112,-0.19605394,-0.0060791066,6
3608,3758,brd-k32101742,-0.19602846,0.021441322,13
3609,3759,brd-k22862802,-0.1960049,0.09666679,5
3610,3760,brd-k27014041,-0.19600017,-0.06710655,6
3611,3761,brd-k93301765,-0.19594677,-0.12012736,4
3612,3762,scopolamine-n-oxide,-0.1959372,-0.025999267,19
3613,3763,brd-k65959597,-0.19592701,-0.07089102,4
3614,3764,brd-k80789291,-0.19592108,-0.05248239,4
3615,3765,brd-k33606495,-0.19592027,-0.03938311,17
3616,3767,brd-k71153796,-0.1958809,-0.054426726,5
3617,3768,rotenone,-0.19585389,0.026832553,77
3618,3769,brd-k37477851,-0.19584475,-0.11695205,7
3619,3770,brd-a70591769,-0.19581412,-0.051712986,17
3620,3771,brd-k13007539,-0.1958108,-0.10925205,6
3621,3772,acdpp,-0.19578192,-0.05007647,8
3622,3773,brd-k58033748,-0.19573115,-0.040674534,12
3623,3774,brd-k55194575,-0.1957206,0.0057695685,12
3624,3775,brd-k30781400,-0.19571671,-0.054225042,13
3625,3776,brd-a41114263,-0.19567685,-0.035481524,17
3626,3777,brd-k60379529,-0.19567002,0.05400027,17
3627,3778,brd-k24058148,-0.19566835,-0.057379995,4
3628,3779,brd-k16034108,-0.19565085,0.051074907,11
3629,3780,brd-k67780021,-0.19563279,-0.07831284,4
3630,3781,tolterodine,-0.19560769,-0.05051457,11
3631,3782,pd-102807,-0.19560152,0.0367306,19
3632,3783,brd-k25496062,-0.19557635,-0.010696021,4
3633,3784,brd-k32885145,-0.19556911,0.03037466,14
3634,3785,a-disintegrin-and-metalloproteinase,-0.19550799,0.030261764,6
3635,3786,"hydrastine-(1r,-9s)",-0.19549084,-0.042683534,19
3636,3787,brd-k41302766,-0.1954516,-0.13925141,5
3637,3788,brd-k67484673,-0.19543229,-0.026545543,26
3638,3789,brd-k19433082,-0.19541675,-0.05643556,15
3639,3790,s-206352,-0.19540796,0.029502854,17
3640,3791,jas07-010,-0.19540694,0.0020025398,15
3641,3792,brd-k41797142,-0.19540557,-0.0030393188,15
3642,3793,brd-k84639586,-0.19539507,-0.017423632,4
3643,3794,brd-k10325955,-0.19539146,-0.12595047,4
3644,3795,brd-k98404142,-0.19537278,-0.018722722,59
3645,3797,brd-k26903971,-0.1953316,-0.09821862,4
3646,3798,brd-k56593426,-0.19527152,-0.07342895,5
3647,3799,bjm-csc-15,-0.19527075,0.016359955,38
3648,3800,reboxetine,-0.1952642,-0.00011568335,29
3649,3801,brd-k08607084,-0.19526024,-0.09247568,4
3650,3802,brd-k94390040,-0.19523188,-0.009202908,13
3651,3803,aminobenztropine,-0.1952249,0.08947437,6
3652,3804,arg-csc2-23,-0.1952183,-0.007251888,17
3653,3805,brd-k13146765,-0.19521171,-0.017102594,15
3654,3806,brd-k71714567,-0.19521095,-0.054247223,8
3655,3809,brd-a08662020,-0.19516556,0.0086134095,12
3656,3810,itdac-1,-0.19515358,-0.1472064,6
3657,3811,agk-2,-0.19512907,0.029961105,71
3658,3812,brd-k38044934,-0.19512497,-0.0012710502,42
3659,3813,brd-k62773636,-0.19508666,-0.09520084,4
3660,3814,brd-k73125384,-0.19508027,-0.082183555,13
3661,3815,brd-k37303684,-0.195072,0.00992961,11
3662,3816,chlormezanone,-0.19506066,0.08978291,3
3663,3817,brd-k76935234,-0.19505736,0.01842019,13
3664,3818,brd-k13046565,-0.19505174,-0.00778121,15
3665,3819,brd-k24722667,-0.19504568,-0.14794832,4
3666,3820,brd-k93763244,-0.19503911,-0.051258855,4
3667,3821,brd-k16046246,-0.19503789,0.016759772,13
3668,3822,pnu-74654,-0.19501163,-0.0065109353,65
3669,3823,brd-k44890999,-0.19501048,0.026505323,17
3670,3824,brd-k76357752,-0.19499929,0.0075715594,24
3671,3825,brd-k27530838,-0.19499204,-0.020830026,7
3672,3827,brd-k71029018,-0.19497609,0.06455334,13
3673,3828,brd-k65213718,-0.19497001,-0.04243637,6
3674,3829,brd-a06664848,-0.19496818,-0.08234479,15
3675,3830,brd-k63874400,-0.19493255,0.017710408,8
3676,3832,ku-c104220,-0.1949111,0.027220739,12
3677,3833,brd-k08307026,-0.19487558,-0.016585458,17
3678,3834,"7,4'-dihydroxyflavone",-0.19485942,0.041057993,11
3679,3835,brd-k18163752,-0.19485417,-0.052646153,17
3680,3836,brd-k42021584,-0.19484717,0.015421704,12
3681,3837,sa-1938862,-0.1948442,0.054460682,12
3682,3838,brd-k18832733,-0.19482803,-0.0877468,4
3683,3839,brd-k84102257,-0.19481634,-0.0004970137,13
3684,3840,brd-k75035820,-0.19481586,0.035235364,17
3685,3841,tandutinib,-0.19480336,0.0142790405,17
3686,3842,noscapine,-0.19477248,-0.042792,64
3687,3843,valdecoxib,-0.1947696,0.021891482,69
3688,3844,brd-k58600416,-0.19474776,-0.040041618,6
3689,3845,brd-k37608670,-0.19474128,-0.08629858,3
3690,3847,tl-hras-24,-0.19472352,0.07200151,12
3691,3848,brd-k68007270,-0.19468875,-0.046149503,17
3692,3849,brd-k41377239,-0.19468585,-0.08797938,4
3693,3850,sa-1458189,-0.19468026,-0.021989128,15
3694,3851,brd-k50868745,-0.19467525,0.0021932938,14
3695,3852,ici-63197,-0.19464196,0.06475,23
3696,3853,brd-k67498554,-0.19462782,0.0028257016,12
3697,3854,cladribine,-0.19461171,0.033028282,28
3698,3855,gw-405833,-0.1946095,-0.007177514,78
3699,3857,gsk-0660,-0.19457862,0.08730906,18
3700,3858,nateglinide,-0.19455205,-0.020386782,30
3701,3859,tyrphostin-b44,-0.19455,-0.035324555,19
3702,3860,argatroban,-0.19454715,0.037358154,15
3703,3861,ml-3163,-0.19450526,0.07550706,19
3704,3862,brd-k45308677,-0.19450349,-0.039438415,15
3705,3863,brd-k54432046,-0.19450009,-0.101096004,5
3706,3864,apha-compound-8,-0.19448936,0.009970693,18
3707,3865,cycloserine-(d),-0.19448105,0.027680887,26
3708,3867,brd-k81314178,-0.19447678,-0.1064875,18
3709,3868,nm-pp1,-0.1944537,-0.02817386,13
3710,3869,brd-k64900763,-0.19444725,0.0060614618,4
3711,3870,rhodomyrtoxin,-0.19442394,-0.098298915,15
3712,3871,brd-k67258146,-0.1944185,-0.02384075,18
3713,3872,brd-k92470030,-0.19441462,-0.013244299,15
3714,3873,brd-k21953167,-0.19439402,-0.093645886,4
3715,3874,brd-k64136010,-0.19439125,-0.08623598,7
3716,3875,zardaverine,-0.19438481,0.02547146,34
3717,3876,brd-k47825575,-0.19437039,-0.06148709,17
3718,3878,brd-k00799745,-0.19435744,-0.097337514,6
3719,3879,peucedanin,-0.1943426,0.009106774,8
3720,3880,miglitol,-0.19431278,0.001836642,15
3721,3881,brd-k56621049,-0.19429673,0.014278838,4
3722,3882,brd-k75425370,-0.19428526,-0.12283626,4
3723,3883,thalidomide,-0.19426847,-0.003564211,102
3724,3884,brd-k11577165,-0.19426356,-0.14730284,4
3725,3886,brd-k89814851,-0.19424562,-0.022277955,17
3726,3889,mc-1293,-0.19421111,0.01224982,6
3727,3890,sc-19220,-0.1942065,-0.041299496,15
3728,3891,brd-k75576199,-0.19415653,-0.09044939,4
3729,3892,brd-k49276305,-0.19414751,-0.11343885,4
3730,3893,dizocilpine,-0.19414663,-0.04218457,13
3731,3894,serotonin,-0.19413914,0.009008591,18
3732,3895,u-0124,-0.19411589,0.018431354,15
3733,3896,brd-k31770065,-0.19410327,-0.10622287,5
3734,3898,brd-k76512739,-0.19409932,-0.035753984,8
3735,3899,brd-k03559171,-0.19408742,-0.08666728,5
3736,3900,toltrazuril,-0.1940703,-0.036702476,27
3737,3902,brd-k45480436,-0.19406253,-0.11850921,6
3738,3903,byssochlamic-acid,-0.19406082,0.035412624,15
3739,3904,brd-k60703313,-0.19405468,-0.039975606,4
3740,3906,ql-xi-92,-0.19404554,0.00041901768,66
3741,3907,brd-k72502177,-0.19401656,-0.06866367,7
3742,3908,cefoxitin,-0.19400808,0.017868917,15
3743,3909,ei-346-erlotinib-analog,-0.19400202,-0.02104653,17
3744,3910,brd-a55317422,-0.1939718,0.03951797,6
3745,3911,brd-k34030207,-0.19396204,-0.078307,3
3746,3913,brd-k51797651,-0.19392964,-0.15111426,5
3747,3914,brd-k90090262,-0.19392505,-0.013180381,17
3748,3915,brd-k34182570,-0.19391502,0.027093645,4
3749,3916,vx-702,-0.19389965,0.088410586,17
3750,3917,olopatadine,-0.19387431,0.047890507,17
3751,3918,brd-k55116708,-0.19385055,0.058112457,13
3752,3919,brd-k03354784,-0.19384532,-0.016746731,12
3753,3920,brd-k11362964,-0.19384083,0.030655049,17
3754,3923,brd-k92020737,-0.1937945,0.070343494,12
3755,3924,erythromycin-ethylsuccinate,-0.19375154,0.07450301,23
3756,3925,brd-k83155387,-0.19375087,0.024026034,4
3757,3926,seneciphylline,-0.1937423,-0.049917646,19
3758,3927,brd-k03522229,-0.19374064,-0.11021765,11
3759,3928,brd-k93116089,-0.19373886,-0.011498802,12
3760,3929,cgs-15943,-0.19372891,0.07409082,85
3761,3930,sd-6-035-a6,-0.19371532,0.1031759,13
3762,3931,brd-k68971353,-0.19369012,0.04712452,8
3763,3932,brd-k22420960,-0.19368647,-0.1654357,4
3764,3933,az-10417808,-0.19366984,0.00164404,19
3765,3934,brd-k53621751,-0.19365385,-0.06271117,4
3766,3936,brd-k53461563,-0.1936217,-0.043330792,13
3767,3937,androstanol,-0.19361642,-0.005336696,24
3768,3938,dioxane,-0.19361144,-0.13700633,3
3769,3939,maraviroc,-0.19359782,0.03207533,59
3770,3940,brd-k47128441,-0.19359227,-0.08547562,8
3771,3941,brd-a32241587,-0.1935877,0.037854616,17
3772,3942,bms-777607,-0.19358231,-0.03638386,48
3773,3943,brd-k28452084,-0.19354096,-0.0010550354,15
3774,3944,brd-k30436233,-0.19352786,-0.13247083,4
3775,3945,brd-k82226238,-0.19350748,-0.10201862,4
3776,3946,aristolochic-acid,-0.19350554,0.03751345,23
3777,3947,brd-k88114920,-0.19349723,-0.11008994,9
3778,3948,brd-k63178889,-0.19348972,-0.03782814,12
3779,3949,brd-k93899689,-0.19348691,-0.048437163,17
3780,3950,brd-k02175743,-0.19348179,-0.08222318,13
3781,3951,zd-7114,-0.19347131,-0.00442512,23
3782,3952,brd-k02437976,-0.19347084,0.053897955,12
3783,3953,brd-k50218580,-0.19346988,0.035910845,12
3784,3954,opipramol,-0.19342633,-0.019950867,4
3785,3955,brd-k60700659,-0.1934038,-0.048221514,4
3786,3956,brd-k43807558,-0.19339484,-0.051836364,6
3787,3957,brd-k41862560,-0.1933877,0.0458196,13
3788,3958,brd-k45333259,-0.19338168,-0.035679366,5
3789,3959,brd-k81751891,-0.19334567,-0.0055794595,15
3790,3960,brd-k43550773,-0.19334014,0.2769039,6
3791,3961,ml-167,-0.19333358,-0.012985741,13
3792,3963,pp-1,-0.19331104,0.108288325,19
3793,3964,tl-hras-27,-0.19328596,-0.025887199,12
3794,3965,brd-k23557133,-0.19328333,-0.0889923,4
3795,3966,acetaldehyde,-0.19327965,-0.101266876,3
3796,3967,brd-k37413063,-0.19327217,-0.034150053,15
3797,3968,brd-k09632545,-0.19326544,-0.025851881,4
3798,3969,rs-504393,-0.19323929,-0.0018054809,19
3799,3970,brd-k72787121,-0.19322306,0.01679515,15
3800,3971,clioquinol,-0.19315816,-0.03855699,19
3801,3972,brd-k69206710,-0.19315124,-0.043686926,7
3802,3973,dmeob,-0.1931279,-0.0869194,17
3803,3974,brd-a20488704,-0.19312201,-0.047584403,17
3804,3976,mrs-1754,-0.193102,-0.042480122,19
3805,3977,entecavir,-0.19306226,-0.0038289968,18
3806,3978,brd-k74702716,-0.19305578,-0.06972326,4
3807,3979,brd-k97758158,-0.1930443,-0.08927963,9
3808,3980,dnqx,-0.19302967,0.002135419,19
3809,3981,brd-a06131576,-0.19298394,0.065013595,17
3810,3982,brd-k48031880,-0.19296432,0.065569155,4
3811,3983,eticlopride,-0.19295233,0.029581517,19
3812,3984,brd-k76528265,-0.19294617,-0.13538422,4
3813,3985,tcs-359,-0.19293894,-0.048692852,15
3814,3986,brd-k86522396,-0.19293468,-0.06715666,9
3815,3987,angiogenesis-inhibitor,-0.19293314,0.058845684,19
3816,3988,sd-6-035-a4,-0.19292298,0.016115457,20
3817,3989,dipropyl-dopamine,-0.19291756,0.08325926,27
3818,3990,brd-k13318664,-0.1929171,0.024130026,12
3819,3991,brd-k74931283,-0.19289874,-0.031937677,17
3820,3992,iaa-94,-0.1928647,-0.079617605,19
3821,3993,brd-a18411371,-0.19285068,0.073508605,13
3822,3994,brd-k35254025,-0.19284019,-0.020130746,13
3823,3995,brd-k44980533,-0.1928357,-0.08083362,3
3824,3996,brd-k33392208,-0.19281763,-0.03278828,17
3825,3997,calmidazolium,-0.19281216,0.02284173,31
3826,3998,brd-k49934959,-0.19280128,0.09349635,4
3827,3999,brd-k53790075,-0.1927921,0.020698275,7
3828,4000,pterostilbene,-0.19278856,0.08685375,17
3829,4001,brd-k47917680,-0.192769,-0.06398473,13
3830,4002,brd-k59705555,-0.19275953,-0.020077383,13
3831,4003,sa-1921867,-0.19273815,-0.019902837,20
3832,4004,brd-k24045217,-0.19272128,-0.042241246,8
3833,4005,brd-k04856990,-0.19272001,0.11764155,8
3834,4006,brd-k40013467,-0.19270982,-0.006943405,5
3835,4007,brd-k58991610,-0.19270745,-0.060276397,6
3836,4008,brd-a94297859,-0.19268629,0.078974,13
3837,4009,hesperidin,-0.19266321,0.015404421,19
3838,4010,brd-k45763312,-0.1926592,-0.025742728,12
3839,4011,brd-k16956545,-0.19265391,-0.04468395,64
3840,4012,acetyl-geranyl-cysteine,-0.19265246,-0.06085857,24
3841,4013,lumicolchicine,-0.19264802,0.046767447,22
3842,4014,brd-k92489476,-0.19264492,0.05162388,17
3843,4015,brd-k47881779,-0.19263992,-0.10238977,4
3844,4016,brd-k34573832,-0.19262584,-0.04861439,3
3845,4017,bg-1012,-0.19262199,-0.029649448,6
3846,4018,cd-1530,-0.19261773,0.0910057,58
3847,4019,brd-k65000194,-0.1926158,-0.028976498,6
3848,4020,sr-27897,-0.19261251,-0.012457379,19
3849,4021,levocetirizine,-0.19260481,0.020047229,11
3850,4022,km-00927,-0.19260345,0.050204463,18
3851,4023,diethylstilbestrol,-0.19255947,0.02631903,78
3852,4024,brd-k32301393,-0.19251902,0.021313488,10
3853,4025,brd-k42455570,-0.19250983,-0.003381149,12
3854,4026,brd-k22912836,-0.19250615,0.035053696,14
3855,4027,bay-11-7082,-0.19250453,0.05243542,71
3856,4028,ethylestrenol,-0.19249342,0.043906696,11
3857,4029,cgs-21680,-0.19246292,0.02933306,25
3858,4030,tiletamine,-0.1924453,-0.12411918,4
3859,4031,ellipticine,-0.19244213,0.039308127,30
3860,4032,5-methoxytryptamine,-0.1924405,-0.055375755,24
3861,4033,brd-a98248982,-0.19242898,0.026585178,89
3862,4034,brd-k47396627,-0.19235843,-0.020878619,13
3863,4035,brd-k24855614,-0.19234988,-0.1366676,4
3864,4036,brd-k61164584,-0.19234352,-0.057553787,3
3865,4037,brd-k58674774,-0.19231927,-0.0319469,13
3866,4039,brd-k52341396,-0.19228116,-0.01536088,13
3867,4040,brd-a87384553,-0.19227362,0.04648683,8
3868,4041,brd-k59134391,-0.19227087,-0.11977505,5
3869,4042,zeranol,-0.19226788,-0.017714946,11
3870,4043,ichthynone,-0.19222306,0.02568352,27
3871,4044,brd-k31635696,-0.19221573,-0.042712096,5
3872,4045,brd-k59980915,-0.1921729,-0.022050148,17
3873,4046,brd-k83893121,-0.19216104,-0.0026972517,6
3874,4047,brd-k96165286,-0.1921356,-0.041395996,4
3875,4048,brd-k02598395,-0.1921234,0.100429974,13
3876,4049,altrenogest,-0.19208501,0.03191324,23
3877,4050,stiripentol,-0.19207054,-0.005082189,13
3878,4051,heliotrine,-0.19206943,-0.050419945,15
3879,4053,brd-k84301121,-0.19206436,-0.04413034,12
3880,4054,brd-k95561591,-0.19206312,0.011963098,13
3881,4055,practolol,-0.19204248,-0.02708251,26
3882,4056,brd-k42048463,-0.19199298,-0.10293633,4
3883,4058,brd-k45383235,-0.1919852,-0.002518203,4
3884,4059,brd-k44978960,-0.19198216,0.017331427,25
3885,4060,brd-k81119027,-0.19194202,-0.009319065,4
3886,4063,rg-108,-0.1919359,0.035218332,59
3887,4064,brd-k06716139,-0.19190769,-0.08478698,4
3888,4065,noretynodrel,-0.1919049,0.033042282,57
3889,4066,cyproterone,-0.19188698,-0.0074351365,23
3890,4067,brd-k48204702,-0.1918851,0.010392919,17
3891,4069,sa-1920683,-0.1918634,-0.04689136,13
3892,4070,brd-k78596368,-0.19185232,-0.034771234,17
3893,4072,zaleplon,-0.19184522,-0.09051834,4
3894,4073,fenpiverinium,-0.19184326,0.007388904,11
3895,4074,alclometasone,-0.1918244,-0.04736552,27
3896,4075,ethotoin,-0.19182104,0.055103254,19
3897,4076,triciribine,-0.19181493,-0.050326448,71
3898,4077,brd-k60783789,-0.19179054,-0.11754118,4
3899,4078,brd-k53566850,-0.19178107,-0.017130041,15
3900,4079,brd-k20037743,-0.19176196,-0.07344348,3
3901,4080,brd-k13528168,-0.19176014,0.05156561,4
3902,4081,brd-k63550534,-0.1917461,0.063413486,15
3903,4082,gw-9508,-0.19174312,0.04304332,34
3904,4083,brd-k81214387,-0.19174188,-0.0912088,12
3905,4084,betamethasone-acetate,-0.19170427,0.012187512,23
3906,4085,ns-1619,-0.19168513,-0.10536585,23
3907,4086,ganglioside,-0.19167131,-0.035338692,19
3908,4087,phylloquinone,-0.19166303,-0.09858104,11
3909,4088,phenoxazine,-0.19163993,-0.024249636,59
3910,4089,serdemetan,-0.19162802,0.026749093,107
3911,4090,sal-1,-0.19161616,-0.016260784,15
3912,4091,brd-k23287115,-0.19160491,-0.008934753,7
3913,4092,brd-k84724939,-0.19158888,-0.12848568,4
3914,4093,am-251,-0.19155318,-0.016868263,32
3915,4094,pyrantel,-0.19154344,-0.026414841,3
3916,4095,brd-k46381939,-0.19154093,-0.026959334,10
3917,4096,brd-k37273423,-0.19153662,-0.12881216,5
3918,4097,brd-k41303952,-0.1915347,-0.036690313,17
3919,4098,erk-inhibitor-11e,-0.19152777,-0.0123880785,59
3920,4099,brd-k35637774,-0.19151713,-0.10746314,6
3921,4101,brd-k96157570,-0.19150999,0.07194637,13
3922,4102,brd-k50177987,-0.19150807,0.040674612,13
3923,4103,brd-k41880142,-0.19149554,0.07268052,10
3924,4104,dcpib,-0.19148391,0.01812817,23
3925,4105,megestrol,-0.19147752,0.0032273617,41
3926,4106,brd-k96704748,-0.19147249,0.04812463,17
3927,4107,brd-k73952419,-0.19142194,-0.0099058235,4
3928,4108,bml-210,-0.19137509,0.016818821,6
3929,4109,lysylphenylalanyl-tyrosine,-0.19136369,-0.096244045,8
3930,4110,eugenol,-0.19135,-0.06382544,15
3931,4111,brd-k57044355,-0.19134566,-0.039505366,12
3932,4112,brd-k55966666,-0.19133098,-0.018103585,13
3933,4113,brd-k31920348,-0.19131052,-0.040665377,4
3934,4114,ly-303511,-0.1912793,-0.004547425,19
3935,4115,brd-k26906367,-0.19127889,-0.05229443,12
3936,4116,brd-k98945308,-0.19123542,0.08712429,14
3937,4117,brd-k55179756,-0.19122143,-0.047894392,11
3938,4118,brd-a67306036,-0.19119722,0.005826495,17
3939,4119,prima-1-met,-0.19119611,-0.015493493,59
3940,4120,brd-k54173022,-0.19117346,-0.101188555,5
3941,4121,skf-104078,-0.19116798,-0.039226804,6
3942,4122,trimebutine,-0.19115444,0.067041226,11
3943,4123,geranylgeraniol,-0.19110206,-0.053951953,24
3944,4124,brd-k56658166,-0.19109729,-0.00691957,15
3945,4125,brd-k68287477,-0.19109097,-0.099572375,5
3946,4127,brd-k96352593,-0.19108625,-0.06138815,15
3947,4128,aminomethyltransferase,-0.19107468,-0.030285688,19
3948,4129,ly-320135,-0.19107117,-0.028672025,19
3949,4130,ly-456236,-0.19106698,0.0015823602,31
3950,4131,dibenzoylmethane,-0.19104312,-0.02237881,15
3951,4133,benperidol,-0.19103782,-0.0071993778,23
3952,4134,brd-k24214483,-0.19103475,-0.060565338,13
3953,4135,brd-k23992348,-0.19101454,-0.03640678,4
3954,4136,brd-k43014159,-0.19099149,0.0672538,6
3955,4137,pinocembrin,-0.19098698,-0.027316708,19
3956,4138,brd-k45307499,-0.1909618,-0.06990804,3
3957,4139,ru-24969,-0.19093463,-0.035421163,42
3958,4140,brd-a01960364,-0.19093268,-0.10554844,17
3959,4141,brd-k65124508,-0.19092986,-0.08655692,7
3960,4143,brd-k47588363,-0.19091545,-0.06619223,5
3961,4144,brd-k77239206,-0.19090316,0.06255074,13
3962,4146,brd-k37061750,-0.19086778,0.037593838,15
3963,4147,brd-k00484200,-0.1908613,0.0011717528,6
3964,4148,brd-k43337737,-0.19085945,-0.053563435,5
3965,4150,brd-k76951091,-0.19084351,-0.1147103,13
3966,4151,cgp-52432,-0.19083326,-0.0584338,19
3967,4152,brd-k47490989,-0.19082092,0.03702433,13
3968,4153,h-9,-0.19081005,-0.04218903,37
3969,4154,dirithromycin,-0.1907953,-0.07188098,4
3970,4155,brd-k92801790,-0.19078611,-0.025971662,8
3971,4156,rk-682,-0.19078523,0.008451887,22
3972,4158,brd-k73285375,-0.19078198,0.0009337408,13
3973,4159,brd-k42960120,-0.19077025,-0.13058983,4
3974,4160,raclopride,-0.1907511,-0.0047339504,34
3975,4161,brd-k15804688,-0.19074604,-0.013339223,7
3976,4162,brd-k34431359,-0.19073601,-0.09462908,4
3977,4163,brd-k77264557,-0.19073176,-0.030236432,4
3978,4164,rlm-2-12,-0.19071805,-4.8666465e-05,65
3979,4166,sb-218795,-0.19071397,-0.09382871,19
3980,4167,brd-k29500995,-0.1907059,-0.02618431,13
3981,4168,brd-k63425657,-0.19070452,0.06519758,17
3982,4169,ochratoxin-a,-0.19068427,-0.04410789,18
3983,4170,foxy-5,-0.19065502,0.041251905,6
3984,4171,brd-k78481586,-0.19064812,-0.057385366,15
3985,4172,cinchonine,-0.19063194,-0.029291905,23
3986,4173,levonorgestrel,-0.19062488,0.05972218,41
3987,4174,ritanserin,-0.19062114,-0.040101502,23
3988,4175,zolantidine,-0.19061337,-0.03308609,19
3989,4177,brd-k46558254,-0.19058104,-0.00030365586,17
3990,4178,brd-k19995377,-0.19053751,-0.031455,6
3991,4179,kb188-iii-56,-0.19053051,-0.08216861,17
3992,4181,brd-k75436517,-0.19050452,-0.04912332,5
3993,4182,brd-k86846944,-0.19049227,-0.018747494,13
3994,4183,brd-k33619512,-0.19046468,0.030231562,13
3995,4184,sa-1463839,-0.19045357,-0.08949282,18
3996,4185,brd-k71879957,-0.19042371,-0.011544085,13
3997,4187,brd-k90544334,-0.19039932,0.062740326,9
3998,4188,penciclovir,-0.19039364,0.018543614,15
3999,4189,sd-6-035-a3,-0.19038194,0.050947677,13
4000,4191,chlorothiazide,-0.19033566,-0.10046188,3
4001,4192,betazole,-0.19032061,-0.012339303,19
4002,4193,brd-k46505016,-0.1902957,-0.02324963,13
4003,4194,brd-k90667125,-0.19029503,-0.018877104,12
4004,4195,ntzdpa,-0.19029297,-0.0016987153,19
4005,4196,brd-k23108726,-0.19029269,0.08345238,3
4006,4197,sb-366791,-0.19029215,0.059795517,19
4007,4198,u-46619,-0.19028704,-0.014437801,19
4008,4199,brd-k02223034,-0.19027637,-0.05750305,17
4009,4200,brd-k74029109,-0.1902749,-0.007815991,15
4010,4201,brd-k30715099,-0.19021605,-0.0059221038,17
4011,4202,escitalopram,-0.19020994,-0.016866619,38
4012,4203,sb-205607,-0.1902038,0.049916573,32
4013,4204,ivachtin,-0.19016904,-0.05809666,19
4014,4205,brd-a07614565,-0.19016805,-0.051364206,17
4015,4206,brd-a74608937,-0.19015548,0.010830657,13
4016,4207,potassium-canrenoate,-0.19014357,0.089669876,19
4017,4208,brd-m77861050,-0.19012329,-0.0049246894,6
4018,4209,omeprazole,-0.19011958,-0.03159728,36
4019,4210,mefenamic-acid,-0.19011329,0.0024562392,38
4020,4211,brd-k71504944,-0.19009818,-0.031992618,7
4021,4213,brd-k89185880,-0.19005328,-0.0680094,11
4022,4214,brd-k62368279,-0.19004634,0.034796327,7
4023,4215,brd-k00816125,-0.19002567,-0.0052487627,4
4024,4216,brd-k34545522,-0.19001812,-0.0018597165,9
4025,4217,brd-k63494246,-0.19000782,-0.057617858,11
4026,4218,brd-k02964016,-0.18997747,-0.11810461,4
4027,4219,brd-k21683465,-0.18996014,-0.02230859,5
4028,4220,nefopam,-0.18993677,0.061755136,22
4029,4221,sulfafurazole,-0.18992886,0.007501303,33
4030,4222,ku-c104131,-0.18992856,-0.045587488,12
4031,4223,vx-745,-0.18992302,-0.009256251,66
4032,4224,sinensetin,-0.18992202,0.032786384,19
4033,4225,brd-k70161581,-0.18992017,-0.014605142,18
4034,4226,rhapontin,-0.18991993,-0.055893116,15
4035,4227,brd-k78206606,-0.18991038,-0.0013516133,13
4036,4228,brd-k78023266,-0.18989858,-0.06118996,4
4037,4229,cam-9-021,-0.18987948,0.09548912,25
4038,4230,brd-k62902879,-0.18983714,0.0028084419,15
4039,4231,brd-k05153001,-0.18983501,0.004211652,15
4040,4232,gw-6471,-0.1898341,0.017521141,27
4041,4233,brd-k11981252,-0.18982571,-0.017244097,17
4042,4234,rotenonic-acid,-0.18981107,0.031000268,19
4043,4235,psh-026,-0.18979667,-0.033760525,15
4044,4236,avrainvillamide-analog-6,-0.18979342,0.02004945,48
4045,4237,ag-592,-0.18976744,-0.018019084,19
4046,4238,bethanechol,-0.18975532,0.08606615,15
4047,4239,brd-k73143528,-0.18975149,-0.003959224,15
4048,4240,alverine,-0.18972899,-0.04149729,22
4049,4241,l-655240,-0.18971008,-0.019603897,19
4050,4242,brd-k91443444,-0.18970445,-0.068845384,3
4051,4243,brl-54443,-0.1896839,0.030422388,19
4052,4244,brd-k91517665,-0.1896574,0.09478836,13
4053,4245,brd-k55385841,-0.18963067,0.16016102,4
4054,4246,brd-k44229115,-0.18962355,-0.14866117,4
4055,4247,nisoxetine,-0.1896205,-0.029450722,27
4056,4248,suramin,-0.18961893,0.009134578,12
4057,4249,diclofenamide,-0.18959522,0.0337644,23
4058,4250,sa-244237,-0.18956302,-0.10947527,12
4059,4251,brd-k16619158,-0.18954563,-0.10820252,4
4060,4252,brd-k10731645,-0.18946905,-0.030440189,8
4061,4253,brd-k26160061,-0.18943244,-0.046984013,12
4062,4254,arvanil,-0.18942831,0.0353133,19
4063,4255,arg-csc-81,-0.18942626,0.08921377,13
4064,4256,brd-k70492429,-0.18940654,-0.15171401,4
4065,4257,brd-k27366480,-0.18940029,0.036307923,5
4066,4258,brd-k36062164,-0.18938187,-0.013439192,5
4067,4259,brd-k83941994,-0.18935642,0.07242871,4
4068,4260,brd-k74085580,-0.1893287,-0.038591255,12
4069,4261,brd-k42454450,-0.18932027,0.0040924875,13
4070,4262,mmpx,-0.1893087,0.0045934278,19
4071,4263,brd-k98064019,-0.1893042,0.01826523,17
4072,4264,brd-k68223173,-0.18930094,0.0019978345,9
4073,4265,tenovin-1,-0.18929867,-0.0017814497,18
4074,4266,brd-a74767450,-0.18926217,-0.07822229,6
4075,4267,sa-1925610,-0.1892174,0.14196618,11
4076,4268,brd-k05442673,-0.18918708,0.07535457,11
4077,4269,brd-a46802340,-0.18917987,-0.049004674,12
4078,4270,npk76-ii-72-1,-0.18917592,-0.050608404,66
4079,4271,brd-k28035139,-0.18916991,-0.1506924,4
4080,4272,emetine,-0.18916811,0.03443189,141
4081,4273,brd-k41280229,-0.18915793,-0.07531148,5
4082,4274,diarylsulfonesulfonamide,-0.18914141,-0.064785376,6
4083,4275,brd-k55743249,-0.18912506,-0.043273583,6
4084,4276,brd-k24426149,-0.18912333,-0.002436048,33
4085,4277,febuxostat,-0.18911092,-0.03312578,19
4086,4278,wz-7043,-0.18908903,-0.020181905,66
4087,4280,brd-k09708845,-0.18907821,-0.050438073,5
4088,4281,brd-k38181288,-0.18906964,0.12782824,4
4089,4283,brd-k48969316,-0.1890456,0.08142245,13
4090,4284,brd-k90996982,-0.1890403,-0.0567026,13
4091,4285,brd-k98676510,-0.1890324,-0.08941524,12
4092,4286,brd-k14971087,-0.18901266,0.0117033245,6
4093,4287,brd-k43286821,-0.18898109,0.044824418,4
4094,4288,diphenidol,-0.18896788,-0.034704983,22
4095,4289,quiflapon,-0.18896203,0.017082505,59
4096,4290,sa-1457458,-0.1889316,-0.062261965,8
4097,4291,butyl-paraben,-0.18892938,-0.027583165,27
4098,4292,brd-k10609180,-0.18890755,0.044752814,17
4099,4294,brd-k18249495,-0.18884222,-0.051361293,13
4100,4295,brd-k50120786,-0.1888413,-0.0017738746,4
4101,4296,brd-k73951926,-0.18883891,-0.015782056,13
4102,4297,iniparib,-0.18882893,0.0018063344,54
4103,4298,sa-424763,-0.18882832,0.040773407,26
4104,4300,brd-k13943990,-0.18879622,-0.13651529,4
4105,4302,sa-424764,-0.18877375,-0.040457234,14
4106,4303,brd-k21237738,-0.1887524,0.043666348,15
4107,4304,brd-k05415698,-0.18873236,-0.058002383,6
4108,4305,brd-k11757396,-0.18870763,0.0118234195,13
4109,4306,brd-k01089529,-0.18867451,-0.05845082,13
4110,4307,brd-k24468827,-0.18866405,-0.018670112,15
4111,4308,brd-a64850503,-0.1886428,-0.00015847618,15
4112,4309,brd-k90897407,-0.18862465,-0.12135616,3
4113,4310,nsc-94258,-0.18861437,-0.06382883,11
4114,4311,pnu-22394,-0.18860093,-0.035494905,19
4115,4312,brd-k73166612,-0.18858543,-0.1054333,4
4116,4313,brd-k41916320,-0.18857743,-0.049383327,4
4117,4314,brd-a12633378,-0.18857159,0.080751,12
4118,4315,brd-k16466792,-0.18855986,-0.024412725,6
4119,4316,fenoldopam,-0.18855633,-0.01073941,30
4120,4317,cefatrizine,-0.18848746,-0.1297885,11
4121,4318,sulfadiazine,-0.18845953,-0.118055865,3
4122,4319,securinine,-0.18845661,0.012035443,47
4123,4320,km-04501,-0.18842989,0.072705045,17
4124,4321,cfm-1571,-0.18842562,0.021790281,19
4125,4322,brd-k76073118,-0.18841521,-0.060919125,13
4126,4323,ex-527,-0.18840492,-0.042406306,71
4127,4324,brd-k31975688,-0.18839057,0.10229459,11
4128,4325,brd-k79414420,-0.18834366,-0.09272336,12
4129,4327,brd-k86606617,-0.1883049,0.0024575675,4
4130,4328,norgestrel,-0.18822366,0.06340746,23
4131,4329,brd-u32049204,-0.18814693,0.084327035,13
4132,4330,brd-k29423519,-0.18811207,0.11505504,11
4133,4331,brd-a99218607,-0.18808171,-0.011205432,13
4134,4332,brd-k31749518,-0.18807887,-0.06074569,6
4135,4333,mk-2206,-0.18806982,0.039544675,107
4136,4334,brd-k78189262,-0.18804303,0.02569672,13
4137,4335,brd-k20278954,-0.18801774,0.07245085,4
4138,4336,brd-k09388341,-0.18799701,-0.04013444,7
4139,4337,brd-k19888970,-0.18799366,0.05276651,12
4140,4338,ciprofloxacin,-0.18798216,-0.16554879,3
4141,4339,brd-k22052171,-0.18797106,0.1022601,14
4142,4341,brd-k61776140,-0.18792774,-0.0037442432,17
4143,4342,medetomidine,-0.18792155,0.1257176,15
4144,4343,brd-k59460069,-0.18789959,-0.0030103927,17
4145,4344,brd-k48823327,-0.18786329,0.0389608,17
4146,4345,brd-k89808696,-0.18786302,-0.1203272,13
4147,4346,brd-k34174785,-0.18786207,0.11947338,4
4148,4347,totaralolal,-0.1878422,0.025724329,19
4149,4348,brd-k07382790,-0.18782225,-0.064142466,4
4150,4350,brd-k96257627,-0.1878023,0.024981923,4
4151,4351,stanozolol,-0.1877731,-0.07743104,4
4152,4352,vanoxerine,-0.18776938,0.0019426667,42
4153,4353,brd-k72516992,-0.1877533,-0.018440085,6
4154,4354,gr-159897,-0.18775056,0.034260076,19
4155,4355,brd-k84145110,-0.18771388,0.0033611846,3
4156,4356,sd-6-035-b2,-0.18770611,0.07484475,13
4157,4358,sd-169,-0.18766886,0.052603256,15
4158,4359,moracizine,-0.18764605,0.008932687,19
4159,4360,brd-k82732294,-0.18763576,-0.021343367,13
4160,4361,finasteride,-0.1875879,0.0015722227,53
4161,4362,brd-k74046820,-0.18752953,0.0014042634,13
4162,4363,brd-k22280018,-0.18750861,-0.13700335,4
4163,4364,vu-0365117-1,-0.18748355,-0.049106598,12
4164,4365,emf-sumo1-11,-0.18746792,-0.023947038,30
4165,4366,brd-k42694358,-0.18743935,-0.06444173,13
4166,4368,"1,2-dichlorobenzene",-0.1874045,-0.082210444,19
4167,4369,brd-k16782389,-0.1873833,0.018026387,11
4168,4370,brd-k42269438,-0.18737541,0.0020905456,3
4169,4371,brd-k07161233,-0.18734956,0.05486767,17
4170,4372,desloratadine,-0.18727456,-0.054621596,15
4171,4373,brd-k17706493,-0.18726318,-0.026506774,5
4172,4375,brd-k96396151,-0.18725981,-0.032366194,16
4173,4376,brd-k22828860,-0.18724547,0.013759674,17
4174,4377,brd-k32238524,-0.18723209,0.053475924,13
4175,4378,brd-k99048249,-0.18720993,-0.04764478,4
4176,4379,brd-k79944151,-0.1871916,-0.07478681,4
4177,4380,brd-a85891951,-0.18717532,0.00092560763,13
4178,4381,brd-k36091499,-0.18717164,-0.14962628,4
4179,4382,brd-k62189562,-0.18717137,-0.016969988,5
4180,4383,jas07-007,-0.18716092,0.0061522727,13
4181,4384,brd-k61237522,-0.18713388,-0.02505365,15
4182,4385,brd-k01048110,-0.1871295,-0.0657459,13
4183,4386,brd-k60159779,-0.18711552,-0.042874176,5
4184,4387,pirinixic-acid,-0.1871062,0.054775555,25
4185,4388,vu-0415374-1,-0.18709753,0.037969016,13
4186,4389,ku-c104141,-0.18706566,-0.01519296,12
4187,4390,marbofloxacin,-0.18704748,-0.031173091,11
4188,4391,brd-m40384033,-0.18703824,0.01754382,6
4189,4392,brd-k52321331,-0.18703079,-0.030162659,13
4190,4393,brd-k54335715,-0.18702589,-0.08872627,12
4191,4394,brd-k02109522,-0.18700828,0.029509578,7
4192,4395,sa-1459187,-0.18700533,-0.046608675,8
4193,4396,brd-k91355947,-0.18699756,-0.006527685,17
4194,4397,leucodin,-0.18696713,0.0048292787,23
4195,4398,brd-k78883024,-0.18696408,0.03106744,15
4196,4399,brd-k98641517,-0.18694589,0.0037693116,6
4197,4400,strophanthidin,-0.18694171,-0.06558741,31
4198,4401,brd-k37618507,-0.18692991,-0.009352442,17
4199,4402,brd-k85123403,-0.18690787,0.038626082,17
4200,4403,amthamine,-0.18688148,0.01127568,19
4201,4404,sant-1,-0.18686734,-0.028556602,19
4202,4405,brd-k90184854,-0.18686168,-0.090553835,4
4203,4406,ran-07,-0.18683104,0.025728231,35
4204,4408,brd-k70974948,-0.18681678,-0.055904347,17
4205,4409,brd-k59470558,-0.18681201,0.0357754,71
4206,4410,hyperforin,-0.18680222,-0.061123695,18
4207,4411,brd-k48360530,-0.18679102,0.041973058,7
4208,4412,brd-k70369221,-0.186782,0.00038033797,17
4209,4413,brd-k83694683,-0.18678173,0.024577865,63
4210,4414,brd-k71292008,-0.18677185,0.017879266,17
4211,4415,brd-k84625203,-0.18671791,0.009959176,4
4212,4417,isogedunin,-0.18669146,-0.062201515,15
4213,4419,brd-k88318034,-0.18666093,0.10466645,4
4214,4420,a-23187,-0.18665665,-0.021436099,21
4215,4421,brd-k20492338,-0.18664467,0.025437266,12
4216,4422,brd-k36870972,-0.18663698,-0.07380715,4
4217,4424,brd-k38622866,-0.18661991,-0.027182935,11
4218,4425,brd-k09902564,-0.18661557,0.01923217,13
4219,4426,brd-k69347381,-0.18661322,0.04589156,17
4220,4428,bg-fa-0953,-0.18658239,0.06186692,17
4221,4429,tyrphostin-ag-835,-0.18656442,-0.02986476,19
4222,4430,brd-k70693222,-0.1865238,-0.015674854,27
4223,4431,ku-c104226,-0.18649665,-0.03268187,13
4224,4432,bms-536924,-0.186461,0.09320084,95
4225,4433,brd-k35945912,-0.1864515,0.07924475,5
4226,4434,brd-k35860134,-0.18643308,-0.0025699595,62
4227,4436,brd-k98519396,-0.1864231,-0.057576705,17
4228,4437,brd-k12506756,-0.1864091,-0.09232738,6
4229,4438,zuclopenthixol,-0.186406,0.015260862,23
4230,4439,brd-k12405591,-0.18638523,0.015820976,6
4231,4440,chrysamine-g,-0.18638146,0.009621121,6
4232,4441,brd-k58900438,-0.18638,0.057852704,17
4233,4442,brd-k65482654,-0.1863499,-0.004638044,7
4234,4443,brd-k51413232,-0.18634826,-0.021663101,6
4235,4444,brd-k89165671,-0.186346,-0.07905469,3
4236,4445,hexachlorophene,-0.18634434,-0.033426218,6
4237,4446,brd-k20121961,-0.18634017,-0.008101827,6
4238,4448,brd-k92327934,-0.18628436,-0.1694119,4
4239,4449,brd-a40431293,-0.18626276,-0.06995624,10
4240,4450,cilomilast,-0.18626107,-0.07940845,17
4241,4451,ucl-2077,-0.18624952,-0.07274545,19
4242,4452,brd-k35638681,-0.18624164,0.013383732,17
4243,4453,pit,-0.18623029,-0.03241732,19
4244,4454,brd-k03289154,-0.18622385,-0.021239337,6
4245,4455,brd-k96957785,-0.18620929,-0.11793211,6
4246,4456,mapp-d-erythro,-0.1862011,-0.0043950593,19
4247,4457,indinavir,-0.18615995,-0.015634472,11
4248,4458,brd-k85549762,-0.18614852,-0.04105823,13
4249,4459,delcorine,-0.18612799,-0.0073178085,19
4250,4460,inhibitor-bec,-0.18612675,0.01831516,59
4251,4461,brd-k93127801,-0.18611512,0.018666195,13
4252,4462,vu-0413243-1,-0.18609044,0.0784947,12
4253,4463,brd-k30563791,-0.18607216,-0.07568098,5
4254,4464,brd-a43188678,-0.18606248,-0.014152521,17
4255,4465,brd-k88817140,-0.18605022,-0.1385984,4
4256,4466,brd-k75101679,-0.18603328,-0.015939336,5
4257,4467,brd-k84571636,-0.1860242,-0.046792336,17
4258,4468,zosuquidar,-0.1859808,-0.051043957,18
4259,4469,dantron,-0.18595465,0.021519136,19
4260,4470,sa-792709,-0.18591951,-0.009523644,31
4261,4471,brd-k63270290,-0.18591663,0.055811968,4
4262,4472,brd-k80065513,-0.18586716,-0.099890865,4
4263,4473,dosulepin,-0.1858228,-0.014247334,19
4264,4474,tranexamic-acid,-0.18580182,-0.17178434,3
4265,4475,brd-k48716658,-0.1857991,0.0020608446,17
4266,4476,brd-k99452176,-0.18579096,-0.060779467,6
4267,4477,brd-k55640612,-0.18579055,-0.13793918,4
4268,4478,val-val-val,-0.18577538,0.08198417,6
4269,4479,brd-k98626176,-0.18577038,0.074907064,9
4270,4480,brd-k65290386,-0.18576063,-0.1053368,4
4271,4481,bo2-inhibits-rad51,-0.18574417,0.017735058,59
4272,4482,alimemazine,-0.18573467,-0.052237235,19
4273,4483,brd-k25682970,-0.18573298,0.015801087,7
4274,4484,6-hydroxytropinone,-0.1857285,-0.017251013,11
4275,4485,obatoclax,-0.1856786,-0.057678,17
4276,4486,ebpc,-0.1856713,0.03716318,19
4277,4487,i-070759,-0.18562667,0.008407993,17
4278,4488,brd-k21537090,-0.18562472,-0.018073909,5
4279,4489,brd-k01877724,-0.18561703,-0.026187642,13
4280,4490,brd-k52831896,-0.1855839,0.08354394,17
4281,4491,brd-k44417704,-0.18558182,-0.05265002,12
4282,4492,brl-52537,-0.18554635,-0.010005146,15
4283,4493,brd-k25094947,-0.18554562,-0.043397874,13
4284,4494,brd-k92419424,-0.18553863,-0.07973543,15
4285,4496,brd-a81045722,-0.18551792,-0.039960768,12
4286,4497,brd-k41878610,-0.18548049,0.033886384,31
4287,4499,brd-k92656786,-0.18545271,-0.056576293,14
4288,4501,7b-cis,-0.18543062,-0.02591472,59
4289,4502,brd-k18337230,-0.18541625,-0.05559616,6
4290,4503,brd-k28995283,-0.18540168,0.11848157,4
4291,4504,brd-k02409808,-0.1853997,-0.058451902,11
4292,4505,brd-k15885023,-0.18537804,0.07010681,13
4293,4506,brd-k56763965,-0.18537547,-0.0070656575,4
4294,4507,modafinil,-0.18537307,0.065341644,34
4295,4508,brd-k89554882,-0.18536419,0.019575119,6
4296,4509,dimercaptosuccinic-acid,-0.18535239,-0.005575203,11
4297,4510,brd-k65514600,-0.18534398,0.017463742,8
4298,4511,sa-434027,-0.1853205,-0.0033205594,18
4299,4512,brd-k46998548,-0.18531771,-0.07700063,5
4300,4513,brd-k22081896,-0.18530437,0.085279785,3
4301,4514,dithiothreitol,-0.18529658,-0.01844981,6
4302,4515,unc-0321,-0.18527576,-0.025510076,59
4303,4516,brd-k34730083,-0.18525659,-0.084254034,3
4304,4517,brd-k74475430,-0.18521638,-0.11014083,3
4305,4518,brd-k16561564,-0.185207,-0.11861672,4
4306,4519,brd-k29767311,-0.18519945,-0.0059978883,15
4307,4520,raltegravir,-0.18519908,-0.060787044,17
4308,4521,brd-k78075916,-0.18519752,0.066270776,11
4309,4522,brd-k48105325,-0.1851959,0.013508251,4
4310,4523,brd-k16257790,-0.18519261,0.044857863,11
4311,4524,galantamine,-0.18519069,0.019259535,30
4312,4525,brd-k75145803,-0.18519069,-0.058724117,5
4313,4526,ponatinib,-0.18515147,0.05765386,48
4314,4527,amoxicillin,-0.18514505,0.1422752,14
4315,4528,brd-k95285735,-0.18513957,0.025535738,10
4316,4529,metoclopramide,-0.18512444,0.014728876,22
4317,4530,sdz-nkt-343,-0.18511224,0.059915897,19
4318,4531,cyproheptadine,-0.18510038,0.012151707,16
4319,4532,brd-k16048293,-0.185076,-0.050441884,6
4320,4533,brd-k24746925,-0.18505242,-0.049367204,6
4321,4534,brd-k17854785,-0.1850495,-0.03540595,5
4322,4535,brd-k95117060,-0.1850442,0.011623135,12
4323,4536,rottlerin,-0.1850013,0.02010028,119
4324,4537,asiaticoside,-0.18499532,-0.018635996,15
4325,4539,brd-k92439564,-0.18496597,-0.040910125,6
4326,4540,gliquidone,-0.18493462,-0.03276448,23
4327,4541,brd-k50746423,-0.18491931,-0.023281759,11
4328,4542,brd-k37306329,-0.18491471,-0.1533766,3
4329,4543,naltriben,-0.18488641,-0.06376179,19
4330,4544,bithionol,-0.18488249,0.008076294,23
4331,4545,brd-a47714657,-0.1848712,-0.10311337,15
4332,4546,brd-k56452877,-0.18485604,-0.051813636,4
4333,4547,brd-a17718497,-0.18485196,0.046427898,30
4334,4548,estradiol-cypionate,-0.18484332,0.073122546,23
4335,4549,emf-sumo1-4,-0.18482105,-0.06905087,18
4336,4550,rosiglitazone,-0.18481612,0.021677501,110
4337,4551,brd-k16995194,-0.1848123,-0.06345194,6
4338,4552,fraxetin,-0.18478267,-0.023903048,23
4339,4553,brd-k15042749,-0.18474959,-0.14587009,3
4340,4554,brd-k91987625,-0.18474774,-0.03643793,17
4341,4555,brd-k32519217,-0.18474226,-0.055830073,4
4342,4556,sulfasalazine,-0.18471433,0.04780811,15
4343,4558,brd-k67575276,-0.18468414,-0.042215563,4
4344,4560,brd-k68495126,-0.18466154,0.0137407705,15
4345,4561,brd-k47690943,-0.18466124,-0.042095393,13
4346,4562,hexamethonium,-0.1846573,0.06773744,3
4347,4563,brd-a34421300,-0.1846535,0.057461053,12
4348,4564,gamma-linolenic-acid,-0.18459569,0.08075596,19
4349,4565,fluticasone-propionate,-0.18457307,-0.036147665,30
4350,4567,brd-k30351863,-0.18456276,0.0023566417,12
4351,4568,cortisone,-0.18455465,0.036116917,48
4352,4569,brd-k85174275,-0.18454975,0.034376673,12
4353,4570,procaterol,-0.18452337,0.103004806,27
4354,4571,telmisartan,-0.1845119,0.03936351,34
4355,4572,brd-k62083683,-0.18450746,0.0817291,4
4356,4574,brd-a15501135,-0.18447854,-0.091294855,8
4357,4575,brd-k69236395,-0.18446934,-0.0122347195,8
4358,4576,brd-k45355657,-0.18446255,-0.0067607174,15
4359,4577,brd-a09164687,-0.18445875,0.012070011,17
4360,4578,droxinostat,-0.18445444,-0.014910965,11
4361,4579,etomoxir,-0.18441851,-0.011868168,88
4362,4580,tinidazole,-0.18439513,0.09972895,17
4363,4581,brd-a83402799,-0.18439427,0.020826291,30
4364,4582,brd-k97633445,-0.18438174,0.018509336,13
4365,4583,brd-k26684619,-0.18435161,-0.045356877,28
4366,4584,brd-a30856524,-0.18431382,-0.018196944,11
4367,4585,sb-200646,-0.18431142,0.033707134,19
4368,4586,brd-k87040771,-0.18429062,-0.061921205,13
4369,4587,brd-k53642448,-0.18428764,-0.10808127,4
4370,4588,brd-k20877010,-0.18427019,-0.0064354604,3
4371,4589,ko-143,-0.18426296,0.053534865,59
4372,4590,brd-k74504761,-0.1842613,0.044407435,3
4373,4591,brd-k55341496,-0.18424723,-0.0038527208,6
4374,4592,aq-ra741,-0.18424149,0.06054904,19
4375,4594,dexbrompheniramine,-0.18421693,-0.010509309,11
4376,4595,sb-222200,-0.18421511,0.0024832077,19
4377,4596,brd-k92754162,-0.18420401,-0.023004824,13
4378,4597,brd-k65971331,-0.18419766,-0.015301976,28
4379,4598,brd-k98225498,-0.18419729,-0.00014619745,3
4380,4599,brd-k48551077,-0.18416063,0.03154547,5
4381,4600,vu-0418939-2,-0.18415964,-0.016466478,12
4382,4601,brd-a16581344,-0.18414873,-0.07074798,17
4383,4602,brd-k46448313,-0.18413638,-0.03470065,7
4384,4603,brd-k68148111,-0.1841325,-0.096934736,7
4385,4604,brd-k07521754,-0.18412922,0.056385167,12
4386,4605,brd-k39318886,-0.1840977,0.034179192,12
4387,4606,brd-k97973721,-0.18409169,0.0067517273,4
4388,4607,dm-163,-0.18408762,0.019724328,12
4389,4608,brd-k28789065,-0.18407966,0.00061086856,17
4390,4609,fexofenadine,-0.18407913,-0.020185351,27
4391,4610,brd-k89551576,-0.18407598,-0.13432369,4
4392,4611,gsk-429286a,-0.1840698,0.004777416,82
4393,4612,brd-k32827536,-0.18406852,-0.03914996,12
4394,4613,brd-k24632213,-0.18406546,-0.010063556,15
4395,4614,brd-k95419055,-0.18405798,-0.061214168,11
4396,4615,brd-k46343228,-0.18403997,0.022738887,5
4397,4616,alpha-tocopherol,-0.18401314,-0.021322459,54
4398,4617,brd-k25436320,-0.18401021,-0.051811732,11
4399,4618,brd-k48332988,-0.18398798,-0.11490518,5
4400,4619,hydroquinine,-0.18398641,0.02868653,15
4401,4620,prazosin,-0.18398571,-0.01855336,34
4402,4621,brd-k88735704,-0.18397178,-0.06860717,18
4403,4623,calycanthine,-0.18391411,-0.028571382,19
4404,4624,bi-78d3,-0.18390812,-0.0012478908,18
4405,4626,vu-0365121-1,-0.1838747,-0.05378218,12
4406,4627,brd-k79052598,-0.1838245,-0.075940795,6
4407,4628,brd-k38611276,-0.1838212,-0.086933,4
4408,4629,emf-sumo1-6,-0.18381514,-0.040614028,18
4409,4631,brd-k61612515,-0.1837716,-0.12565744,4
4410,4632,brd-k27237442,-0.18376563,-0.13100874,6
4411,4633,brd-k76258424,-0.183727,-0.09465801,3
4412,4634,protriptyline,-0.18372044,0.018332973,27
4413,4635,brd-k52801121,-0.18371974,0.063157916,13
4414,4637,brd-k13468108,-0.18371795,-0.04150977,4
4415,4638,brd-k67601479,-0.18370205,0.046749335,5
4416,4639,wz-3105,-0.18369527,0.13019016,59
4417,4641,brd-k92993117,-0.18368824,0.07128164,12
4418,4642,gingerol,-0.18367922,-0.032267213,21
4419,4643,brd-k88542532,-0.18366091,-0.01147711,17
4420,4644,cetirizine,-0.18363817,0.03821352,36
4421,4645,brd-k45256078,-0.18363057,-0.03781854,13
4422,4646,brd-a02241946,-0.18362653,-0.046843134,15
4423,4647,diphencyprone,-0.18360399,-0.13254175,11
4424,4648,brd-k98336812,-0.18359719,-0.10550396,6
4425,4649,didanosine,-0.18356267,0.060963526,14
4426,4650,brd-k15054362,-0.18355629,0.015368266,13
4427,4651,brd-k97951054,-0.1835561,-0.0034086942,17
4428,4652,brd-k40758391,-0.18355322,0.0085465275,110
4429,4653,dydrogesterone,-0.18354933,0.014410978,23
4430,4654,brd-k09935385,-0.18354765,0.031271387,4
4431,4655,brd-a69421747,-0.18354344,0.03654175,13
4432,4656,brd-k88069074,-0.18354073,0.060539532,7
4433,4657,brd-k76970388,-0.18353944,0.08126304,4
4434,4658,brd-k54573313,-0.18353778,0.0186162,17
4435,4659,azauridine,-0.18353735,0.023130815,13
4436,4660,brd-k64589075,-0.183531,0.00053219806,5
4437,4661,aceclofenac,-0.18352415,0.0056897867,3
4438,4662,mofezolac,-0.18349974,0.03460232,17
4439,4663,brd-k74659851,-0.18348852,-0.1114702,8
4440,4664,brd-k08311783,-0.18344261,0.028176539,11
4441,4665,brd-k59909245,-0.18343312,-0.08034074,3
4442,4666,terbinafine,-0.18342146,0.0311478,22
4443,4667,brd-k33936059,-0.1834066,-0.060452003,8
4444,4668,ku-14r,-0.18338978,-0.033885855,19
4445,4669,brd-k69888333,-0.18336535,-0.01566511,17
4446,4672,brd-k98471960,-0.18334965,-0.05463783,12
4447,4673,brd-k19764902,-0.18329825,-0.011155554,6
4448,4674,pd-407824,-0.18329452,0.105837576,27
4449,4677,brd-k43806450,-0.18326864,0.10307978,13
4450,4678,brd-k71540055,-0.18325742,-0.092330255,13
4451,4679,digoxin,-0.1832503,0.013117953,54
4452,4680,brd-k33676730,-0.18324205,-0.010897047,17
4453,4681,brd-k45932120,-0.18321657,0.017545909,4
4454,4682,phenformin,-0.18319924,0.006742498,30
4455,4683,brd-k40050963,-0.1831937,0.014254628,6
4456,4684,dihydrexidine,-0.18317787,0.038639396,28
4457,4685,topiramate,-0.18316744,-0.052649006,15
4458,4686,brd-k36513323,-0.18315771,-0.049112536,4
4459,4687,lobendazole,-0.18313973,0.048270106,23
4460,4688,brd-k17449871,-0.18313628,-0.06654259,4
4461,4689,enzastaurin,-0.18312934,0.0044184746,84
4462,4690,glycodeoxycholic-acid,-0.18310916,0.017712325,39
4463,4691,kuc107191n,-0.18309969,0.012106987,28
4464,4692,pelitinib,-0.18309914,0.09218471,48
4465,4693,gyki-52466,-0.18307786,0.026415834,19
4466,4694,brd-k15750053,-0.18303837,0.08696151,4
4467,4695,brd-k14788918,-0.18303443,-0.085423104,13
4468,4696,cyanopindolol,-0.18303305,0.0059366054,21
4469,4697,brd-k51218228,-0.18302739,-0.024593992,3
4470,4698,brd-k36591038,-0.18302424,-0.0025229217,30
4471,4699,brd-a51929314,-0.18301792,0.06541287,19
4472,4700,brd-k09527783,-0.18298586,0.012701863,5
4473,4701,brd-k98936959,-0.18295142,0.037658516,14
4474,4702,brd-k01265221,-0.18294913,0.022325289,13
4475,4703,treprostinil,-0.18294765,-0.03222202,17
4476,4704,brd-k70337365,-0.18294472,-0.05594726,4
4477,4705,sericetin,-0.18294105,-0.09414111,16
4478,4706,kin001-055,-0.18291306,0.06503068,66
4479,4707,fr-122047,-0.1829009,-0.057242576,19
4480,4708,brd-k95858622,-0.18289681,-0.08509784,12
4481,4709,brd-k15507118,-0.18287198,0.009731977,6
4482,4710,su-6656,-0.18282855,0.013523065,8
4483,4711,terfenadine,-0.18280315,0.018189153,26
4484,4712,brd-k05684908,-0.18278824,0.0890506,14
4485,4714,etazolate,-0.18275145,0.015357567,15
4486,4715,brd-k66814954,-0.1827445,-0.005776142,4
4487,4716,brd-k89606138,-0.18271104,0.06063476,5
4488,4717,brd-m31016039,-0.1827025,0.027184807,6
4489,4718,haematoxylin-pentaacetate,-0.18268204,-0.007829599,8
4490,4719,brd-k65404805,-0.18267204,0.0085682785,20
4491,4720,sd-6-035-a1,-0.18264034,-0.034106843,13
4492,4721,isotretinoin,-0.18263562,0.04262175,35
4493,4722,brd-k00248354,-0.18261722,-0.090897016,4
4494,4723,brd-k91662540,-0.18261692,0.021000976,6
4495,4724,brd-k60932973,-0.18259513,-0.028769987,31
4496,4725,mw-mitf28,-0.18259005,0.039986208,26
4497,4726,brd-k35133769,-0.18258663,0.095286235,13
4498,4727,aztreonam,-0.18256748,-0.17468031,3
4499,4728,brd-k22357409,-0.18256345,-0.01966967,5
4500,4729,brd-k94263505,-0.18255848,0.011515234,3
4501,4730,brd-k98168679,-0.18253905,0.04874494,4
4502,4731,brd-a54632525,-0.18252265,-0.10142348,13
4503,4732,brd-k56215045,-0.18247156,-0.07122992,4
4504,4733,brd-k65081680,-0.1824373,-0.13599248,4
4505,4734,brd-k46746428,-0.182433,0.049960095,5
4506,4735,brd-k73104592,-0.18242563,-0.027366273,5
4507,4736,brd-k42419294,-0.1823467,0.0024174708,18
4508,4737,morphothebaine,-0.18230514,0.031172393,19
4509,4738,r-59022,-0.18227717,0.06773504,15
4510,4739,ro-15-4513,-0.18227163,-0.035041343,19
4511,4740,brd-k47786739,-0.1822643,0.062333867,17
4512,4741,brd-k19232452,-0.18222888,-0.108627565,3
4513,4742,brd-k82185908,-0.18222098,0.06997209,12
4514,4743,todralazine,-0.18221979,-0.008415117,19
4515,4744,brd-k58273050,-0.18221538,-0.08628242,4
4516,4746,brd-k79684588,-0.1822074,-0.01451801,5
4517,4747,brd-k83998179,-0.18219908,-0.034535013,17
4518,4748,eliprodil,-0.18219358,-0.010573187,15
4519,4749,brd-k50776152,-0.18217011,0.022760786,108
4520,4750,amodiaquine,-0.18216662,0.03241665,25
4521,4751,brd-k39092862,-0.18215747,-0.012524878,13
4522,4753,brd-k13618800,-0.18213812,0.084235266,4
4523,4754,brd-k20168484,-0.18213144,0.038023885,11
4524,4755,brd-k99354840,-0.18211919,-0.019338388,5
4525,4756,brd-k31841256,-0.1821114,0.06125336,18
4526,4757,brd-k30934390,-0.18209511,-0.03306012,10
4527,4758,gliclazide,-0.18209162,-0.040676646,4
4528,4759,benzo(e)pyrene,-0.18208675,-0.12599586,3
4529,4760,brd-k00818202,-0.18207714,-0.059977863,5
4530,4761,ivermectin,-0.18207583,0.0411173,21
4531,4762,cromoglicic-acid,-0.18207186,-0.01865458,15
4532,4763,brd-k91194423,-0.1820707,-0.058075927,4
4533,4764,brd-k17083260,-0.18206713,-0.08551261,4
4534,4765,brd-k61779668,-0.18206507,-0.15939462,6
4535,4767,brd-k47764688,-0.18205221,0.009296469,17
4536,4768,indirubin-3-monoxime,-0.18204014,0.07102646,23
4537,4770,ibrutinib,-0.18201233,0.10733381,48
4538,4771,brd-k66383562,-0.1820044,-0.07459015,18
4539,4772,brd-k96694631,-0.1819945,0.05502632,5
4540,4773,orteronel,-0.18197128,-0.06628206,58
4541,4774,km-03472sc,-0.18196294,0.02522681,17
4542,4776,fluorouracil,-0.18194717,-0.009889325,61
4543,4777,brd-k84245233,-0.18194212,0.030278917,18
4544,4778,licochalcone-a,-0.18194069,-0.060900632,6
4545,4780,brd-k87838816,-0.18190162,-0.1469211,7
4546,4781,brd-k51643793,-0.1818944,-0.02324862,4
4547,4782,brd-k26583430,-0.18187208,-0.09379917,7
4548,4783,brd-k41667061,-0.18186736,-0.0905069,4
4549,4784,brd-k09651570,-0.18184839,-0.12893067,5
4550,4785,bongkrek-acid,-0.181843,0.098150335,19
4551,4786,hispidin,-0.18183449,0.004184422,31
4552,4787,brd-k14711204,-0.18182597,-0.057184614,12
4553,4788,brd-k31633278,-0.18182595,-0.095657915,5
4554,4789,brd-a81416315,-0.18182567,-0.08140685,12
4555,4790,brd-k65603160,-0.18182023,-0.018666016,5
4556,4791,robustic-acid,-0.18180065,0.07033103,12
4557,4792,brd-k40577058,-0.18178219,-0.054265525,15
4558,4794,tyrphostin-ag-1288,-0.18177448,0.04797344,18
4559,4795,brd-k21498052,-0.18177284,0.019073393,12
4560,4796,oleylethanolamide,-0.18176982,0.008035821,15
4561,4797,ro-19-4605,-0.18176802,-0.034156453,19
4562,4799,brd-k14593092,-0.18174995,-0.061751634,4
4563,4800,nitrofural,-0.18173654,0.012194884,19
4564,4801,brd-k06772064,-0.18173227,0.08873248,5
4565,4802,brd-k00390580,-0.18172237,0.021702465,17
4566,4803,atorvastatin,-0.18171786,-0.0038303141,92
4567,4804,ccmq,-0.18171145,0.054206878,19
4568,4805,dobutamine,-0.18168502,-0.054920945,22
4569,4806,ku-c103869,-0.1816575,0.12118333,13
4570,4807,brd-k76263948,-0.18158981,-0.023218606,9
4571,4808,brd-k46267071,-0.18154666,-0.073804475,4
4572,4809,brd-k34394296,-0.18151598,0.007995551,8
4573,4810,brd-k30007764,-0.1814921,-0.04088901,5
4574,4811,brd-k27305388,-0.18148915,-0.07400543,11
4575,4812,phenacetin,-0.18147066,0.0033714133,27
4576,4813,brd-k71746288,-0.18145967,-0.023522707,13
4577,4814,glucosamine,-0.1814369,-0.04666298,6
4578,4815,brd-k03373364,-0.18143634,-0.09541656,5
4579,4816,brd-k53923665,-0.181419,0.06498918,13
4580,4817,brd-k03476588,-0.1814086,-0.13672756,4
4581,4818,ergocryptine,-0.18137577,0.034920745,23
4582,4819,palonosetron,-0.18136598,-0.09480773,13
4583,4820,sc-560,-0.18135194,-0.024139734,19
4584,4821,omdm-2,-0.18126106,-0.06268226,19
4585,4822,sa-1921617,-0.1812553,0.01217255,24
4586,4824,brd-k16346331,-0.18123218,0.014992538,17
4587,4826,brd-k34711351,-0.18121482,-0.057926495,13
4588,4827,brd-k55943540,-0.18121351,-0.09855321,4
4589,4828,brd-k01602319,-0.18120866,0.006913381,15
4590,4829,gant-58,-0.18118891,-0.009088486,59
4591,4831,brd-k03245321,-0.18112947,-0.11554052,6
4592,4832,brd-k26715911,-0.181116,-0.0569311,6
4593,4834,brd-k55875111,-0.18105061,0.011408219,7
4594,4835,oxcarbazepine,-0.1810412,-0.014351601,15
4595,4836,brd-k43225681,-0.1809912,-0.03857989,6
4596,4837,brd-k95193599,-0.18097302,-0.101403564,4
4597,4838,brd-k40522524,-0.18096194,0.0049297432,5
4598,4839,brd-k12092185,-0.18096139,-0.052159302,6
4599,4840,brd-k99643744,-0.18094161,-0.0972019,4
4600,4841,brd-a30395175,-0.1809321,0.06455109,11
4601,4842,brd-k06592610,-0.18091854,0.05958974,13
4602,4843,brd-k76363932,-0.18090655,-0.0016908605,13
4603,4844,brd-k39647256,-0.18087496,-0.013167824,10
4604,4845,brd-k11957311,-0.18083088,-0.08517426,4
4605,4846,brd-k22006123,-0.18082908,-0.035197634,15
4606,4847,brd-k94287906,-0.1808228,0.021416,15
4607,4848,brd-k71204485,-0.180798,-0.09021883,4
4608,4849,brd-k10689551,-0.18078469,-0.014199761,6
4609,4850,brd-k42470309,-0.18077374,-0.07788029,5
4610,4851,brd-k40094191,-0.18076296,-0.0313682,30
4611,4852,brd-k51877340,-0.18075825,0.037511952,8
4612,4853,brd-a21481508,-0.18075556,-0.0018507988,15
4613,4854,azd-8330,-0.18075353,0.087253466,48
4614,4855,brd-k71427192,-0.18070045,0.07331227,17
4615,4856,brd-k01615174,-0.18069091,-0.060994647,4
4616,4857,brd-k53181055,-0.18066269,-0.004013842,4
4617,4858,brd-k08614872,-0.18065459,0.098004274,4
4618,4859,brd-k19213530,-0.1806509,0.0177215,4
4619,4860,brd-k47924474,-0.18064964,-0.121512435,5
4620,4861,brd-k49911380,-0.18064305,-0.0552632,4
4621,4862,brd-k87657228,-0.18063055,-0.0053770756,15
4622,4864,brd-k95047050,-0.18062264,0.020735446,12
4623,4865,brd-k83486374,-0.1806212,-0.07741611,4
4624,4866,nvp-bgj398,-0.18059868,0.04291919,48
4625,4867,brd-k41429297,-0.18058862,-0.007536733,17
4626,4868,ezetimibe,-0.18058589,0.06914887,34
4627,4869,ricinine,-0.18058103,0.09888742,23
4628,4870,brd-k80686274,-0.18056963,0.009188734,7
4629,4871,brd-k97337381,-0.18056491,0.018217897,6
4630,4872,dibutyryl-camp-na,-0.18056396,-0.04657974,6
4631,4873,brd-k91044787,-0.18054274,-0.16067916,6
4632,4874,brd-k80749795,-0.18053319,0.022963759,5
4633,4875,brd-k79841204,-0.1805178,-0.026453342,5
4634,4876,brd-k39757396,-0.18051152,-0.042795908,13
4635,4877,siguazodan,-0.18048924,0.003909554,34
4636,4878,brd-k81662460,-0.18048924,-0.06783429,6
4637,4879,brd-k73945663,-0.18048488,0.026055511,13
4638,4880,brd-k18814836,-0.18047209,-0.06709109,12
4639,4881,brd-k02117849,-0.18045534,-0.061072327,11
4640,4882,brd-k23657553,-0.18045507,-0.02246849,17
4641,4883,brd-k47686295,-0.1804477,-0.06432551,4
4642,4884,brd-k09032125,-0.18041901,-0.08123322,4
4643,4885,bg-1005,-0.18041295,-0.02482109,6
4644,4886,ketocholesterol,-0.18041025,-0.111309454,6
4645,4887,emf-sumo1-5,-0.18039106,0.039557785,18
4646,4888,brd-k64609558,-0.18037686,-0.015098425,9
4647,4889,brd-k01477275,-0.18036734,-0.11562337,12
4648,4890,brd-a61825514,-0.1803529,-0.082213774,13
4649,4891,thiethylperazine,-0.18034744,0.053589847,27
4650,4892,piceatannol,-0.18034375,0.012228905,59
4651,4894,brd-k37255594,-0.18032701,-0.015871925,4
4652,4895,brd-k72429558,-0.18028687,-0.03953144,17
4653,4896,brd-k24956360,-0.18026002,-0.020156,5
4654,4897,ha-14-1,-0.18024465,-0.06989033,17
4655,4898,brd-k97424427,-0.18024023,-0.052344993,6
4656,4899,lorazepam,-0.18023883,0.018695125,11
4657,4900,brd-k71182391,-0.18023717,-0.004958379,12
4658,4901,brd-k57037989,-0.18019664,0.026474532,6
4659,4902,brd-a95944315,-0.1801915,-0.03409276,17
4660,4903,brd-k31441680,-0.1801875,-0.14406477,4
4661,4904,eseroline,-0.18016648,-0.05090242,10
4662,4905,brd-k53501402,-0.18015891,-0.026839115,13
4663,4907,dephostatin,-0.18014741,0.035294935,23
4664,4908,emf-sumo1-8,-0.18012258,-0.026450079,18
4665,4909,2-aminopurine,-0.18012016,-0.061259247,18
4666,4910,alisertib,-0.1801165,0.009215277,48
4667,4911,brd-k39260562,-0.18009904,-0.020731468,3
4668,4912,brd-k20044426,-0.18007402,-0.045073573,6
4669,4914,brd-k36953952,-0.1800322,0.038836364,5
4670,4915,gw-1929,-0.18001744,0.06562441,23
4671,4916,brd-k94177318,-0.18001215,-0.03263559,4
4672,4917,abc-294640,-0.17999578,-0.047149066,6
4673,4918,ioxaglic-acid,-0.17998527,0.033123553,19
4674,4919,amuvatinib,-0.17998046,-0.008128331,48
4675,4920,brd-k14095788,-0.17997281,0.043924145,12
4676,4921,brd-k74245085,-0.17996323,-0.042050894,7
4677,4922,ponalrestat,-0.1799595,-0.03641794,19
4678,4923,brd-k42644990,-0.17995092,-0.03923298,17
4679,4924,meropenem,-0.17994882,0.047963746,26
4680,4925,brd-k83726357,-0.17994153,0.038836487,6
4681,4926,brd-k46681113,-0.17993657,0.07766755,13
4682,4927,dicloxacillin,-0.17993104,0.019503713,17
4683,4928,fluoxetine,-0.17991091,0.005389306,38
4684,4929,gedunin,-0.17990944,-0.05633711,12
4685,4930,epinephrine-(racemic),-0.17987934,0.027645838,15
4686,4931,kavain,-0.17987734,0.0075690914,25
4687,4932,vu-0447126-2,-0.17986426,0.018137801,13
4688,4933,brd-k03113036,-0.17985745,-0.03495706,18
4689,4934,brd-k89298751,-0.17983891,0.026598427,6
4690,4935,brd-k76941385,-0.17983851,-0.0876738,6
4691,4936,brd-k89699317,-0.17983826,-0.038773566,4
4692,4937,brd-k03203188,-0.17981583,-0.055719845,4
4693,4938,sa-89735,-0.17981358,0.21749534,12
4694,4939,brd-k19196783,-0.17980984,-0.04838733,13
4695,4940,brd-k19303070,-0.17979327,-0.08286959,4
4696,4943,brd-k64273758,-0.17972654,-0.115846515,5
4697,4945,brd-k21904592,-0.17968918,0.0026323404,4
4698,4946,brd-k04986062,-0.17968826,0.047471166,28
4699,4947,pd-168077,-0.17966554,0.018593784,17
4700,4948,brd-k37612077,-0.17964412,-0.06846552,4
4701,4949,brd-k20862010,-0.17963414,-0.07727573,5
4702,4950,brd-k23208702,-0.17963405,-0.12002448,7
4703,4951,gr-46611,-0.17962313,-0.01856831,19
4704,4952,amitriptyline,-0.17962062,0.08069506,38
4705,4954,brd-k71746704,-0.17960162,0.03674276,15
4706,4955,brd-k26631510,-0.17955658,-0.067386866,7
4707,4956,h-7,-0.17950803,0.035997808,18
4708,4957,brd-k93672499,-0.17949842,0.04527243,6
4709,4958,brd-k01425313,-0.17949484,0.05672916,8
4710,4959,arc-239,-0.17946409,-0.091128044,15
4711,4960,brd-k98168260,-0.1793895,0.006235249,5
4712,4961,bp-897,-0.17938311,0.02001405,23
4713,4962,brd-k34466966,-0.17937815,-0.077787615,6
4714,4963,fluprostenol,-0.17935823,-0.058990188,19
4715,4964,brd-k41325905,-0.1793464,0.024618307,6
4716,4965,brd-k07472106,-0.17934062,-0.008564812,6
4717,4966,brd-k25784575,-0.17933738,-0.0025268889,13
4718,4967,ag-494,-0.17933245,-0.10078202,19
4719,4968,norethindrone,-0.17928773,0.02338435,29
4720,4969,diazoxide,-0.17928721,0.038679406,33
4721,4970,brd-k26173688,-0.17927028,-0.08821218,4
4722,4971,brd-k15706160,-0.17926721,-0.019079033,5
4723,4972,brd-k43168251,-0.1792277,-0.03752722,5
4724,4974,brd-k31286015,-0.17919633,-0.02566586,12
4725,4975,brd-a70633932,-0.17916852,0.10804908,8
4726,4976,homoveratrylamine,-0.17915973,0.06176469,13
4727,4977,isoflupredone-acetate,-0.17912698,0.07349189,19
4728,4978,brd-k67550673,-0.17911601,-0.014647999,12
4729,4979,brd-k39049859,-0.17908852,-0.15285876,5
4730,4980,brd-k90734091,-0.17906734,-0.0003067559,13
4731,4981,brd-k20537503,-0.17906295,-0.018511761,5
4732,4982,azd-1480,-0.17906167,-0.007280457,48
4733,4983,cefadroxil,-0.17905653,-0.09951893,4
4734,4984,brd-k15998522,-0.17905088,-0.123956114,4
4735,4985,n-nitrosodiethylamine,-0.17904472,-0.123329386,3
4736,4986,brd-k13580623,-0.17904389,0.11364561,13
4737,4987,brd-k18814832,-0.17904255,0.018094936,13
4738,4988,brd-k38369496,-0.17903836,-0.03632522,7
4739,4989,tunicamycin,-0.17900807,0.043652978,24
4740,4990,hu-211,-0.17900445,-0.016504359,17
4741,4991,thz-2-98-01,-0.1790035,0.040758118,66
4742,4992,cl-218872,-0.17899881,0.037931316,19
4743,4993,brd-k93473872,-0.17895383,-0.037809487,4
4744,4994,brd-k27411973,-0.17894453,-0.06594228,13
4745,4995,sb-218078,-0.1788962,0.12063792,23
4746,4996,brd-k49477212,-0.17886803,0.0027768083,13
4747,4997,fenipentol,-0.17884678,-0.1461375,4
4748,4999,brd-k88282487,-0.1788411,0.04624442,6
4749,5000,brd-k59176197,-0.17883532,-0.02771278,4
4750,5002,brd-k86619642,-0.178758,-0.14519435,4
4751,5003,brd-k38540783,-0.17874731,-0.054052398,6
4752,5004,brd-k89748981,-0.17870541,-0.07418467,12
4753,5005,brd-k14346766,-0.17870246,-0.02084337,6
4754,5006,isox,-0.17868525,0.006176402,65
4755,5007,brd-k45392462,-0.17867726,0.019080138,5
4756,5008,ro-10-5824,-0.17866795,0.056024447,19
4757,5010,brd-a16820783,-0.17865568,0.015054748,13
4758,5011,profenamine,-0.17860678,-0.045766324,19
4759,5012,brd-k72055444,-0.17859212,-0.08443361,4
4760,5013,brd-k65927786,-0.17858173,0.10340514,4
4761,5015,brd-k27586026,-0.17856449,-0.029825367,4
4762,5016,brd-k03608458,-0.17854595,-0.010536644,6
4763,5018,brd-k06209369,-0.17851551,-0.03601523,5
4764,5019,brd-k46123637,-0.1785091,-0.04006508,14
4765,5020,brd-k27367875,-0.17850707,0.023289725,6
4766,5021,brd-k41240505,-0.1785025,0.0115917595,13
4767,5022,brd-k22663811,-0.17847279,-0.07347274,6
4768,5023,brd-k31931379,-0.17844099,-0.06509209,11
4769,5025,brd-k86043715,-0.17839828,-0.01933631,7
4770,5026,pentolinium,-0.17838435,-0.16797854,3
4771,5027,brd-k11778372,-0.17836466,-0.007141739,17
4772,5028,brd-k65342895,-0.17832983,0.034667492,17
4773,5029,brd-k81807412,-0.17832768,-0.06302519,22
4774,5030,diphenyleneiodonium,-0.17832506,0.008314781,19
4775,5031,brd-k46192888,-0.17832142,-0.05854127,4
4776,5033,ku-c103428n,-0.1782752,-0.0065962486,15
4777,5034,brd-a86792397,-0.17823887,-0.036535706,13
4778,5035,brd-k42702351,-0.17823675,0.08393001,13
4779,5036,gr-79236,-0.17821673,-0.02642068,19
4780,5037,brd-k22599598,-0.17819664,-0.082852684,5
4781,5038,brd-k01591707,-0.17818685,-0.13322309,4
4782,5039,bupivacaine,-0.17818145,-0.049906358,3
4783,5040,sa-1459261,-0.17817037,0.00563488,15
4784,5041,brd-k11401851,-0.17816465,-0.0776754,4
4785,5043,brd-a55609290,-0.17814323,-0.053301096,13
4786,5045,prednicarbate,-0.17811944,0.042956825,27
4787,5046,brd-k08198779,-0.17809486,0.06754387,4
4788,5047,brd-k74965436,-0.17808627,-0.07296968,8
4789,5048,brd-a68890828,-0.17808567,0.098101616,15
4790,5049,brd-k56269643,-0.17805073,0.04874549,4
4791,5050,brd-k39732687,-0.17804112,0.044729237,13
4792,5051,exifone,-0.17801988,0.045484904,6
4793,5052,piperlongumine,-0.17801508,0.028867878,126
4794,5053,brd-k48844671,-0.17801467,-0.036257245,12
4795,5056,brd-k40941388,-0.17797437,-0.0022196572,13
4796,5057,brd-k83982653,-0.1779673,-0.13410732,4
4797,5058,kuc103423n,-0.1779446,0.035755713,13
4798,5059,brd-k31290914,-0.17794335,-0.0595388,13
4799,5060,brd-k47703442,-0.17792432,0.0490635,17
4800,5061,cnqx,-0.17791495,-0.02643262,15
4801,5062,st-4029655,-0.17790483,-0.0061997874,17
4802,5063,brd-k47681666,-0.17790073,-0.07982844,6
4803,5064,folic-acid,-0.17789006,-0.089233786,4
4804,5066,brd-k76933066,-0.17785257,-0.04443621,15
4805,5067,brd-k46836114,-0.17784952,0.015308756,11
4806,5068,brd-k18102341,-0.17784822,-0.06833863,5
4807,5069,brd-k20123385,-0.17780493,0.016190762,13
4808,5070,brd-k79651181,-0.17779371,-0.10276303,4
4809,5071,brd-k36864553,-0.17779247,-0.048391484,14
4810,5072,atovaquone,-0.1777856,-0.0391212,19
4811,5073,bix-02189,-0.1777803,0.027204659,54
4812,5075,brd-k70804088,-0.17777067,-0.07639492,4
4813,5076,brd-k46088987,-0.17776585,-0.029845124,16
4814,5077,brd-k16947188,-0.1777656,-0.0150851635,15
4815,5078,sa-1458026,-0.17774919,0.033312146,12
4816,5079,brd-k75725875,-0.177739,-0.079139404,8
4817,5080,brd-k24781398,-0.17773686,-0.058115236,4
4818,5081,brd-k93859331,-0.17772998,-0.12564173,6
4819,5082,"methyl-2,5-dihydroxycinnamate",-0.17772393,-0.04512974,23
4820,5083,brd-k50985433,-0.17771804,0.014878927,12
4821,5084,brd-k71614913,-0.17770413,0.052264377,4
4822,5085,brd-k71552321,-0.1776964,-0.0009901625,11
4823,5086,kin001-266,-0.1776775,0.022435328,48
4824,5087,brd-k09276254,-0.17766711,0.056049645,4
4825,5088,brd-k61847735,-0.17765532,-0.11373619,3
4826,5089,pd-198306,-0.17765525,0.033415567,19
4827,5090,isorotenone,-0.1776518,-0.021038195,19
4828,5091,brd-k42743267,-0.17763846,-0.08572052,11
4829,5092,brd-k51595563,-0.17756644,-0.0045824205,13
4830,5094,skf-81297,-0.17755853,0.050976872,25
4831,5095,trehalose,-0.17755471,-0.11014783,6
4832,5096,brd-k31697605,-0.17752965,0.0017255296,11
4833,5097,brd-k42197878,-0.17752802,-0.048802074,11
4834,5098,brd-k70595525,-0.17752531,0.16208501,8
4835,5099,brd-k32431994,-0.17752393,-0.09444839,4
4836,5100,hydroxyl,-0.17750481,0.1322841,101
4837,5101,brd-k89585847,-0.17747952,0.0042806063,4
4838,5102,brd-k95786143,-0.17746817,-0.04583461,13
4839,5103,cilostazol,-0.17745022,0.046857495,27
4840,5104,quinpirol-(-),-0.17744724,-0.036833026,19
4841,5105,brd-k22031742,-0.17744434,-0.09932442,5
4842,5106,brd-k86048057,-0.17742641,0.06486708,12
4843,5107,brd-k97186212,-0.17742541,-0.117314234,3
4844,5108,hyoscyamine,-0.17742138,0.022401638,37
4845,5109,brd-k77433548,-0.17741059,-0.107525356,5
4846,5110,brd-k07700224,-0.17740847,-0.085175,5
4847,5111,brd-k10779199,-0.17738621,-0.00795652,4
4848,5112,brd-k30270755,-0.17737359,0.037278756,4
4849,5113,brd-k58761147,-0.17734015,0.060568906,4
4850,5114,brd-k08982647,-0.17732856,-0.037454996,9
4851,5115,brd-k30437804,-0.17731905,-0.07535792,5
4852,5116,brd-k15672523,-0.17729399,0.015097271,17
4853,5117,brd-k94725447,-0.17728674,0.05383814,4
4854,5118,brd-k66771647,-0.17727432,-0.14934582,4
4855,5119,brd-k95154332,-0.17725006,-0.0064691226,7
4856,5120,brd-k85650383,-0.17724945,-0.025982387,12
4857,5121,flufenamic-acid,-0.17724802,0.0020088851,22
4858,5122,brd-k53833301,-0.17723857,0.022237206,15
4859,5123,brd-k12980773,-0.17723061,-0.03554004,6
4860,5124,brd-k21672423,-0.177209,0.05535956,17
4861,5125,brd-k77804886,-0.17719461,-0.04296021,6
4862,5126,rolitetracycline,-0.1771873,0.15681411,13
4863,5128,brd-k57321627,-0.17714988,0.010625638,6
4864,5129,brd-k05496005,-0.17713784,-0.005809099,3
4865,5130,brd-k33986184,-0.17713685,-0.1169019,3
4866,5131,brd-k20500634,-0.17712377,-0.12928288,4
4867,5132,sa-1463810,-0.17711855,0.039217476,25
4868,5133,brd-k74777906,-0.17709176,0.031028265,12
4869,5134,brd-k91473136,-0.17707889,-0.02559746,5
4870,5135,vu-0418000-1,-0.17707409,0.030568888,12
4871,5136,brd-k56983253,-0.17706876,-0.10107774,13
4872,5137,streptozotocin,-0.17703171,0.0860262,18
4873,5138,brd-k16621373,-0.17700094,-0.09885872,5
4874,5139,brd-k13667629,-0.17698412,-0.009781932,6
4875,5140,brd-k12484704,-0.17697692,-0.080645755,7
4876,5141,brd-k41354272,-0.17697242,0.0011825934,4
4877,5142,rosmarinic-acid,-0.1769719,-0.03483925,19
4878,5143,brd-k89451495,-0.17696165,-0.04482349,6
4879,5144,linoleic-acid,-0.17693368,-0.020689126,15
4880,5145,brd-k70839030,-0.17690396,-0.012788285,4
4881,5146,brd-k82747512,-0.1768931,-0.055930264,13
4882,5147,sa-1459172,-0.17688191,-0.049946368,19
4883,5148,benzofuran,-0.1768791,-0.06562832,6
4884,5149,brd-k75644678,-0.17687455,0.027154079,15
4885,5150,nan-190,-0.17687121,-0.002036498,17
4886,5151,chir-99021,-0.17686051,0.012177041,60
4887,5153,brd-k19944193,-0.17684613,-0.13961396,5
4888,5154,brd-k31829694,-0.17684011,-0.036014535,12
4889,5155,st-4034902,-0.17679994,-0.022580132,17
4890,5157,brd-k93061442,-0.17675866,-0.0019505622,3
4891,5158,brd-k62409349,-0.17672913,-0.0819124,5
4892,5159,sa-1922257,-0.1767062,0.025138717,17
4893,5161,metixene,-0.17668682,0.0050730235,19
4894,5163,brd-k75627148,-0.1766275,0.044129856,62
4895,5164,yl-57,-0.17662098,-0.0044842395,11
4896,5165,brd-a42994615,-0.1766045,-0.0695671,6
4897,5166,brd-k71970656,-0.17659199,0.107853495,12
4898,5167,brd-k73365449,-0.17659196,0.022380985,4
4899,5168,brd-k82794234,-0.17658685,-0.11409083,4
4900,5169,brd-a68202111,-0.1765676,-0.09563443,6
4901,5170,brd-k00859168,-0.17656545,-0.06931567,17
4902,5171,brd-k95118263,-0.17653926,-0.030005274,8
4903,5172,brd-k60774644,-0.17653511,0.03203908,8
4904,5173,picotamide,-0.17652272,0.001821992,22
4905,5174,clobenpropit,-0.17648983,-0.04182636,30
4906,5175,benzoxiquine,-0.17646731,0.046816837,22
4907,5176,brd-k60729220,-0.17646672,-0.069487534,12
4908,5177,brd-k66598898,-0.17646445,-0.0355818,11
4909,5180,brd-k81810761,-0.17643982,0.09674311,3
4910,5181,brd-k09231502,-0.17643917,0.044402022,13
4911,5182,brd-k32516224,-0.17643899,0.087222815,3
4912,5183,brd-k07323881,-0.17643115,0.044131856,4
4913,5184,esculin,-0.17639221,0.051290154,19
4914,5185,brd-k30953566,-0.17639174,-0.042257212,3
4915,5186,brd-k97522823,-0.17639081,0.012194687,13
4916,5187,brd-k92300676,-0.17638232,0.046681225,5
4917,5189,p-1075,-0.17631878,0.04067778,19
4918,5190,brd-k72303429,-0.17631777,-0.03501255,4
4919,5191,n-formylmethionylalanine,-0.17629433,0.064302325,15
4920,5192,brd-k02274189,-0.17628992,0.07490244,5
4921,5193,brd-k49283005,-0.17628506,-0.009456546,4
4922,5194,brd-k50694553,-0.17627837,0.02794408,6
4923,5195,brd-k89209981,-0.17627312,0.012048135,12
4924,5196,brd-k67470788,-0.17624639,0.013563563,17
4925,5197,brd-k73004613,-0.17622735,-0.043224543,15
4926,5198,brd-k70697816,-0.17622358,-0.019757144,12
4927,5199,l-2167,-0.1762217,-0.07738903,18
4928,5200,ku-c103670,-0.17619763,0.04372585,12
4929,5201,vu-0011562,-0.17619449,-0.037328254,13
4930,5202,tetramethylsilane,-0.17619121,0.04695415,19
4931,5203,brd-k19914944,-0.17618819,-0.03184202,18
4932,5204,brd-k86905031,-0.17617822,-0.049848314,13
4933,5205,mw-shh-28,-0.17616117,0.024821948,101
4934,5206,cgp-12177,-0.17615792,-0.016000621,19
4935,5207,brd-k73428213,-0.17614225,-0.011192783,6
4936,5208,propranolol,-0.17613913,0.00013913988,21
4937,5209,ku-c103874,-0.17613141,0.007506313,12
4938,5211,brd-k23680395,-0.17608692,0.028546102,4
4939,5212,5-fp,-0.1760546,0.0156175215,11
4940,5213,brd-k81826010,-0.1760433,-0.012339073,18
4941,5214,brd-k78056905,-0.17599879,0.0023946173,15
4942,5216,mocimycin,-0.17598693,0.0011493564,19
4943,5217,brd-k20848134,-0.1759717,-0.051714126,4
4944,5218,rs-79948,-0.17594269,-0.012575577,15
4945,5219,brd-k33449128,-0.17590776,0.012739924,13
4946,5221,brd-k33994902,-0.175874,-0.11536203,6
4947,5222,brd-k88511582,-0.17586316,0.01649111,13
4948,5223,brd-k92953840,-0.1758532,0.044167344,11
4949,5224,brd-k42091312,-0.17582688,0.0709738,17
4950,5225,torasemide,-0.17581695,-0.014173277,30
4951,5226,sch-58261,-0.1757904,0.017800806,19
4952,5227,dihomo-gamma-linolenic-acid,-0.17578723,-0.050040603,15
4953,5229,nk42-i-109-1,-0.17576312,0.01761922,17
4954,5230,benzamil,-0.17573637,-0.030681338,38
4955,5232,rimexolone,-0.17568222,0.007671983,23
4956,5233,aripiprazole,-0.17567779,-0.008292836,15
4957,5234,brd-k74507776,-0.17567047,0.029153662,11
4958,5235,pirarubicin,-0.17565724,0.13654415,18
4959,5236,brd-k71673735,-0.17565587,-0.030765802,5
4960,5237,vu-0418934-2,-0.17565563,-0.055257227,12
4961,5238,brd-k21400342,-0.17565313,-0.04449115,4
4962,5239,brd-k08318631,-0.17564297,-0.09288115,4
4963,5240,brd-a30612536,-0.1756291,0.04142961,12
4964,5241,isosorbide,-0.17562088,-0.0765036,8
4965,5242,brd-a13914662,-0.17560968,-0.069408536,18
4966,5243,psh-008,-0.17559375,-0.041942198,15
4967,5244,brd-k41049123,-0.17558947,0.037085306,5
4968,5245,ku-c104233,-0.17558175,-0.0021888004,12
4969,5246,brd-k45591070,-0.17557251,-0.16432157,3
4970,5247,brd-k25042903,-0.1755614,-0.021364618,5
4971,5248,brd-k69834151,-0.17553373,-0.037929814,12
4972,5249,brd-k85197047,-0.17550854,0.09228923,9
4973,5250,alfacalcidol,-0.17548962,-0.026762394,15
4974,5251,sd-6-035-a7,-0.17546682,0.025220841,13
4975,5252,xe-991,-0.17545766,0.06445163,23
4976,5254,brd-k92860459,-0.17543386,0.04435469,4
4977,5255,brd-k58282082,-0.17542678,-0.021033796,6
4978,5256,brd-k49988555,-0.1754195,-0.13477777,4
4979,5257,brd-k16290432,-0.17540894,0.016863663,17
4980,5258,brd-k87313043,-0.1754075,-0.05131972,12
4981,5259,brd-k80674743,-0.1753933,0.006051738,3
4982,5260,brd-k70109596,-0.17538388,0.101557456,5
4983,5261,brd-k80439608,-0.17534028,0.00066255685,14
4984,5262,brd-a08610364,-0.17529635,0.0030224896,12
4985,5263,benzylpenicillin,-0.17528637,0.039825216,23
4986,5264,brd-k03641022,-0.17528303,-0.049643084,12
4987,5265,brd-k29642604,-0.1752786,-0.08210628,5
4988,5266,brd-k42620042,-0.1752551,-0.03703017,9
4989,5267,brd-k85802361,-0.17524864,-0.040073156,4
4990,5268,brd-k09503339,-0.17522994,-0.06328037,6
4991,5269,brd-k48809858,-0.17522095,-0.108898535,6
4992,5270,ki-8751,-0.17520958,0.0029117453,27
4993,5271,l-168049,-0.17519952,0.01980742,15
4994,5272,brd-k24217168,-0.17519853,0.09778346,4
4995,5273,brd-k54657957,-0.17519091,0.00046031803,13
4996,5274,brd-k52199185,-0.1751794,-0.030447867,3
4997,5275,brd-k62056344,-0.17517865,-0.0005665552,18
4998,5276,brd-k63860984,-0.17515694,-0.02922438,6
4999,5277,brd-k44812652,-0.17512809,-0.02059338,17
5000,5279,butyrolactone,-0.17511252,0.06474502,6
5001,5280,brd-k02735834,-0.17510833,0.06221443,13
5002,5281,brd-k34816161,-0.17509335,-0.04597493,3
5003,5282,coumaric-acid,-0.17508006,0.08220821,19
5004,5283,brd-k23644387,-0.17507033,-0.0018429053,11
5005,5284,brd-k86899078,-0.17504643,-0.07622233,13
5006,5286,brd-k05713002,-0.17504115,-0.085853815,5
5007,5287,brd-k07063907,-0.17503269,0.01610777,6
5008,5288,brd-k06897051,-0.17502041,-0.082277514,3
5009,5289,brd-k99874282,-0.17501879,0.02508675,14
5010,5290,sc-10,-0.17501588,-0.005574822,19
5011,5291,arcyriaflavin-a,-0.17500925,0.086127445,23
5012,5293,brd-k53198520,-0.17497529,0.035175756,4
5013,5294,brd-k63157263,-0.17495888,-0.04715087,13
5014,5296,brd-k79491139,-0.17494865,0.006885764,13
5015,5297,brd-k84104483,-0.17491877,-0.035119712,4
5016,5298,as-604850,-0.17491832,-0.085264616,18
5017,5299,rx-821002,-0.17491575,0.010997161,15
5018,5300,brd-a96749488,-0.1748992,-0.059911907,12
5019,5301,rs-102221,-0.17487167,-0.011343027,19
5020,5302,brd-k36038115,-0.1748468,0.023135228,13
5021,5303,gdc-0941,-0.17484267,0.05561281,84
5022,5304,brd-k76764002,-0.17480084,-0.09669594,5
5023,5305,brd-k93302072,-0.1747871,0.047235597,13
5024,5306,benfotiamine,-0.17477822,-0.058230404,4
5025,5307,l-741626,-0.17476872,0.027885208,19
5026,5308,brd-k54445308,-0.17475727,0.038865503,3
5027,5309,brd-k51896917,-0.17472647,-0.014264304,13
5028,5310,jte-013,-0.1747136,0.046421632,19
5029,5311,pefloxacin,-0.17470923,0.006292844,15
5030,5312,brd-k48662018,-0.17470483,0.08584798,3
5031,5313,htmt,-0.17468072,0.00071465934,28
5032,5314,brd-k31788208,-0.17465606,-0.13053693,3
5033,5315,brd-k68614469,-0.1746339,0.040636934,7
5034,5317,procaine,-0.17463003,-0.081735454,19
5035,5319,brd-k21152218,-0.1746202,-0.03961453,6
5036,5320,brd-k52215487,-0.1746048,-0.112721525,3
5037,5321,brd-k14939371,-0.17459609,0.0035775937,13
5038,5322,brd-a38936397,-0.17457536,-0.03377395,12
5039,5323,brd-k60833663,-0.17456192,-0.08019921,4
5040,5324,brd-k42173890,-0.17455715,-0.009815596,6
5041,5325,brd-a12643502,-0.1745552,0.0027994402,17
5042,5326,pyrithyldione,-0.17454654,0.07802525,4
5043,5328,brd-k29626061,-0.17453265,0.00435692,6
5044,5329,brd-k00878439,-0.17452401,0.019183613,6
5045,5330,selamectin,-0.17450865,0.022787472,20
5046,5331,brd-k79758054,-0.1745023,0.067963235,13
5047,5333,brd-k85438393,-0.17444023,-0.0525689,5
5048,5334,guanfacine,-0.17443657,-0.06642487,23
5049,5335,brd-k24175855,-0.17442638,-0.09946452,6
5050,5337,brd-k00144236,-0.17439581,-0.068387106,4
5051,5339,brd-k77970970,-0.17433353,-0.06480503,4
5052,5341,brd-k55137639,-0.17432503,-0.09105876,4
5053,5342,alpha-estradiol,-0.17432459,0.010096695,76
5054,5343,devazepide,-0.17432354,0.014942965,19
5055,5344,brd-k55149044,-0.17431648,0.07059673,25
5056,5345,brd-k73937887,-0.17430979,-0.081984326,5
5057,5346,brd-k36654803,-0.17430945,-0.013924133,7
5058,5348,propofol,-0.17426941,-0.031491417,23
5059,5349,brd-k30509186,-0.17423145,-0.008632973,4
5060,5350,brd-a36411721,-0.1742266,-0.05486857,12
5061,5351,evoxine,-0.17420152,-0.066989176,19
5062,5353,emf-sumo1-10,-0.17417233,-0.004565022,35
5063,5354,brd-k47771675,-0.17416528,0.009065753,12
5064,5355,brd-k25608435,-0.17416209,-0.049165357,13
5065,5356,brd-k21913257,-0.17415106,-0.003476285,13
5066,5357,brd-k34981405,-0.17415036,0.029719947,7
5067,5358,brd-k07660364,-0.1741454,0.057769362,6
5068,5359,brd-k20272026,-0.17413208,-0.10033667,6
5069,5360,mdl-11939,-0.17412858,0.01753002,15
5070,5361,exo-1,-0.17412841,-0.031387407,34
5071,5362,brd-k78843060,-0.17412004,0.018236626,13
5072,5363,stk-397047,-0.17410126,0.10278148,16
5073,5364,brd-k22387508,-0.1740702,0.038838543,4
5074,5365,brd-k77425389,-0.17402914,-0.11414675,4
5075,5366,brd-k35571012,-0.1740285,-0.06169216,5
5076,5367,jwh-015,-0.17402515,0.01184882,19
5077,5369,brd-k67582595,-0.1740178,-0.06436731,6
5078,5370,hippeastrine,-0.17399967,0.021943055,19
5079,5371,brd-k56478238,-0.17398046,-0.031051787,13
5080,5372,ibutilide,-0.17396931,-0.042481393,4
5081,5373,brd-a77704559,-0.17395295,0.0004427157,17
5082,5374,brd-k88008216,-0.17394902,0.093340285,13
5083,5375,metaxalone,-0.17393768,0.079155646,19
5084,5376,orlistat,-0.17391473,0.007106568,11
5085,5377,brd-k48974000,-0.17390746,0.034360033,15
5086,5378,sa-1944378,-0.17387849,0.13864997,12
5087,5379,sa-1472655,-0.17386897,0.032038093,18
5088,5380,brd-k21516480,-0.1738642,-0.039123297,6
5089,5381,brd-k56994829,-0.17384933,0.12898128,6
5090,5382,ku-c104502n,-0.17383869,-0.03512424,13
5091,5383,brd-k15923759,-0.17380178,-0.08976345,11
5092,5384,brd-k46496627,-0.17379051,-0.055683356,4
5093,5385,brd-k74647590,-0.17378703,0.19262564,6
5094,5386,brd-k42696220,-0.17378202,-0.124893285,4
5095,5387,tyrphostin-ag-555,-0.17376055,0.009208153,19
5096,5388,brd-k28066515,-0.17376027,-0.105350405,5
5097,5389,aminosalicylic-acid,-0.1737354,-0.06653772,4
5098,5390,brd-k83541009,-0.1737255,-0.07129865,7
5099,5392,benzohydroxamic-acid,-0.173697,-0.021840986,70
5100,5393,brd-k23412959,-0.17369111,-0.013666081,12
5101,5394,brd-k94035551,-0.17368472,-0.029621592,15
5102,5395,brd-k94509791,-0.17367566,-0.04179109,4
5103,5396,sarmentogenin,-0.17363949,0.046074763,8
5104,5397,brd-k50368246,-0.17362568,0.012884494,17
5105,5398,brd-k39687892,-0.173597,-0.050410394,17
5106,5399,thiamphenicol,-0.17358206,-0.094134584,3
5107,5401,hts-11203sc,-0.17355517,-0.06000297,13
5108,5402,cilostamide,-0.17354858,0.0054794373,67
5109,5403,st-023431,-0.17354025,0.043697927,17
5110,5404,brd-k13199470,-0.17354015,-0.06252158,6
5111,5405,brd-k21033948,-0.17353135,-0.060842052,4
5112,5406,brd-k68849294,-0.17350774,0.036042474,5
5113,5407,brd-k26909795,-0.17350498,-0.05682446,6
5114,5408,y-27152,-0.17350432,0.062423777,23
5115,5409,brd-k44931544,-0.1734494,0.037178244,12
5116,5410,brd-k47002284,-0.17343614,0.0077303518,6
5117,5411,tyrphostin-ag-538,-0.17342772,-0.030277945,19
5118,5412,nelfinavir,-0.1734148,0.013097056,29
5119,5413,st-4034917,-0.1734093,0.03886767,17
5120,5414,nobiletin,-0.17338961,0.08914979,30
5121,5415,methylatropine,-0.17337632,0.006959986,4
5122,5416,gbr-13069,-0.17337318,-0.02082327,27
5123,5417,brd-k02125996,-0.17337182,-0.05722858,4
5124,5418,carnosol,-0.17335302,0.12757792,6
5125,5419,nsc-3852,-0.17335081,0.049932472,24
5126,5420,yk-4279,-0.17334208,0.01785831,73
5127,5421,brd-k91264756,-0.1733252,0.023784123,13
5128,5422,ro-60-0175,-0.17332417,-0.004405039,19
5129,5423,dl-tboa,-0.17330067,0.0007834812,59
5130,5424,brd-k81331655,-0.17330009,-0.05508203,6
5131,5426,brd-k99638701,-0.17325887,0.0174113,11
5132,5427,brd-k31800869,-0.17324352,-0.1552305,4
5133,5428,brd-k88279116,-0.17323075,-0.008421771,13
5134,5429,brd-k27622376,-0.17322546,-0.012462769,13
5135,5430,brd-k38740852,-0.1732222,-0.0673958,3
5136,5432,monastrol,-0.17318314,-0.026387274,19
5137,5433,brd-k28049955,-0.17317475,-0.07923455,6
5138,5434,brd-k20109053,-0.1731642,-0.06164509,12
5139,5435,fluconazole,-0.17314874,-0.0008664783,30
5140,5436,tul_xx087,-0.1731453,0.10843906,32
5141,5437,brd-k17969842,-0.17314048,0.0019384517,13
5142,5438,lofexidine,-0.17314036,0.009266527,17
5143,5439,morin,-0.17313759,-0.072051845,20
5144,5440,mycophenolic-acid,-0.1730922,-0.016127607,47
5145,5441,brd-k17773477,-0.17308356,-0.018419234,13
5146,5443,lidoflazine,-0.17307884,0.018690292,22
5147,5444,brd-k86162390,-0.17305256,-0.05662237,4
5148,5446,brd-k11582139,-0.17299518,0.049191594,3
5149,5447,brd-k70836798,-0.17294362,0.08648916,7
5150,5449,proguanil,-0.17293632,0.008395369,23
5151,5450,brd-k12067499,-0.17293602,-0.08095755,5
5152,5452,brd-k30437434,-0.17292573,-0.015486517,5
5153,5453,brd-k19487261,-0.17289034,-0.08024746,4
5154,5454,brd-k33943748,-0.17287008,-0.008621955,3
5155,5455,brd-k71805031,-0.17286302,0.010943908,4
5156,5456,brd-k08078340,-0.17286186,0.051050242,4
5157,5457,brd-k07100440,-0.17284957,-0.06323841,7
5158,5458,brd-k22836524,-0.17284387,-0.049912818,8
5159,5461,brd-k77908171,-0.1728074,-0.108700566,6
5160,5462,brd-k71795383,-0.17278224,0.04734688,5
5161,5465,brd-k06188347,-0.17275874,-0.0012933083,13
5162,5466,brd-a61189834,-0.17275749,-0.018843448,13
5163,5468,brd-k17645417,-0.17273931,-0.06765032,5
5164,5470,brd-k87432599,-0.17270455,0.07126039,17
5165,5471,brd-k23841751,-0.17269768,0.033152547,18
5166,5472,brd-k94193354,-0.17267759,0.03572998,13
5167,5473,brd-k74690444,-0.1726544,0.043980066,13
5168,5474,gp-42,-0.17265037,-0.044985004,12
5169,5475,kuc111774n,-0.17264347,0.13273293,101
5170,5476,ku-c103898n,-0.17262934,-0.04432582,13
5171,5477,brd-k43253317,-0.17258559,-0.044912044,14
5172,5478,bms-754807,-0.17257631,0.03010271,59
5173,5479,brd-k19653414,-0.17255919,-0.109994784,6
5174,5480,brd-k14609189,-0.1725489,0.04992111,12
5175,5481,brd-k82423177,-0.17253856,0.0065279636,5
5176,5482,gtp-14564,-0.17253233,0.037944194,19
5177,5483,enevalproate,-0.17251493,-0.050030228,12
5178,5484,brd-k91156247,-0.17250912,0.014065911,7
5179,5486,brd-k21299908,-0.17249744,-0.09330778,5
5180,5487,brd-k80278608,-0.17246467,0.029163696,7
5181,5488,brd-m72906282,-0.17245859,-0.04163768,6
5182,5489,brd-m10589662,-0.17245446,0.0109827,6
5183,5490,brd-k52163391,-0.17245367,-0.037068795,12
5184,5491,bicalutamide,-0.1724449,0.008770026,40
5185,5492,brd-k49123127,-0.17244008,0.031390354,3
5186,5493,brd-k42823101,-0.1724353,-0.1085878,6
5187,5494,brd-k89546934,-0.17243049,0.044624798,13
5188,5495,isonicotinamide,-0.17241359,0.068756014,6
5189,5496,inca-6,-0.1724009,0.03515082,23
5190,5497,brd-k96692572,-0.17239809,-0.077239126,5
5191,5498,brd-k96167523,-0.17239104,0.009728763,17
5192,5499,brd-m32778103,-0.17233482,0.0073341453,13
5193,5500,sa-245650,-0.17231052,0.056664325,18
5194,5502,skf-83566,-0.17228717,0.013829617,26
5195,5503,brd-k95683812,-0.17227961,-0.06515637,5
5196,5504,brd-k36754064,-0.17227721,-0.027106237,13
5197,5505,brd-k07079548,-0.17227462,-0.041443225,19
5198,5506,bg-1010,-0.17226641,-0.004336249,6
5199,5508,brd-k98546361,-0.1722251,0.050202772,24
5200,5509,brd-k34968258,-0.17222257,0.03944849,13
5201,5510,pseudoephedrine,-0.17220661,-0.055685256,19
5202,5511,brd-k11169037,-0.17220305,0.02093804,13
5203,5512,brd-k15440898,-0.1721811,-0.002055595,13
5204,5513,brd-k46732958,-0.17217351,-0.054969616,6
5205,5516,enalaprilat,-0.17214073,-0.042383242,11
5206,5517,stock1s-03920,-0.17212552,-0.026389481,17
5207,5518,brd-k68246261,-0.17210093,-0.004638504,3
5208,5519,capecitabine,-0.17209549,-0.051005833,17
5209,5520,brd-k93210686,-0.17208487,0.025333526,5
5210,5521,butacaine,-0.17207356,0.00028293068,4
5211,5522,ly-2140023,-0.17207313,-0.05939516,11
5212,5523,brd-k54687541,-0.17207031,-0.06809807,12
5213,5525,nortriptyline,-0.17206399,0.013158658,22
5214,5526,brd-k37124285,-0.17202304,0.10154522,13
5215,5527,thioproperazine,-0.17200318,0.026081678,22
5216,5528,brd-k51745483,-0.17199372,0.015782597,15
5217,5529,dihydroptaeroxylin,-0.17198446,-0.025850529,15
5218,5530,brd-k73722380,-0.17196465,-0.026183711,5
5219,5531,ku-c104236n,-0.17195661,-0.025813306,15
5220,5532,brd-k84290569,-0.17194808,-0.046185046,6
5221,5533,brd-k36284700,-0.17193341,-0.06111768,7
5222,5534,brd-k59130924,-0.17191109,-0.028992783,6
5223,5535,oligomycin-c,-0.17190069,0.03496172,11
5224,5536,brd-k06436323,-0.17188963,-0.035822455,12
5225,5537,brd-k04676863,-0.17187044,-0.124397494,13
5226,5538,brd-k96552587,-0.17186095,-0.08243217,12
5227,5539,brd-k43420611,-0.17179182,-0.055575646,4
5228,5540,metamizole,-0.17177582,-0.014024846,4
5229,5541,sa-1921902,-0.1717735,-0.09493454,8
5230,5544,brd-k85885948,-0.17174393,-0.082168125,5
5231,5545,brd-k14636731,-0.1717335,-0.080844104,13
5232,5546,brd-k73304092,-0.17172948,0.028624915,15
5233,5547,brd-k72620090,-0.17172314,0.024557259,11
5234,5548,y-39983,-0.17171814,0.037431862,48
5235,5549,eicosatrienoic-acid,-0.17169671,0.030485338,19
5236,5550,brd-k45845536,-0.17167234,-0.02161483,4
5237,5551,5-methoxy-alpha-methyltryptamine,-0.17167105,-0.01892474,6
5238,5552,brd-k42006110,-0.17165574,-0.06532925,10
5239,5553,digitoxin,-0.17163144,0.016687183,26
5240,5554,u0126,-0.17160933,0.014126361,19
5241,5555,brd-k26508045,-0.171585,0.083008125,4
5242,5556,brd-k85208848,-0.17157438,0.0219776,4
5243,5557,tizanidine,-0.17157394,0.09502204,15
5244,5558,brd-k22204517,-0.17157121,-0.048616722,5
5245,5560,ornidazole,-0.1715209,0.019687284,37
5246,5561,brd-k75845944,-0.17151459,-0.011223421,13
5247,5563,cefdinir,-0.17151022,0.04614228,17
5248,5564,cetraxate,-0.1715029,0.06944563,11
5249,5565,brd-k70524666,-0.17147619,0.036020674,17
5250,5567,brd-k00199388,-0.17147364,0.10672318,5
5251,5568,brd-k52719892,-0.1714537,0.020363057,6
5252,5569,brd-k31487013,-0.17143704,-0.046152204,4
5253,5570,sa-1919551,-0.17143479,0.074802086,8
5254,5571,arctigenin,-0.17143433,-0.005507833,31
5255,5572,brd-k78062244,-0.17142054,0.0640474,30
5256,5573,gr-235,-0.17139,0.040376995,18
5257,5574,brd-k07061353,-0.17138608,-0.038260404,18
5258,5575,etiocholanolone,-0.17137504,-0.033212032,4
5259,5576,brd-k72345505,-0.17136993,-0.08697839,4
5260,5577,brd-a15113563,-0.17135286,-0.022230744,12
5261,5578,brd-k52947657,-0.17134021,-0.07646579,3
5262,5579,brd-k96521176,-0.17133585,-0.0038288382,5
5263,5580,brd-k24698610,-0.17132619,0.03303674,12
5264,5581,brd-k89558221,-0.1713223,0.06392842,17
5265,5582,brd-k43842808,-0.17131431,-0.07257338,13
5266,5583,brd-k85102293,-0.17130809,0.11753657,12
5267,5585,brd-k92033419,-0.17129646,-0.014175867,13
5268,5586,km-01366,-0.17129056,-0.05932898,17
5269,5587,brd-k00028814,-0.1712902,-0.035652313,13
5270,5588,brd-k74656908,-0.17126869,-0.114471205,4
5271,5589,brd-k13183999,-0.17124617,-0.09039703,6
5272,5590,brd-k36796217,-0.17124179,0.012680484,13
5273,5591,brd-k44968554,-0.17122783,-0.060899887,5
5274,5592,brd-k38012662,-0.17122404,0.012736574,32
5275,5593,brd-k77939573,-0.17120269,-0.059951663,7
5276,5594,brd-k71169984,-0.17119652,-0.09055426,12
5277,5596,brd-k81953058,-0.17119098,0.06385474,5
5278,5597,brd-k24123159,-0.17117834,-0.08582257,4
5279,5598,flupentixol,-0.17117697,0.003995196,19
5280,5599,brd-k31262969,-0.17117538,-0.10530785,5
5281,5600,petcm,-0.17117175,0.0061250245,15
5282,5601,brd-k11759662,-0.17114997,0.009731787,11
5283,5602,brd-k27534253,-0.1711371,-0.108276494,3
5284,5603,brd-k21001652,-0.17113014,-0.020344656,48
5285,5604,brd-k75430629,-0.1711181,-0.045934625,11
5286,5605,ouabain,-0.17111786,0.0828139,66
5287,5606,protopine,-0.17111365,0.07248228,15
5288,5607,piceid,-0.17111215,0.029711464,15
5289,5608,brd-k19234078,-0.17109677,0.032370713,3
5290,5609,at-7519,-0.17109515,0.13786416,63
5291,5610,brd-k26327304,-0.17108184,-0.03465864,4
5292,5611,brd-k66888355,-0.17106488,-0.09400933,7
5293,5612,brd-k75477256,-0.17105842,-0.015193068,13
5294,5613,brd-k33906096,-0.1710561,-0.046901427,3
5295,5615,harmine,-0.17103739,-0.010368377,6
5296,5616,brd-k39947788,-0.17103226,-0.09030875,4
5297,5617,brd-k19499941,-0.17102094,0.08733946,30
5298,5618,brd-k63116520,-0.17099622,0.035517324,6
5299,5619,brd-k46562045,-0.17099035,-0.028581088,5
5300,5622,brd-k16360094,-0.17094702,-0.12781319,4
5301,5623,brd-k80427968,-0.17092893,-0.030013384,5
5302,5624,brd-k37372998,-0.17092672,-0.009679604,15
5303,5625,3-matida,-0.17090037,0.01885641,11
5304,5626,6-aminochrysene,-0.17089826,-0.01848212,17
5305,5627,brd-k69616553,-0.17088321,0.0057681613,6
5306,5628,brd-k45891353,-0.17086808,-0.027128922,5
5307,5629,brd-k67769696,-0.1708396,0.06862713,4
5308,5630,brd-k55004655,-0.17083848,-0.071505,5
5309,5631,brd-k67774729,-0.17079818,0.015402747,64
5310,5632,brd-k74949371,-0.17079383,0.059465505,17
5311,5633,brd-k79381128,-0.17074518,-0.03254911,13
5312,5635,umbelliferone,-0.17069422,0.0013981254,19
5313,5636,brd-k89190195,-0.1706647,-0.026788665,15
5314,5637,brd-k79064338,-0.1706476,-0.0031585437,7
5315,5638,brd-k82768082,-0.17063913,-0.0067418953,12
5316,5639,brd-k45788890,-0.17062485,-0.053376596,3
5317,5640,brd-k85815049,-0.17062101,0.021740392,5
5318,5643,brd-k37724988,-0.17055932,0.011027407,13
5319,5644,brd-k48619543,-0.17055565,0.018834908,4
5320,5645,brd-k84252391,-0.17055514,0.005864639,6
5321,5646,brd-k20827972,-0.17053285,-0.008074738,9
5322,5647,isamoltane,-0.17051268,-0.040824533,19
5323,5648,brd-k34388789,-0.17050995,0.012623012,12
5324,5650,brd-k45749103,-0.17049089,-0.03413691,6
5325,5651,brd-k68655663,-0.17044924,-0.0765644,5
5326,5652,apomorphine,-0.17040992,-0.13704294,3
5327,5653,utmb-00042,-0.17040807,-0.051109962,28
5328,5654,brd-k74842589,-0.17040782,0.18378907,6
5329,5655,brd-k05331696,-0.17039603,0.044712428,13
5330,5656,brd-k30381384,-0.17039315,-0.010898257,15
5331,5657,brd-a94567954,-0.17039053,0.029876111,13
5332,5658,brd-k06199632,-0.17036653,-0.010564227,4
5333,5660,fluvastatin,-0.17033811,0.064013556,33
5334,5661,brd-k70201679,-0.17033596,-0.08589778,5
5335,5662,brd-k19838409,-0.17033389,-0.11334559,4
5336,5663,brd-k63880531,-0.17033061,-0.028827587,7
5337,5664,brd-k70669970,-0.1703178,0.012094529,12
5338,5665,brd-k89624539,-0.17030515,-0.03391256,3
5339,5666,ran-05,-0.17029868,-0.023905337,17
5340,5667,brd-k05531636,-0.17029272,-0.08096368,3
5341,5668,brd-k68158690,-0.17028712,-0.028498106,13
5342,5669,lisinopril,-0.17028587,-0.16679958,3
5343,5672,flucytosine,-0.17024738,-0.06301156,15
5344,5673,brd-k64402699,-0.17024684,-0.09359622,5
5345,5674,hinokitiol,-0.17022699,0.0021478822,19
5346,5675,tgx-115,-0.17021935,0.01550091,59
5347,5679,u-99194,-0.170178,0.03409661,19
5348,5680,brd-k21773564,-0.17017432,-0.097987324,12
5349,5681,5'-guanidinonaltrindole,-0.17013218,-0.080237895,15
5350,5682,brd-k19870323,-0.170129,0.19249973,4
5351,5684,brd-k32132269,-0.17011772,-0.09581829,15
5352,5685,brd-k97614198,-0.17010635,-0.08374584,6
5353,5686,brd-k19642661,-0.17009047,-0.019125534,13
5354,5687,bms-182874,-0.17008394,-0.0004731358,15
5355,5688,brd-k39010473,-0.17008117,-0.0522228,13
5356,5689,brd-k47571551,-0.1700777,0.036418736,3
5357,5690,brd-k48296029,-0.17004687,0.07333696,11
5358,5691,as-601245,-0.17003872,0.09677569,64
5359,5692,taurodeoxycholic-acid,-0.16998704,0.0052978657,24
5360,5694,brd-k07339740,-0.16994041,0.019949084,19
5361,5695,brd-k52662613,-0.16993663,-0.007494145,7
5362,5696,cay-10594,-0.1699325,-0.052656565,59
5363,5697,brd-k56076713,-0.16991386,-0.09725958,3
5364,5698,trequinsin,-0.16987288,-0.01338668,63
5365,5699,brd-k07881060,-0.1698686,-0.01723027,7
5366,5702,brd-k34038660,-0.16982618,-0.029287089,6
5367,5703,brd-k75596743,-0.16980024,-0.07684693,3
5368,5704,brd-k66975725,-0.16978227,-0.07102426,3
5369,5705,"tropanyl-3,5-dimethylbenzoate",-0.16976815,-0.020426111,19
5370,5706,brd-k27961885,-0.16974398,-0.028646339,4
5371,5707,brd-k60218670,-0.1697259,-0.05573162,13
5372,5708,brd-k35691352,-0.1697178,-0.027057434,5
5373,5709,prednisone,-0.16970792,0.04373815,26
5374,5710,brd-k15888437,-0.16970164,0.0058576893,13
5375,5711,ephedrine,-0.16967458,0.008368624,21
5376,5712,corynanthine,-0.16967255,-0.022231456,15
5377,5713,brd-k77314783,-0.1696724,-0.04024638,4
5378,5716,brd-k04340915,-0.16963236,-0.007608559,5
5379,5717,brd-k78227082,-0.16962002,0.03917668,4
5380,5719,kawain,-0.16957095,-0.024208654,15
5381,5720,brd-k61529775,-0.1695689,0.008100672,17
5382,5721,adapalene,-0.16956058,0.006574413,6
5383,5722,brd-k88376874,-0.16955829,-0.07574121,5
5384,5723,brd-a06641369,-0.16954042,0.04731545,15
5385,5724,brd-k32636001,-0.16950063,0.019048568,12
5386,5725,brd-k45850755,-0.16950044,-0.074311666,5
5387,5726,levetiracetam,-0.1694853,0.008662639,15
5388,5727,ag-99,-0.16947682,-0.037172943,15
5389,5728,brd-k62771544,-0.16945855,-0.015907178,3
5390,5729,carprofen,-0.16945525,-0.029623425,23
5391,5731,acemetacin,-0.1694471,-0.039708003,3
5392,5732,brd-k05639721,-0.16944069,0.0020588508,5
5393,5733,brd-k83620635,-0.169439,0.053490102,29
5394,5734,brd-k56446541,-0.16943651,0.0040734746,15
5395,5735,brd-k36087356,-0.16943632,0.015989717,32
5396,5736,brd-k38455110,-0.16942425,-0.028387375,17
5397,5737,brd-k99487580,-0.16941802,-0.0776352,4
5398,5738,brd-k33490627,-0.16938922,-0.005089012,4
5399,5739,brd-k54636101,-0.16937967,-0.013012556,12
5400,5740,brd-k21389281,-0.16937628,-0.02401435,6
5401,5741,fgin-1-43,-0.16935758,-0.024804387,15
5402,5742,brd-k32927008,-0.16934708,-0.0049932227,18
5403,5743,brd-k71225733,-0.16931508,-0.085083485,4
5404,5744,oxolinic-acid,-0.1692843,-0.158392,3
5405,5745,brd-a59145032,-0.16928396,-0.04395269,18
5406,5746,brd-k34596778,-0.169263,-0.023090327,13
5407,5747,brd-k36835942,-0.16926187,-0.06675439,5
5408,5748,brd-k07004447,-0.16925171,-0.15336919,4
5409,5749,brd-k22988559,-0.16924492,0.0009719365,15
5410,5750,sa-1919345,-0.16924396,-0.09535182,8
5411,5751,brd-k60600704,-0.1692342,-0.033764333,3
5412,5752,brd-k22261046,-0.16922529,-0.038979173,13
5413,5753,brd-k90544854,-0.16918735,-0.075792626,5
5414,5754,brd-k46561506,-0.1691782,-0.031322345,4
5415,5755,brd-k37140349,-0.16915949,-0.067859836,3
5416,5756,bd-1047,-0.16913642,0.056700934,19
5417,5758,brd-k48465004,-0.16910954,0.022174163,7
5418,5759,brd-k90987254,-0.1690964,-0.036314312,7
5419,5760,brd-k14535500,-0.16907127,-0.079762034,5
5420,5762,ketotifen,-0.16905564,0.050327495,51
5421,5763,brd-k51973945,-0.16903482,0.07509745,15
5422,5765,brd-k37323001,-0.16900387,-0.050589852,13
5423,5766,brd-k46477974,-0.1689934,-0.033400033,5
5424,5767,z-guggulsterone,-0.16898595,-0.06718606,6
5425,5768,brd-k47071092,-0.16898058,-5.4506585e-05,12
5426,5769,bd-1008,-0.16897438,0.005756926,19
5427,5770,prostaglandin-b2,-0.1689639,-0.04712165,19
5428,5771,lacidipine,-0.168956,-0.019187964,15
5429,5772,brd-k83315952,-0.16894862,-0.020173822,3
5430,5773,brd-k88937432,-0.16890176,-0.08459127,5
5431,5774,brd-k99423120,-0.16887869,-0.0025642326,13
5432,5776,brd-k94991378,-0.1688613,0.06535438,17
5433,5777,benzathine,-0.16884047,-0.0061418377,4
5434,5779,brd-k97873029,-0.1688322,0.0068653813,16
5435,5780,way-629,-0.16881475,0.026452325,15
5436,5781,brd-k63406873,-0.168809,-0.070616,6
5437,5782,brd-k31970894,-0.16880134,-0.006187251,4
5438,5783,dichloroacetic-acid,-0.16879953,0.09773653,11
5439,5784,brd-k83756286,-0.1687873,0.062193982,3
5440,5785,dcebio,-0.16878316,-0.031025501,19
5441,5786,brd-k02004525,-0.16877422,0.0009270427,5
5442,5787,brd-a32214171,-0.16875283,-0.0011855488,17
5443,5789,hymecromone,-0.16873886,0.06256045,19
5444,5790,brd-k47636932,-0.16872379,-0.02226357,7
5445,5792,brd-k25050358,-0.16869713,0.10700767,10
5446,5793,brd-k44015831,-0.16869093,-0.010443716,4
5447,5794,sar-245408,-0.16868983,-0.008542424,48
5448,5795,brd-k99050286,-0.16868249,0.009020672,4
5449,5796,brd-k60477859,-0.16868027,-0.12101105,4
5450,5797,cabergoline,-0.16867882,0.034578025,38
5451,5799,brd-k11385710,-0.16864213,-0.05795833,3
5452,5800,brd-k38720323,-0.16862838,-0.078500554,6
5453,5801,brd-k91691979,-0.1686025,-0.047669083,15
5454,5802,brd-k47535255,-0.1686014,0.030568087,6
5455,5803,brd-k12216461,-0.16858597,-0.08632198,4
5456,5804,brd-k43556160,-0.1685621,0.14238983,4
5457,5805,brd-k18929270,-0.1685558,-0.070895165,5
5458,5807,brd-k58952483,-0.16854559,-0.0501863,5
5459,5808,dy-131,-0.1685431,0.06134618,19
5460,5809,brd-k86027709,-0.1685282,-0.058911845,13
5461,5810,ran-02,-0.16852474,0.028012762,17
5462,5811,cay-10470,-0.16851662,0.04018208,17
5463,5812,brd-k39096267,-0.16848218,-0.086574286,6
5464,5813,brd-k36333904,-0.16846876,0.13012417,9
5465,5814,brd-k51916742,-0.16844317,0.021617547,4
5466,5815,brd-k51740186,-0.1684383,-0.016304482,3
5467,5816,brd-k47808476,-0.1684256,0.02698702,13
5468,5817,brd-k38760240,-0.16841564,0.12713799,8
5469,5818,brd-k43357772,-0.16841187,0.059285436,11
5470,5820,brd-k89000102,-0.16837175,0.029553782,4
5471,5821,brd-k53373965,-0.1683314,-0.013469693,5
5472,5822,kn-93,-0.16832289,0.036338843,19
5473,5823,penicillin,-0.1683157,0.057306718,17
5474,5824,sumatriptan,-0.16831315,-0.04010243,15
5475,5825,phenolphthalein,-0.16830334,0.085468344,23
5476,5826,brd-k05197617,-0.16830227,0.072727464,13
5477,5827,brd-k07515761,-0.16828656,-0.072592504,12
5478,5829,brd-k76915833,-0.16823986,0.091489576,12
5479,5830,brd-k97274161,-0.16821598,0.017624082,15
5480,5831,brd-k85371697,-0.16817664,-0.038145315,5
5481,5832,clofarabine,-0.16815315,-0.016747996,19
5482,5834,brd-k32949592,-0.16813579,-0.04351314,17
5483,5835,ca-074-me,-0.1681327,-0.10575124,15
5484,5836,brd-k84691165,-0.16811804,0.0031756163,4
5485,5837,brd-k67269534,-0.16811593,-0.089871064,3
5486,5838,brd-k68588778,-0.16809298,-0.02055559,17
5487,5840,brd-k02502363,-0.1680764,-0.00015188914,13
5488,5841,brd-k90143908,-0.16806667,-0.00913989,13
5489,5842,brd-k46445327,-0.16806649,-0.054158267,13
5490,5843,brd-k65809558,-0.16806234,0.02298302,4
5491,5844,buflomedil,-0.16805744,0.033340976,15
5492,5845,brd-k28892486,-0.16804586,0.033096872,13
5493,5846,km-03439,-0.16801892,-0.01517288,17
5494,5847,brd-k92932331,-0.168005,0.04386467,13
5495,5848,brd-k36232729,-0.16799381,-0.053754047,9
5496,5849,brd-k76665741,-0.1679876,-0.050369725,4
5497,5850,brd-k79609340,-0.16796818,0.030406667,5
5498,5851,brd-k19308316,-0.16796593,0.0811884,5
5499,5852,brd-k05672354,-0.16795899,0.04052215,17
5500,5853,brd-k03319520,-0.16795282,0.115320005,5
5501,5854,brd-k39014692,-0.16792287,0.014226007,6
5502,5855,zk-93426,-0.16789947,0.013435866,19
5503,5856,brd-k57592392,-0.16789033,0.08369355,12
5504,5858,brd-k23589333,-0.16786452,-0.054464817,11
5505,5860,fenspiride,-0.16783547,0.06318597,3
5506,5861,dihydrocapsaicin,-0.16783063,-0.034285925,6
5507,5862,brd-k01607762,-0.1678071,0.044104602,4
5508,5864,brd-a36165599,-0.16778122,0.049813993,17
5509,5865,brd-a75106577,-0.16777503,0.045581,13
5510,5866,brd-k69304050,-0.16774476,-0.046105064,15
5511,5867,brd-k15638296,-0.16772293,-0.15839928,4
5512,5868,brd-a92334183,-0.16770011,0.07580359,6
5513,5869,brd-k19027210,-0.16768865,0.023784518,13
5514,5870,brd-k79579182,-0.16766758,0.039951574,5
5515,5871,brd-k99017327,-0.16764404,0.0383343,11
5516,5872,brd-k96343378,-0.16763197,-0.0689513,4
5517,5873,psh-023,-0.16762973,0.011381765,15
5518,5874,bufalin,-0.16760682,0.10659287,17
5519,5875,brd-k30443205,-0.16756432,0.071082644,12
5520,5876,mammea-a,-0.16755207,0.023001999,19
5521,5877,brd-k68167702,-0.1675503,-0.08003661,6
5522,5878,citco,-0.16754094,-0.010701536,21
5523,5879,brd-k00637033,-0.16753581,-0.026056968,12
5524,5882,brd-k37185609,-0.16748755,0.029094823,4
5525,5883,brd-k00429057,-0.16747731,-0.07764398,13
5526,5884,brd-k17973355,-0.16747381,-0.032952555,6
5527,5885,brd-k00317040,-0.16745195,-0.005619529,5
5528,5886,brd-k31112909,-0.16744012,-0.073139675,9
5529,5887,mk-801,-0.16742279,-0.049242303,12
5530,5888,brd-k81496150,-0.16740909,0.027590657,11
5531,5891,pd-169316,-0.16738348,-0.01502439,8
5532,5892,sch-28080,-0.16738242,-0.08074525,15
5533,5893,bg-1013,-0.16731818,-0.07733673,6
5534,5894,brd-k61192129,-0.16731572,0.049901687,18
5535,5895,veratridine,-0.16731438,-0.014098264,19
5536,5896,mw-mitf24,-0.16729861,0.02973265,54
5537,5897,brd-k49377740,-0.16729736,-0.04942465,4
5538,5899,brd-a69470004,-0.16726874,0.03525859,15
5539,5900,brd-k75894982,-0.16726458,-0.04685532,4
5540,5901,esatenolol,-0.16725816,0.025918677,4
5541,5902,brd-k22847783,-0.16725445,-0.037897088,6
5542,5903,brd-k61442593,-0.16723509,-0.0125252735,8
5543,5904,kn-62,-0.16721243,0.06872098,19
5544,5905,broad-sai-071,-0.16717987,-0.020967677,17
5545,5906,ergometrine,-0.16717203,-0.06448247,19
5546,5907,brd-k83498497,-0.16715826,0.086810745,4
5547,5908,brd-k89824424,-0.16715384,0.012239505,12
5548,5909,lisuride,-0.16715351,-0.029782472,19
5549,5910,brd-k43263266,-0.16715093,-0.056568258,5
5550,5912,brd-k98956791,-0.16713835,-0.097520344,4
5551,5913,brd-k85515417,-0.16706827,-0.019135602,5
5552,5914,mk-1775,-0.1670607,0.04113772,107
5553,5915,brd-k31856043,-0.16693749,-0.004976936,13
5554,5916,brd-k90680884,-0.16690548,0.04243122,4
5555,5917,vu-0415011,-0.1668983,0.0036697024,12
5556,5919,ml-7,-0.16686544,0.035631746,19
5557,5920,brd-k51400578,-0.16685547,0.016490398,6
5558,5923,tolmetin,-0.16683511,0.060646158,27
5559,5924,brd-k79793338,-0.16682655,-0.0014780993,10
5560,5925,brd-k12916986,-0.16680099,-0.023891311,12
5561,5926,brd-k43421680,-0.16679642,-0.03560777,7
5562,5927,brd-k16106362,-0.1667962,-0.004389925,5
5563,5928,nitazoxanide,-0.1667809,-0.011711051,11
5564,5929,brd-k65148580,-0.16678038,0.016769521,14
5565,5930,brd-k28317853,-0.16677575,-0.02173766,4
5566,5931,brd-k92604082,-0.16663921,0.030323628,4
5567,5932,brd-k57293132,-0.16663773,0.07419582,13
5568,5933,brd-k43624963,-0.166633,-0.05981466,5
5569,5934,n20c,-0.16660939,-0.056472123,15
5570,5937,vu-0413247-1,-0.16658403,0.027193768,12
5571,5938,brd-k24106654,-0.16658013,0.042409644,12
5572,5940,brd-k42953652,-0.16655369,-0.040912926,6
5573,5941,brd-k90417362,-0.1665509,0.07650274,13
5574,5942,brd-k55077180,-0.1665475,0.009544278,13
5575,5943,brd-k94373667,-0.16651861,-0.056103602,6
5576,5944,brd-k60796852,-0.16651669,0.023736209,12
5577,5946,brd-k63818532,-0.16650106,-0.054881662,7
5578,5947,st-4042556,-0.16649921,-0.063066304,17
5579,5948,brd-k05395601,-0.16648516,-0.013556398,4
5580,5949,brd-k82161520,-0.16648188,-0.044069,6
5581,5950,brd-k33926001,-0.1664717,-0.0057452363,18
5582,5951,jas07-003,-0.16645834,-0.068867795,15
5583,5952,temsirolimus,-0.1664548,0.09936138,59
5584,5953,ormetoprim,-0.1664128,0.042225666,11
5585,5954,hemicholinium-3,-0.16639663,-0.06711737,15
5586,5955,brd-k23986500,-0.16637962,-0.0848493,6
5587,5956,brd-k19410523,-0.1663791,0.064840525,12
5588,5957,chloropyramine,-0.16637172,0.03094995,4
5589,5958,brd-k89224880,-0.16632967,0.021867821,13
5590,5959,brd-k51088127,-0.16632253,-0.03506513,5
5591,5960,brd-k99944604,-0.16632092,-0.010911826,4
5592,5961,brd-k05835710,-0.16631965,-0.038262703,5
5593,5962,brd-k20490522,-0.16630505,0.0046731215,12
5594,5963,valproxam,-0.16628604,-0.031087589,6
5595,5964,astemizole,-0.16628213,-0.023061795,3
5596,5965,brd-k12654187,-0.16627346,-0.10775295,5
5597,5966,urethane,-0.16625486,-0.102747805,3
5598,5967,md-ii-008-p,-0.16624802,0.014149045,16
5599,5968,brd-k47558670,-0.1662464,-0.09357264,4
5600,5969,prednisolone,-0.16624565,-0.012502822,29
5601,5970,cs-2092524,-0.16624495,0.05841108,13
5602,5971,ropivacaine,-0.16620754,0.01777535,13
5603,5972,brd-k14270862,-0.16616516,0.00023905186,13
5604,5973,brd-k66732164,-0.16615532,-0.011748046,4
5605,5974,fenobam,-0.16615497,0.006995581,25
5606,5975,ketoprofen,-0.1661351,0.057810754,22
5607,5976,brd-k88761633,-0.16613013,0.030502643,12
5608,5977,brd-k90697054,-0.16611888,-0.0016428661,17
5609,5978,brd-k94580036,-0.16611078,-0.016375324,13
5610,5979,guaifenesin,-0.1660983,-0.014010947,19
5611,5980,formestane,-0.16609807,-0.00702282,23
5612,5981,brd-k88575585,-0.16608779,0.10641411,6
5613,5982,brd-k71943487,-0.1660856,0.031450115,6
5614,5983,brd-k70284064,-0.16606517,-0.09514365,4
5615,5984,brd-k46255814,-0.1660518,0.053902086,13
5616,5985,brd-k73155123,-0.16604854,0.08331249,17
5617,5986,brd-k12878711,-0.16603231,-0.0682603,4
5618,5987,brd-k32014638,-0.16601527,-0.00025888428,5
5619,5988,brd-k75828577,-0.16600898,-0.06002046,4
5620,5989,brd-k29407738,-0.1660051,0.14953302,4
5621,5990,brd-k33235400,-0.16597338,-0.12070619,3
5622,5991,benserazide,-0.16597147,-0.012682155,4
5623,5992,ephedrine-(racemic),-0.16596648,-0.00836488,15
5624,5993,brd-k19322034,-0.16594605,-0.03402507,6
5625,5994,brd-k11468634,-0.16590622,-0.059790976,4
5626,5995,brd-k00842536,-0.16589034,-0.032074317,5
5627,5996,i-505056,-0.16589017,-0.009437691,11
5628,5997,mw-stk33-2c,-0.16587792,0.07876353,17
5629,5999,l-655708,-0.16584186,-0.0023682027,15
5630,6000,brd-k50366616,-0.1658395,0.0036828911,7
5631,6001,dinoprostone,-0.16583447,-0.017895972,25
5632,6002,fludrocortisone,-0.16582897,-0.13030794,3
5633,6003,brd-k63090665,-0.16580632,-0.051553298,6
5634,6004,mk-5108,-0.1658033,0.029872794,47
5635,6005,brd-k04266880,-0.16579814,-0.1025736,3
5636,6006,periplocymarin,-0.16573562,0.028993692,15
5637,6007,brd-k10232869,-0.16572921,0.037434254,6
5638,6008,brd-k69075782,-0.16571108,-0.009854868,10
5639,6009,brd-k81461172,-0.16568981,-0.038106058,7
5640,6010,brd-k45949967,-0.16568546,0.01752165,6
5641,6011,brd-k39685946,-0.16568238,0.017541891,6
5642,6012,suloctidil,-0.16567399,0.023681948,44
5643,6013,brd-k79797318,-0.16566992,0.04753211,8
5644,6014,brd-k45485804,-0.16566823,0.0622688,6
5645,6015,brd-k55426263,-0.16566378,-0.0021089595,9
5646,6016,brd-k08325710,-0.16566256,-0.019044802,13
5647,6017,brd-u65466710,-0.16564696,-0.029339813,6
5648,6019,mesalazine,-0.1656213,0.018734578,15
5649,6020,brd-k47077178,-0.16561696,-0.14804739,4
5650,6021,brd-k16410418,-0.16561384,0.017653354,54
5651,6022,fluocinonide,-0.16561277,-0.042665564,15
5652,6023,brd-k91572503,-0.16558692,-0.13537958,4
5653,6024,brd-k38700430,-0.16558519,0.019324431,13
5654,6025,lm-1685,-0.16558194,-0.015420307,17
5655,6026,brd-k75012089,-0.1655802,-0.017688047,5
5656,6027,brd-k10057859,-0.16557251,0.045491375,15
5657,6028,brd-k14475668,-0.16556159,0.090493895,12
5658,6030,brd-k84218095,-0.16553763,-0.06577994,7
5659,6032,tribenoside,-0.16552053,0.0224104,19
5660,6033,sb-202190,-0.16550966,0.042308304,25
5661,6034,brd-k06765193,-0.16548415,0.06843563,42
5662,6035,brd-k80514140,-0.16547756,-0.081820816,4
5663,6037,brd-k87073769,-0.16545309,0.0001911034,5
5664,6039,doxorubicin,-0.16544905,0.13113952,150
5665,6040,chlorprothixene,-0.16544834,0.0360628,26
5666,6042,brd-k49870009,-0.16540068,-0.022196975,7
5667,6043,cinobufagin,-0.16537374,0.034896933,17
5668,6044,brd-k69449860,-0.16535297,-0.08803664,3
5669,6045,brd-k10810699,-0.16534457,-0.10554772,6
5670,6046,brd-k70947604,-0.16533078,0.023445716,17
5671,6047,damnacanthal,-0.16532306,-0.05956765,8
5672,6048,bg-1022,-0.16532226,-0.09030748,6
5673,6049,sa-1920080,-0.16529822,-0.01737245,8
5674,6050,brd-k56489029,-0.16527471,-0.057225797,12
5675,6052,hts-12264sc,-0.16526327,-0.020510213,13
5676,6053,brd-k82726072,-0.16524895,0.02236314,5
5677,6054,brd-k81438250,-0.16524619,0.0015497499,5
5678,6055,brd-k05775306,-0.16523512,0.04219059,17
5679,6056,brd-k21037590,-0.16522916,-0.08897575,11
5680,6057,brd-k13604076,-0.1652157,0.030683782,13
5681,6058,homoharringtonine,-0.16521329,0.06431576,75
5682,6059,brd-k96663038,-0.16519967,-0.036772802,6
5683,6060,mephenesin,-0.16519862,0.0022130776,3
5684,6062,brd-k03272554,-0.16516022,-0.06833721,5
5685,6063,brd-k24461445,-0.16514757,0.059709206,13
5686,6064,brd-k30180607,-0.1651394,0.087932914,8
5687,6065,brd-k61025685,-0.16513877,-0.08989203,4
5688,6066,brd-k03608142,-0.16513433,-0.044297542,5
5689,6067,emf-sumo1-3,-0.16512753,0.045732092,18
5690,6068,brd-k16331660,-0.1651244,-0.0012606707,18
5691,6069,alizapride,-0.16511607,-0.11491956,4
5692,6070,mifobate,-0.16511256,0.05989791,15
5693,6071,pentobarbital,-0.16510852,0.043479312,19
5694,6072,brd-k01922500,-0.16510846,-0.054172415,6
5695,6073,dichlorobenzamil,-0.16510749,0.04530809,19
5696,6074,brd-k06589444,-0.16510484,0.06542583,13
5697,6075,brd-k38870294,-0.16508318,-0.099110246,4
5698,6076,brd-k85126547,-0.16508247,-0.01643418,6
5699,6078,brd-k03077507,-0.1650749,-0.055659134,4
5700,6079,tcpobop,-0.1650592,0.07057562,24
5701,6080,brd-k69286267,-0.1650308,0.14385957,4
5702,6081,hydroxytyrosol,-0.16502148,-0.08192839,6
5703,6082,brd-k28080909,-0.16500442,-0.046287015,4
5704,6084,brd-k49955466,-0.1649987,-0.071224846,5
5705,6085,brd-k96787835,-0.1649905,-0.010055551,17
5706,6086,fursultiamine,-0.16497144,-0.017208373,15
5707,6087,brd-k38294617,-0.16496271,-0.014358412,13
5708,6088,brd-k75579936,-0.16494933,-0.07899037,5
5709,6089,brd-k10593696,-0.16494696,-0.09272704,5
5710,6090,yc-1,-0.16494077,0.066267274,31
5711,6092,brd-k15467014,-0.16493174,-0.020787902,15
5712,6093,m-344,-0.16493015,-0.045789234,6
5713,6094,d-609,-0.16492939,0.010122674,18
5714,6095,mecillinam,-0.16490427,-0.051976036,11
5715,6096,dmp-543,-0.16490056,0.07788974,19
5716,6097,glutamyldopamine,-0.16489543,-0.021579623,6
5717,6098,trichloroethylene,-0.16488428,-0.12103523,3
5718,6099,brd-k62242359,-0.1648588,0.111300744,13
5719,6100,brd-k31788299,-0.1648428,-0.063487604,8
5720,6101,brd-k80926963,-0.16481256,-0.09391547,4
5721,6102,brd-k48553449,-0.16479914,-0.037470628,3
5722,6103,brd-k83980681,-0.16479889,-0.01089946,6
5723,6104,brd-k42011191,-0.16479637,-0.13781248,3
5724,6105,brd-k79112806,-0.16479321,0.04583063,13
5725,6106,brd-k51557114,-0.16477484,-0.0038678404,15
5726,6108,brd-k58279162,-0.16476277,0.08654694,17
5727,6110,zm-39923,-0.16476145,-0.090391554,15
5728,6111,brd-k64955433,-0.16474587,-0.022216294,3
5729,6112,dinorcitalopram-oxalate,-0.16473116,0.013913525,6
5730,6113,deoxyandirobin,-0.16472833,-0.0054226853,23
5731,6114,bmy-45778,-0.16470692,-0.035665136,15
5732,6115,brd-k82151990,-0.1647038,-0.11667964,6
5733,6116,brd-k08150827,-0.16469687,-0.12907627,3
5734,6117,sa-1459454,-0.1646959,0.1428089,19
5735,6118,brd-k54822214,-0.16469175,0.029197676,17
5736,6119,brd-k91063002,-0.1646742,-0.04860144,13
5737,6120,brd-k80346834,-0.16467343,0.051075812,17
5738,6121,brd-k71302181,-0.16466968,-0.066844806,4
5739,6122,brd-k00835201,-0.16466887,-0.026327135,13
5740,6123,brd-k95062171,-0.16466133,-0.09146349,6
5741,6125,brd-k02882069,-0.1645478,0.038902104,9
5742,6126,tenidap,-0.16450274,0.04098321,19
5743,6127,marmesin,-0.16449544,-0.05453395,15
5744,6128,brd-k12695722,-0.1644934,-0.019284155,5
5745,6129,tigecycline,-0.1644874,0.06333618,72
5746,6132,brd-k95673125,-0.16444588,-0.005191098,13
5747,6133,brd-k46499837,-0.16444013,0.059425674,11
5748,6134,canrenone,-0.16443415,-0.087932006,4
5749,6135,brd-k63813530,-0.16441457,0.018525532,9
5750,6136,brd-k62732905,-0.16440818,-0.019743081,4
5751,6137,brd-k99644669,-0.16439258,-0.005349688,4
5752,6138,brd-k49093373,-0.16435699,-0.1081785,4
5753,6139,mirin,-0.16433835,-0.04449247,18
5754,6141,brd-k24925721,-0.1643274,-0.10542775,5
5755,6142,brd-k82882781,-0.16432104,-0.058274955,4
5756,6143,brd-k00765103,-0.16431643,-0.12996587,4
5757,6144,brd-k82558986,-0.16430354,-0.024509523,6
5758,6145,brd-k43194109,-0.16429894,-0.0849107,6
5759,6146,brd-k04534322,-0.1642969,-0.006354247,15
5760,6147,acepromazine,-0.16429116,0.025026735,15
5761,6148,molindone,-0.16427064,0.056649916,30
5762,6149,brd-k80988607,-0.16426414,0.00868883,4
5763,6151,ethinylestradiol,-0.1642464,0.01293301,15
5764,6153,brd-k11072542,-0.16421406,0.029214386,21
5765,6154,brd-k34019494,-0.16421151,-0.021777183,4
5766,6155,sew-00445,-0.16420798,-0.037140403,17
5767,6156,brd-k85950149,-0.16419709,-0.023821034,5
5768,6157,brd-k60636255,-0.16419205,0.06609759,14
5769,6158,brd-k13624944,-0.1641836,0.010430801,5
5770,6159,dipivefrine,-0.16417931,-0.018853115,19
5771,6160,brd-k87851508,-0.16414607,-0.017576015,3
5772,6161,brd-k99554241,-0.16413668,-0.041377336,6
5773,6162,emf-csc-9,-0.16412495,0.044763207,25
5774,6165,brd-k20081026,-0.16410674,0.05024618,5
5775,6166,brd-k98988337,-0.1640926,-0.11964466,6
5776,6168,st-4028268,-0.1640717,-0.01588873,17
5777,6169,brd-a93507363,-0.16406633,-0.07715689,13
5778,6170,brd-k06009608,-0.16404067,-0.020085217,11
5779,6171,brd-k33182644,-0.16402505,-0.098347455,13
5780,6172,anisomycin,-0.16401727,-0.0048562773,26
5781,6173,brd-k87536251,-0.16401131,0.03341142,12
5782,6174,dantrolene,-0.16400903,0.04251976,33
5783,6175,brd-k30553817,-0.16398074,0.055930994,6
5784,6176,r(-)-propylnorapomorphine,-0.16396876,-0.0062244204,23
5785,6177,guaiacol,-0.16396855,-0.09848265,4
5786,6178,brd-k99785919,-0.16396852,-0.14247206,4
5787,6179,brd-k01578344,-0.16396223,-0.01046945,15
5788,6180,brd-k34549246,-0.16393372,-0.110417835,4
5789,6181,brd-k03276924,-0.16389413,-0.013941053,3
5790,6182,azd-7545,-0.16389109,0.07511889,59
5791,6183,pf-543,-0.16388907,-0.0028894069,48
5792,6184,brd-k70771662,-0.16386329,-0.012038362,30
5793,6185,brd-k11970601,-0.16386135,-0.09036824,3
5794,6186,brd-k81408913,-0.16383843,0.02691122,12
5795,6187,brd-k78432605,-0.16381948,-0.03511036,4
5796,6189,brd-k09459434,-0.16381173,-0.029489413,13
5797,6190,md-049,-0.16379988,-0.0077294256,17
5798,6191,brd-k29251608,-0.16379948,-0.0031691946,13
5799,6192,mw-a1-18,-0.16379748,-0.017678123,17
5800,6195,n-arachidonyl-gaba,-0.16376185,-0.042722072,19
5801,6196,stk-674938,-0.16375467,-0.05882737,17
5802,6199,brd-k21640605,-0.16373688,-0.029403964,15
5803,6200,brd-k16074065,-0.16372111,-0.031597376,3
5804,6201,brd-k61782241,-0.1637124,0.078043304,4
5805,6202,brd-k26233379,-0.16370593,-0.017946308,12
5806,6203,brd-k76138094,-0.16370119,-0.07631739,7
5807,6205,picrotoxin,-0.16365582,-0.012700329,34
5808,6206,brd-k59024967,-0.16365458,0.0029874502,15
5809,6207,brd-k66381707,-0.16364324,-0.02086926,17
5810,6208,brd-k77983109,-0.16363266,-0.058589,6
5811,6209,brd-k42609935,-0.16362901,0.03802455,9
5812,6210,brd-k71166745,-0.16362712,-0.13182445,4
5813,6211,fludrocortisone-acetate,-0.16360173,-0.0074154227,15
5814,6212,sd-6-035-a2,-0.16357198,0.033809006,13
5815,6213,brd-k84306552,-0.16356324,-0.113209456,4
5816,6214,brd-k09325707,-0.16351119,-0.06937455,5
5817,6215,brd-k13109628,-0.16349247,0.05974547,3
5818,6216,brd-k41129365,-0.16349155,0.010079951,13
5819,6217,brd-k99809487,-0.16347443,-0.0635605,4
5820,6218,somatostatin,-0.16347249,0.023208532,18
5821,6220,bml-259,-0.16342357,0.07114795,57
5822,6223,clozapine,-0.16339691,0.058240414,36
5823,6224,brd-k76438898,-0.16338731,0.031137675,11
5824,6225,brd-k95253417,-0.16336444,-0.05870039,17
5825,6226,brd-k95549765,-0.16334747,0.08436362,3
5826,6227,brd-k81440797,-0.16334154,0.021788893,6
5827,6228,myriocin,-0.1633139,0.013087869,59
5828,6229,teniposide,-0.1632942,0.101400055,116
5829,6230,fananserin,-0.16327837,0.022746474,19
5830,6232,brd-k80128321,-0.16325532,-0.09876964,3
5831,6233,brd-k62412498,-0.16320987,-0.02102733,13
5832,6234,brd-k27925875,-0.16320091,-0.01587122,5
5833,6235,brd-k32330804,-0.16317588,-0.056219976,7
5834,6236,brd-k83072410,-0.16315934,0.028538821,11
5835,6237,brd-k91016007,-0.16312018,-0.0039005973,11
5836,6240,brd-k23897871,-0.16310644,-0.039296042,4
5837,6241,clarithromycin,-0.16310166,0.037751686,15
5838,6242,brd-a97035593,-0.16310133,0.012191792,15
5839,6243,brd-k08996802,-0.1630808,-0.002050821,3
5840,6244,brd-k99311353,-0.16307265,-0.03235443,5
5841,6245,brd-k99344911,-0.16306493,-0.070107415,4
5842,6246,brd-k92317137,-0.16306213,-0.037216224,108
5843,6247,benzatropine,-0.16300361,0.07534819,15
5844,6249,brd-k82580504,-0.16296881,-0.013927037,13
5845,6251,brd-k69295800,-0.16296227,-0.026047572,13
5846,6252,brd-k73099734,-0.1629407,0.012586002,15
5847,6253,brd-k95138506,-0.16293123,-0.057066195,13
5848,6254,ku-c104132,-0.16291878,0.021494677,13
5849,6255,brd-k77301526,-0.16289188,0.0003280232,5
5850,6256,sto-609,-0.16287045,-0.049064677,19
5851,6257,bml-286,-0.16286582,-0.040795017,6
5852,6258,brd-k14002526,-0.16286562,-0.07887053,5
5853,6259,brd-k72713245,-0.1628539,0.03951113,5
5854,6260,brd-k47512679,-0.16282849,0.008269747,12
5855,6261,brd-k94352392,-0.16282673,0.048987873,17
5856,6262,brd-k51556413,-0.16281994,-0.10688971,4
5857,6263,brd-k71172276,-0.16281871,-0.02663091,15
5858,6264,brd-k55437057,-0.16279581,-0.021346861,6
5859,6265,brd-k92953664,-0.16279067,-0.15230656,3
5860,6267,fh-535,-0.16278704,-0.060421888,6
5861,6268,n-methyllidocaine-iodide,-0.16278177,0.0039080195,19
5862,6269,2-(4-methoxybenzylthio)-6-methylpyrimidin-4-ol,-0.16278146,0.0073164436,13
5863,6270,brd-k03194608,-0.1627554,-0.021648433,4
5864,6271,brd-k50131804,-0.16275387,-0.044862416,5
5865,6272,deguelin,-0.16273817,0.040532876,19
5866,6273,brd-k70852733,-0.16272165,-0.06477524,7
5867,6274,mitoxantrone,-0.16271585,0.12838191,94
5868,6275,brd-k89419248,-0.16270542,0.030808372,4
5869,6276,clorgiline,-0.162695,0.054350417,9
5870,6277,brd-k01006500,-0.16269103,0.020360969,10
5871,6278,brd-k28073457,-0.16268967,0.030748632,3
5872,6279,brd-k72505034,-0.16268677,0.12210599,17
5873,6280,brd-k57836103,-0.16268405,0.10528758,13
5874,6281,brd-k18739469,-0.16265279,-0.039459173,17
5875,6282,brd-k86524553,-0.16263805,-0.058887023,4
5876,6283,sa-84869,-0.16263534,0.15492594,12
5877,6285,brd-k60354118,-0.16262737,-0.09729728,6
5878,6286,phenylbutazone,-0.16261481,0.009709086,23
5879,6287,brd-k63245238,-0.16261317,-0.059400853,17
5880,6288,sulfaphenazole,-0.16261217,-0.04587125,19
5881,6289,brd-k45711268,-0.1625879,-0.081354804,4
5882,6290,vu-0415535-1,-0.16256526,0.052028272,12
5883,6292,brd-k05378136,-0.16254608,0.055941217,4
5884,6293,ngb-2904,-0.16254345,0.03983269,19
5885,6294,sa-247582,-0.16253866,0.07200234,12
5886,6295,brd-k74623475,-0.16251688,-0.0005131008,17
5887,6296,brd-k83954980,-0.16251367,-0.12681541,5
5888,6297,wz-4-145,-0.1625045,0.04963767,65
5889,6299,brd-k07269289,-0.16247274,0.054741822,7
5890,6300,brd-k91755384,-0.16244887,0.014983075,14
5891,6301,ku-c104256,-0.16243851,-0.03523255,12
5892,6302,brd-k28918096,-0.16240309,-0.06236843,6
5893,6303,brd-k41547297,-0.16240051,-0.040065862,4
5894,6304,brd-k28437309,-0.1623961,0.012770857,5
5895,6305,brd-k65134192,-0.16238719,-0.035612576,4
5896,6307,epothilone,-0.16236787,0.004190759,17
5897,6308,tas-301,-0.16236176,-0.028603977,15
5898,6309,brd-k45319476,-0.16235554,0.018890703,6
5899,6310,brd-k62970326,-0.1623506,-0.033367664,16
5900,6311,i-606051,-0.16233063,-0.08152031,11
5901,6312,brd-k34844610,-0.1623303,-0.062122717,5
5902,6313,brd-k35809598,-0.1623165,-0.05720806,6
5903,6314,brd-k41389876,-0.16231525,-0.05585064,4
5904,6315,zibotentan,-0.16230702,-0.02134036,17
5905,6316,brd-k31415071,-0.16230366,0.007252236,7
5906,6317,brd-k51034923,-0.16227004,0.0397729,9
5907,6318,brd-k57552506,-0.1622641,-0.12179467,4
5908,6319,brd-k82971429,-0.1622543,0.008639507,17
5909,6320,anpirtoline,-0.16225274,-0.008930211,15
5910,6321,kaempferol,-0.16223931,-0.08049041,6
5911,6322,brd-k64326023,-0.16221504,-0.055494476,4
5912,6323,brd-a84238007,-0.16219474,-0.01052928,12
5913,6324,brd-k96083840,-0.16219299,0.0973024,13
5914,6325,bufexamac,-0.16217873,-0.014842918,3
5915,6326,dexfenfluramine,-0.16217518,0.015082385,4
5916,6327,brd-k53285126,-0.1621544,0.03670764,4
5917,6328,sa-1973507,-0.16215168,0.057500113,27
5918,6329,brd-k91416305,-0.16214392,-0.0003541899,6
5919,6330,oxfendazole,-0.16214107,0.034338053,27
5920,6331,brd-k56153762,-0.16209841,0.014529446,5
5921,6332,brd-k56975856,-0.16206843,0.025859505,6
5922,6333,brd-k83654676,-0.16205162,-0.07296167,6
5923,6334,emd-386088,-0.16204976,-0.001225026,23
5924,6335,brd-k54642063,-0.16201866,-0.0026254943,5
5925,6336,brd-k45853100,-0.16199633,-0.028413316,13
5926,6337,brd-k46171503,-0.16198885,0.013174851,17
5927,6338,brd-k18533094,-0.16197291,-0.010070014,5
5928,6340,brd-k97008061,-0.1619595,-0.09561356,4
5929,6341,brd-a28412351,-0.16193639,-0.010545954,15
5930,6342,brd-k95037415,-0.16188991,-0.041068196,12
5931,6343,brd-k40608370,-0.16188717,-0.09560942,4
5932,6344,brd-k49094915,-0.16184874,0.00047112003,13
5933,6345,brd-k00196194,-0.16182405,-0.089326136,3
5934,6346,brd-k02217114,-0.16180043,-0.049461797,4
5935,6349,niacin,-0.16178277,0.025021693,25
5936,6350,brd-a94546435,-0.16178054,0.006898186,12
5937,6352,brd-k47551852,-0.16176476,-0.01054058,18
5938,6353,brd-k83151319,-0.16176398,0.06903368,12
5939,6354,brd-k21787371,-0.16175024,0.010670411,4
5940,6356,fpl-55712,-0.16173579,-0.0004278342,19
5941,6357,dimaprit,-0.16171017,-0.0814718,4
5942,6358,dexketoprofen,-0.1616811,-0.03439353,18
5943,6359,brd-k42841443,-0.16162206,-0.059207942,13
5944,6360,brd-k32585359,-0.1616061,0.04151529,4
5945,6362,mw-a1-2,-0.16159776,-0.0019533127,17
5946,6363,brd-k59523333,-0.16159692,0.06531356,5
5947,6365,brd-a05831822,-0.16155632,0.047023155,12
5948,6366,brd-k70983703,-0.16154724,0.08614096,11
5949,6367,brd-k80767319,-0.16154528,0.013965483,6
5950,6368,brd-k73876582,-0.1615439,0.09144294,11
5951,6370,brd-k55073475,-0.16153288,-0.01674247,7
5952,6371,brd-k21827358,-0.16151667,-0.031811565,6
5953,6372,yl-60,-0.16150767,0.104254514,11
5954,6373,brd-k07395346,-0.16149208,-0.058402527,17
5955,6375,brd-k64525051,-0.16144684,-0.036001638,17
5956,6376,brd-k01608965,-0.1614428,-0.043253057,13
5957,6377,brd-k31647448,-0.16141227,0.008458838,3
5958,6378,brd-k58610656,-0.16139768,-0.1191669,4
5959,6379,brd-k15845256,-0.16139647,0.01069603,3
5960,6380,brd-k95286134,-0.16138409,-0.06053842,12
5961,6381,zk-93423,-0.16136087,-0.018823577,31
5962,6382,brd-k97626184,-0.16134654,0.051770233,5
5963,6383,brd-k15030062,-0.16133907,0.044611666,13
5964,6384,brd-k05581223,-0.16132791,0.004423846,3
5965,6385,brd-k10405667,-0.1613141,0.04255228,13
5966,6386,ys-035,-0.16129196,0.023146449,19
5967,6387,flunisolide,-0.16127135,0.03953203,54
5968,6388,brd-k45505681,-0.16126145,0.028285604,12
5969,6389,brd-k26507936,-0.16125375,-0.12239737,3
5970,6390,brd-k90912239,-0.16124138,0.03435591,12
5971,6391,brd-k86375847,-0.16123454,0.024286006,6
5972,6392,brd-k32656671,-0.16122475,-0.036043305,13
5973,6393,catharanthine,-0.16121964,0.004254068,3
5974,6394,d-64131,-0.16120733,0.006394116,43
5975,6395,brd-k63164430,-0.16119088,0.078178085,11
5976,6397,brd-k18542345,-0.16114448,-0.034305546,14
5977,6398,brd-k29953802,-0.16113964,0.07767255,7
5978,6399,brd-k05001416,-0.1611059,-0.031457853,5
5979,6400,brd-k69827766,-0.16110533,0.058854062,6
5980,6401,azlocillin,-0.16108125,-0.14018081,4
5981,6402,brd-k53923090,-0.1610722,0.06582639,8
5982,6403,strychnine,-0.16107076,0.013079964,23
5983,6405,brd-k55561254,-0.16104378,0.09458008,7
5984,6406,brd-k27803479,-0.16100478,-0.06466603,6
5985,6407,brd-k79260617,-0.16100353,-0.10509576,7
5986,6408,brd-k18059480,-0.16099556,-0.06276798,13
5987,6409,ifosfamide,-0.16098061,-0.019576946,7
5988,6411,sa-101841,-0.16094892,-0.056892887,8
5989,6412,cgs-20625,-0.16094851,0.06653257,19
5990,6413,brd-k60784115,-0.16094092,0.058389254,4
5991,6414,skf-83959,-0.16093466,0.048908338,6
5992,6415,brd-k67943760,-0.16090693,-0.08089993,3
5993,6416,l-368899,-0.16090007,-0.07294252,19
5994,6417,dihydrorobustic-acid,-0.1608829,-0.029597005,19
5995,6418,pheniramine,-0.1608595,0.025951,22
5996,6420,brd-k60228169,-0.16079266,0.0053966097,13
5997,6421,brd-k64551861,-0.16078725,-0.12163505,4
5998,6423,brd-k55851396,-0.16078018,-0.07200433,18
5999,6424,brd-k89784888,-0.1607769,-0.029495927,17
6000,6425,brd-k77051246,-0.16077423,0.032911833,4
6001,6426,piribedil,-0.1607632,0.066128075,30
6002,6427,lfm-a13,-0.16074517,0.005775862,78
6003,6428,brd-k88866336,-0.16074078,-0.060467534,4
6004,6429,sulfaquinoxaline,-0.16072473,0.029672187,4
6005,6430,brd-k59482768,-0.1607163,-0.07492496,6
6006,6431,phenytoin,-0.16071075,-0.05163081,11
6007,6432,brd-k67099101,-0.16070664,-0.0025709467,5
6008,6433,brd-k27064849,-0.16069849,-0.059682854,4
6009,6434,jnk-9l,-0.16068807,0.09508913,66
6010,6435,brd-k31302860,-0.16066653,0.015662802,13
6011,6436,brd-k47173028,-0.16066155,0.005921376,4
6012,6437,brd-k30883461,-0.16062947,0.13007557,4
6013,6438,brd-k84653575,-0.16062465,-0.062604964,6
6014,6439,brd-k70165913,-0.16062458,-0.06457717,5
6015,6440,brd-k45153357,-0.1606071,-0.082327046,5
6016,6441,brd-k64249376,-0.16059005,0.012626956,3
6017,6442,brd-k57589644,-0.16058163,-0.04671911,6
6018,6443,brd-k20051162,-0.16058037,-0.019377107,6
6019,6444,penbutolol,-0.16056068,-0.08471288,4
6020,6445,brd-k93763482,-0.16054338,-0.033785578,9
6021,6446,brd-k46476822,-0.16053198,0.04934618,5
6022,6447,brd-k62687522,-0.16052361,-0.05781048,6
6023,6448,hexylresorcinol,-0.16051714,0.047054686,15
6024,6449,brd-k26831771,-0.16047269,-0.046692267,12
6025,6450,brd-k29150200,-0.16045682,-0.11079177,3
6026,6451,brd-k77874118,-0.16042638,-0.048286833,5
6027,6452,1-phenylbiguanide,-0.16037118,0.045006916,9
6028,6453,brd-k51703152,-0.16036634,-0.06143977,6
6029,6455,brd-a81530502,-0.16031756,0.03333402,17
6030,6456,vicriviroc,-0.16029269,0.07268004,17
6031,6459,syringic-acid,-0.16026932,0.019385776,12
6032,6460,brd-k54674054,-0.16021957,0.061656278,13
6033,6461,cvf-sumo-11,-0.1602159,-0.015857518,11
6034,6462,brd-k47543154,-0.16021271,-0.013105922,5
6035,6463,brd-k35024477,-0.16020967,0.0014338136,17
6036,6464,brd-k83625314,-0.1602035,-0.032214686,5
6037,6466,ethinyl-estradiol,-0.16018541,0.06057515,18
6038,6467,brd-k80579245,-0.16015491,0.010589229,10
6039,6468,brd-k14363876,-0.16009894,0.050409023,10
6040,6469,brd-k62804700,-0.16009572,-0.09824267,4
6041,6470,brd-k80045183,-0.16009127,0.031849112,18
6042,6472,brd-k78738487,-0.16008139,-0.018240962,6
6043,6473,butylscopolammonium,-0.16008013,0.061033975,4
6044,6474,brd-k84586204,-0.16006818,-0.06378439,5
6045,6475,brd-k45861923,-0.16005695,-0.04665546,5
6046,6476,brd-k63933178,-0.16003546,-0.11037188,7
6047,6477,brd-k51762600,-0.16003107,0.031113164,7
6048,6478,brd-k01547285,-0.15999615,-0.022684311,6
6049,6479,brd-k58499277,-0.15998901,-0.04172797,3
6050,6481,brd-k11901207,-0.15997216,0.02271637,4
6051,6482,st-4070043,-0.1599624,0.011442613,17
6052,6483,brd-k46295497,-0.15994146,-0.017906649,13
6053,6484,brd-k56208365,-0.15993136,-0.010130216,13
6054,6485,brd-k83780283,-0.15992339,-0.00012523613,13
6055,6486,brd-k77888593,-0.1599154,-0.019263748,3
6056,6487,etofylline,-0.15991367,-0.12794043,3
6057,6488,brd-k70512038,-0.15991066,-0.08308709,6
6058,6489,avrainvillamide-analog-4,-0.15990345,0.0013736777,48
6059,6490,brd-k82078087,-0.1598799,-0.0844657,5
6060,6491,brd-k62177026,-0.15985233,0.0062924833,3
6061,6492,brd-k42161310,-0.15984133,0.059103444,13
6062,6493,brd-k07452532,-0.15984073,2.8760405e-05,14
6063,6494,graveoline,-0.15982786,-0.04163596,19
6064,6495,isoprenaline,-0.15981267,0.013310373,4
6065,6496,rufloxacin,-0.15979844,0.0048229466,15
6066,6497,st-022313,-0.15977927,-0.043737065,17
6067,6499,brd-k43069600,-0.15976743,0.070731334,32
6068,6500,y-26763,-0.15976387,0.10890947,23
6069,6502,ran-03,-0.1597476,0.02531651,17
6070,6503,brd-k16826857,-0.1597366,-0.08485077,4
6071,6504,"7,8-dihydro-l-biopterin",-0.15973245,0.04625638,18
6072,6505,pco-400,-0.15972303,-0.013650305,19
6073,6507,brd-k28947191,-0.15970087,-0.011929914,4
6074,6508,brd-k36962815,-0.1596841,-0.09951912,4
6075,6509,brd-k10014225,-0.15967718,-0.03766514,4
6076,6511,brd-k36177038,-0.15960936,-0.05840035,6
6077,6512,brd-k95152807,-0.15957779,-0.09731936,3
6078,6514,brd-k65494396,-0.15956514,0.183602,4
6079,6515,brd-k00596555,-0.15956143,0.0523767,5
6080,6516,brd-k38965191,-0.15954405,-0.06708463,5
6081,6517,brd-k84389640,-0.15953633,0.0058999956,12
6082,6518,stf-62247,-0.15953323,-0.04669323,6
6083,6519,mepenzolate,-0.159527,0.011180221,4
6084,6520,brd-k44802037,-0.15952602,-0.05502948,5
6085,6521,brd-k76132250,-0.15951578,0.10639438,11
6086,6522,brd-k17817744,-0.15950017,0.0170595,13
6087,6523,alprazolam,-0.15948358,0.062107578,11
6088,6524,edaravone,-0.15948035,0.015604061,11
6089,6526,brd-k86457545,-0.15943831,-0.05196076,5
6090,6527,brd-k50257410,-0.1594192,-0.02021671,5
6091,6528,brd-k76688996,-0.15941198,-0.058131114,4
6092,6529,sa-1459234,-0.1594091,0.022999795,19
6093,6531,sa-1455791,-0.1593873,-0.03064428,15
6094,6532,brd-k36984542,-0.15938395,-0.029559812,12
6095,6533,cyclazosin,-0.15937132,-0.015750816,18
6096,6535,brd-k33462580,-0.15935053,-0.04608102,3
6097,6536,brd-a04332542,-0.1593483,-0.04740531,6
6098,6537,brd-k62600822,-0.15933986,-0.0020474135,5
6099,6538,chlormadinone,-0.15933926,-0.00019011227,4
6100,6539,brd-k13648806,-0.1593358,-0.033562772,4
6101,6540,brd-k37727696,-0.15933505,-0.0044737314,17
6102,6541,ppt,-0.15933152,0.035306122,19
6103,6542,brd-k11987803,-0.15931211,-0.029840864,17
6104,6544,brd-k60582191,-0.1592656,0.024417222,6
6105,6545,candesartan-cilextil,-0.15925846,0.030431934,23
6106,6546,skf-82958,-0.15924586,-0.05016124,6
6107,6547,brd-k77845911,-0.15921438,-0.055720296,4
6108,6548,brd-k45534781,-0.15921116,-0.046082802,8
6109,6551,brd-k62220055,-0.15915197,0.0025349688,4
6110,6552,methotrexate,-0.15912266,0.10074111,32
6111,6553,brd-k59725859,-0.15911242,-0.1203707,4
6112,6554,brd-k36787562,-0.15910959,-0.051023882,5
6113,6555,brd-k53283097,-0.15910794,-0.019583063,6
6114,6556,d-4476,-0.15909573,0.017234894,25
6115,6557,brd-k91745830,-0.15907876,-0.07684595,3
6116,6558,brd-k39405368,-0.15907423,-0.067893945,11
6117,6559,brd-k69548259,-0.15906738,-0.0328239,11
6118,6561,brd-k46692335,-0.15904014,-0.065558456,13
6119,6562,z-prolyl-prolinal,-0.15900622,0.043123517,19
6120,6563,brd-k40441731,-0.15898111,0.022512618,12
6121,6564,brd-k58649267,-0.15893835,-0.048379935,5
6122,6565,nci-16221,-0.15893272,-0.06518858,6
6123,6566,brd-k54294645,-0.15890445,-0.0192957,16
6124,6568,brd-k07493900,-0.1588958,-0.08131616,4
6125,6569,brd-k67941506,-0.15889217,-0.045278702,15
6126,6570,brd-k83845832,-0.15888405,-0.051850796,5
6127,6571,antazoline,-0.15887861,-0.08437531,3
6128,6572,brd-k39894071,-0.15883133,0.14037427,4
6129,6574,emf-bca1-60,-0.15880129,0.076281235,30
6130,6575,brd-k70831943,-0.15880075,-0.011910136,13
6131,6578,hydrocortisone-valerate,-0.15877269,-0.024061339,19
6132,6579,oxyphenbutazone,-0.1587596,-0.025447117,10
6133,6580,brd-k30697829,-0.15875699,-0.058913644,7
6134,6581,brd-k85822033,-0.1587528,0.036676083,28
6135,6582,brd-k53488338,-0.15874691,-0.05945276,3
6136,6583,brd-k78844995,-0.15872942,0.0072231167,19
6137,6584,brd-k00188019,-0.15871345,-0.038812436,7
6138,6585,brd-k94300226,-0.15871152,-0.052367702,4
6139,6588,brd-k00362189,-0.15868196,0.03468692,4
6140,6589,brd-k50277523,-0.15866973,0.028569493,14
6141,6590,mead-acid,-0.1586475,-0.049912572,19
6142,6591,brd-k98374785,-0.15864414,0.022064744,3
6143,6592,atractyloside,-0.15863894,-0.13439769,4
6144,6593,brd-k36008374,-0.15862298,-0.07926889,6
6145,6594,brd-k30934140,-0.15861341,-0.04529555,4
6146,6595,brd-k21482967,-0.15860875,0.03617789,13
6147,6596,brd-k63201679,-0.15860642,-0.056250345,4
6148,6597,tyrphostin-ag-879,-0.1585841,0.042898025,31
6149,6598,brd-k26457096,-0.15858302,-0.064290375,4
6150,6599,brd-k11841836,-0.15853293,-0.06622845,17
6151,6600,sar-245409,-0.15852877,0.05929169,48
6152,6603,brd-k68783079,-0.15850961,0.026171114,12
6153,6604,oxantel,-0.15850198,-0.012646196,26
6154,6605,brd-k74767048,-0.1584999,0.02665303,11
6155,6606,bay-k8644,-0.15847415,0.08255793,6
6156,6607,brd-k15531302,-0.15843822,-0.12371827,3
6157,6608,brd-k24885102,-0.15843166,0.011253465,6
6158,6609,brd-k96640402,-0.1584173,-0.029242093,7
6159,6610,brd-k25298922,-0.1583978,0.061357867,5
6160,6613,brd-k76293260,-0.15833928,-0.0105455285,19
6161,6614,cephalotaxine,-0.15832707,-0.06843731,8
6162,6615,dasb,-0.15831281,-0.06377012,6
6163,6616,fasudil,-0.15830457,0.06235341,19
6164,6617,brd-k41296766,-0.15828814,0.00012919307,6
6165,6618,brd-k33776933,-0.15828732,-0.06759732,7
6166,6619,brd-k55065943,-0.1582796,-0.0021575051,4
6167,6620,brd-k77596469,-0.15827657,-0.01905854,5
6168,6621,brd-k36353158,-0.1582705,-0.15587379,3
6169,6622,sa-427543,-0.15826455,0.02411124,25
6170,6624,brd-k22951866,-0.1582496,-0.011794642,7
6171,6625,depomedrol,-0.1582329,-0.0118888095,11
6172,6626,trichlormethiazide,-0.15821859,0.02576342,4
6173,6627,brd-k83448282,-0.15821297,-0.040914886,3
6174,6629,thiorphan,-0.15817212,0.024722546,27
6175,6630,brd-k95847244,-0.15816642,-0.101759486,6
6176,6631,brd-k23896287,-0.15815361,0.035228305,12
6177,6632,brd-k85751793,-0.15814948,-0.11968878,4
6178,6634,brd-k16535949,-0.15813246,0.05861937,17
6179,6635,brd-a05565054,-0.15812321,0.025740722,13
6180,6636,brd-k39255658,-0.15809233,-0.06628088,4
6181,6637,brd-k96935347,-0.15808342,-0.13849498,4
6182,6638,brd-k24752075,-0.15808097,0.012511302,6
6183,6639,brd-k76856691,-0.15806933,-0.015946167,11
6184,6640,brd-k70052774,-0.15801479,-0.038626295,15
6185,6642,brd-k66035321,-0.15795025,0.031259794,3
6186,6643,brd-k78655498,-0.15793587,-0.071130425,4
6187,6644,brd-k35193330,-0.15792342,0.13631181,4
6188,6645,brd-k06623064,-0.15790309,-0.016304146,17
6189,6646,brd-k99135512,-0.15788826,0.056682702,13
6190,6647,brd-k46428287,-0.15788111,0.055799417,6
6191,6648,baccatin-iii,-0.15781936,-0.0001501776,19
6192,6649,brd-k19358815,-0.1577994,-0.06847225,6
6193,6650,brd-k48211564,-0.15778308,-0.003690824,4
6194,6651,cgp-37157,-0.15777348,-0.032553364,19
6195,6654,imiloxan,-0.15770768,-0.016170584,15
6196,6655,brd-k31380618,-0.1576854,0.018049464,14
6197,6656,brd-a14014306,-0.15768422,-0.040242925,12
6198,6657,brd-k59606716,-0.15767261,0.0068535004,5
6199,6658,brd-k46284961,-0.15767203,0.013449586,8
6200,6659,brd-k74228917,-0.1576458,-0.005155205,12
6201,6660,sa-1938111,-0.15764278,-0.04785773,12
6202,6661,brd-k32593492,-0.15764208,0.07986815,4
6203,6662,brd-k76425766,-0.15762573,-0.040599648,15
6204,6663,brd-k68102868,-0.15762493,0.01815263,15
6205,6664,brd-k10906552,-0.15761867,0.05612702,18
6206,6665,brd-k35514965,-0.15761445,-0.035803504,13
6207,6666,penitrem-a,-0.15760636,0.02602685,28
6208,6667,brd-k68774060,-0.15757963,0.016487923,5
6209,6668,brd-k40365006,-0.15756989,-0.08035215,8
6210,6669,brd-a28422330,-0.15755635,0.04014882,15
6211,6670,brd-k50388960,-0.1575536,0.028349034,12
6212,6671,brd-k70358157,-0.1575513,-0.06741005,4
6213,6672,zalcitabine,-0.1575336,0.036964383,15
6214,6673,brd-k53325797,-0.15753263,0.02468614,28
6215,6674,brd-k62957477,-0.15753093,-0.103427425,4
6216,6676,brd-k05702937,-0.15752493,-0.13328981,4
6217,6677,brd-k19971276,-0.15751249,0.015556657,7
6218,6678,brd-k23149749,-0.15749957,0.04276911,6
6219,6679,brd-k57792211,-0.15749651,0.009364381,3
6220,6680,ku-c103672,-0.15747195,0.07748874,12
6221,6681,brd-k82593502,-0.15744312,-0.08777789,3
6222,6682,ciprofibrate,-0.15744154,-0.022243282,23
6223,6683,tianeptine,-0.15741374,0.07013634,15
6224,6684,brd-k75669394,-0.1574039,-0.038398053,6
6225,6685,brd-k97981711,-0.15739442,-0.02489766,7
6226,6686,brd-k80822897,-0.15739098,-0.019058026,12
6227,6687,brd-k57275439,-0.15738612,-0.023788353,4
6228,6688,brd-k95149906,-0.15734991,-0.021624964,28
6229,6690,brd-k18407079,-0.1573124,-0.002258698,5
6230,6691,brd-k40846327,-0.15730676,-0.013874239,13
6231,6692,sq-29548,-0.15730399,-0.017182006,15
6232,6693,brd-a95795120,-0.15729529,0.06631791,13
6233,6694,brd-a74699940,-0.15729482,-0.0011933697,17
6234,6695,nefazodone,-0.15729341,0.024708636,30
6235,6696,brd-k01427177,-0.15729184,-0.05484207,4
6236,6697,brd-k93189515,-0.15727562,0.046291985,6
6237,6698,sa-1457187,-0.15726212,-0.0019431955,22
6238,6699,brd-k22608272,-0.15724412,-0.073675215,6
6239,6700,brd-k53214709,-0.15722647,0.010156355,17
6240,6701,dh-97,-0.15718141,0.0380056,19
6241,6702,piperacetazine,-0.15716779,0.010983447,19
6242,6703,brd-k34829873,-0.15716186,0.12034789,4
6243,6704,brd-k18152229,-0.15713693,-0.046067785,6
6244,6705,brd-k48475203,-0.15713625,-0.08581495,4
6245,6706,brd-k06370852,-0.15705842,-0.0039289943,5
6246,6707,thiostrepton,-0.15705195,-0.0020097473,47
6247,6708,brd-k92476250,-0.1570224,-0.09930926,5
6248,6709,t-0070907,-0.15701258,-0.025647335,19
6249,6710,sa-1920942,-0.156994,-0.066941775,8
6250,6711,l-stepholidine,-0.15698376,0.01075331,15
6251,6712,brd-k03673270,-0.1569795,-0.10728689,3
6252,6713,brd-a40163033,-0.15694833,-0.10257034,6
6253,6714,nor-1-chlorpromazine,-0.15694499,-0.015743462,12
6254,6715,brd-k72015216,-0.15694039,-0.07525377,6
6255,6717,brd-k26484692,-0.15690564,0.089016035,14
6256,6718,brd-k65160467,-0.15689965,-0.032563716,6
6257,6719,acebutolol,-0.1568834,0.034755073,14
6258,6720,brd-k68313733,-0.15687416,-0.025822865,31
6259,6721,brd-k03463440,-0.15684903,-0.045190066,7
6260,6722,sulfathiazole,-0.15683831,0.01967103,3
6261,6723,brd-k00859238,-0.15682329,0.047074445,12
6262,6724,"hydroxytacrine-maleate-(r,s)",-0.15679687,0.047941286,25
6263,6726,brd-k45845523,-0.15677865,0.074321315,6
6264,6729,sa-1472548,-0.15674952,-0.02621372,18
6265,6731,brd-k84951011,-0.15673774,-0.115336865,4
6266,6732,brazilin,-0.15673256,0.032500938,22
6267,6733,gr-103691,-0.15671878,0.01822669,15
6268,6735,brd-k75387817,-0.15670528,0.027365344,3
6269,6736,brd-k97591839,-0.15670468,-0.10023485,6
6270,6737,brd-k88196769,-0.15669814,-0.0053348225,6
6271,6738,vu-0418946-1,-0.15669766,-0.008521257,29
6272,6739,brd-k26214610,-0.15668999,0.04009804,4
6273,6740,nch-51,-0.15667704,0.064872995,17
6274,6741,brd-k77508012,-0.15667358,-0.006020675,12
6275,6742,brd-k56130969,-0.15665473,0.035405915,11
6276,6743,brd-k98219271,-0.15664439,0.007970447,15
6277,6744,brd-k94688728,-0.15662448,-0.016712826,4
6278,6745,brd-k86535717,-0.15661758,-0.045602757,5
6279,6746,brd-k18381522,-0.15661341,-0.0603947,5
6280,6747,brd-k15233676,-0.1566061,0.023242772,7
6281,6749,isosalsoline,-0.15658078,0.006103294,6
6282,6750,vu-0410183-2,-0.15657821,-0.028179603,29
6283,6751,cgp-20712,-0.15657534,0.028406693,19
6284,6752,brd-k92107474,-0.15657027,-0.026190769,13
6285,6753,cycloserine,-0.15655728,0.06643413,4
6286,6754,st-012525,-0.15655386,0.010924735,17
6287,6756,ran-14b,-0.15653388,-0.008981935,17
6288,6757,brd-a09053961,-0.15650351,-0.029186947,6
6289,6758,brd-k16541732,-0.15649498,0.07787146,17
6290,6759,brd-k87340398,-0.15649427,0.0053411294,9
6291,6760,brd-k95570609,-0.15646726,-0.042361706,9
6292,6761,brd-k15679280,-0.15644015,0.02362188,6
6293,6762,brd-k98286370,-0.1564357,-0.12143615,4
6294,6763,brd-k50608891,-0.15643443,0.10416188,4
6295,6764,brd-k15206810,-0.15641072,0.018503437,12
6296,6765,brd-k50012739,-0.1564042,0.07580121,4
6297,6766,gly-gly-palo,-0.1563906,0.045794997,59
6298,6767,brd-k26694002,-0.15635782,0.038115874,5
6299,6768,brd-k29097491,-0.15633625,-0.09709355,4
6300,6769,brd-k24925364,-0.15631115,0.012009075,15
6301,6770,brd-k35090513,-0.1562956,-0.011763968,11
6302,6771,nnc-63-0532,-0.15625179,-0.010021615,19
6303,6772,brd-k59854189,-0.15623054,-0.08927186,5
6304,6773,brd-k65909937,-0.1562277,0.040340345,4
6305,6774,brd-k58679021,-0.15621167,0.037529107,15
6306,6776,brd-k97306770,-0.15616478,-0.059296194,5
6307,6777,brd-k06432680,-0.1561515,-0.0022743358,13
6308,6778,brd-k67795523,-0.15613548,-0.08649687,5
6309,6779,brd-k67215204,-0.15611312,-0.0033875622,5
6310,6780,brd-k07522124,-0.15611152,-0.11670667,4
6311,6781,brd-k79251086,-0.15610515,0.026186869,13
6312,6782,brd-k25835021,-0.15609208,0.008132531,13
6313,6783,brd-k03704870,-0.15609117,0.0135599915,13
6314,6785,brd-k01383339,-0.15607916,-0.012873009,4
6315,6786,brd-k23313025,-0.15607345,0.0515709,17
6316,6787,brd-k26815099,-0.15606453,0.030287955,12
6317,6788,brd-k09366813,-0.15605748,-0.05051698,3
6318,6789,brd-k86492010,-0.15603074,0.071354926,13
6319,6790,brd-k45656768,-0.15601774,0.025010576,3
6320,6791,brd-k52640952,-0.1560073,-0.020515297,17
6321,6792,brd-k95033227,-0.15597934,0.022819735,13
6322,6793,brd-k19033174,-0.15597652,-0.07395721,4
6323,6794,hexestrol,-0.15596281,-0.10551119,4
6324,6795,brd-k28508449,-0.15595746,-0.09971847,4
6325,6796,brd-k31706415,-0.15595686,0.010643846,13
6326,6797,icilin,-0.15595603,0.008714616,23
6327,6798,brd-k68594214,-0.15593092,-0.082774565,12
6328,6800,brd-k81736443,-0.15592924,0.020529203,4
6329,6801,brd-k93054014,-0.1559216,0.0069164187,4
6330,6802,brd-k85144746,-0.15590706,0.060163148,6
6331,6803,brd-k65955264,-0.15587273,-0.022063348,13
6332,6804,brd-k31754360,-0.15586627,0.019244224,17
6333,6806,brd-k93623754,-0.15583457,-0.022147076,15
6334,6808,brd-k31449336,-0.15581046,-0.07326992,5
6335,6809,brd-k05861053,-0.15580724,-0.011339555,12
6336,6810,brd-k70345064,-0.15578943,-0.039351195,10
6337,6811,brd-k92439079,-0.15576836,-0.016206356,5
6338,6812,brd-k18772888,-0.15576455,-0.073352985,4
6339,6813,brd-k45889441,-0.15575852,-0.1337325,5
6340,6814,brd-k36616116,-0.15575813,-0.03309395,5
6341,6816,brd-k23033683,-0.15575334,-0.01537168,4
6342,6817,dolasetron,-0.15574224,-0.024045313,17
6343,6818,jak3-inhibitor-i,-0.15572058,0.05756997,19
6344,6819,brd-k55139645,-0.15571295,-0.07591728,8
6345,6820,sa-1921085,-0.15566939,0.08382041,24
6346,6821,brd-k35862891,-0.15566148,-0.12341558,3
6347,6822,brd-k86574132,-0.1556072,0.02437029,71
6348,6823,brd-k90381642,-0.15559928,-0.119174965,6
6349,6824,brd-k39144966,-0.15559374,-0.028060947,4
6350,6825,dubinidine,-0.15558864,0.121353045,15
6351,6826,brd-k09124072,-0.1555831,-0.016229715,6
6352,6827,ku-c104139,-0.15557547,-0.010881247,12
6353,6829,sa-1939064,-0.15554376,0.1845389,12
6354,6830,brd-k33743361,-0.15554284,-0.014780038,15
6355,6831,brd-k09023525,-0.15553223,0.009680254,5
6356,6832,amg-9810,-0.15552613,0.12263064,23
6357,6834,brd-k71489464,-0.15550531,-0.015191639,4
6358,6835,heliomycin,-0.15549985,-0.009407533,11
6359,6836,brd-k28924448,-0.15549275,-0.06508681,5
6360,6837,brd-a84066268,-0.15547287,0.07396807,6
6361,6838,brd-k78528600,-0.15545622,0.022934776,11
6362,6839,brd-k55216557,-0.1554419,-0.015938658,6
6363,6840,brd-k70923866,-0.15543379,0.06591977,4
6364,6841,ipriflavone,-0.15540276,-0.019298509,11
6365,6843,brd-k58415365,-0.15538405,-0.03489459,6
6366,6844,brd-k48332509,-0.15536135,-0.10425979,4
6367,6845,brd-k33226370,-0.1553507,-0.075566866,5
6368,6846,calcifediol,-0.15533455,0.030759985,27
6369,6847,brd-k59472190,-0.15530552,0.024386652,9
6370,6848,kuc103893n,-0.15530124,-0.026779296,13
6371,6849,brd-k72960152,-0.15528063,-0.10540471,5
6372,6850,brd-k38659247,-0.15527992,-0.052323446,6
6373,6851,fipexide,-0.15524496,-0.14122012,3
6374,6852,propanoic-acid,-0.15523739,0.017740877,6
6375,6853,brd-k05225561,-0.15519805,-0.12840231,4
6376,6854,brd-k74260000,-0.15519693,-0.06266788,4
6377,6855,brd-k25701726,-0.15516688,-0.029267335,6
6378,6856,brd-k03992415,-0.15515533,0.08835111,5
6379,6857,pidotimod,-0.15514901,0.029551296,11
6380,6858,brd-k49749421,-0.15514867,0.049451433,15
6381,6859,brd-k54743934,-0.15512894,-0.08517857,6
6382,6860,brd-k06206016,-0.1551183,0.0139933005,12
6383,6861,brd-k17088043,-0.15509057,0.064434215,4
6384,6862,brd-k41958183,-0.155021,-0.028136313,3
6385,6863,brd-k13234528,-0.15501997,-0.029620519,5
6386,6864,hydrocotarnine,-0.15500773,-0.019300008,15
6387,6865,cytochalasin-b,-0.15499972,0.053572856,59
6388,6866,brd-k30644784,-0.15499967,-0.09883104,3
6389,6867,tiagabine,-0.1549902,0.02949006,11
6390,6868,brd-k63827443,-0.15497188,0.07093249,11
6391,6869,brd-k30459086,-0.15496968,0.06078056,13
6392,6870,brd-k50204028,-0.15495032,-0.02504455,21
6393,6871,brd-k20200700,-0.15494266,0.028408816,4
6394,6872,ran-29,-0.15494247,0.030291036,17
6395,6873,brd-k75639577,-0.15493974,-0.10322213,4
6396,6874,brd-k40121369,-0.15491657,0.030159429,6
6397,6878,brd-k77480336,-0.15483856,0.03780261,13
6398,6879,brd-k03652504,-0.15482527,0.038609672,19
6399,6880,brd-k55129824,-0.15482001,0.052320514,4
6400,6881,brd-k92981876,-0.1548185,0.11743144,13
6401,6882,brd-k29916225,-0.15481539,0.03104106,6
6402,6883,brd-k20401833,-0.15481311,0.08192241,13
6403,6885,arg-csc-18,-0.15475824,0.011934642,13
6404,6887,brd-k32015301,-0.1547308,0.012938226,6
6405,6889,brd-k26292987,-0.15469907,-0.10295169,3
6406,6891,nemonapride,-0.15468994,0.0027782188,31
6407,6893,brd-k47214596,-0.15468775,-0.07383241,4
6408,6894,brd-k57055053,-0.15467718,-0.06796418,4
6409,6895,brd-k64398524,-0.15463479,-1.953173e-06,5
6410,6896,brd-k82196068,-0.15462993,0.09910483,13
6411,6897,brd-k28594113,-0.15462294,-0.06584623,5
6412,6898,brd-k67766243,-0.15462156,-0.114524834,4
6413,6899,brd-k45077070,-0.15460947,0.105403766,4
6414,6900,brd-k23117210,-0.15460524,0.05465688,7
6415,6901,brd-k63532493,-0.15458612,0.021304738,4
6416,6902,brd-k94669078,-0.15455711,-0.110755764,3
6417,6903,brd-k63000292,-0.1545536,-0.047507044,14
6418,6904,brd-k13582094,-0.15455239,-0.07283378,5
6419,6905,brd-k20192397,-0.15455212,-0.058405437,6
6420,6906,brd-k95789946,-0.1544968,-0.022394136,15
6421,6907,brd-k18972207,-0.15447608,-0.011583563,12
6422,6909,brd-k79619196,-0.1544725,-0.00034987528,17
6423,6910,brd-k30837577,-0.15445744,0.015188273,14
6424,6911,brd-k72451865,-0.15445633,-0.019948384,17
6425,6912,cs-1657,-0.15444581,-0.03440874,15
6426,6913,brd-k37650321,-0.1544204,-0.0036009336,12
6427,6914,brd-k35737468,-0.15439361,-0.017157275,12
6428,6915,h-8,-0.15439135,0.03605088,19
6429,6916,brd-k93185112,-0.15438487,0.014212694,5
6430,6917,brd-k59336577,-0.15436423,-0.0034128178,3
6431,6918,parbendazole,-0.15435931,0.04129343,75
6432,6919,brd-k75990826,-0.15433113,0.011450212,3
6433,6920,brd-k65037509,-0.15431026,-0.003658769,11
6434,6921,brd-k71401720,-0.15430915,0.018786486,5
6435,6922,brd-k66299073,-0.1543035,-0.006269438,4
6436,6923,brd-k53867540,-0.15430059,-0.08080337,4
6437,6924,brd-k46393778,-0.15429352,-0.04490476,6
6438,6925,brd-k58051960,-0.15427835,-0.025753895,5
6439,6926,dihydro-7-desacetyldeoxygedunin,-0.15427741,0.022075599,15
6440,6927,bg-1032,-0.15427461,0.08948642,6
6441,6928,ro-08-2750,-0.15420504,0.021671643,18
6442,6929,brd-k07530279,-0.15418461,0.032119513,26
6443,6930,brd-k25902954,-0.15418005,-0.048113495,7
6444,6931,brd-k65997856,-0.15413441,-0.020672292,14
6445,6932,brd-k14023656,-0.1541308,-0.032039404,4
6446,6933,pha-793887,-0.1541129,0.092911854,66
6447,6934,brd-k43014865,-0.1540552,-0.021887764,6
6448,6935,gr-206,-0.15405394,-0.0048839822,24
6449,6936,brd-k55809413,-0.15403809,-0.049109023,3
6450,6937,brd-k68494763,-0.15402654,-0.07003363,4
6451,6938,brd-k77287734,-0.15402459,-0.021996384,7
6452,6940,brd-k95351169,-0.15399292,-0.13299257,5
6453,6941,brd-k68915174,-0.15396298,0.01236788,3
6454,6942,brd-k14374193,-0.15395282,-0.047839183,4
6455,6943,brd-k04630954,-0.1539392,0.1274308,4
6456,6944,brd-k53183074,-0.15391344,0.068102404,4
6457,6945,bg-1020,-0.15390845,0.016212473,6
6458,6947,brd-k33348232,-0.15389596,-0.13899979,6
6459,6948,brd-k95487462,-0.15389466,0.012402563,14
6460,6949,lomifylline,-0.15388055,0.058719594,11
6461,6950,brd-k42303783,-0.15387064,0.009438496,7
6462,6951,brd-k35389996,-0.1538116,-0.03538448,15
6463,6952,brd-k62528537,-0.1538108,-0.046365645,3
6464,6953,brd-k69261014,-0.15379205,0.01841247,5
6465,6954,brd-k37478894,-0.15379037,0.037212815,5
6466,6955,tosyllysyl-chloromethyl-ketone,-0.15378506,0.04107072,19
6467,6956,brd-k96625837,-0.15378183,0.07938988,7
6468,6957,mepivacaine,-0.15378037,-0.030726511,17
6469,6958,brd-k35961280,-0.15377319,0.009890197,17
6470,6959,brd-k48388979,-0.15377015,-0.023865249,13
6471,6960,brd-k21868159,-0.15375604,0.021649422,7
6472,6961,skf-77434,-0.15375191,0.015159897,19
6473,6962,brd-k69096174,-0.15375185,-0.04098108,14
6474,6963,brd-k41595225,-0.15374863,-0.014973112,3
6475,6965,brd-k28282859,-0.15368754,0.059981458,8
6476,6967,kenpaullone,-0.15366465,0.076137185,37
6477,6968,brd-k60631585,-0.1536642,0.002621159,4
6478,6969,brd-k61382850,-0.15364298,-0.003925255,5
6479,6970,auranofin,-0.15363987,0.11623591,86
6480,6971,brd-k73642355,-0.15363893,-0.06304722,5
6481,6972,brd-k42363645,-0.15361845,-0.12813196,3
6482,6973,ranolazine,-0.1536119,0.015979664,34
6483,6974,brd-k41652870,-0.15358292,0.012915888,17
6484,6976,brd-k79149684,-0.1535626,-0.028957067,5
6485,6978,brd-k83529035,-0.15355591,-0.07563793,6
6486,6980,brd-k20616644,-0.15352105,0.010912192,4
6487,6981,brd-k16934333,-0.15351292,0.053341992,9
6488,6982,brd-k83390709,-0.15349627,-0.092058875,7
6489,6984,brd-k72504866,-0.15348005,0.11519259,15
6490,6985,brd-k38914331,-0.15347216,0.0102161,5
6491,6986,aurora-a-inhibitor-i,-0.15346967,0.023213202,66
6492,6988,brd-k36317223,-0.15346006,0.015693638,13
6493,6989,enrofloxacin,-0.15345751,0.085535064,32
6494,6990,brd-k13649454,-0.15345046,0.024927601,6
6495,6991,brd-k71397492,-0.15344687,0.002411591,4
6496,6992,brd-k79732306,-0.15343384,-0.01316931,10
6497,6993,brd-k31168993,-0.15342902,-0.028513549,6
6498,6994,brd-k29312193,-0.153423,-0.013782304,4
6499,6995,etilefrine,-0.15342177,0.015482191,19
6500,6996,brd-k40378749,-0.15340534,-0.10277933,12
6501,6998,brd-k47284302,-0.15337572,-0.10037573,4
6502,6999,brd-k99335646,-0.15337089,-0.06668857,3
6503,7002,brd-k75750101,-0.1533316,0.0055821855,4
6504,7003,brd-k66442181,-0.15329675,-0.11050393,4
6505,7005,emf-bca1-16,-0.15329145,0.008401564,24
6506,7006,brd-k69500068,-0.15325126,0.026865048,12
6507,7007,brd-k61001510,-0.15325102,0.108430855,13
6508,7008,dihydrostreptomycin,-0.1532302,0.26220104,3
6509,7009,brd-k61463582,-0.15322034,-0.03467947,24
6510,7010,brd-k27986637,-0.15321594,0.015954183,13
6511,7011,brd-k57073585,-0.15319866,0.0046144724,13
6512,7012,brd-k22215695,-0.15319116,0.096659884,15
6513,7013,brd-k51592837,-0.1531816,-0.049852412,8
6514,7014,brd-k14975149,-0.15317975,0.024711853,13
6515,7015,azathioprine,-0.15317443,0.019805796,32
6516,7016,brd-k14854082,-0.15317069,0.0012475029,4
6517,7017,brd-k89114227,-0.15314794,-0.057203922,4
6518,7018,latanoprost,-0.15314394,0.08683651,11
6519,7019,st-014366,-0.1531351,0.066498436,13
6520,7020,brd-k58072864,-0.15311223,-0.064484194,4
6521,7021,brd-k93410778,-0.15310235,0.006365109,5
6522,7022,brd-k66740714,-0.1530972,-0.0068967286,6
6523,7023,km-00519sc,-0.15308842,0.049174704,13
6524,7024,brd-k44510578,-0.1530646,0.14417082,13
6525,7025,brd-k47630323,-0.15305515,-0.014395392,6
6526,7026,brd-k17808354,-0.15302907,0.027762095,4
6527,7027,brd-k73533033,-0.15302157,-0.067951486,5
6528,7028,cefpodoxime,-0.15300603,0.023167768,11
6529,7029,brd-k81614512,-0.1530055,0.031189185,5
6530,7030,brd-m45755366,-0.15299772,-0.054234717,6
6531,7031,brd-k12968907,-0.15299568,-0.12047552,5
6532,7032,brd-k00664012,-0.15294029,-0.04742793,11
6533,7033,sa-102042,-0.15293957,0.109656036,6
6534,7034,brd-k39629581,-0.15291458,0.024012249,4
6535,7035,brd-k65946722,-0.15290715,0.012989652,5
6536,7036,dau-5884,-0.15290639,0.08652652,19
6537,7037,brd-k64619734,-0.15287003,-0.035980236,4
6538,7038,brd-k13064257,-0.15286645,-0.11847056,5
6539,7039,adrenosterone,-0.15286322,-0.014759849,4
6540,7040,brd-k43955935,-0.15286121,-0.048789043,5
6541,7041,brd-k42478399,-0.15286021,-0.08261936,4
6542,7042,brd-k78824440,-0.1528271,0.09306238,3
6543,7043,brd-k02861439,-0.15281202,0.013124663,6
6544,7044,brd-k91924645,-0.15278453,0.06947343,4
6545,7045,brd-k96534186,-0.15277387,0.067699954,5
6546,7047,brd-k98909007,-0.15272948,0.08050707,4
6547,7048,brd-k23342641,-0.15272757,-0.023188101,15
6548,7049,brd-k81146041,-0.15271413,0.03880796,5
6549,7050,heraclenol,-0.15269327,0.016347032,17
6550,7052,brd-k94781393,-0.15268032,-0.06299172,4
6551,7053,brd-k82669795,-0.1526779,0.029810352,7
6552,7054,brd-k86961442,-0.15265326,-0.048484437,4
6553,7055,brd-k60870698,-0.15264072,-0.06702292,15
6554,7057,brd-k61484309,-0.15255348,-0.0032083897,5
6555,7059,brd-k44410738,-0.15253347,-0.10713187,11
6556,7060,diosmin,-0.15251702,-0.03548772,4
6557,7061,brd-k08448573,-0.15250637,0.02922034,13
6558,7063,brd-k80138901,-0.15249471,0.024963165,13
6559,7064,brd-k43379283,-0.15248932,-0.124301665,3
6560,7065,brd-k26069906,-0.15247716,-0.08285932,5
6561,7066,brd-k91487294,-0.15246807,-0.032091063,7
6562,7067,brd-k08005469,-0.15246436,-0.060671963,4
6563,7068,donepezil,-0.152449,0.020214194,34
6564,7071,fu-jmbii113b,-0.15241504,-0.015079411,15
6565,7072,brd-k27915767,-0.15240528,-0.054014325,7
6566,7073,brd-k78343029,-0.15237826,-0.0641913,4
6567,7074,m-3m3fbs,-0.15236033,0.061865132,78
6568,7075,sa-101686,-0.152322,0.14519936,12
6569,7076,brd-k01981286,-0.15232152,0.012735676,14
6570,7077,brd-k64416059,-0.15231651,-0.018483171,5
6571,7078,brd-k45627302,-0.15230827,-0.04275824,12
6572,7079,brd-k41328253,-0.15230604,-0.0018732287,4
6573,7081,brd-k33318635,-0.15228264,0.05742177,12
6574,7082,brd-k42056004,-0.15227506,-0.061724972,4
6575,7083,brd-k55507662,-0.15226611,0.025463015,3
6576,7084,brd-k08920503,-0.15226096,-0.11409308,4
6577,7085,vu-0415010,-0.15224513,-0.020241506,12
6578,7086,brd-k06748700,-0.152203,0.04172463,15
6579,7087,brd-k29654204,-0.15219311,-0.0006546357,5
6580,7088,brd-a24225650,-0.1521906,-0.008691192,13
6581,7091,brd-k99749622,-0.1521409,0.026667207,3
6582,7092,brd-k00518397,-0.1521263,0.005589746,9
6583,7093,brd-k02701279,-0.1521153,0.092752546,17
6584,7094,brd-k10774870,-0.1521,-0.07017998,3
6585,7095,brd-k24894325,-0.15209752,0.004206099,13
6586,7096,brd-k19181733,-0.15209642,0.07030002,17
6587,7097,brd-k73044562,-0.15207098,-0.06774144,4
6588,7099,iocetamic-acid,-0.1520515,0.024779392,19
6589,7100,brd-k12345237,-0.15204002,-0.048232846,11
6590,7101,brd-k73680494,-0.1520375,-0.03154367,6
6591,7102,brd-k53032901,-0.15203331,0.047938876,12
6592,7103,brd-k83718139,-0.15203045,0.01232446,4
6593,7104,brd-k67628477,-0.15197007,-0.08396354,3
6594,7105,brd-k86430746,-0.15195872,-0.13812119,5
6595,7106,riboflavin,-0.15192783,0.057164032,23
6596,7108,brd-k27431449,-0.15190731,0.0012528971,4
6597,7109,brd-k17897186,-0.1518935,0.002073425,6
6598,7111,nitrarine,-0.15188229,-0.049734715,15
6599,7112,brd-k01409647,-0.1518808,0.05479228,5
6600,7113,brd-k37434447,-0.1518765,-0.02293495,5
6601,7114,brd-k60109523,-0.15186061,-0.108798444,4
6602,7115,brd-k62836482,-0.1518591,-0.0008320473,4
6603,7116,brd-k50383095,-0.15185678,-0.13632688,3
6604,7117,brd-k56450018,-0.15185224,0.006049902,12
6605,7118,brd-k05791917,-0.15183648,-0.01359295,5
6606,7120,brd-k82158149,-0.15182838,0.07977724,5
6607,7121,brd-k49967178,-0.15182616,0.0041664513,15
6608,7122,puromycin,-0.15181655,-0.018874604,43
6609,7123,ditolylguanidine,-0.15180749,0.02766071,19
6610,7124,brd-k76005220,-0.15174711,-0.029444408,8
6611,7125,brd-a00763758,-0.15174013,-0.008551278,6
6612,7126,brd-k63455741,-0.15173292,0.028554136,10
6613,7127,brd-k91818252,-0.15171503,-0.043425385,15
6614,7128,brd-k05452595,-0.15171498,0.053174306,17
6615,7129,brd-k51674646,-0.1516861,-0.023217097,12
6616,7130,oxindole-i,-0.15167372,0.08750349,19
6617,7131,avermectin,-0.15167196,0.0004119426,4
6618,7132,brd-k42916718,-0.1516502,-0.006038504,3
6619,7133,brd-k17745445,-0.15163806,-0.004466243,4
6620,7134,brd-k06161868,-0.15163201,0.036238562,7
6621,7135,ym-09151-2,-0.15161474,-0.102841035,6
6622,7136,brd-k57953517,-0.15159479,-0.07184861,6
6623,7137,brd-k81631939,-0.1515911,-0.1296201,3
6624,7139,brd-k07907451,-0.151554,0.077388376,13
6625,7140,ici-162846,-0.1515533,0.046503562,19
6626,7142,brd-k58985339,-0.15154046,0.038514923,3
6627,7143,brd-k80954162,-0.15153658,0.016603464,7
6628,7144,brd-k71100175,-0.1515207,-0.021720909,4
6629,7145,sa-426029,-0.15151478,0.0996431,18
6630,7146,brd-m94512770,-0.151513,0.009153511,6
6631,7147,brd-k73297432,-0.1515003,-0.086678416,7
6632,7148,brd-a11087911,-0.15148789,-0.05863426,13
6633,7149,mt-21,-0.15147819,-0.011965241,19
6634,7150,brd-k87268239,-0.15147404,-0.08878769,8
6635,7151,brd-k62169556,-0.15147027,-0.0014342774,17
6636,7154,foliosidine,-0.15146786,0.023644052,19
6637,7155,brd-k79181721,-0.15144534,-0.052247178,5
6638,7156,dasatinib,-0.15142651,0.103327475,65
6639,7158,brd-k98676361,-0.15141077,0.01088086,4
6640,7160,brd-a11968133,-0.15137114,-0.075415,12
6641,7161,brd-k25994126,-0.1513496,-0.12259152,4
6642,7162,brd-a56800788,-0.1513408,0.0028795325,17
6643,7163,jmv-431,-0.15131982,-0.059639774,6
6644,7164,brd-k56505861,-0.15131332,-0.09811744,5
6645,7165,brd-k09640010,-0.15130208,-0.027187917,10
6646,7166,sa-1458450,-0.15129054,0.079176724,19
6647,7167,brd-k85593835,-0.1512904,0.0037612792,11
6648,7168,doxofylline,-0.15128548,-0.019945372,4
6649,7169,brd-k94029810,-0.15126613,0.011233278,7
6650,7170,brd-k62265198,-0.15126172,-0.040009767,6
6651,7171,brd-k48528505,-0.15125893,-0.090850115,3
6652,7173,brd-k76425827,-0.15121306,-0.010322277,17
6653,7174,brd-k74989018,-0.15120357,0.03447854,13
6654,7176,brd-k24626857,-0.15119393,0.0153702395,6
6655,7177,brd-k26211296,-0.15119384,0.008230985,13
6656,7178,diloxanide,-0.15117632,-0.0054638614,27
6657,7180,brd-k26581628,-0.15113385,0.004195073,3
6658,7181,brd-k31096204,-0.15107743,-0.009530546,4
6659,7182,brd-k66732564,-0.15106836,-0.101368785,6
6660,7183,brd-k62932832,-0.15104342,0.032192785,5
6661,7184,brd-k96003120,-0.15102744,-0.0616866,6
6662,7185,am-630,-0.15102537,-0.031837553,19
6663,7186,brd-k33066317,-0.15101193,-0.111911565,3
6664,7187,brd-k34205220,-0.15100668,-0.032624032,3
6665,7189,brd-k01146969,-0.15097968,0.029068653,4
6666,7190,brd-k70068608,-0.15095392,0.042312037,4
6667,7191,brd-k39431601,-0.15094759,0.003483311,4
6668,7192,brd-k24769439,-0.1509437,0.04054782,7
6669,7194,brd-k69698931,-0.15092579,-0.11224805,3
6670,7195,brd-k89010697,-0.15092166,-0.005714561,7
6671,7197,brd-k81858438,-0.15087351,-0.042527217,3
6672,7198,nbqx,-0.15086217,-0.013900774,23
6673,7199,n6-cyclopentyladenosine,-0.15085582,-0.007205858,15
6674,7200,brd-k38797319,-0.15085356,-0.03074602,7
6675,7202,brd-k55216615,-0.15084869,-0.0018863246,13
6676,7203,brd-k15284276,-0.15082811,-0.114332095,4
6677,7204,brd-k40155511,-0.15076196,-0.074373074,5
6678,7205,brd-k85088178,-0.15075406,-0.07034187,4
6679,7207,brd-k04361415,-0.15072814,-0.010510605,4
6680,7208,brd-k47533918,-0.1507116,-0.021776816,18
6681,7209,brd-k93240833,-0.15067276,-0.009638345,4
6682,7210,brd-k38832878,-0.15066834,0.0129189165,5
6683,7211,ubp-302,-0.15064764,-0.0017254452,19
6684,7212,brd-k58607374,-0.15064137,-0.055907898,5
6685,7213,lysergol,-0.15061697,0.004046039,19
6686,7214,brd-k45031696,-0.15060799,0.008195781,15
6687,7215,brd-k96041907,-0.15060715,0.024076648,10
6688,7217,brd-k55332332,-0.15058678,-0.058631755,6
6689,7218,brd-k49738502,-0.15057236,-0.035727866,4
6690,7219,brd-k38400632,-0.15055636,-0.082436204,5
6691,7220,psh-021,-0.15054713,-0.013128589,15
6692,7222,brd-a14178283,-0.15054075,0.011505478,17
6693,7223,brd-k07686903,-0.1505366,0.0759053,6
6694,7224,brd-k79235952,-0.15053305,-0.033295844,15
6695,7225,brd-k18747403,-0.15052736,0.016274368,12
6696,7226,dy-44,-0.15051322,0.018647116,17
6697,7228,brd-a65142661,-0.15046543,0.0039310036,12
6698,7229,brd-k78544941,-0.15044145,-0.054933608,7
6699,7230,brd-k80932888,-0.15042177,-0.01292539,3
6700,7233,tropicamide,-0.1504108,0.002247208,29
6701,7234,brd-k02897131,-0.15040715,-0.07168856,4
6702,7235,brd-k71006848,-0.15040004,-0.12110905,4
6703,7236,brd-k69073546,-0.15038338,-0.06264688,5
6704,7237,triamcinolone-acetonide,-0.15037857,-0.00062383706,15
6705,7238,brd-k63261117,-0.1503417,-0.042259026,4
6706,7239,hydroxychloroquine,-0.15033938,-0.018226568,10
6707,7240,brd-k34544769,-0.15031902,-0.02314765,4
6708,7241,mestanolone,-0.15031146,-0.020362837,11
6709,7242,brd-k40471863,-0.15030846,-0.011806304,12
6710,7243,brd-k37246443,-0.15029521,0.03365556,5
6711,7244,brd-k48138407,-0.15026781,0.022216579,6
6712,7245,brd-k15232561,-0.15023836,-0.06708413,6
6713,7246,brd-k72307842,-0.15023138,0.02581143,15
6714,7247,brd-k36596997,-0.1502288,0.03918344,7
6715,7248,octopamine,-0.1502274,-0.04088133,10
6716,7249,brd-k27742591,-0.15021597,0.029270586,6
6717,7250,brd-k19417837,-0.15019722,-0.00088313594,5
6718,7251,brd-k76859558,-0.15017474,-0.058006115,6
6719,7253,brd-k50171542,-0.15017173,-0.09939937,4
6720,7255,brd-k72972600,-0.15013924,0.07150743,4
6721,7256,brd-k78167523,-0.15013763,0.03761438,13
6722,7257,brd-k06202986,-0.15012217,-0.122038424,4
6723,7258,brd-k03034193,-0.15011221,-0.07218112,4
6724,7259,brd-k24346336,-0.1501,-0.032911897,17
6725,7260,tfmpp,-0.15008,0.003166979,11
6726,7261,brd-k49687221,-0.15007126,0.025639929,13
6727,7262,brd-a52647795,-0.15006733,0.02683933,6
6728,7263,brd-k02717912,-0.15006529,-0.03660311,3
6729,7264,brd-k14502067,-0.15006389,0.012883686,6
6730,7265,brd-k67622458,-0.15004261,0.009977107,5
6731,7266,brd-k62307953,-0.15004025,-0.051423073,6
6732,7268,brd-k63415335,-0.15001717,-0.07782292,3
6733,7269,brd-k22361536,-0.1500145,-0.0012081423,5
6734,7270,brd-k02575886,-0.14998479,0.2722038,4
6735,7271,nisoldipine,-0.14997356,0.06904453,15
6736,7272,brd-k73184677,-0.14994243,-0.006496455,5
6737,7273,rosuvastatin,-0.14993021,0.032795597,23
6738,7275,brd-k88373420,-0.14989081,0.04342892,12
6739,7276,brd-k66328731,-0.14988562,-0.11195718,4
6740,7277,molsidomine,-0.14988086,-0.015097501,23
6741,7278,brd-k19520352,-0.14987747,-0.0952124,6
6742,7279,brd-k49066776,-0.14986786,-0.018449144,3
6743,7280,brd-k44652183,-0.14986779,-0.056589674,13
6744,7282,bay-59-3074,-0.14985472,-0.02406421,19
6745,7283,fosfosal,-0.14983435,-0.04239052,4
6746,7284,brd-k07786204,-0.14982474,-0.03717741,5
6747,7286,brd-k06725649,-0.14981195,-0.091812156,4
6748,7287,brd-k36080978,-0.14981064,-0.064806044,5
6749,7288,brd-k13369161,-0.14979617,-0.10317091,4
6750,7289,brd-k06568278,-0.14975344,-0.10093646,3
6751,7291,pazufloxacin,-0.14972995,0.07506132,11
6752,7292,brd-k75609900,-0.14972255,-0.040522642,6
6753,7293,brd-k66908362,-0.14971897,-0.024256121,13
6754,7294,brd-k16980601,-0.14971879,-0.043141894,6
6755,7295,brd-k12309761,-0.1496897,-0.03286947,3
6756,7296,brd-k19106401,-0.14968523,-0.032026984,5
6757,7297,zm-336372,-0.1496804,0.008439625,59
6758,7298,brd-k50887310,-0.14963578,-0.036633503,4
6759,7299,brd-k03439359,-0.14961676,-0.020498637,28
6760,7300,brd-k16752617,-0.14960238,-0.032533225,11
6761,7301,brd-k38571337,-0.14958689,0.03828805,6
6762,7302,brd-k84321619,-0.14957479,-0.11310075,4
6763,7303,brd-k18100239,-0.14956023,0.012420471,6
6764,7304,brd-k44756290,-0.14953056,-0.053511675,7
6765,7305,sa-90153,-0.14951742,-0.0330854,8
6766,7306,cantharidin,-0.14951296,-0.08342941,6
6767,7307,brd-k24890551,-0.14950578,-0.007493062,11
6768,7308,brd-k81674214,-0.14947668,0.007286476,6
6769,7309,st-019386,-0.14947644,0.028739372,17
6770,7310,brd-k08378202,-0.14946745,0.12545417,3
6771,7311,brd-k28366444,-0.14944056,-0.015289588,15
6772,7312,brd-k53920100,-0.14942512,0.031084605,3
6773,7313,brd-k59341874,-0.14941545,-0.021672307,12
6774,7314,brd-k25706980,-0.14937906,-0.038578585,6
6775,7315,brd-k26041656,-0.14937802,-0.012149634,4
6776,7317,norfenfluramine,-0.14931434,-0.025784593,12
6777,7318,pepstatin,-0.14930886,0.0788146,19
6778,7319,brd-k37932103,-0.1492764,0.03184952,17
6779,7320,brd-k29824954,-0.14927451,-0.015130432,6
6780,7321,brd-k65526065,-0.14926954,-0.029198896,12
6781,7323,brd-k42576592,-0.14926055,-0.0857216,4
6782,7324,lavendustin-a,-0.14925376,-0.027264988,19
6783,7325,brd-k22330909,-0.14919975,-0.0039634374,7
6784,7326,mw-stk33-22,-0.1491896,0.024565324,17
6785,7327,brd-k06039860,-0.1491639,0.07446228,12
6786,7328,brd-k24855340,-0.14916117,0.0043543247,7
6787,7329,co-101244,-0.1491449,-0.051647674,15
6788,7331,betulinic-acid,-0.14912163,0.06452689,19
6789,7333,brd-k15172981,-0.14910977,-0.007196092,3
6790,7334,brd-k53425819,-0.14910969,-0.041361477,3
6791,7335,vu-0447134-2,-0.14910719,0.0042000045,13
6792,7336,brd-k20255967,-0.14910245,0.042661563,4
6793,7339,catechin,-0.14906096,0.019667018,27
6794,7340,clobutinol,-0.1490586,-0.07173797,4
6795,7341,brd-k18639483,-0.14904927,-0.0436634,7
6796,7342,2-aminotetralin,-0.14903857,0.091490544,6
6797,7343,brd-k43026564,-0.14902927,-0.054516025,3
6798,7344,brd-k37149438,-0.14902894,-0.08752969,4
6799,7345,brd-a32440707,-0.1490245,-0.021456659,11
6800,7346,methimazole,-0.14900185,0.017270962,15
6801,7347,w-13,-0.14899796,0.0042256927,19
6802,7348,brd-k23985857,-0.1489933,0.06671875,17
6803,7349,brd-k46297593,-0.14898708,0.0076864697,5
6804,7351,naringin,-0.1489395,-0.046690084,15
6805,7352,brd-k46352899,-0.14893031,-0.039418265,7
6806,7353,brd-k59788643,-0.14888091,-0.03758613,6
6807,7354,brd-k78787424,-0.1488717,-0.051506132,6
6808,7355,brd-k51036109,-0.14886287,-0.01884356,6
6809,7358,brd-k09757845,-0.1488153,-0.10795894,3
6810,7359,brd-k84596673,-0.14881527,0.081680104,4
6811,7360,brd-k69422440,-0.14879702,-0.022835085,12
6812,7361,stk-111867,-0.14879383,-0.023837924,15
6813,7362,brd-k11672064,-0.14877614,0.02657943,4
6814,7363,brd-k26537262,-0.14875284,-0.073951945,4
6815,7364,chromanol,-0.14874454,0.010050757,15
6816,7365,tmph,-0.14873154,0.048957396,15
6817,7366,brd-k70977695,-0.14872351,0.065321065,13
6818,7367,brd-k07259155,-0.14871934,-0.001981413,12
6819,7368,brd-k26893932,-0.14870098,0.0018089714,5
6820,7370,brd-k95698191,-0.14868389,0.025136005,6
6821,7371,brd-k90947049,-0.14865932,-0.053805,4
6822,7372,sb-206553,-0.14864618,0.009625528,15
6823,7373,sa-1456977,-0.148637,0.014728108,12
6824,7374,brd-k46980879,-0.14862014,-0.13044362,3
6825,7375,cccp,-0.14861125,0.030836634,19
6826,7376,brd-k16358524,-0.14860182,0.08110386,12
6827,7378,brd-k77349332,-0.14857157,-0.02997643,5
6828,7379,brd-k71777270,-0.1485713,0.007953414,4
6829,7380,monocrotaline,-0.14857008,-0.04673427,3
6830,7381,brd-k00951345,-0.14856121,0.009158845,6
6831,7382,brd-k98113345,-0.14855246,-0.061600193,4
6832,7383,brd-k81600610,-0.14854951,-0.1482417,3
6833,7384,brd-k52682771,-0.14854297,-0.09524,4
6834,7385,brd-k91269653,-0.14850518,-0.04400023,4
6835,7386,brd-k94200504,-0.14847234,-0.106630474,5
6836,7387,kw-06,-0.14846435,0.09848118,6
6837,7389,brd-k01676918,-0.14844944,-0.044742845,3
6838,7390,brd-k69589246,-0.14844012,-0.115250774,3
6839,7391,brd-k03936430,-0.14842682,-0.09144169,3
6840,7393,dofetilide,-0.1484158,0.08069545,11
6841,7394,carmofur,-0.14836095,0.029628715,11
6842,7395,brd-k39696539,-0.14835773,-0.054693565,4
6843,7396,brd-k97357148,-0.1483465,-0.009550916,7
6844,7397,brd-k80195617,-0.14832556,-0.06308949,4
6845,7399,brd-k28076694,-0.14824258,-0.053435087,4
6846,7400,reserpine,-0.1482414,0.009398029,23
6847,7401,ggti-297,-0.14822428,-0.031872578,6
6848,7402,brd-k15960830,-0.14822207,-0.07143343,6
6849,7403,brd-k19288011,-0.14821965,-0.016317252,5
6850,7404,brd-a35153197,-0.1482162,0.04119193,6
6851,7405,brd-k99578584,-0.14819995,-0.0015177806,5
6852,7406,brd-k09716788,-0.14819896,0.105596304,13
6853,7407,brd-k31600199,-0.14815241,-0.03140415,13
6854,7408,brd-k22486133,-0.14814942,-0.05562269,5
6855,7410,brd-k79746073,-0.14813595,-0.13170287,3
6856,7411,brd-k13779607,-0.14812905,-0.009240069,4
6857,7412,brd-k08624646,-0.14812791,-0.031740442,6
6858,7413,tetrahydrocannabinol-7-oic-acid,-0.14811356,0.023667118,15
6859,7414,brd-k92455228,-0.14810073,-0.023665696,5
6860,7415,brd-k18293432,-0.14808494,0.011049617,6
6861,7416,i-303059,-0.14808455,0.08977941,17
6862,7417,brd-k25765811,-0.14807697,-0.019240359,6
6863,7418,brd-k58856256,-0.14805038,-0.063914105,7
6864,7420,deflazacort,-0.14801241,-0.027277615,4
6865,7421,brd-k72694250,-0.14801092,-0.00029896773,5
6866,7424,brd-k38627245,-0.14798869,-0.0404245,5
6867,7425,brd-k89144439,-0.14797711,0.05442367,10
6868,7426,brd-a68061604,-0.14795747,-0.033642005,13
6869,7427,brd-k98988824,-0.14794387,-0.08677092,5
6870,7428,brd-a59046243,-0.147943,-0.03368753,3
6871,7429,brd-k67433929,-0.147937,-0.03386481,5
6872,7432,brd-k38188442,-0.14790243,-0.043379147,4
6873,7433,brd-k02131961,-0.1478691,-0.010883366,5
6874,7434,brd-k18024030,-0.14786097,-0.0013323367,5
6875,7435,brd-k73639776,-0.14784639,0.0148219075,4
6876,7436,brd-k22450189,-0.1478333,-0.014840265,7
6877,7437,brd-k55713064,-0.14783065,-0.122162946,4
6878,7439,brd-k62050953,-0.14781554,0.015132708,5
6879,7441,brd-k81795824,-0.14779761,-0.01906193,17
6880,7443,emf-sumo1-39,-0.14778791,-0.037696164,11
6881,7444,brd-k65003634,-0.14777508,-0.13679351,3
6882,7445,brd-k64341172,-0.14776912,0.054106012,4
6883,7446,brd-k93875449,-0.14776467,-0.016382022,15
6884,7447,brd-k10844902,-0.14774874,-0.084219635,4
6885,7448,brd-k11187612,-0.14773661,-0.005388703,15
6886,7449,mw-stk33-23,-0.14773083,0.12809029,11
6887,7450,brd-k34798063,-0.14772604,-0.009891448,7
6888,7451,brd-k13665914,-0.14765584,0.07273831,15
6889,7452,brd-k83388394,-0.14764759,-0.13329491,4
6890,7454,brd-k61260019,-0.1476201,0.15594906,6
6891,7455,brd-k38509760,-0.14760564,-0.08930835,5
6892,7456,brd-k16157799,-0.14759566,0.062332388,5
6893,7457,brd-k31610599,-0.14759372,0.044872846,6
6894,7458,ku-c104254,-0.14758724,0.08135548,13
6895,7459,brd-k81469015,-0.1475746,-0.04821739,3
6896,7460,brd-k83493571,-0.1475588,0.035487384,48
6897,7461,brd-k28746839,-0.14755806,0.02784989,5
6898,7462,4-hydroxy-2-nonenal,-0.1475541,-0.0066669835,11
6899,7463,brd-k84853311,-0.14755246,-0.005218094,4
6900,7465,brd-k51047687,-0.14753102,-0.08429827,4
6901,7466,sa-94315,-0.14752102,0.053454705,25
6902,7467,brd-k45151011,-0.14748053,0.00487867,4
6903,7469,brd-k55093794,-0.14746998,-0.095684156,5
6904,7470,brd-k89412978,-0.14746515,0.02758149,13
6905,7471,dppe,-0.1474611,0.021226915,19
6906,7472,brd-k08936794,-0.14746068,-0.064153835,4
6907,7474,brd-k81052803,-0.1474011,-0.0006737759,5
6908,7475,econazole,-0.147389,0.030785454,19
6909,7476,brd-k12189280,-0.14738418,0.020957122,7
6910,7477,brd-k06518099,-0.14737931,0.031077154,5
6911,7478,brd-k29568987,-0.14736594,-0.01585343,4
6912,7479,wye-125132,-0.14734948,0.12156351,66
6913,7480,timosaponin,-0.14733784,0.08977593,4
6914,7481,brd-k57611352,-0.14733587,0.04619617,4
6915,7482,brd-k18761689,-0.14733508,0.105475366,15
6916,7483,brd-k91771673,-0.14732483,0.019742524,7
6917,7484,om-137,-0.14730816,0.02821781,17
6918,7485,brd-k56977905,-0.14728256,0.016430836,13
6919,7487,brd-k21855096,-0.1472341,-0.05699137,4
6920,7488,brd-k04476933,-0.14722338,0.043917187,4
6921,7489,brd-k85297660,-0.14720646,0.07371791,5
6922,7490,brd-k51155404,-0.14718223,-0.019790184,13
6923,7491,brd-k56243496,-0.1471595,-0.092071034,4
6924,7493,brd-k58935841,-0.14712365,0.015441576,13
6925,7494,brd-k27720649,-0.14710079,0.007550996,11
6926,7495,sdz-wag-994,-0.14709996,0.021153618,19
6927,7496,gr-135531,-0.14709832,-0.022485498,15
6928,7497,brd-a43155244,-0.1470797,0.024173565,16
6929,7498,brd-k49594309,-0.14707908,-0.085082285,3
6930,7499,brd-k96194181,-0.14707474,0.02558838,13
6931,7500,brd-k46664882,-0.14706855,0.02319341,3
6932,7501,brd-k80579043,-0.14705925,-0.05308665,5
6933,7503,brd-k51390731,-0.14703614,-0.08338684,3
6934,7504,brd-k97114030,-0.14702573,-0.037711512,13
6935,7505,brd-k38851002,-0.14702348,0.02389139,4
6936,7506,brd-k46028776,-0.14700529,0.023502557,5
6937,7507,src-kinase-inhibitor-i,-0.14697552,-0.013246162,15
6938,7508,brd-k79917113,-0.14695351,-0.06267652,6
6939,7509,brd-k19357327,-0.14694315,0.09832411,3
6940,7510,brd-k88013557,-0.14693397,0.0021333904,13
6941,7511,scopoline,-0.14692587,0.058755655,15
6942,7512,brd-k27009196,-0.14692537,-0.06275266,6
6943,7513,brd-k38634661,-0.1469127,-0.008279563,13
6944,7514,furaltadone,-0.14689918,0.03145919,4
6945,7515,brd-k22583762,-0.14688961,-0.06766072,3
6946,7516,brd-k24304282,-0.14687541,0.024476992,6
6947,7517,brd-k16309743,-0.146873,0.040452875,17
6948,7518,brd-k12105018,-0.14686655,0.04084278,18
6949,7520,brd-k09295900,-0.14685433,0.09288925,11
6950,7521,spiroxatrine,-0.14683996,0.0051090806,15
6951,7522,brd-k65050353,-0.14682534,0.04564898,17
6952,7523,brd-k25460880,-0.14679348,0.050005663,13
6953,7524,brd-a54194844,-0.14678031,0.002110215,15
6954,7525,brd-k70918941,-0.14677846,0.05866301,12
6955,7526,brd-k81940726,-0.14677611,-0.08277635,5
6956,7527,brd-k86715767,-0.14676227,-0.0051670615,3
6957,7528,propoxycaine,-0.14675751,-0.07368109,23
6958,7530,brd-k24392866,-0.14672382,-0.00962041,3
6959,7531,brd-k68038686,-0.14671503,0.019896362,13
6960,7532,brd-k97481123,-0.1466729,-0.082113005,6
6961,7533,trametinib,-0.1466646,0.002348631,48
6962,7534,brd-k41527436,-0.14665899,0.0027751294,6
6963,7535,brd-k78013650,-0.14665462,-0.018873613,4
6964,7536,brd-k36961456,-0.14665438,-0.039878312,5
6965,7537,brd-k55588166,-0.14664571,0.014613981,6
6966,7538,amsacrine,-0.14664024,0.12594025,23
6967,7539,brd-k23340610,-0.14660513,-0.038689055,3
6968,7540,brd-k01316590,-0.14659864,0.026802469,4
6969,7541,terbutaline,-0.14659545,-0.06818078,14
6970,7543,brd-k85079232,-0.14658552,-0.092611924,4
6971,7544,brd-k68061938,-0.14655371,0.04824316,4
6972,7547,benzoic-acid,-0.14651427,-0.1430515,3
6973,7549,brd-k45472161,-0.14651011,-0.06209323,5
6974,7550,dehydrocholate,-0.1464797,0.07856655,23
6975,7551,brd-k96077293,-0.14645535,0.019475149,3
6976,7552,brd-k95976153,-0.1464523,0.05966216,17
6977,7554,brd-k84636160,-0.14637601,0.0037541026,7
6978,7556,brd-k38803221,-0.14634767,-0.008523327,4
6979,7557,brd-k71265179,-0.14634566,0.09998512,15
6980,7558,brd-k96543798,-0.1463296,-0.027717644,12
6981,7559,brd-k90234489,-0.146325,-0.039560832,4
6982,7560,brd-k81079621,-0.146301,-0.12784357,5
6983,7561,sotalol,-0.14629813,0.013043256,30
6984,7562,brd-k39032190,-0.14627506,-0.03473565,6
6985,7563,brd-k71151012,-0.14625186,-0.031829577,12
6986,7564,brd-k44205194,-0.14624278,-0.0863847,4
6987,7565,brd-k44732214,-0.14624193,-0.0078355195,12
6988,7566,brd-k25989007,-0.14622536,-0.054182954,3
6989,7567,brd-k01528688,-0.14622311,0.0757924,4
6990,7568,azacitidine,-0.14622264,0.05853098,25
6991,7569,brd-k49483184,-0.14621866,0.01579741,5
6992,7570,bix-02188,-0.14620794,-0.004414938,25
6993,7571,brd-k56116682,-0.14620152,0.10933389,4
6994,7572,brd-k80779790,-0.14619905,-0.00989107,12
6995,7573,tropapride,-0.1461872,-0.043085545,6
6996,7574,brd-k47081163,-0.14615412,0.0024422877,7
6997,7575,kf-38789,-0.14614145,0.02117397,19
6998,7576,brd-k02665621,-0.14612389,-0.071558766,12
6999,7577,brd-k19995388,-0.14610443,-0.0009646639,4
7000,7578,brd-k89953543,-0.14609237,0.016893126,6
7001,7580,brd-k73832524,-0.14605798,-0.06577459,4
7002,7581,brd-k03651051,-0.14605789,-0.014114531,5
7003,7582,brd-k50748030,-0.14604716,-0.03043427,10
7004,7584,brd-k85426712,-0.1460404,-0.033470724,5
7005,7585,brd-k71380401,-0.14603163,0.041501522,13
7006,7586,brd-k79797751,-0.14602764,0.057985324,11
7007,7587,brd-k04890734,-0.14601232,-0.026061064,5
7008,7588,brd-k37879871,-0.14600901,-0.052589517,12
7009,7589,brd-k75100604,-0.14599822,-0.108465865,3
7010,7590,brd-k26798591,-0.14597715,0.0065125753,5
7011,7591,sdz-205-557,-0.14591672,0.014100945,19
7012,7592,vu-0366037-2,-0.14591363,-0.006044934,13
7013,7593,hydrocortisone-phosphate,-0.1459062,-0.02368532,15
7014,7594,brd-k82727027,-0.14589481,-0.03016668,7
7015,7595,brd-k71838325,-0.14586043,-0.059499186,5
7016,7596,brd-k81300454,-0.14585997,0.06789189,13
7017,7597,nicorandil,-0.14585975,0.06391914,14
7018,7598,brd-k77953075,-0.14583944,-0.03714032,4
7019,7599,diazepam,-0.1458369,0.0103740385,19
7020,7600,brd-k18096819,-0.14582798,0.032476153,13
7021,7602,brd-k30958256,-0.14581217,-0.04361581,3
7022,7603,brd-k95917977,-0.14579433,0.026481953,4
7023,7604,liothyronine,-0.14579365,-0.043206874,19
7024,7605,brd-k63938928,-0.14578633,0.025029607,19
7025,7606,brd-k37300049,-0.14578548,0.055816196,4
7026,7607,brd-k07727895,-0.14577834,-0.06259395,4
7027,7608,ku-c104142,-0.14576572,0.099062115,13
7028,7609,brd-k07418207,-0.14575793,-0.04245927,3
7029,7610,brd-k05814022,-0.1457521,-0.038999,5
7030,7613,n-methylquipazine,-0.14573158,0.018959189,15
7031,7614,brd-k84890987,-0.14569205,-0.09852004,4
7032,7615,brd-k02290471,-0.14566822,-0.09307647,4
7033,7616,brd-k24112840,-0.1456679,-0.08817372,5
7034,7617,brd-k61284851,-0.14566311,0.014986228,7
7035,7618,brd-k88786596,-0.14566171,0.0021697935,4
7036,7619,brd-k28312904,-0.14564574,-0.018913614,6
7037,7620,brd-k59805090,-0.14564252,-0.025946138,11
7038,7621,brd-k88569143,-0.14563663,0.04553884,17
7039,7623,brd-k14471579,-0.14558682,-0.032573458,5
7040,7624,brd-k78018080,-0.14558317,-0.06481782,12
7041,7625,brd-k05994859,-0.14557591,-0.013200868,5
7042,7626,brd-k54906270,-0.14555761,0.027303955,23
7043,7627,brd-k12382140,-0.1455428,-0.045212578,6
7044,7628,brd-k11468724,-0.14553158,0.044532508,4
7045,7629,brd-k93229693,-0.14551637,-0.012555463,13
7046,7630,brd-k44029733,-0.14551158,-0.0032690726,4
7047,7631,allantoxanamide,-0.14550692,-0.008050625,6
7048,7632,brd-k28452359,-0.14549172,-0.03812848,5
7049,7633,latamoxef,-0.14549096,0.030976517,4
7050,7634,asiatic-acid,-0.1454826,0.03431683,23
7051,7635,ro-04-6790,-0.14547521,0.0661314,23
7052,7636,brd-k52047117,-0.14543721,-0.09900254,4
7053,7637,brd-k43680293,-0.14543675,0.11214412,4
7054,7638,brd-k06555318,-0.14543529,0.004861599,3
7055,7639,brd-k38796873,-0.14542826,-0.0665355,6
7056,7640,brd-k96646082,-0.14541604,-0.044885058,6
7057,7641,brd-k10649245,-0.14541489,0.0054015163,13
7058,7643,brd-k40219191,-0.14539056,-0.03634143,4
7059,7644,brd-k40212960,-0.1453715,0.0034540063,6
7060,7645,brd-k16625384,-0.14534652,-0.016941229,13
7061,7647,brd-k14245765,-0.14533487,0.01560779,5
7062,7648,brd-k92958239,-0.14533323,-0.0003607981,4
7063,7649,brd-k11857988,-0.14531484,-0.041705884,6
7064,7650,brd-k20369357,-0.14527795,-0.1285312,5
7065,7651,cisplatin,-0.14527565,0.047385212,54
7066,7652,brd-k36269259,-0.14526865,0.02199154,6
7067,7653,brd-k42605282,-0.14525884,-0.008852392,5
7068,7654,desmethyl-dasb,-0.1452516,-0.024084052,6
7069,7655,brd-k18891555,-0.14524297,-0.043442372,4
7070,7656,brd-k08293924,-0.14524217,0.0201061,14
7071,7657,brd-k09929530,-0.14524151,-0.064450845,4
7072,7658,brd-k72391864,-0.14523607,-0.109408915,3
7073,7659,brd-k62291994,-0.14522956,-0.0677974,8
7074,7660,5-aminolevulinic-acid,-0.14521815,0.03975509,11
7075,7661,methylergometrine,-0.14520241,0.073170446,37
7076,7663,brd-k30633722,-0.14517993,-0.032619298,14
7077,7664,brd-k28362289,-0.14515787,0.057097837,12
7078,7666,brd-k70901996,-0.1451522,0.0049072765,5
7079,7667,brd-k97101742,-0.14512636,-0.098109,4
7080,7668,brd-k52435112,-0.14511429,-0.12286946,4
7081,7669,brd-k12484748,-0.14511248,0.09510437,4
7082,7670,brd-k41557448,-0.1450796,-0.016413061,11
7083,7671,brd-k76772814,-0.14507508,-0.05411383,12
7084,7673,brd-k55502647,-0.14502163,-0.007783607,15
7085,7674,cay-10618,-0.14501524,-0.0046667815,59
7086,7675,brd-k43073442,-0.14498323,-0.04719792,5
7087,7677,bemegride,-0.14495483,0.011234124,23
7088,7678,brd-k82469533,-0.14495395,-0.06161359,12
7089,7679,brd-k97924168,-0.14491493,-0.073133275,10
7090,7681,brd-k60836534,-0.14490026,-0.052668683,12
7091,7682,hexylcaine,-0.14488737,0.08946013,23
7092,7683,brd-k64701969,-0.1448698,-0.09953152,4
7093,7684,brd-k44638353,-0.14486748,-0.034648623,6
7094,7685,brd-k76243603,-0.1448504,0.10502417,5
7095,7687,l-buthionine-sulfoximine,-0.14483708,0.04285471,54
7096,7688,brd-k56327795,-0.14483029,-0.046019644,6
7097,7689,brd-k74667984,-0.14482544,0.04455619,4
7098,7690,brd-k72072919,-0.14482397,0.07161984,6
7099,7691,brd-k28513938,-0.14480571,0.0017893761,5
7100,7692,brd-k63712590,-0.14474544,0.069882035,12
7101,7694,brd-k39581664,-0.14470673,-0.04015055,6
7102,7695,nabumetone,-0.1447058,-0.040108763,19
7103,7696,brd-k37639981,-0.14470293,-0.015779639,3
7104,7697,brd-k15707609,-0.14469492,-0.10082844,6
7105,7698,brd-k74980345,-0.14468585,-0.006745731,13
7106,7699,brd-k64618192,-0.1446442,-0.051569737,4
7107,7700,brd-k62019457,-0.14462769,-0.008764756,18
7108,7701,brd-k18567420,-0.14462557,0.009157481,4
7109,7702,brd-k67192456,-0.14462501,-0.010956637,6
7110,7704,brd-k73716473,-0.14459306,-0.048839856,5
7111,7705,narciclasine,-0.14458515,0.03542175,90
7112,7706,brd-k22743786,-0.14458223,-0.0663453,3
7113,7707,hydroxyfasudil,-0.14456518,0.016938686,15
7114,7708,equol,-0.14455627,0.011982292,48
7115,7709,sisomicin,-0.14455469,-0.027649647,4
7116,7710,brd-k45695271,-0.14454135,-0.04479589,7
7117,7711,brd-k72061918,-0.1445258,-0.09185736,3
7118,7712,brd-k10006632,-0.14450164,0.027989518,5
7119,7713,brd-k66046647,-0.1444985,0.009183948,5
7120,7714,brd-k53283295,-0.14448233,-0.03869792,6
7121,7715,cvf-sumo-13,-0.14447232,-0.0074611525,18
7122,7716,brd-a79058669,-0.14446849,-0.05319418,6
7123,7717,brd-k74998149,-0.14445157,0.17098299,4
7124,7718,brd-k18377730,-0.14445153,-0.06631935,4
7125,7719,brd-k22324798,-0.14444825,-0.010589913,4
7126,7723,brd-k04237106,-0.14440204,-0.03652033,5
7127,7724,brd-k48005755,-0.14437544,-0.051433247,6
7128,7725,ecopipam,-0.1443745,-0.007273945,19
7129,7726,tyramine,-0.14436634,-0.03101616,6
7130,7727,brd-k24192521,-0.14436121,-0.00195924,6
7131,7728,brd-k44575778,-0.14434202,0.012588272,13
7132,7729,brd-k17203693,-0.14431618,0.00611135,14
7133,7730,brd-k54046891,-0.14430937,-0.11096965,4
7134,7731,gentamicin,-0.14428183,0.2169268,3
7135,7732,kuc103424n,-0.14426295,0.055378366,13
7136,7733,brd-k25776214,-0.14426108,0.0013923085,5
7137,7734,brd-k22447604,-0.14424872,-0.11578505,4
7138,7735,prunetin,-0.14423357,0.08057411,8
7139,7736,nnc-55-0396,-0.14422421,0.06070316,31
7140,7737,brd-k05726929,-0.1442159,-0.05940128,4
7141,7738,brd-k92347680,-0.1441984,-0.05624297,6
7142,7739,brd-k94655951,-0.14417554,-0.093212396,4
7143,7741,brd-k54756845,-0.14413543,0.023045767,6
7144,7742,brd-k71138616,-0.14412673,0.045304853,13
7145,7743,brd-k43349989,-0.14412478,-0.11234808,4
7146,7745,jfd02227,-0.14412032,0.029831354,17
7147,7746,brd-k87166736,-0.14411636,-0.07849548,6
7148,7747,brd-k12411950,-0.14409526,0.03473252,13
7149,7748,olvanil,-0.14408945,0.08837483,19
7150,7749,brd-k75852825,-0.14408313,-0.02858093,5
7151,7750,brd-k24351638,-0.14407179,-0.017636873,5
7152,7751,sa-1457336,-0.1440618,0.02492451,15
7153,7752,brd-k03669312,-0.14405032,0.0834558,7
7154,7753,brd-k76574148,-0.14402014,0.036972657,4
7155,7755,anastrozole,-0.14399433,-0.0073325615,17
7156,7756,brd-k87125912,-0.14399403,0.030014476,12
7157,7758,brd-k18767302,-0.14396742,-0.04958241,4
7158,7759,brd-k44204702,-0.14396444,0.055059366,3
7159,7760,limonin,-0.1439527,-0.00047302907,19
7160,7762,brd-k35202752,-0.14392309,-0.017074222,5
7161,7764,brd-k32307229,-0.14391671,0.07868748,22
7162,7765,brd-k17288883,-0.14390807,0.044841077,6
7163,7766,jas07-002,-0.14389403,0.06728378,13
7164,7767,brd-k63828515,-0.1438649,0.026669541,13
7165,7768,brd-k79998087,-0.14383237,-0.019676916,3
7166,7769,brd-k12483497,-0.14382847,-0.09870237,4
7167,7770,brd-k21658057,-0.14382364,-0.05021848,7
7168,7771,brd-a88878656,-0.14381653,-0.015451219,13
7169,7772,brd-k99128867,-0.14380783,-0.09821497,4
7170,7773,brd-k27887926,-0.14380778,-0.02998948,5
7171,7774,brd-k64665684,-0.14378758,0.023121089,8
7172,7775,brd-k71073890,-0.14377335,0.03598386,3
7173,7776,brd-k02847640,-0.14375186,0.0033351546,4
7174,7777,biotin,-0.1437373,0.018600034,23
7175,7778,brd-k70415218,-0.14372909,-0.0076892762,15
7176,7779,brd-k37551767,-0.14372548,0.019377965,4
7177,7780,brd-k40521754,-0.14371638,-0.07118059,5
7178,7781,brd-k62659735,-0.1437163,0.06223958,13
7179,7782,brd-k90916892,-0.14368354,-0.13172792,3
7180,7783,brd-k05204496,-0.14368102,-0.06116932,4
7181,7785,brd-a81377415,-0.14365096,0.08525674,12
7182,7787,brd-k81904610,-0.14363644,-0.070996106,6
7183,7788,bg-1007,-0.14363511,-0.029763516,6
7184,7791,ym-90709,-0.1435974,0.0477663,23
7185,7792,brd-k64751731,-0.1435819,-0.07916864,5
7186,7793,alfaxalone,-0.14357905,-0.007569201,19
7187,7794,brd-k38024502,-0.14354515,0.04591652,12
7188,7795,brd-k30282337,-0.14354429,0.027331473,5
7189,7797,brd-k20099363,-0.14352466,-0.04817262,12
7190,7798,brd-k84567604,-0.1435096,-0.055911116,5
7191,7799,brd-k38542964,-0.14350875,-0.009631822,4
7192,7800,chlorambucil,-0.14350086,0.04594366,41
7193,7801,brd-k50846154,-0.14349797,0.015855728,7
7194,7802,brd-k29957577,-0.14348386,-0.07667073,4
7195,7804,brd-k83007718,-0.14348331,0.02877277,4
7196,7805,brd-k74189021,-0.1434754,-0.038878895,13
7197,7806,brd-k24665987,-0.14347358,0.018349133,15
7198,7807,brd-k96352830,-0.14345968,-0.04736441,6
7199,7808,brd-k62466453,-0.14345469,-0.030937891,12
7200,7809,acetohexamide,-0.14344911,-0.013933521,3
7201,7810,brd-k37021324,-0.14344531,0.02208068,13
7202,7811,brd-k18976419,-0.1434065,-0.018138707,6
7203,7812,brd-k37249103,-0.14339404,-0.09401719,5
7204,7813,brd-k26391060,-0.14338449,-0.06468306,4
7205,7814,dehydrocholic-acid,-0.14338414,0.046529725,16
7206,7815,brd-k34898990,-0.14337246,-0.05029309,6
7207,7816,brd-k18294324,-0.14335488,-0.026924882,6
7208,7818,brd-k79652816,-0.143342,-0.09729807,4
7209,7820,brd-k66729212,-0.14331698,0.12681442,4
7210,7821,brd-k13077924,-0.14328878,0.012559714,28
7211,7822,brd-k01568615,-0.14327185,-0.043588355,5
7212,7823,brd-k54805796,-0.14326102,-0.009495131,9
7213,7826,at-csc-18,-0.14324144,-0.015891355,12
7214,7827,brd-k23781896,-0.143241,-0.0276042,6
7215,7828,brd-k57027181,-0.14323393,-0.05397866,4
7216,7829,brd-k19729667,-0.14322971,-0.047084533,4
7217,7830,brd-k99958302,-0.14320923,0.0389472,7
7218,7831,brd-k69003436,-0.14320695,0.012620781,17
7219,7832,brd-k27398156,-0.14318892,-0.057942152,5
7220,7833,fisetinidol,-0.14318259,-0.020859078,15
7221,7834,brd-k97910278,-0.1431808,-0.014975353,4
7222,7835,brd-k81666293,-0.14317739,-0.05698043,4
7223,7836,brd-k57339160,-0.1431743,0.012717593,3
7224,7838,brd-k38842489,-0.14313538,-0.0030830759,5
7225,7839,brd-k48863671,-0.14312087,-0.00031769648,6
7226,7840,brd-k59633395,-0.14311695,-0.08353692,11
7227,7841,brd-k90410459,-0.1430968,0.018417872,6
7228,7842,ciclopirox,-0.14308791,-0.047739964,4
7229,7844,brd-k09542523,-0.14303288,-0.016865902,7
7230,7846,brd-k16318272,-0.14299949,-0.061223444,5
7231,7847,brd-k82096551,-0.14299482,-0.075297944,11
7232,7848,brd-k06187854,-0.14296712,-0.12503806,6
7233,7849,brd-k41761456,-0.14296474,-0.052939728,6
7234,7850,brd-k57166447,-0.14296119,-0.057589944,11
7235,7851,brd-k74192638,-0.14295986,0.0068838205,4
7236,7852,brd-k56366698,-0.14295213,0.01851667,5
7237,7853,brd-a82197375,-0.14294203,0.072621316,13
7238,7854,assinex_d328,-0.14292632,-0.053331044,8
7239,7855,brd-k01425431,-0.14291796,-0.055767313,7
7240,7856,brd-k15882173,-0.14290616,-0.09651704,5
7241,7857,brd-k48566675,-0.14290553,-0.09042846,5
7242,7858,brd-k28615450,-0.1429001,0.06538509,4
7243,7859,brd-k29033329,-0.14289697,-0.0838793,4
7244,7860,brd-k42951169,-0.14288811,-0.030641321,4
7245,7861,brd-k15524596,-0.14287636,0.0362773,12
7246,7862,aminohippuric-acid,-0.1428697,-0.034410626,4
7247,7863,brd-k55878534,-0.14285733,0.0305174,12
7248,7866,brd-k80879725,-0.14282481,-0.070052534,3
7249,7867,brd-k88092133,-0.14281541,-0.09864459,4
7250,7868,cgp-57380,-0.14280847,0.083703235,31
7251,7869,brd-k59253994,-0.14279354,0.048061848,12
7252,7870,brd-k97466946,-0.142779,0.1238821,4
7253,7872,brd-k44511222,-0.14270683,-0.028581668,4
7254,7873,brd-k43774268,-0.14270116,0.056115165,6
7255,7874,brd-a89067742,-0.14270088,0.051269487,18
7256,7875,brd-k73315009,-0.14268632,-0.04250237,13
7257,7876,brd-k89009594,-0.1426807,0.0206346,15
7258,7877,brd-k53187535,-0.14265941,0.041958425,7
7259,7878,brd-k97277752,-0.1426462,-0.09856331,4
7260,7879,brd-k44341698,-0.14263715,0.08443018,4
7261,7880,brd-k59939374,-0.14263019,-0.07217487,18
7262,7881,flumequine,-0.14262508,-0.026248641,3
7263,7882,brd-k42678365,-0.1426227,-0.03430952,4
7264,7884,brd-k12826563,-0.14261983,0.07535042,4
7265,7885,brd-k96103953,-0.14260162,-0.13066925,3
7266,7886,brd-k07760433,-0.14256538,-0.04860584,6
7267,7888,brd-k57443339,-0.14255105,0.018523173,13
7268,7889,brd-k92707657,-0.14252892,0.03597276,6
7269,7890,rs-39604,-0.14252432,0.01760747,23
7270,7891,emd-66684,-0.14252383,0.059058826,19
7271,7892,brd-k85237791,-0.14252096,-0.002748894,6
7272,7893,brd-k44715408,-0.14250754,0.08648687,5
7273,7895,brd-k86110682,-0.14250226,-0.018945824,17
7274,7897,brd-k65655554,-0.14249976,-0.01518422,5
7275,7898,brd-k18067885,-0.14245872,-0.043467447,6
7276,7899,spectinomycin,-0.14245766,-0.0015001259,15
7277,7900,brd-k81311598,-0.14245594,0.040782724,7
7278,7901,brd-k55767217,-0.14245124,0.00063671323,3
7279,7903,brd-k25566775,-0.14242783,-0.078361504,4
7280,7904,brd-k56068611,-0.14242321,-0.036760066,3
7281,7905,metronidazole,-0.1424187,0.08279931,11
7282,7906,brd-k08008963,-0.14240745,-0.063421145,5
7283,7907,brd-k10833576,-0.14240493,-0.015757238,13
7284,7908,brd-k02636305,-0.14240453,-0.043271743,3
7285,7909,brd-k26626929,-0.14238997,0.08344502,11
7286,7910,brd-k14171663,-0.1423649,0.014170772,13
7287,7911,brd-k36354764,-0.14233351,-0.043537356,13
7288,7912,st-014147,-0.14232634,0.08455578,13
7289,7913,cirazoline,-0.14231095,-0.004831172,19
7290,7917,brd-k54323133,-0.14229134,-0.060027678,6
7291,7918,brd-k28117690,-0.14227177,0.106566295,6
7292,7919,brd-k53619921,-0.14226483,-0.0029938482,4
7293,7920,brd-k95196255,-0.14225996,-0.00065490097,15
7294,7921,brd-k36424197,-0.1422183,-0.048678134,4
7295,7922,brd-k34351329,-0.14221735,0.009609103,4
7296,7923,brd-k70495648,-0.14221282,0.04043285,7
7297,7924,brd-k73838803,-0.14221089,0.027385732,5
7298,7926,brd-k85433055,-0.14217731,-0.009537559,4
7299,7927,brd-k88361133,-0.14216954,0.0028356127,4
7300,7928,brd-k37752193,-0.14215827,-0.016614681,4
7301,7930,brd-k15525241,-0.14212699,-0.08590862,4
7302,7931,brd-k03954795,-0.14211866,0.013060323,15
7303,7932,brd-k46241566,-0.14209834,-0.005882859,4
7304,7933,brd-k51626376,-0.14209388,-0.033018563,4
7305,7934,brd-k55331619,-0.14209126,-0.12872735,4
7306,7935,brd-k84195635,-0.14207456,0.054924518,6
7307,7937,brd-k62153980,-0.14205873,0.030342825,5
7308,7938,nerol,-0.14205629,-0.07433039,3
7309,7940,brd-k40034561,-0.14204378,-0.007845973,6
7310,7941,brd-k00935206,-0.14203511,-0.078166865,4
7311,7942,brd-k41763112,-0.14203444,0.036206402,6
7312,7943,brd-k54730162,-0.14202762,-0.027765797,7
7313,7944,brd-k89843224,-0.14202084,0.070230454,17
7314,7945,cardamonin,-0.14200972,-0.029448181,6
7315,7946,brd-k11181277,-0.14200464,0.054341707,17
7316,7947,brd-k59744203,-0.14200409,-0.103407554,5
7317,7949,brd-k83322422,-0.1419782,-0.0051751416,4
7318,7950,brd-k82492171,-0.14196168,-0.021642096,17
7319,7951,brd-k66586010,-0.14192106,0.004809698,7
7320,7953,brd-k37766746,-0.14190765,-0.02872329,5
7321,7954,brd-k91461129,-0.14190146,0.016479636,12
7322,7956,brd-k30463976,-0.14188987,0.03922616,13
7323,7957,brd-k22587354,-0.1418887,-0.036306374,48
7324,7958,brd-k40973428,-0.14188325,-0.04261125,7
7325,7959,brd-k45156967,-0.14187044,0.006963902,4
7326,7960,brd-k08781018,-0.14186703,-0.04139062,4
7327,7961,acenocoumarol,-0.14186598,0.09602371,4
7328,7962,brd-k13005651,-0.141855,0.15442213,6
7329,7963,brd-k16026651,-0.14183965,-0.06411322,4
7330,7964,brd-k35307739,-0.1417984,-0.04849375,5
7331,7965,brd-k01284917,-0.14179061,0.004087949,3
7332,7966,brd-k78388870,-0.1417848,0.009363617,13
7333,7968,brd-k26772093,-0.1417323,9.994878e-05,5
7334,7969,brd-k08520424,-0.14172448,-0.06023536,6
7335,7971,brd-k02577117,-0.14170422,-0.081232466,3
7336,7972,brd-k50799972,-0.141702,-0.0350871,5
7337,7973,brd-k68756928,-0.14169973,-0.039702304,5
7338,7974,brd-k32910761,-0.14168736,-0.016487068,6
7339,7975,brd-a75769921,-0.14168483,-0.018442608,6
7340,7976,brd-k92038420,-0.1416829,-0.06570625,10
7341,7977,brd-k06311439,-0.14167531,-0.028013546,17
7342,7978,brd-k25522720,-0.14166366,-0.043612566,15
7343,7980,bg-1014,-0.14165585,-0.043384805,6
7344,7981,brd-k67742177,-0.14163753,0.08294203,13
7345,7982,5-hydroxytryptophan,-0.14162104,0.0072834254,6
7346,7983,brd-k58846134,-0.1416124,0.10742631,12
7347,7984,brd-k70003473,-0.14158446,0.091848455,4
7348,7985,brd-k74446951,-0.1415118,0.030281024,13
7349,7986,brd-k52184420,-0.14150622,0.097871765,4
7350,7987,brd-k40064462,-0.14149818,-0.051072877,11
7351,7988,avrainvillamide-analog-2,-0.14148735,0.050448336,44
7352,7989,cgp-53353,-0.14147593,0.015951952,31
7353,7990,sa-440968,-0.1414733,0.0018492946,8
7354,7991,brd-k50058777,-0.14147231,-0.08092069,7
7355,7992,brd-k93584503,-0.14146383,-0.023383826,4
7356,7993,brd-k29110787,-0.14144665,-0.020525742,6
7357,7994,brd-k91913968,-0.14141655,0.098140255,12
7358,7997,brd-k48035058,-0.14135447,-0.07786396,7
7359,7998,brd-k82814298,-0.14134313,0.016039224,4
7360,7999,brd-k47170156,-0.14133121,-0.122179635,4
7361,8000,brd-k81441552,-0.14130424,0.03801422,17
7362,8001,brd-k90805324,-0.14129817,-0.053323917,4
7363,8003,brd-k35306330,-0.14125544,-0.07884076,5
7364,8004,brd-k26727724,-0.14125004,-0.0690088,3
7365,8005,brd-k98850601,-0.14123552,-0.0010824739,12
7366,8006,brd-k86781204,-0.14122368,-0.11534512,5
7367,8007,brd-k78830924,-0.14120932,-0.07478296,4
7368,8008,brd-k30640165,-0.14118056,-0.025076997,17
7369,8009,ku-c104250,-0.14115417,0.09252514,13
7370,8010,vidarabine,-0.14114797,0.0121413665,15
7371,8011,brd-k73674426,-0.14111575,-0.031938795,7
7372,8012,gp-2a,-0.14111125,-0.00026747867,19
7373,8013,brd-k25348850,-0.14110342,-0.13527113,3
7374,8014,brd-k82462389,-0.14109583,-0.004963011,11
7375,8015,skatole,-0.1410891,0.078657694,19
7376,8017,brd-k14345135,-0.1410582,-0.064408496,3
7377,8018,brd-k23488072,-0.14104897,0.048010305,12
7378,8019,brd-k86149906,-0.1410456,0.020488482,12
7379,8020,brd-k61465460,-0.1410444,-0.052093178,6
7380,8021,brd-k86728331,-0.14102367,0.04997982,6
7381,8022,brd-k35743871,-0.14099759,-0.01614986,5
7382,8023,brd-k30820123,-0.140997,0.006986817,3
7383,8024,brd-k66533845,-0.140988,-0.038281873,3
7384,8025,brd-k43820987,-0.14096561,0.03722631,4
7385,8026,mannitol,-0.14095774,0.050779708,3
7386,8027,brd-k01977318,-0.1409335,0.0006389721,3
7387,8028,vu-0418947-2,-0.14093041,-0.013456531,12
7388,8029,brd-k45955794,-0.14090523,0.031388212,5
7389,8031,brd-k08240821,-0.14088826,-0.043371826,4
7390,8033,brd-k21095834,-0.14087065,-0.023076829,5
7391,8034,brd-k14628187,-0.14086848,-0.0018959902,4
7392,8035,brd-k07381195,-0.14086351,0.06275852,10
7393,8036,brd-k61181530,-0.14084782,-0.011804482,5
7394,8037,vu-0402605,-0.14083204,-0.041260783,13
7395,8038,brd-k96933023,-0.14082548,-0.0636405,6
7396,8039,brd-k26962314,-0.14081891,0.0020298746,6
7397,8040,st-4029487,-0.1408129,0.016592523,17
7398,8041,brd-k30523950,-0.14079742,0.08758131,13
7399,8043,oxandrolone,-0.14078802,-0.03293166,3
7400,8044,skf-86002,-0.14077011,0.006042123,19
7401,8045,brd-k68201904,-0.14076497,-0.10287437,4
7402,8047,brd-k49595590,-0.14075337,-0.04935253,4
7403,8048,brd-k33380066,-0.14074956,0.0074446523,5
7404,8049,brd-k70260503,-0.14073461,-0.09112404,5
7405,8050,brd-k66555411,-0.14073257,0.02607825,13
7406,8051,ku-c104227,-0.14073214,0.049285952,13
7407,8052,brd-k10578850,-0.14072534,-0.026188903,4
7408,8053,6-nitronorepinephrine,-0.140711,-0.06793128,6
7409,8054,brd-k70653194,-0.14070995,-0.11431692,4
7410,8055,brd-k03552198,-0.14060192,0.013034316,15
7411,8056,ku-c104122,-0.14058325,-0.023376143,13
7412,8057,brd-k72615639,-0.14058176,0.025487334,17
7413,8058,brd-k74868206,-0.14052628,0.1355061,8
7414,8059,brd-k60004464,-0.14051482,0.022348816,5
7415,8060,brd-k50157880,-0.14051129,-0.05736738,6
7416,8061,brd-k17508599,-0.1405065,0.052042395,3
7417,8062,ehpg-piperazine,-0.14048918,-0.12039231,6
7418,8063,brd-k42132006,-0.14042139,-0.11739847,5
7419,8064,garcinol,-0.14041848,-0.09856543,6
7420,8065,ml-9,-0.14039709,0.0142007405,15
7421,8066,brd-k18234030,-0.14038433,-0.060212456,4
7422,8067,brd-k20139170,-0.14036208,-0.058184482,6
7423,8068,ly-225910,-0.14035323,0.04178551,19
7424,8069,acetamide,-0.14034504,-0.003406082,3
7425,8070,brd-k80457386,-0.14033008,-0.09362706,4
7426,8072,bg-1016,-0.14029981,0.04449698,6
7427,8073,brd-k70714754,-0.14029972,0.0019657575,13
7428,8074,brd-k69936629,-0.14029586,-0.06756688,4
7429,8075,brd-k00366212,-0.14029373,0.06198898,12
7430,8076,brd-k69510236,-0.14028746,-0.063051656,3
7431,8077,brd-k10939925,-0.1402817,-0.07000613,6
7432,8078,brd-k68504618,-0.14027655,0.0113300765,9
7433,8080,brd-k10839108,-0.14024265,-0.085766725,6
7434,8081,brd-k67733357,-0.14021815,-0.08434044,5
7435,8082,adenosine-phosphate,-0.14021204,-0.09075683,3
7436,8084,brd-k93157782,-0.14020105,-0.031297613,5
7437,8085,am-92016,-0.14019883,0.037757505,19
7438,8086,kuc104547n,-0.14018582,0.0018306753,13
7439,8087,cb7950998,-0.14017448,-0.061660673,3
7440,8088,brd-k98062050,-0.14016634,0.05290913,12
7441,8089,brd-k57579117,-0.14016269,-0.004674455,6
7442,8090,brd-k38986089,-0.1401596,-0.002107732,6
7443,8091,brd-k48593692,-0.14008963,-0.07285945,4
7444,8092,brd-k39151050,-0.1400859,0.0073307836,4
7445,8093,brd-k25835363,-0.14008279,0.033497535,6
7446,8094,brd-k36203049,-0.14006709,-0.019405715,3
7447,8095,brd-k95204731,-0.14005649,-0.0045279367,4
7448,8096,brd-k88488723,-0.14004971,-0.041887794,6
7449,8097,brd-k81646882,-0.14004071,0.030103255,11
7450,8098,brd-k43862194,-0.14003004,-0.05581808,4
7451,8099,brd-k98529175,-0.13999991,-0.07123259,3
7452,8100,brd-k16370162,-0.13999839,-0.06726779,4
7453,8101,brd-k35158088,-0.1399591,-0.056864176,7
7454,8102,brd-k73548235,-0.1399532,-0.03153946,5
7455,8103,brd-k51759637,-0.1399526,-0.10210304,7
7456,8106,brd-k01348631,-0.1399395,0.09756358,4
7457,8108,brd-k76103428,-0.13992025,0.057429872,11
7458,8109,brd-k94217081,-0.13991621,0.04604988,5
7459,8110,brd-k96612763,-0.13991253,-0.043193776,4
7460,8111,vu-0415533-1,-0.13988952,-0.017436313,13
7461,8112,brd-k18183699,-0.1398495,0.016584503,4
7462,8113,brd-k79998171,-0.13984047,-0.02713834,3
7463,8114,brd-k70647219,-0.13981397,0.05510269,7
7464,8115,brd-k18573821,-0.13981107,-0.029461559,6
7465,8116,zk-164015,-0.1398099,0.019971373,19
7466,8117,brd-k71038516,-0.13980182,-0.10099497,5
7467,8119,brd-k99530743,-0.13979037,-0.009112498,12
7468,8122,avrainvillamide-analog-1,-0.1397738,0.021650665,48
7469,8123,brd-k54839171,-0.13976328,-0.019897996,5
7470,8125,ethoprop,-0.13971217,-0.0033948463,15
7471,8126,sb-205384,-0.1396939,0.01701059,19
7472,8128,brd-k45230579,-0.13964686,-0.039652288,13
7473,8130,brd-k78542975,-0.13962123,-0.053206556,4
7474,8131,brd-k33680967,-0.13962093,0.11170508,12
7475,8132,brd-k84091085,-0.13959724,0.08802447,13
7476,8133,brd-k60895275,-0.13958427,0.00093124347,11
7477,8134,farnesylpyrophosphate,-0.13957724,-0.0074859383,6
7478,8135,brd-k20013327,-0.13955185,-0.13009286,3
7479,8136,epicatechin-gallate-(-),-0.13954614,0.07881929,23
7480,8137,brd-k88099061,-0.13954446,-0.023255853,5
7481,8139,brd-k08317416,-0.13952622,0.009403273,17
7482,8140,levisoprenaline,-0.13951237,-0.098892406,4
7483,8141,brd-k17628612,-0.13950253,0.018322041,17
7484,8142,brd-k47731572,-0.13949922,0.0335818,17
7485,8144,brd-k78699095,-0.13948148,-0.1290679,3
7486,8145,benzanthrone,-0.13947953,-0.039200082,8
7487,8147,mefexamide,-0.13943426,0.027724823,22
7488,8148,brd-k14096157,-0.13943097,-0.0347887,6
7489,8149,brd-k16051505,-0.13942231,-0.02399181,17
7490,8150,sulfadoxine,-0.13941893,0.03310196,4
7491,8152,brd-k27481961,-0.13940427,-0.006135007,5
7492,8153,stk-661558,-0.13938965,-0.00010920665,30
7493,8155,brd-k82276852,-0.1393488,0.009020563,5
7494,8156,bergenin,-0.13934381,0.020434435,15
7495,8157,brd-k15695045,-0.13934258,0.074389264,3
7496,8159,brd-k83121797,-0.13933392,-0.13200586,3
7497,8160,brd-k09641113,-0.13932905,0.089711085,6
7498,8161,leoidin,-0.13931885,0.05361035,19
7499,8162,beclomethasone-dipropionate,-0.13925533,0.0054159365,30
7500,8163,brd-k79657514,-0.13924854,0.0010869647,18
7501,8164,brd-k60391168,-0.13924633,0.08682279,12
7502,8167,brd-k86011921,-0.13921644,-0.06773189,4
7503,8168,brd-k27732957,-0.13921642,0.023461698,6
7504,8169,brd-k79080366,-0.13919128,-0.068191454,6
7505,8170,brd-k67258928,-0.1391844,-0.0072534457,4
7506,8171,brd-k09701578,-0.13915929,-0.010411696,18
7507,8172,pitavastatin,-0.13915779,0.15719339,13
7508,8173,brd-k40454949,-0.13915503,0.011626717,6
7509,8174,brd-k26968982,-0.13915412,-0.061579593,4
7510,8175,brd-k11615943,-0.1391258,-0.11819957,5
7511,8176,brd-k54260596,-0.13912107,0.0047332547,5
7512,8177,brd-k35577141,-0.1391011,-0.048164614,4
7513,8178,brd-k84276102,-0.13909346,-0.05048887,5
7514,8179,brd-k05961870,-0.13907646,-0.055268764,5
7515,8180,paracetamol,-0.13907395,-0.07979496,4
7516,8181,oleanolic-acid,-0.13907087,-0.058010325,8
7517,8182,brd-k10804522,-0.13906217,-0.112866096,5
7518,8184,brd-k27452198,-0.13905017,-0.017306421,11
7519,8185,brd-k35613686,-0.13904959,-0.041653167,5
7520,8186,brd-k32735617,-0.13904527,0.002656888,6
7521,8187,brd-k25536815,-0.13904135,-0.05721496,12
7522,8188,brd-k14048378,-0.13902952,-0.060125142,15
7523,8189,brd-k93036747,-0.13900025,-0.057618286,5
7524,8190,brd-k68185250,-0.13899939,-0.11264624,4
7525,8191,brd-k30536692,-0.13899474,0.02449977,13
7526,8192,brd-k64694541,-0.13898213,-0.06905534,6
7527,8193,brd-k67661368,-0.1389673,-0.0073454464,4
7528,8194,brd-k84391460,-0.13895182,-0.042582225,4
7529,8196,cay-10578,-0.13892657,0.017692968,17
7530,8197,urapidil,-0.13892558,0.066223904,15
7531,8198,brd-k75418563,-0.1389248,-0.051548123,14
7532,8199,esomeprazole,-0.13892044,-0.045130804,11
7533,8201,dm-55-3,-0.13891773,-0.02072236,12
7534,8202,brd-k76369294,-0.13891758,-0.054189604,7
7535,8203,apicidin,-0.13890302,0.05426759,93
7536,8204,brd-k42541148,-0.13888656,-0.03050173,18
7537,8206,brd-k46709181,-0.13887939,-0.012374274,4
7538,8207,brd-k63181962,-0.13884026,0.006817935,15
7539,8209,brd-k51911655,-0.13882114,0.008002647,7
7540,8210,ql-xii-47,-0.1388052,0.05146577,65
7541,8211,brd-k66944475,-0.13880414,-0.021665141,3
7542,8215,brd-k76595177,-0.13875078,-0.056402974,13
7543,8216,brd-k78957196,-0.13874242,-0.027241495,5
7544,8217,st-208960,-0.13869971,0.0146619985,17
7545,8218,bntx,-0.13869217,-0.025263645,14
7546,8219,phenazone,-0.13869049,0.007058803,49
7547,8220,brd-k50005301,-0.13868633,-0.1316514,3
7548,8221,brd-k44413293,-0.13866247,-0.13190788,5
7549,8222,brd-k58719691,-0.13861755,-0.012784152,4
7550,8223,brd-k77943850,-0.13860926,0.047112092,4
7551,8225,bapta-am,-0.13856699,-0.012563313,19
7552,8226,brd-k12401458,-0.13854052,0.06894581,12
7553,8227,l-732138,-0.13852824,-0.0024955578,19
7554,8228,brd-k55204560,-0.1385207,-0.023603301,5
7555,8229,staurosporine,-0.13851209,0.173812,75
7556,8230,brd-k32111336,-0.13848977,0.04792671,18
7557,8231,brd-k56950192,-0.13847362,0.028678257,6
7558,8232,zm-306416,-0.13845365,0.023361417,19
7559,8233,brd-k44011183,-0.1384434,-0.100674324,3
7560,8234,thiocolchicoside,-0.13843995,0.029394627,22
7561,8235,brd-k90849765,-0.1384235,-0.015059743,17
7562,8236,sc-9,-0.13841265,-0.0254199,19
7563,8237,brd-k03935278,-0.13839301,0.0080893515,4
7564,8238,brd-k72505722,-0.13838051,0.029806925,6
7565,8239,brd-k70727050,-0.13836995,-0.06882253,5
7566,8240,brd-k96194602,-0.13836499,0.08183659,4
7567,8241,brd-k29648963,-0.1383637,-0.02756933,6
7568,8242,brd-k54431311,-0.13834904,-0.033609137,4
7569,8243,brd-k86843304,-0.13832018,-0.098723486,6
7570,8244,brd-k54350452,-0.13831925,0.034748986,6
7571,8245,brd-k95823739,-0.13830805,0.03503722,4
7572,8246,bg-1011,-0.1383028,0.020988103,6
7573,8248,brd-k07852637,-0.13825513,-0.045190226,6
7574,8249,l-741742,-0.13824078,0.05054824,15
7575,8251,brd-k71718338,-0.13820764,-0.031466376,6
7576,8252,brd-k70900504,-0.13819349,0.022737067,12
7577,8254,brd-k68279832,-0.13813213,-0.02388376,6
7578,8256,brd-k48918097,-0.13806406,-0.051390044,5
7579,8257,brd-k93996655,-0.13805947,-0.019984681,3
7580,8258,brd-k13000360,-0.13805899,-0.093775585,4
7581,8259,pre-084,-0.13804363,0.024550011,23
7582,8260,brd-k25164076,-0.13804278,-0.043112144,12
7583,8261,brd-k31998493,-0.1380168,-0.012503027,7
7584,8263,brd-m45544666,-0.1380098,-0.07478406,6
7585,8264,psh-024,-0.13800319,0.039752733,15
7586,8265,maprotiline,-0.13800253,0.040908128,48
7587,8267,brd-k52460145,-0.1379526,-0.08121383,4
7588,8268,bas-02859604,-0.13795075,-0.038508877,17
7589,8269,brd-k32882027,-0.13793848,0.035290062,4
7590,8270,brd-k56962853,-0.13791409,-0.08937296,4
7591,8271,brd-k78486523,-0.13790637,0.12312839,5
7592,8272,brd-k25991572,-0.13788061,-0.044767555,6
7593,8273,brd-k13842623,-0.13786957,0.04248902,15
7594,8274,brd-k51377689,-0.13785724,-0.02027075,13
7595,8275,brd-k56024573,-0.13785264,0.020286199,13
7596,8276,misoprostol,-0.13782682,-0.022460036,4
7597,8277,brd-k90329522,-0.13779272,-0.020864718,6
7598,8278,brd-k29243968,-0.13777427,-0.012094579,5
7599,8279,brd-k81752795,-0.13777213,-0.06809632,6
7600,8280,brd-k10562742,-0.13775708,0.034735017,4
7601,8282,brd-k91663486,-0.13774976,-0.00011606747,12
7602,8283,brd-k24562909,-0.137719,-0.059002794,3
7603,8284,brd-k24127443,-0.13770428,-0.07329069,13
7604,8285,brd-k80058284,-0.13770412,0.007923324,14
7605,8287,brd-k51930253,-0.13766977,0.04634552,5
7606,8288,butoconazole,-0.13766243,-0.015850786,19
7607,8289,brd-k27788917,-0.13762645,-0.06301562,3
7608,8290,anthothecol,-0.1376238,-0.060598277,11
7609,8291,brd-k81261525,-0.1376073,-0.065318026,4
7610,8293,brd-k89491100,-0.13757572,-0.008008115,4
7611,8294,brd-k34607017,-0.13755411,-0.051917087,5
7612,8295,brd-k16910145,-0.13755149,-0.004965,6
7613,8297,brd-k69496360,-0.13751203,0.06944699,17
7614,8298,brd-k91424547,-0.13749835,0.06753823,7
7615,8299,brd-k30298702,-0.13748956,-0.046639998,5
7616,8300,brd-k92313046,-0.13742873,0.020574298,6
7617,8301,brd-k92912836,-0.13742499,-0.041387167,5
7618,8302,brd-k19868817,-0.13738637,-0.04076427,5
7619,8303,glycocholic-acid,-0.13737935,0.03739755,29
7620,8304,brd-k32321439,-0.13737729,0.041810162,17
7621,8305,sa-1456576,-0.13734986,0.076935366,8
7622,8306,brd-k33685212,-0.1373463,-0.03656881,5
7623,8308,iopamidol,-0.13729477,-0.01927114,4
7624,8309,cgp-52411,-0.13726634,0.06503113,18
7625,8310,brd-k54247306,-0.13725668,0.029873306,11
7626,8311,brd-k49988102,-0.13724943,-0.04392481,6
7627,8312,brd-k47366586,-0.13724893,-0.016196692,4
7628,8313,brd-k00403046,-0.13723731,0.04661515,3
7629,8314,eprosartan,-0.13720505,0.090612456,11
7630,8315,brd-k48673964,-0.1372002,-0.0014889165,13
7631,8317,tremulacin,-0.13716562,0.06443348,13
7632,8318,brd-k28154645,-0.13713105,-0.0056305937,13
7633,8319,brd-k81210389,-0.13712509,-0.03890021,10
7634,8321,brd-k27161555,-0.13711762,-0.016394278,7
7635,8322,nnc-711,-0.13709357,0.022287482,19
7636,8324,brd-k18772134,-0.13707183,-0.030018749,3
7637,8325,brd-k90915722,-0.13705198,-0.038860552,4
7638,8326,nk26-i-41-1,-0.13703054,-0.00068548997,17
7639,8327,brd-k29311288,-0.13702516,-0.11944947,5
7640,8329,brd-k34231896,-0.13701399,0.107378274,5
7641,8330,brd-k46734661,-0.13698296,-0.05879468,6
7642,8331,brd-k55345900,-0.13694413,0.017602572,6
7643,8332,brd-k52913754,-0.13693134,-0.06533919,3
7644,8333,brd-k17446297,-0.13693011,-0.06217234,5
7645,8335,brd-k53406626,-0.13692957,-0.036095183,4
7646,8336,brd-k46746423,-0.13690184,0.07938959,6
7647,8337,sd-6-035-b4,-0.13689768,0.0014340448,20
7648,8338,brd-k65309966,-0.13689616,-0.0005871453,5
7649,8339,brd-k68200852,-0.13689248,0.030387044,5
7650,8340,brd-k13983359,-0.1368844,-0.05156055,4
7651,8343,sa-1459008,-0.13684703,0.05152689,22
7652,8344,brd-k31485493,-0.13684312,-0.01802168,7
7653,8345,brd-k09069264,-0.13680245,0.054930698,10
7654,8346,amfepramone,-0.13679467,-0.057051852,3
7655,8347,brd-k88281008,-0.13676298,-0.016791655,6
7656,8348,brd-k05677905,-0.13675635,0.008749142,13
7657,8349,brd-k31566137,-0.13675123,-0.02456608,7
7658,8350,brd-k28004127,-0.13671802,0.038378317,4
7659,8351,brd-a02747686,-0.1367085,0.01557819,15
7660,8353,hydroxyzine,-0.13670059,0.025015611,3
7661,8354,brd-k07666543,-0.13668074,0.05617372,14
7662,8355,brd-k03262953,-0.1366687,-0.03500429,7
7663,8356,brd-k31103241,-0.13666867,0.013073953,5
7664,8357,brd-k45543414,-0.13665862,0.019435223,6
7665,8358,brd-k58745468,-0.13663396,-0.10079679,6
7666,8359,brd-k12683703,-0.13662669,-0.022187857,13
7667,8360,biib-021,-0.13660775,0.04973145,17
7668,8361,sa-441487,-0.13659954,0.07291211,8
7669,8362,brd-k19108281,-0.13658038,-0.09205151,4
7670,8363,nimetazepam,-0.1365757,-0.034049127,11
7671,8364,brd-k06718821,-0.13655166,-0.045178246,12
7672,8365,brd-k71353154,-0.13655087,-0.052613,6
7673,8366,brd-k59937136,-0.1365427,0.026428388,5
7674,8368,brd-k55996963,-0.13651484,-0.035916485,17
7675,8369,brd-k78449133,-0.13649464,-0.06467301,6
7676,8371,brd-k60027289,-0.1364862,0.03962028,6
7677,8374,brd-k50160200,-0.13642916,-0.009181686,8
7678,8376,brd-k20758354,-0.13642673,-0.06497994,6
7679,8377,brd-k10013730,-0.13642214,-0.08595371,5
7680,8379,brd-k06745755,-0.13639495,-0.029052299,6
7681,8380,scandenin,-0.13638778,-0.0636425,8
7682,8381,brd-k15858225,-0.13637295,-0.051119633,5
7683,8382,brd-k81141085,-0.13634707,-0.024716703,4
7684,8383,brd-k54179080,-0.13633472,-0.08277815,7
7685,8384,brd-k07796595,-0.13633321,-0.09292673,5
7686,8385,brd-k36773541,-0.1363326,-0.11244196,5
7687,8386,brd-k87920375,-0.13631271,0.050696928,12
7688,8387,brd-k56040287,-0.13629915,0.038843304,3
7689,8388,phosphodiesterase-v-inhibitor-ii,-0.13629696,0.029727174,19
7690,8389,brd-k78574388,-0.13628961,-0.01357934,5
7691,8390,brd-k52959179,-0.136259,-0.07699908,5
7692,8391,brd-k95622068,-0.13624513,-0.05653832,6
7693,8392,granisetron,-0.13623713,0.086315736,17
7694,8393,brd-k74625930,-0.1362339,0.010830431,4
7695,8394,brd-k47897830,-0.13622311,-0.033660088,6
7696,8396,brd-k71382703,-0.1361896,0.014160015,12
7697,8397,brd-k91627479,-0.13618867,0.040211573,6
7698,8398,sulconazole,-0.13617918,0.086748295,23
7699,8399,brd-k67359324,-0.13617842,-0.034913924,4
7700,8400,brd-k98624380,-0.13615905,-0.04028284,13
7701,8402,brd-k89786160,-0.13613681,0.00653962,13
7702,8403,brd-k92048968,-0.13613264,-0.05051018,5
7703,8404,mead-ethanolamide,-0.1361051,0.01332565,19
7704,8405,brd-k98123586,-0.13609995,0.01095998,6
7705,8406,brd-k75999307,-0.13609572,0.037933953,12
7706,8407,brd-k66902379,-0.1360898,0.007605843,18
7707,8408,brd-k63308290,-0.136074,0.028780028,12
7708,8409,brd-k92947165,-0.13604383,-0.021705767,6
7709,8410,brd-k22177698,-0.13603617,-0.039114732,6
7710,8411,brd-k40480443,-0.13603427,0.04957717,13
7711,8413,brd-k64537516,-0.13602291,0.006560755,4
7712,8414,brd-k26667087,-0.13601704,-0.05231444,3
7713,8415,brd-k16323731,-0.13599896,-0.07101094,7
7714,8416,psh-003,-0.13597001,0.001543621,15
7715,8417,brd-k25298364,-0.13594273,-0.0690031,5
7716,8418,brd-k92865756,-0.13593277,0.021836681,6
7717,8419,brd-k73919378,-0.1359267,-0.008995662,5
7718,8420,brd-k15918270,-0.13587594,-0.043678153,12
7719,8421,brd-k64272762,-0.13585407,-0.0061193947,14
7720,8422,brd-k35371149,-0.13582556,-0.06541865,7
7721,8423,brd-k23673040,-0.13581365,0.0733855,15
7722,8424,brd-k87159745,-0.13581228,-0.04454218,6
7723,8425,brd-k99475920,-0.13578697,0.05339962,15
7724,8427,brd-k91184774,-0.13576446,-0.037194796,13
7725,8428,brd-k64885524,-0.13571943,-0.009108569,17
7726,8430,cromakalim,-0.13570844,0.043466885,19
7727,8432,brd-k39896319,-0.13570195,-0.004014672,3
7728,8433,brd-k76060215,-0.13569711,0.025555583,5
7729,8434,melengestrol,-0.13569295,0.0535573,4
7730,8435,brd-k50230035,-0.135692,-0.094720796,6
7731,8436,brd-k41430135,-0.13569006,0.029401626,7
7732,8437,brd-k94557542,-0.13567238,-0.008575305,5
7733,8438,brd-k99191181,-0.13566469,-0.062015697,4
7734,8439,brd-k96555842,-0.13566397,-0.08886612,7
7735,8440,mw-a1-6,-0.13565265,0.04568924,17
7736,8441,brd-a94381689,-0.1356466,0.05602031,17
7737,8442,diphenoxylate,-0.1356424,-0.05900032,11
7738,8443,brd-k68018568,-0.1355948,0.010192364,6
7739,8444,brd-k34230554,-0.13556258,0.04338507,13
7740,8445,brd-k63607326,-0.13556172,-0.015157361,5
7741,8446,brd-k65093687,-0.1355415,-0.010241112,13
7742,8447,brd-k32598858,-0.1355276,-0.090037644,11
7743,8448,brd-k93760529,-0.13552278,0.018122952,17
7744,8451,brd-k68370959,-0.13547744,-0.012482434,4
7745,8452,brd-k84617556,-0.135468,0.04643263,5
7746,8453,ganciclovir,-0.13540086,0.08849379,15
7747,8454,brd-k69231968,-0.13538864,-0.027116066,13
7748,8455,brd-k04695623,-0.13538185,0.026030574,13
7749,8456,brd-k80174954,-0.13538095,-0.009579731,4
7750,8457,brd-k43609604,-0.13537864,-0.04347888,6
7751,8458,mevalonic-acid,-0.1353756,-0.08497593,6
7752,8459,brd-k28585560,-0.13536069,0.014247671,4
7753,8460,brd-k87726525,-0.1353603,0.025686955,12
7754,8461,brd-k88842895,-0.13535836,-0.085799485,6
7755,8462,brd-k31369513,-0.13535218,0.07656597,4
7756,8463,brd-k65922289,-0.13534911,0.00645464,4
7757,8466,brd-k26862321,-0.13528633,-0.04401681,4
7758,8467,brd-k89409550,-0.13525523,-0.057967648,4
7759,8468,brd-k42140123,-0.13524015,0.002767899,8
7760,8469,brd-k71006572,-0.13521434,0.049093675,4
7761,8470,brd-k42729412,-0.1352141,-0.096474096,4
7762,8471,brd-k28308851,-0.13521223,-0.06988955,6
7763,8472,st-056792,-0.13520749,-0.023635473,17
7764,8473,brd-k39812290,-0.13520493,0.04208601,3
7765,8474,brd-k58873027,-0.13519149,-0.05689046,5
7766,8475,brd-k77791851,-0.13518995,0.03322939,4
7767,8476,brd-k49333293,-0.13518828,-0.034636315,3
7768,8477,brd-k61175124,-0.13518558,0.049415376,17
7769,8478,k-858,-0.13516553,0.05718433,18
7770,8479,brd-k66884694,-0.13515574,-0.015045008,12
7771,8480,brd-k91834385,-0.1351516,0.0038505923,9
7772,8481,brd-k73388776,-0.1351218,-0.028158061,7
7773,8482,brd-k56865671,-0.1351124,0.024766855,4
7774,8483,brd-k78268279,-0.13511194,-0.019164745,5
7775,8484,brd-k62209432,-0.13508925,-0.110116564,3
7776,8485,brd-k87720600,-0.1350708,0.0021101492,5
7777,8486,bg-1018,-0.13504691,0.020877868,6
7778,8488,brd-k57691575,-0.13501525,-0.028871628,5
7779,8489,brd-k95063618,-0.13499965,-0.12273796,5
7780,8490,brd-k33328711,-0.1349825,-0.087918654,6
7781,8491,brd-k53507509,-0.13497722,-0.08936565,4
7782,8493,brd-k63301075,-0.13493447,-0.020356955,4
7783,8494,brd-k37160016,-0.13491833,0.015386512,4
7784,8495,dyclonine,-0.13491233,-0.077266,3
7785,8496,brd-k76688030,-0.1349075,-0.071001686,4
7786,8497,brd-k04124609,-0.13490415,0.07111359,4
7787,8498,brd-k80848452,-0.13488933,0.041450042,7
7788,8499,brd-k47692589,-0.13487114,-0.061148673,4
7789,8500,brd-k78826848,-0.13486536,-0.122781925,5
7790,8501,brd-k74390607,-0.13486017,-0.046876863,4
7791,8502,brd-k75323473,-0.13485467,0.083066836,5
7792,8503,brd-k14352739,-0.13485149,0.055324495,10
7793,8504,brd-m91737268,-0.13485064,-0.08588573,6
7794,8505,brd-k12285126,-0.13483979,-0.09993913,4
7795,8506,brd-k48515753,-0.13483256,-0.03889127,4
7796,8507,brd-k15559773,-0.13481836,-0.008372899,4
7797,8508,brd-k72095065,-0.1348029,0.0022585467,4
7798,8509,brd-k55030454,-0.13479581,-0.07176399,5
7799,8511,brd-k24690085,-0.13476199,0.016886469,3
7800,8512,brd-k31315646,-0.13475975,-0.02608351,14
7801,8513,brd-k02317159,-0.13475795,0.01594087,6
7802,8514,brd-k85194284,-0.1347496,-0.017407319,11
7803,8515,trifluridine,-0.1347446,-0.020166762,10
7804,8517,brd-k80236176,-0.13473763,-0.014830717,5
7805,8518,brd-k92666980,-0.13473089,-0.061118137,4
7806,8519,brd-k04133968,-0.1347223,-0.07992145,4
7807,8520,ugiss-451,-0.13470477,0.041173413,17
7808,8521,brd-k44953633,-0.1347017,0.026418995,4
7809,8522,brd-k01604352,-0.13465062,-0.12065316,3
7810,8523,brd-k34960081,-0.13464998,0.067076296,4
7811,8524,brd-k14395166,-0.13464612,-0.11540228,4
7812,8525,brd-k82488679,-0.13464175,-0.018465769,4
7813,8526,brd-k93386351,-0.13459906,-0.053191073,3
7814,8527,brd-k14801883,-0.13459478,-0.025202703,4
7815,8530,brd-k20075074,-0.13456255,0.030716447,5
7816,8531,brd-k52785744,-0.13454565,-0.012112315,16
7817,8532,brd-a99702332,-0.13454078,0.013494943,3
7818,8533,brd-k71188711,-0.13453417,-0.07788525,4
7819,8534,brd-k05448102,-0.13449842,-0.034298092,4
7820,8535,brd-k02446652,-0.13449515,-0.018716572,4
7821,8536,brd-k15377376,-0.13449363,-0.032199897,8
7822,8537,brd-k08799950,-0.13448688,0.11087381,17
7823,8538,brd-k90873269,-0.13448091,-0.09281568,4
7824,8539,brd-k09186736,-0.13447408,-0.04709773,11
7825,8540,brd-k84521734,-0.13446935,0.052488085,5
7826,8541,brd-k75872636,-0.134463,0.012007218,5
7827,8544,brd-a21812217,-0.13442814,-0.028974868,13
7828,8545,brd-k31453413,-0.13442068,0.08465887,13
7829,8546,brd-k83157442,-0.13441609,-0.07016221,6
7830,8549,rhodomyrtoxin-b,-0.13436301,0.06077174,15
7831,8550,brd-k63851915,-0.13433693,-0.12452812,5
7832,8551,brd-k49098390,-0.13432702,-0.042593576,4
7833,8552,brd-k02037850,-0.13432203,0.017337259,3
7834,8553,brd-k24748809,-0.13429508,-0.040708374,6
7835,8554,brd-k17135741,-0.13428794,-0.029949037,4
7836,8555,brd-k77835518,-0.1342851,0.06342192,4
7837,8556,dihydroobliquin,-0.13427532,0.0023301363,15
7838,8557,sa-424534,-0.13426976,0.16744465,8
7839,8558,brd-k85862256,-0.13426903,0.03648072,3
7840,8559,brd-k03957451,-0.1342641,0.017411998,13
7841,8560,yl-58,-0.13425097,0.036125205,11
7842,8561,brd-k59164282,-0.13418698,0.037981134,3
7843,8563,brd-k15892609,-0.13414422,0.047199607,11
7844,8564,brd-k92458042,-0.1341112,0.025370702,15
7845,8565,brd-k33528640,-0.1340988,-0.012702264,4
7846,8566,brd-k30936057,-0.13408391,-0.04146031,3
7847,8567,brd-k57754556,-0.1340831,0.048843086,4
7848,8568,brd-k73837493,-0.13407822,-0.06349893,5
7849,8569,brd-k41925105,-0.13405494,0.016892513,17
7850,8570,cilnidipine,-0.13404936,0.020166153,23
7851,8571,brd-k78849449,-0.1340398,-0.122625515,4
7852,8572,brd-k71523760,-0.13402243,0.06656619,13
7853,8573,brd-k18876264,-0.13398917,-0.00561878,4
7854,8575,brd-k80104673,-0.13393198,-0.030830806,5
7855,8576,brd-k73769216,-0.13393167,0.059724748,4
7856,8577,brd-k60595964,-0.13390371,-0.045609243,3
7857,8578,l-750667,-0.13389613,0.079857774,19
7858,8579,brd-k49508167,-0.13387734,-0.100658126,5
7859,8580,way-100635,-0.13385579,-0.0043161307,6
7860,8581,brd-k59247792,-0.13383576,0.008964816,4
7861,8582,cotinine,-0.1338262,0.09616292,11
7862,8583,dihydrosamidin,-0.13381614,0.016592553,23
7863,8584,brd-k84238725,-0.13379768,-0.09200898,5
7864,8585,brd-k67520049,-0.13376397,0.015000106,3
7865,8586,at-9283,-0.13374323,0.039704077,48
7866,8587,brd-k68108628,-0.13374043,-0.10591755,5
7867,8588,brd-k25866514,-0.1337174,-0.0068944506,6
7868,8589,bg-1019,-0.13369647,0.04945321,6
7869,8590,brd-k42207609,-0.13368912,-0.03919422,4
7870,8592,brd-k45375659,-0.13363732,-0.069297194,7
7871,8593,brd-k11424789,-0.13363126,0.019303277,6
7872,8595,brd-k25556383,-0.13362546,0.002400368,5
7873,8596,brd-k57104759,-0.13362391,0.060369488,11
7874,8597,brd-k92659956,-0.13361971,-0.034562953,6
7875,8598,bibx-1382,-0.133619,0.059359897,23
7876,8599,brd-k71004332,-0.13360767,0.034584038,4
7877,8600,brd-k09645804,-0.1335945,-0.07643215,6
7878,8601,brd-k96551169,-0.13358626,0.035792496,12
7879,8602,brd-k96270963,-0.13358556,0.04467057,3
7880,8603,brd-k52044217,-0.13357449,-0.020301022,6
7881,8604,brd-k80033497,-0.13357382,-0.02593853,3
7882,8605,brd-k24755528,-0.13353547,0.021526277,5
7883,8606,brd-k94222931,-0.13352802,0.024646142,7
7884,8607,bml-284,-0.13351217,0.020006549,6
7885,8608,brd-k81468789,-0.13350469,0.019215789,6
7886,8609,rivastigmine,-0.13350336,-0.0503753,4
7887,8610,brd-k56348092,-0.13349923,-0.010326282,3
7888,8611,brd-k84770655,-0.13349104,-0.09167911,3
7889,8612,brd-k41700431,-0.13348743,0.030839823,10
7890,8613,brd-k95321016,-0.1334637,0.0967946,3
7891,8614,brd-k82602524,-0.13345042,0.0627936,6
7892,8615,brd-k94064112,-0.13342875,-0.07508297,3
7893,8616,brd-a18279961,-0.13342412,-0.0182085,12
7894,8617,furosemide,-0.1334198,-0.12736687,3
7895,8620,brd-m30664582,-0.13340425,-0.054658726,6
7896,8621,brd-k33842318,-0.13338302,-0.002431193,5
7897,8622,brd-k65134227,-0.13337353,0.068070404,3
7898,8623,at7867,-0.13336904,0.07775463,48
7899,8624,brd-a32582647,-0.1333614,-0.09319864,6
7900,8625,brd-k57204377,-0.13335842,-0.029883701,7
7901,8627,n-methylphenothiazine,-0.13333316,-0.033967428,6
7902,8628,hydrocortisone-acetate,-0.1333279,0.11944744,15
7903,8629,brd-k35660899,-0.13331987,0.015485212,4
7904,8630,tacrine,-0.13331828,-0.025938412,22
7905,8633,brd-k62320150,-0.1332814,-0.07587578,5
7906,8634,brd-k57987292,-0.13328083,-0.11715014,3
7907,8636,brd-k14270906,-0.13324918,-0.05087212,4
7908,8637,brd-k68718973,-0.13323863,0.0017798246,5
7909,8638,brd-k23872647,-0.13323551,-0.054400392,8
7910,8640,brd-k47977047,-0.13321654,-0.039243788,18
7911,8641,brd-k20834925,-0.1332139,-0.004643364,5
7912,8642,brd-k18340348,-0.1332012,-0.095606074,5
7913,8643,acefylline,-0.13320053,-0.049654026,4
7914,8644,brd-k53839527,-0.13319777,-0.0799812,3
7915,8645,brd-k09922076,-0.1331945,-0.020792,5
7916,8646,brd-k92807185,-0.13317722,-0.017795844,4
7917,8647,brd-k96636466,-0.1331712,0.012852078,6
7918,8649,brd-k90761527,-0.1331594,0.044413753,5
7919,8650,brd-k77007746,-0.13314772,-0.057396702,5
7920,8651,"3,6-dimethoxyflavone",-0.13313931,0.030789666,11
7921,8652,latrunculin-b,-0.13313287,0.08411242,34
7922,8653,brd-k08857385,-0.1331259,-0.02677826,15
7923,8654,brd-k19915020,-0.1331206,-0.06494529,4
7924,8655,brd-k80094052,-0.13311847,0.027115267,4
7925,8656,brd-k31329249,-0.13310875,-0.008683183,7
7926,8657,brd-m00964333,-0.13308127,0.010678604,6
7927,8658,brd-k25427024,-0.13307959,-0.02929628,11
7928,8659,brd-k92455082,-0.13306576,0.037220053,6
7929,8660,brd-k60272788,-0.13306472,0.03347779,6
7930,8661,brd-k02159117,-0.13305208,0.025684236,5
7931,8662,fendiline,-0.13303599,0.13381837,3
7932,8663,brd-k17839088,-0.13303216,0.0004641069,6
7933,8664,brd-k15104539,-0.13303189,-0.09122373,6
7934,8665,brd-k94296811,-0.13302822,0.04845724,13
7935,8666,brd-k29253390,-0.13301772,-0.079051845,7
7936,8667,brd-k58791909,-0.13300864,-0.0696369,5
7937,8670,psh-012,-0.13298278,0.041369334,13
7938,8671,brd-k10010115,-0.13296074,0.043064944,17
7939,8672,brd-k81927853,-0.1329418,0.096894115,13
7940,8673,brd-k99875147,-0.13293898,-0.057233598,3
7941,8674,cvf-sumo-14,-0.13293177,0.023159316,11
7942,8675,brd-k96178772,-0.13291103,-0.0318477,5
7943,8676,brd-k23872111,-0.13289967,-0.07546445,9
7944,8677,brd-k82041810,-0.13289857,0.001839852,4
7945,8678,brd-k88022263,-0.13288632,-0.070046924,3
7946,8681,brd-k82963710,-0.1328383,-0.029123878,5
7947,8683,brd-k18647673,-0.1328293,0.034063328,5
7948,8686,brd-k86800060,-0.1328096,0.008227212,4
7949,8688,indolophenanthridine,-0.13277833,0.008460546,19
7950,8690,brd-k06436793,-0.13271464,-0.07368537,3
7951,8691,brd-k34392222,-0.1327073,-0.022720233,4
7952,8693,brd-k16705018,-0.13270384,-0.035665546,4
7953,8695,brd-k03371390,-0.132633,0.008268913,15
7954,8696,brd-k89712338,-0.13261472,-0.03110963,4
7955,8697,brd-a84280790,-0.132611,0.047366288,15
7956,8698,cephaeline,-0.13259923,0.11443494,17
7957,8699,qx-222,-0.13258699,-0.0061769695,15
7958,8700,brd-k21217422,-0.13257022,-0.052553337,5
7959,8701,brd-k78853683,-0.13254713,0.028107472,6
7960,8702,salubrinal,-0.13254596,0.029534228,15
7961,8703,brd-k65981456,-0.13254403,-0.012182066,6
7962,8704,brd-k68278258,-0.13253091,-0.03407799,7
7963,8705,brd-k58743986,-0.13252196,0.08607317,3
7964,8707,aflatoxin-b1,-0.13250808,0.0838039,3
7965,8708,brd-k72827150,-0.13250776,0.035885878,3
7966,8709,brd-k24387065,-0.1324917,-0.10479608,3
7967,8711,plinabulin,-0.13248704,-0.025831064,18
7968,8712,brd-k67484450,-0.13248074,0.041784268,7
7969,8714,brd-k00486725,-0.13246228,0.10473238,17
7970,8715,brd-k07398339,-0.13245967,0.03986283,13
7971,8716,brd-k44874209,-0.13244449,0.02153988,5
7972,8717,brd-k33452357,-0.13242894,-0.015583338,10
7973,8718,etanidazole,-0.13241547,0.07804985,58
7974,8719,brd-k73028742,-0.13241088,-0.05658706,5
7975,8720,brd-k41775742,-0.13239037,0.01823502,11
7976,8721,brd-k01221769,-0.13238311,-0.033569876,6
7977,8722,brd-k33909932,-0.13235056,0.006780157,3
7978,8724,brd-k18970629,-0.13232195,-0.039519433,13
7979,8725,brd-k31412180,-0.13231075,-0.026355384,13
7980,8726,brd-k87838848,-0.13230462,0.028185198,9
7981,8727,brd-k85540993,-0.13230446,0.032145597,4
7982,8728,brd-a72498772,-0.13227686,-0.0014041271,21
7983,8729,brd-k98870618,-0.1322736,0.033391446,3
7984,8730,enilconazole,-0.13226576,-0.046321724,4
7985,8731,brd-k52047316,-0.13226542,0.086768016,6
7986,8734,brd-k43226598,-0.13224255,0.067825854,13
7987,8735,brd-k20876879,-0.13224119,-0.034515806,7
7988,8739,brd-k93896332,-0.13218424,-0.106571645,4
7989,8740,brd-k20497962,-0.1321829,-0.054181546,6
7990,8741,brd-k92137277,-0.13215484,-0.08988399,5
7991,8742,brd-k56890651,-0.13213137,-0.09454262,4
7992,8743,brd-k71859938,-0.1321111,-0.03139005,4
7993,8744,brd-k98383296,-0.13210972,0.08442488,5
7994,8745,brd-k90310644,-0.13209544,-0.043014247,4
7995,8746,brd-k48479537,-0.13209371,0.04190709,3
7996,8747,brd-k20382089,-0.13208798,-0.037449658,4
7997,8748,brd-k74248891,-0.13208765,-0.08460622,5
7998,8749,brd-k14328427,-0.13208263,0.09206329,17
7999,8750,brd-k74176882,-0.13206488,0.071633264,28
8000,8751,minaprine,-0.13205527,-0.008260624,18
8001,8752,brd-k05232104,-0.13203505,-0.019126482,7
8002,8753,brd-k34051200,-0.13202472,-0.027686458,4
8003,8754,brd-k45222065,-0.13200966,0.029100418,7
8004,8755,brd-k94715393,-0.1319993,-0.049018078,6
8005,8756,brd-k93602295,-0.13196386,-0.015927203,5
8006,8757,arg-csc-22,-0.13193259,0.026337171,13
8007,8759,brd-k47943934,-0.13192084,-0.040491395,6
8008,8760,brd-k89020690,-0.13189706,0.015535885,10
8009,8761,brd-k30628839,-0.1318956,-0.0605985,4
8010,8762,brd-k17506650,-0.13189444,-0.102824174,3
8011,8763,brd-k14413722,-0.13189076,-0.009001058,4
8012,8765,brd-k04288183,-0.13186097,-0.01336048,5
8013,8766,brd-k65343560,-0.13181004,-0.07263231,5
8014,8767,brd-k26666618,-0.13178438,0.008307371,4
8015,8769,brd-k49909254,-0.13177171,0.04578448,6
8016,8770,butein,-0.13177018,0.044418916,19
8017,8771,brd-k83311395,-0.13175713,-0.0047391495,4
8018,8772,beta-alanine,-0.13171469,-0.08187765,6
8019,8773,brd-k71670746,-0.13170186,-0.011359829,17
8020,8774,brd-k24781739,-0.13170174,-0.013889525,3
8021,8775,brd-m28563253,-0.1316908,-0.0111750895,6
8022,8776,brd-k38632726,-0.13168389,0.025920656,8
8023,8777,brd-k06780475,-0.13165334,-0.06878249,7
8024,8779,sc-68376,-0.13163505,-0.0027403187,19
8025,8780,sch-79797,-0.13163465,0.08192018,46
8026,8781,brd-k78451750,-0.13163124,-0.027696725,6
8027,8782,brd-k39635618,-0.13162997,-0.049259484,4
8028,8783,dmab-anabaseine,-0.13160571,0.06676585,19
8029,8784,brd-k49460772,-0.13159537,-0.05015793,4
8030,8785,epidepride,-0.13158786,-0.017524108,6
8031,8786,brd-k48047846,-0.13158226,0.029657539,6
8032,8787,brd-k75000753,-0.13156702,-0.022376629,5
8033,8788,brd-k14958998,-0.13156626,-0.06737325,3
8034,8789,brd-k49849398,-0.1315412,0.03270094,3
8035,8790,brd-k15453459,-0.13152228,-0.073272035,5
8036,8791,sb-203186,-0.13148144,0.07348394,15
8037,8792,cct036477,-0.13147388,0.014861312,6
8038,8793,brd-k64873832,-0.13146839,-0.047396168,7
8039,8794,brd-k98437249,-0.13144712,-0.024520166,13
8040,8796,benzyl-quinazolin-4-yl-amine,-0.13143083,0.0008373086,15
8041,8798,brd-k88973556,-0.13139418,-0.051094048,4
8042,8799,brd-k32297746,-0.1313894,-0.06624994,4
8043,8800,brd-k85025453,-0.13137299,0.040786114,4
8044,8801,brd-k15142057,-0.13136666,-0.044815004,4
8045,8802,dextrorphan,-0.13135286,0.08495793,11
8046,8803,brd-k44562621,-0.13132949,-0.1039437,3
8047,8804,closantel,-0.1313062,0.086597346,4
8048,8805,brd-k15464148,-0.13128997,-0.005848854,4
8049,8806,brd-k06071925,-0.1312855,-0.056826405,17
8050,8807,brd-k86591768,-0.13128473,0.018101865,5
8051,8808,brd-k97196700,-0.1312804,-0.02270777,4
8052,8809,brd-k51126483,-0.131278,0.09632405,13
8053,8810,brd-k39766484,-0.13127482,0.06574119,5
8054,8811,brd-k78914942,-0.13126597,-0.04069468,7
8055,8812,trapidil,-0.13125533,0.030840889,23
8056,8813,brd-k37141476,-0.13124262,-0.039046418,13
8057,8814,brd-k11309655,-0.13124055,-0.06476211,4
8058,8815,brd-k47033137,-0.1312332,0.01227067,5
8059,8816,brd-k18925740,-0.13122585,-0.08231473,5
8060,8817,brd-k88748878,-0.13119347,0.024642745,6
8061,8818,brd-k71917235,-0.13117467,0.06788183,13
8062,8819,rs-17053,-0.13117172,0.053648006,18
8063,8823,brd-k68638497,-0.13116409,-0.03339826,5
8064,8824,brd-k56832078,-0.13115853,0.08025003,3
8065,8826,brd-k42516959,-0.13112724,-0.0037367204,6
8066,8827,brd-k71532462,-0.13111249,-0.06874222,4
8067,8829,brd-k51031805,-0.1311107,0.035227187,6
8068,8830,brd-k22033393,-0.13109581,0.040977024,18
8069,8831,brd-k30183231,-0.13108806,-0.081236094,6
8070,8833,brd-k08443710,-0.13106495,0.005882032,10
8071,8835,brd-k67336565,-0.13103789,-0.1201914,3
8072,8836,brd-k10743257,-0.13102989,-0.013278275,5
8073,8837,brd-k43830653,-0.13102461,-0.012177398,4
8074,8838,brd-k51372689,-0.1310031,-0.027265877,3
8075,8839,brd-k42634310,-0.13100071,-0.07967524,6
8076,8840,jmw-mitf1,-0.13099398,0.0319877,54
8077,8841,brd-k82869745,-0.1309862,0.0017092181,3
8078,8842,brd-k76811126,-0.13098451,-0.030419907,5
8079,8843,brd-k23703347,-0.13098359,0.061645057,6
8080,8844,brd-k09059649,-0.13097274,-0.020595858,9
8081,8845,brd-k52220918,-0.1309716,0.033878483,6
8082,8846,brd-k31290665,-0.13096355,0.10456901,4
8083,8848,brd-k58439833,-0.13094825,-0.023107262,4
8084,8849,brd-k53437983,-0.1309202,-0.031211432,6
8085,8850,brd-k05549170,-0.13091488,0.05002466,12
8086,8851,gallic-acid,-0.1309067,0.020344388,6
8087,8852,brd-k98980304,-0.13090622,-0.013768131,4
8088,8853,brd-k99469929,-0.13089556,-0.022213614,3
8089,8855,brd-k29138830,-0.1308843,0.013893603,13
8090,8856,brd-k63628486,-0.13087384,-0.076285176,5
8091,8857,brd-k38122103,-0.13085419,-0.05329193,4
8092,8858,brd-k66947316,-0.13084409,0.038766675,4
8093,8860,brd-k99795671,-0.13081501,-0.037488103,4
8094,8861,brd-k36675307,-0.1308137,-0.030505959,5
8095,8863,brd-k95608631,-0.13078776,-0.054118946,6
8096,8865,brd-k52252091,-0.1307787,0.012698468,5
8097,8866,mw-stk33-3b,-0.1307727,-0.010476256,17
8098,8867,succinylsulfathiazole,-0.13075176,-0.056134127,4
8099,8868,diarylpropionitrile,-0.1307479,0.01379393,19
8100,8869,brd-k83194053,-0.13073944,0.030692346,15
8101,8870,px-12,-0.13073757,0.06183225,55
8102,8871,brd-k92824836,-0.13073696,0.040526308,3
8103,8873,brd-k69306987,-0.13069928,-0.018629227,5
8104,8874,irinotecan,-0.13069564,0.12452951,34
8105,8875,brd-k87341885,-0.13069092,0.014818764,5
8106,8876,brd-k82685933,-0.1306817,-0.01573955,16
8107,8877,brd-k44302407,-0.13064244,0.018340955,6
8108,8879,brd-k24932095,-0.13062036,-0.06359705,7
8109,8880,brd-k78352220,-0.13061213,-0.049986128,3
8110,8882,brd-k14031425,-0.13060114,0.074767336,3
8111,8883,meprylcaine,-0.1305996,0.016068194,23
8112,8884,brd-k51849212,-0.1305988,-0.007173727,8
8113,8885,brd-k81641277,-0.13058029,-0.029928632,6
8114,8886,brd-k67857349,-0.13056749,-0.05515873,3
8115,8887,brd-k53293903,-0.13056512,0.1576961,4
8116,8888,brd-k70861166,-0.13056463,-0.034923885,4
8117,8891,oxetacaine,-0.13053507,-0.08499664,3
8118,8892,brd-k07581216,-0.13052484,-0.014262931,8
8119,8893,brd-k78918239,-0.13052084,-0.07198393,5
8120,8894,brd-k30962405,-0.13051978,0.0001639379,4
8121,8896,sa-89210,-0.13048708,0.0066130552,18
8122,8897,brd-k68866125,-0.13048126,0.019307686,12
8123,8898,brd-k94740841,-0.13046642,0.017243752,12
8124,8899,brd-k60737413,-0.1304252,-0.034439392,5
8125,8900,brd-k74894470,-0.13040149,0.04994023,7
8126,8901,brd-k82024442,-0.13039778,0.018408624,13
8127,8902,brd-k84705102,-0.1303625,0.09062959,5
8128,8903,brd-k94818765,-0.1303521,-0.007897578,12
8129,8904,brd-k59204160,-0.1303457,-0.020048361,5
8130,8906,brd-k62876373,-0.13033956,0.12377901,4
8131,8907,brd-k28663733,-0.13032283,-0.09127809,4
8132,8909,brd-k13691358,-0.13030607,-0.10131446,4
8133,8911,hyperoside,-0.13028517,0.04973141,11
8134,8912,brd-k34359283,-0.13028154,-0.038048923,4
8135,8913,brd-m66672790,-0.1302776,-0.045767456,6
8136,8914,pmsf,-0.13027604,-0.0026882812,6
8137,8915,brd-a81389811,-0.13025863,0.019353101,12
8138,8916,brd-k85932041,-0.13025463,0.0050827297,4
8139,8917,brd-k20151898,-0.13025442,-0.030935757,6
8140,8919,brd-a68802837,-0.13024536,0.0013742782,6
8141,8920,ku-c104545n,-0.13024348,0.030617878,12
8142,8921,brd-k02823077,-0.13024049,-0.011650309,3
8143,8922,brd-k61338389,-0.13023028,-0.058794595,4
8144,8923,sa-1925996,-0.1302248,0.05918485,20
8145,8924,brd-k04388421,-0.13022287,-0.03182313,3
8146,8925,brd-k69449918,-0.13020937,0.04000862,6
8147,8926,brd-k43528099,-0.13016754,-0.05693594,3
8148,8927,brd-k80883001,-0.1301464,-0.0402955,6
8149,8928,brd-k62771975,-0.13007519,0.111334406,5
8150,8929,brd-k05928130,-0.13007489,-0.062023193,3
8151,8930,brd-k89288521,-0.13007109,-0.05681477,7
8152,8931,brd-k04411796,-0.13007082,-0.051735654,6
8153,8932,brd-k64418359,-0.13006304,-0.09012729,7
8154,8934,brd-k26130452,-0.13003732,-0.079800725,3
8155,8935,brd-k89627562,-0.13002846,-0.098007455,4
8156,8936,brd-k93445052,-0.12998125,-0.07449082,6
8157,8937,brd-k66363099,-0.1299801,0.11711241,3
8158,8938,brd-k80110842,-0.1299735,-0.07651509,5
8159,8939,brd-k54673054,-0.12996261,-0.06256819,3
8160,8940,brd-k13883913,-0.12996088,-0.067054175,7
8161,8941,leflunomide,-0.12996052,0.040615354,23
8162,8942,brd-k33616265,-0.1299528,-0.024316788,6
8163,8943,brd-k19198293,-0.12993354,-0.0011538288,13
8164,8944,brd-k10225413,-0.12992755,-0.013927733,5
8165,8945,brd-k56301236,-0.1299273,0.029930677,5
8166,8946,brd-k88590679,-0.12992504,-0.038145456,5
8167,8947,brd-k86249754,-0.12989116,-0.0067486377,5
8168,8948,brd-k74889969,-0.12985146,0.033254158,5
8169,8949,gr-127935,-0.12985052,0.022192791,19
8170,8950,brd-k75907833,-0.12983724,0.04592553,7
8171,8952,brd-k82414981,-0.12983032,-0.066094026,5
8172,8953,brd-k35046689,-0.12980983,-0.021727465,5
8173,8954,brd-k01490356,-0.1298088,0.025085306,5
8174,8955,brd-k99020117,-0.12980595,-0.05790755,6
8175,8956,brd-k75023015,-0.12979916,0.10213342,4
8176,8958,zm-241385,-0.12975582,-0.018002754,19
8177,8959,brd-k48270072,-0.12975249,-0.11537133,3
8178,8960,brd-k54553362,-0.12974906,-0.06440114,5
8179,8961,doxazosin,-0.12974142,0.044965886,15
8180,8963,diphemanil,-0.12972604,0.018660007,18
8181,8964,brd-k28249211,-0.12970279,0.05732016,6
8182,8965,roxatidine-acetate,-0.12968747,0.030191991,15
8183,8966,brd-k26461874,-0.12968391,-0.11312491,3
8184,8967,brd-k55702567,-0.12967695,-0.00506116,5
8185,8968,vigabatrin,-0.12967429,0.023519015,4
8186,8969,brd-k54916924,-0.12962958,-0.01058873,4
8187,8970,brd-k49434056,-0.12962548,-0.037982937,4
8188,8971,brd-k81812196,-0.12962045,-0.07345557,5
8189,8972,brd-k79004751,-0.12961182,0.00902547,6
8190,8974,orciprenaline,-0.12958145,-0.012253925,26
8191,8975,brd-k63944563,-0.12957303,-0.0634906,6
8192,8976,brd-k16724492,-0.12956111,-0.01922491,4
8193,8977,vu-0404997-2,-0.12956066,-0.041048158,13
8194,8978,brd-k74043769,-0.12955669,-0.014157786,9
8195,8979,emf-sumo1-9,-0.1295529,-0.008757542,18
8196,8980,brd-a74983348,-0.12954794,-0.027892169,15
8197,8981,brd-k63374765,-0.12954573,-0.044545002,5
8198,8983,brd-k74790646,-0.1295135,0.04377184,5
8199,8984,brd-k63806140,-0.12945709,-0.11305662,3
8200,8985,brd-k52160314,-0.12945312,0.00868598,48
8201,8986,brd-k30309936,-0.12943242,-0.004096254,11
8202,8988,brd-k87449690,-0.12937464,-0.002792883,3
8203,8989,brd-k63915987,-0.12936337,-0.051146593,6
8204,8990,brd-k08306736,-0.12935872,0.014782831,4
8205,8991,brd-a13367427,-0.12935708,0.0625426,17
8206,8992,mw-stk33-1b,-0.12935573,0.048439533,11
8207,8993,brd-k93662714,-0.12934701,-0.07882164,5
8208,8994,brd-k04832618,-0.12932573,-0.07997078,6
8209,8995,maz-51,-0.1293241,0.014660378,15
8210,8997,brd-k00468432,-0.12930338,0.0039815814,3
8211,8998,brd-k75128590,-0.12926926,0.06352069,17
8212,8999,diprotin-a,-0.12926725,0.0066259196,8
8213,9000,brd-k30434763,-0.12926218,0.06874642,12
8214,9001,brd-k37393297,-0.12924047,0.033766586,13
8215,9002,brd-a94570195,-0.12923494,0.0766133,13
8216,9003,brd-a45206415,-0.12922645,-0.020972239,13
8217,9005,sa-102676,-0.12920618,-0.024805954,8
8218,9006,brd-k49255961,-0.12920013,0.008081004,4
8219,9007,brd-k47752932,-0.1291972,-0.020378042,7
8220,9009,brd-k85763971,-0.12917525,0.024565205,4
8221,9010,brd-k87634307,-0.12914108,-0.0712643,3
8222,9011,brd-k26066252,-0.12913752,-0.024289098,5
8223,9012,stk-249718,-0.12913615,0.14569137,24
8224,9013,brd-k24821098,-0.12913415,-0.022156639,3
8225,9014,brd-k06956503,-0.12913391,0.0194836,15
8226,9015,brd-a11929187,-0.12913293,0.059305888,13
8227,9017,brd-k91070947,-0.12909092,-0.028793389,3
8228,9019,brd-k57851810,-0.12905616,-0.018134978,6
8229,9020,brd-k82263627,-0.12904103,-0.08906594,4
8230,9021,brd-k13346599,-0.12903094,-0.033314496,7
8231,9022,esmolol,-0.12903036,-0.01650188,15
8232,9024,cyt387,-0.12896097,0.11592722,48
8233,9026,brd-k49258689,-0.12895095,-0.06592249,5
8234,9027,brd-k70508482,-0.12894194,0.0058721914,13
8235,9028,brd-k05402890,-0.12893572,0.045071073,74
8236,9029,brd-k16813995,-0.12891588,-0.001211765,5
8237,9031,brd-k80021597,-0.12888604,0.024725286,3
8238,9032,brd-k10580927,-0.12888454,0.07015138,3
8239,9033,brd-k92967637,-0.12888333,0.016453415,5
8240,9035,brd-k74972903,-0.12885067,0.011287423,3
8241,9036,brd-k03257659,-0.12882194,0.05755111,10
8242,9037,brd-k36144252,-0.12881507,-0.049638808,3
8243,9038,brd-k04230416,-0.12880866,0.0010793563,6
8244,9039,brd-k16195900,-0.12874664,-0.0697728,4
8245,9040,brd-k46285453,-0.12874414,0.049180456,15
8246,9041,brd-k06714535,-0.12873879,-0.06400289,4
8247,9044,sa-419050,-0.12871641,-0.022606295,8
8248,9046,j-104129,-0.12871112,0.053781316,19
8249,9047,bifemelane,-0.12870869,0.035415534,30
8250,9048,brd-k43649826,-0.12868772,-0.04992744,7
8251,9049,brd-k50037482,-0.12868553,-0.112080015,5
8252,9050,brd-k05789716,-0.12864627,0.040586393,5
8253,9051,brd-k27630390,-0.12862495,0.073815525,17
8254,9052,brd-k51895259,-0.12861565,-0.060846593,4
8255,9053,brd-k21325303,-0.12861197,-0.062299006,4
8256,9054,t-0156,-0.12860984,0.074802965,27
8257,9055,brd-k66643665,-0.12859318,0.0337015,6
8258,9056,brd-k55252655,-0.12858963,-0.017677419,4
8259,9057,brd-k80223377,-0.128584,-0.018567786,7
8260,9058,brd-k89133991,-0.12857622,-0.02597269,3
8261,9060,brd-k08377525,-0.12856148,-0.028252518,4
8262,9061,brd-k74704013,-0.12855348,-0.053126268,5
8263,9062,brd-k47463456,-0.12854603,-0.02297796,5
8264,9063,brd-k95168667,-0.12854433,0.0024569198,12
8265,9066,brd-k90679612,-0.12848799,-0.016603598,6
8266,9067,brd-k65395273,-0.12846243,-0.045831513,4
8267,9068,brd-k16533918,-0.12844782,0.011695562,4
8268,9069,brd-k29029059,-0.12844734,0.001121874,5
8269,9072,brd-k42486494,-0.12842312,-0.0911956,4
8270,9073,brd-k54302962,-0.12841864,-0.08865725,4
8271,9074,brd-k01289045,-0.12841399,-0.008402271,4
8272,9075,usnic-acid,-0.12841177,0.09778319,6
8273,9076,brd-k09057839,-0.12840554,0.08212314,3
8274,9077,brd-a13020530,-0.12840095,0.12803897,12
8275,9078,brd-k75091523,-0.12839216,-0.02637481,4
8276,9083,brd-k09068728,-0.12835506,-0.010115655,13
8277,9084,brd-k90974935,-0.12834065,0.03000024,3
8278,9086,brd-k69722708,-0.12832737,0.0115351435,4
8279,9088,brd-k07291429,-0.1282771,0.014652517,5
8280,9089,brd-k13499761,-0.12825073,-0.01579801,6
8281,9090,brd-k29181432,-0.1282248,-0.11390403,4
8282,9091,brd-k79788021,-0.12822472,-0.057341583,6
8283,9094,brd-k68644714,-0.12817758,-0.06571691,4
8284,9095,cortisol,-0.12813936,-0.06214818,4
8285,9096,brd-k51256476,-0.12812793,-0.060030792,7
8286,9097,brd-k58925245,-0.12812033,0.051537,4
8287,9099,brd-k75313893,-0.12811558,0.026314836,5
8288,9100,brd-k79460683,-0.12810372,-0.022702886,5
8289,9101,brd-k32889681,-0.12807725,-0.027750127,4
8290,9102,sa-89763,-0.12807363,-0.043853674,12
8291,9103,idoxuridine,-0.12805605,0.03991828,3
8292,9104,brd-k16930636,-0.12803745,-0.045550562,6
8293,9106,brd-k17906992,-0.12801722,-0.03156124,4
8294,9107,cimaterol,-0.12801282,0.018306552,15
8295,9108,kcl,-0.12799908,0.12271989,12
8296,9110,sa-1938421,-0.12795046,-0.03485405,12
8297,9111,brd-k08198655,-0.12790187,0.02294214,6
8298,9112,brd-k01987080,-0.12789048,0.06310721,4
8299,9113,pempidine,-0.12786572,-0.050304875,4
8300,9114,brd-k64062072,-0.12785529,0.06166227,12
8301,9116,brd-k34086616,-0.12782344,0.07312201,3
8302,9117,ctpb,-0.12781994,-0.001249488,6
8303,9120,p-aminophenethylspiperone,-0.12781076,-0.03151471,6
8304,9121,brd-k32162364,-0.12779951,-0.051357444,3
8305,9122,brd-k79968414,-0.12778465,0.0062131286,6
8306,9123,brd-k96420933,-0.12778357,0.2568485,4
8307,9124,brd-k95195947,-0.12776816,-0.009284042,4
8308,9126,brd-k23060602,-0.12774555,0.038998615,6
8309,9127,neomycin,-0.12774183,0.18652192,3
8310,9128,brd-k70200040,-0.12773754,0.0012777044,11
8311,9129,brd-k00816165,-0.12773357,2.0433814e-05,17
8312,9132,brd-k06902141,-0.12766536,0.015687548,5
8313,9133,fu-jmbii227b,-0.12765609,0.0058944994,15
8314,9135,brd-k29528387,-0.12764277,-0.091313556,4
8315,9136,brd-k68340318,-0.12763521,-0.008760339,4
8316,9137,brd-k45235808,-0.12762132,-0.08613614,5
8317,9139,brd-k03228992,-0.12759502,-0.05215186,4
8318,9140,brd-k14159335,-0.12759069,-0.04526386,4
8319,9141,balsalazide,-0.1275795,0.105965376,12
8320,9142,brd-k10482608,-0.12757608,-0.1070316,6
8321,9143,sa-25547,-0.127564,0.035396084,24
8322,9144,phenylalanyltyrosine,-0.12754487,-0.0495576,15
8323,9145,brd-k56775501,-0.12753335,-0.029146383,5
8324,9146,geranyl-geranyl-pyrophosphate,-0.12750468,0.008243037,6
8325,9147,mre-269,-0.12747155,0.0018491267,28
8326,9148,brd-k23838495,-0.12745588,-0.008270756,3
8327,9149,brd-k61152698,-0.1274322,-0.03036026,6
8328,9151,brd-k67399667,-0.12739824,-0.06045302,4
8329,9152,brd-k44925462,-0.12737097,-0.0008784198,7
8330,9154,sa-102096,-0.1273296,0.06699218,21
8331,9156,celiprolol,-0.12726286,-0.0015451685,4
8332,9157,brd-k29622226,-0.12725817,0.046313766,17
8333,9159,l-744832,-0.12723534,-0.018205954,10
8334,9160,brd-k54585147,-0.12722448,-0.015767537,6
8335,9161,brd-k15935695,-0.12721965,0.10449219,12
8336,9162,brd-k29054201,-0.12721041,0.05351226,5
8337,9164,brd-k01573538,-0.12720037,0.061185755,9
8338,9165,viloxazine,-0.12719367,-0.036110926,4
8339,9166,brd-k81732150,-0.12718222,0.16311422,4
8340,9167,brd-k75291656,-0.1271815,-0.044866074,3
8341,9168,brd-k47102646,-0.12717175,-0.07734369,4
8342,9169,brd-k44564943,-0.12716293,0.007600708,5
8343,9170,brd-k40185230,-0.12715311,0.0043255137,13
8344,9171,brd-k40439253,-0.1271477,-0.04473956,4
8345,9172,brd-k76880231,-0.12714297,-0.017838906,3
8346,9173,nor-binaltorphimine,-0.12713462,0.064837985,15
8347,9174,brd-k94809766,-0.12713206,-0.06515817,7
8348,9175,brd-k24536757,-0.12712386,0.03274188,5
8349,9176,brd-k74127463,-0.12712355,-0.0657603,6
8350,9177,brd-k25789307,-0.12710336,0.047875483,6
8351,9178,brd-k98367121,-0.12709957,-0.07819796,4
8352,9180,"4,5,6,7-tetrabromobenzotriazole",-0.12709206,-0.00041601318,19
8353,9181,brd-k02314198,-0.12708934,-0.008434069,6
8354,9183,brd-k85685363,-0.12706903,-0.06278093,5
8355,9186,brd-k77811363,-0.12705153,-0.015170198,5
8356,9189,brd-k17238328,-0.12700738,-0.0724196,4
8357,9192,brd-k00233837,-0.12697095,-0.037350208,3
8358,9193,brd-k74634175,-0.12694086,-0.09731024,5
8359,9194,brd-k38717348,-0.12693048,0.02757381,4
8360,9195,brd-k21458727,-0.12689054,0.03324091,4
8361,9196,brd-k44316554,-0.12685472,0.009503494,4
8362,9197,brd-k58070753,-0.12685446,0.033626743,17
8363,9198,brd-k02229102,-0.12684853,-0.07487844,3
8364,9199,brd-k35440818,-0.12682918,-0.06549159,6
8365,9201,brd-k19624190,-0.12682232,0.0004424124,17
8366,9202,brd-k88822846,-0.12680325,0.07950569,13
8367,9203,brd-m98484762,-0.12680244,-0.017353015,6
8368,9204,alx-5407,-0.12680127,-0.020204397,15
8369,9205,brd-k85332209,-0.12679619,0.023588158,4
8370,9206,brd-k31290842,-0.12677668,-0.03662747,6
8371,9207,artemisinin,-0.1267536,-0.07247224,4
8372,9208,brd-k61076106,-0.12675272,-0.10871068,4
8373,9209,liquiritigenin,-0.12674855,0.07331892,15
8374,9210,brd-k12241427,-0.12674478,0.00073690247,6
8375,9211,brd-k97166443,-0.12673506,-0.08579864,3
8376,9212,brd-k65148867,-0.12671109,0.04370668,13
8377,9214,brd-k93406156,-0.1266845,0.027435884,6
8378,9215,brd-k95773671,-0.12666018,0.012516612,4
8379,9216,brd-k75972810,-0.12662554,-0.005300942,4
8380,9217,brd-k21503128,-0.12661986,-0.0024311258,3
8381,9218,brd-k96703103,-0.12661241,0.052978873,5
8382,9220,brd-k45532244,-0.12654878,-0.032405216,5
8383,9221,brd-k79410674,-0.12652995,0.067136735,4
8384,9222,chlorphenesin-carbamate,-0.12652941,0.058166955,18
8385,9224,brd-k27175304,-0.12652008,0.025135878,6
8386,9225,brd-k51358551,-0.12650782,0.071573034,5
8387,9226,brd-k25150581,-0.12648512,0.022944486,15
8388,9227,brd-k67583114,-0.12648302,-0.07227185,6
8389,9228,brd-k30468438,-0.12647222,0.04053487,4
8390,9232,brd-k76636716,-0.12645896,0.044314515,12
8391,9233,brd-k26542939,-0.12645546,-0.017771104,5
8392,9234,brd-k04139743,-0.12645249,-0.06685991,5
8393,9235,brd-k94493764,-0.12643835,0.022033615,17
8394,9236,brd-a70879086,-0.12643754,-0.012387018,17
8395,9237,brd-k15241725,-0.1264314,0.00040921383,6
8396,9238,yo-2,-0.12643099,0.055116035,15
8397,9239,brd-k27181648,-0.12642463,0.070221886,5
8398,9240,brd-k18401446,-0.12642276,0.03443809,6
8399,9244,brd-k07922534,-0.12638968,0.122399285,4
8400,9245,brd-k64881093,-0.12638198,-0.01738708,13
8401,9246,brd-k22433696,-0.12637089,-0.080250375,4
8402,9247,brd-k77741497,-0.12636703,0.024620187,7
8403,9248,brd-k64615396,-0.1263554,0.008087827,6
8404,9249,brd-k36471847,-0.12635462,0.03152048,5
8405,9250,brd-k50822286,-0.12634352,-0.009778326,3
8406,9252,brd-k47131467,-0.12633277,-0.047511023,4
8407,9253,brd-k08446420,-0.12632893,-0.002240805,3
8408,9254,brd-k62716919,-0.1263238,-0.030002812,15
8409,9255,brd-k06905668,-0.12631914,0.012888188,4
8410,9257,brd-k69572618,-0.12630874,0.02816471,5
8411,9258,rifabutin,-0.12629442,0.056214273,33
8412,9259,ambrisentan,-0.12629053,0.07892704,4
8413,9261,brd-k99647384,-0.12628542,-0.0002249293,4
8414,9262,brd-k34433706,-0.126276,-0.074986905,4
8415,9263,brd-k51725102,-0.1262726,0.10644081,3
8416,9264,brd-k99902401,-0.12626563,0.059722424,7
8417,9265,st-209453,-0.12626444,0.04312014,17
8418,9267,brd-k83311737,-0.12625062,0.040567536,3
8419,9268,brd-k51823671,-0.12624134,-0.03079682,4
8420,9269,brd-k16671107,-0.12623477,0.06972136,3
8421,9270,brd-k68864067,-0.12620272,-0.0019350592,4
8422,9271,brd-k80806019,-0.12619351,-0.039796647,3
8423,9272,brd-k75961033,-0.12618405,-0.013549652,4
8424,9273,brd-k71742078,-0.12617896,0.047535352,13
8425,9274,brd-k26947839,-0.12615661,0.06479986,13
8426,9275,brd-k53987979,-0.12613879,-0.05863069,3
8427,9276,brd-k55666799,-0.12612987,0.0027857963,4
8428,9277,brd-k06170455,-0.12612781,0.036826495,6
8429,9278,brd-m66254575,-0.12612584,0.026002357,6
8430,9281,sappanone-a,-0.12605752,0.018051587,23
8431,9282,fluticasone,-0.12605721,0.035262126,40
8432,9283,brd-k55775078,-0.12602627,0.009652669,3
8433,9284,brd-k73459720,-0.12599386,0.005216594,7
8434,9285,brd-k04366697,-0.12596594,-0.029506294,6
8435,9286,brd-k28497936,-0.12595269,-0.033258677,7
8436,9287,bosutinib,-0.12593146,0.02388126,23
8437,9288,brd-k45895591,-0.12593026,-0.03729995,13
8438,9290,brd-k69586787,-0.12591152,0.02006225,5
8439,9292,brd-k12249810,-0.1258864,0.052555773,4
8440,9293,brd-k50381033,-0.12588505,-0.00522181,6
8441,9294,brd-k70631162,-0.1258822,0.121135056,4
8442,9295,brd-k25148849,-0.12587716,0.034862466,4
8443,9297,brd-k97019106,-0.12583293,-0.03739305,11
8444,9298,brd-k99913693,-0.12583241,-0.053083155,5
8445,9299,brd-k40471847,-0.12579386,-0.008891181,6
8446,9301,brd-k40175949,-0.12575474,0.056847177,12
8447,9302,brd-k63279176,-0.125741,0.05261503,9
8448,9304,brd-k86335374,-0.12572575,-0.06574318,3
8449,9305,brd-k84679731,-0.12566635,-0.05966913,8
8450,9306,brd-k11840410,-0.12566133,-0.08850478,3
8451,9307,danusertib,-0.12566121,0.047263052,17
8452,9308,brd-k82651890,-0.12564889,0.062313534,6
8453,9309,brd-k34673904,-0.12562603,0.04027004,6
8454,9310,brd-k17535604,-0.12560228,-0.0244529,6
8455,9311,sa-1462246,-0.12559702,0.042674392,12
8456,9312,brd-k72636868,-0.12558685,-0.0121596735,3
8457,9314,brd-k32320888,-0.12557702,-0.038008045,7
8458,9315,brd-k80211979,-0.12557642,-0.010782268,4
8459,9316,tetrahydropalmatine,-0.12557219,-0.002113156,23
8460,9317,5-nonyloxytryptamine,-0.12556207,-0.009645264,13
8461,9318,brd-k35493431,-0.12555702,0.017636582,4
8462,9319,brd-k17663482,-0.12551926,-0.045769382,5
8463,9320,brd-k53039836,-0.12549657,-0.01993612,4
8464,9321,brd-k40566034,-0.12547709,0.02588962,13
8465,9322,brd-k42543764,-0.12545782,-0.038263276,12
8466,9323,brd-a94675310,-0.12545134,-0.01938442,15
8467,9325,brd-k42614769,-0.12543567,-0.03433632,6
8468,9326,brd-k00513921,-0.1254269,-0.032982524,6
8469,9327,brd-k41814765,-0.12542213,0.08744311,5
8470,9328,brd-k73233900,-0.12540469,0.048858896,5
8471,9329,brd-k39151515,-0.12539165,0.05561719,10
8472,9330,brd-k06163572,-0.12538192,-0.010438457,5
8473,9331,brd-k50953983,-0.12537913,0.0008725357,5
8474,9334,brd-k21751020,-0.12534766,0.011459161,5
8475,9335,brd-k56864693,-0.12533964,0.068758674,4
8476,9336,brd-k44791058,-0.12532888,-0.0023421794,6
8477,9337,brd-k00692337,-0.1253129,-0.08508886,3
8478,9338,brd-k41908462,-0.12529767,-0.05424203,4
8479,9339,brd-k37127287,-0.12529203,-0.010760099,5
8480,9340,brd-k35738777,-0.12528887,0.050177343,6
8481,9341,brd-k61373678,-0.12528786,-0.031353742,4
8482,9342,brd-k47811236,-0.12527966,-0.07357247,4
8483,9343,brd-k74149575,-0.12527893,-0.07364632,4
8484,9344,brd-k17806071,-0.12527245,-0.059244588,3
8485,9345,clotrimazole,-0.12526797,0.034956668,14
8486,9346,brd-k23103632,-0.12526327,0.009393622,13
8487,9347,brd-k77191339,-0.12526138,-0.016377078,4
8488,9348,brd-k25807578,-0.12525353,0.005501694,5
8489,9349,brd-k01566563,-0.12523638,0.014055491,5
8490,9350,brd-k72217541,-0.12522611,-0.07347125,4
8491,9351,brd-k01626580,-0.12521371,-0.11783055,3
8492,9352,brd-k89005359,-0.12520903,0.07618709,13
8493,9353,brd-k59248078,-0.12519084,0.010915453,6
8494,9354,brd-k68325161,-0.12518878,-0.011013575,6
8495,9355,brd-k97741410,-0.12515455,-0.04746445,4
8496,9356,brd-k27855499,-0.1251503,-0.018456703,11
8497,9357,brd-k83836748,-0.12514918,-0.024975881,6
8498,9359,brd-k14471942,-0.12514256,-0.0040370086,11
8499,9360,brd-k16331350,-0.12513143,-0.03579299,5
8500,9361,brd-k96043519,-0.12512185,0.0959464,6
8501,9362,brd-k43025837,-0.12512062,0.079946235,5
8502,9363,brd-k70918484,-0.12511967,0.016444337,12
8503,9365,bg-1002,-0.12510599,0.13944043,6
8504,9366,brd-k69510309,-0.12507722,-0.1103629,5
8505,9367,brd-k98025142,-0.12506285,-0.0072538746,15
8506,9368,brd-k71182858,-0.12505837,0.022788115,6
8507,9369,brd-k96147838,-0.1250077,0.094975635,13
8508,9371,brd-k58628167,-0.12496484,0.036277477,17
8509,9372,brd-k78094112,-0.124945655,0.06904001,4
8510,9373,brd-k41726296,-0.124944925,-0.081044786,4
8511,9374,brd-k59768094,-0.124907985,0.08611802,5
8512,9375,brd-k24325779,-0.124890186,-0.03848578,4
8513,9376,brd-k11068374,-0.124877155,-0.04540879,5
8514,9377,brd-k03795299,-0.12487711,0.027430814,3
8515,9378,brd-k30155575,-0.12487616,-0.062029134,6
8516,9379,brd-k61541549,-0.12487437,-0.11645721,3
8517,9380,brd-k90446130,-0.12480724,0.0378025,12
8518,9382,brd-k06614049,-0.124787524,0.09740573,5
8519,9383,brd-k14749055,-0.12473512,0.1251092,11
8520,9384,brd-k09424864,-0.12473073,0.051655356,11
8521,9385,brd-k59371957,-0.12470975,-0.09228182,3
8522,9386,brd-k50777342,-0.124693364,-0.022325281,8
8523,9387,brd-k55038865,-0.12468686,-0.0023758141,5
8524,9388,brd-k97239800,-0.12465614,-0.05197105,5
8525,9389,brd-k63697730,-0.12462509,0.045298755,8
8526,9390,brd-k86758801,-0.12461481,-0.018465962,6
8527,9391,brd-k77793090,-0.12458476,0.005300848,10
8528,9392,brd-k36725752,-0.12456488,0.055966817,6
8529,9393,brd-k66340791,-0.12453959,-0.035091527,5
8530,9394,proscillaridin,-0.1245285,0.012000065,27
8531,9395,brd-k93685980,-0.12449007,0.046290386,3
8532,9396,brd-k61615367,-0.12447436,0.021456486,5
8533,9397,brd-k96797558,-0.12440534,0.03512244,5
8534,9398,brd-k94585132,-0.12438882,-0.04327831,9
8535,9401,alpha-methylserotonin,-0.12438299,0.053777788,6
8536,9402,brd-k03464662,-0.12438081,-0.086096235,4
8537,9405,brd-k36718717,-0.12436989,0.014512024,3
8538,9406,brd-k04086909,-0.12436972,0.015994757,4
8539,9407,brd-k55260239,-0.12436903,0.059471935,12
8540,9408,brd-a83802330,-0.12435961,0.025912546,15
8541,9409,brd-k96044609,-0.12435176,0.019833263,4
8542,9410,brd-k65257892,-0.12432191,0.0015560396,5
8543,9412,brd-k96713754,-0.12430592,-0.07278141,4
8544,9413,brd-k08884733,-0.12430007,0.03771729,3
8545,9415,brd-k44261129,-0.12426243,0.029166767,13
8546,9416,mephenytoin,-0.12421976,-0.018592969,19
8547,9417,brd-k15457570,-0.124212705,-0.0636845,6
8548,9419,brd-k51410836,-0.12416019,-0.04116701,5
8549,9420,brd-m02207845,-0.12414556,-0.020245919,6
8550,9421,brd-k74144406,-0.12413282,-0.009207413,5
8551,9422,brd-a35072120,-0.12411606,0.015401774,6
8552,9423,brd-k22854900,-0.12409768,-0.041767564,6
8553,9425,brd-k60839087,-0.12407366,0.065945745,5
8554,9426,brd-k99775849,-0.12405657,-0.012852071,4
8555,9427,brd-k09661167,-0.124048606,0.06522329,17
8556,9428,brd-k93215584,-0.12403776,0.040466726,17
8557,9430,brd-k83705009,-0.12400133,0.04722928,3
8558,9431,brd-k69159985,-0.12399737,0.0029978058,13
8559,9432,brd-k89347234,-0.12398867,0.0075847693,6
8560,9433,brd-k47163377,-0.1239869,-0.065441646,7
8561,9434,gant-61,-0.12398368,0.05879678,17
8562,9435,brd-k41571462,-0.123954214,0.03949963,11
8563,9436,brd-k78014537,-0.1239301,0.08182477,8
8564,9437,brd-k67306351,-0.12392325,0.02817291,15
8565,9439,brd-k76366810,-0.12389305,-0.06360313,4
8566,9441,brd-k88027520,-0.12387734,-0.04274139,6
8567,9442,brd-k37940862,-0.123874925,0.02894566,15
8568,9443,brd-m03805540,-0.12384971,0.009942763,6
8569,9444,brd-k67087978,-0.12384381,0.024721608,6
8570,9445,iohexol,-0.12383473,-0.019725138,4
8571,9446,brd-k77888550,-0.12383206,0.038753007,9
8572,9447,brd-k78939963,-0.12382485,0.0018564407,4
8573,9448,brd-k20978396,-0.12381687,0.02739555,4
8574,9449,brd-k06953509,-0.12381597,-0.004370172,5
8575,9450,brd-k08247301,-0.12381578,-0.052474264,4
8576,9451,km-03949sc,-0.123807274,0.008962304,13
8577,9452,brd-k36826042,-0.12380356,-0.02924701,5
8578,9454,brd-k10211010,-0.123764955,0.0760677,14
8579,9455,brd-k02515288,-0.12376028,0.0639256,7
8580,9456,brd-k84331602,-0.12375428,-0.09800454,3
8581,9457,brd-k02025760,-0.12372432,0.052916534,4
8582,9458,brd-k23664396,-0.123716064,-0.053583514,6
8583,9460,brd-k23978082,-0.123695455,-0.00688652,13
8584,9461,brd-k37869460,-0.12368587,-0.08678703,3
8585,9462,lomatin,-0.1236596,0.014197272,15
8586,9463,brd-k67788404,-0.123649284,-0.08016266,4
8587,9464,pifithrin,-0.12364543,0.020465786,19
8588,9465,st-638,-0.12361164,0.039745882,15
8589,9466,brd-k48036219,-0.12358988,0.051533267,13
8590,9468,brd-k14172822,-0.123572566,-0.02945766,3
8591,9469,brd-k08463963,-0.12351901,-0.014178609,13
8592,9470,brd-k03373081,-0.12350251,0.058835328,3
8593,9471,brd-k76846644,-0.123493075,-0.055783026,13
8594,9472,brd-k00689442,-0.12348289,-0.044386286,6
8595,9473,brd-k26350615,-0.12347498,0.095534526,6
8596,9475,prometon,-0.123456694,-0.03153607,8
8597,9476,brd-k84431964,-0.12344814,-0.06823747,5
8598,9477,brd-a52771319,-0.123445146,0.10686169,11
8599,9478,brd-k93653328,-0.12342646,0.0066325534,6
8600,9479,brd-k09327126,-0.12341227,0.080492325,4
8601,9480,brd-k63388446,-0.12339171,0.032119323,13
8602,9481,vu-0366968,-0.12339089,0.011231536,13
8603,9482,sa-424828,-0.123364106,0.07761999,25
8604,9483,brd-k47029744,-0.12335528,-0.061885335,4
8605,9485,ku-c103676,-0.12333031,0.06890327,13
8606,9486,brd-k55322029,-0.12332332,-0.0070832437,4
8607,9487,brd-k10283649,-0.1233082,-0.00021113455,6
8608,9488,brd-k91501298,-0.123301744,-0.05157865,4
8609,9489,triflusal,-0.12329698,-0.06545051,4
8610,9490,brd-k96113587,-0.123267286,-0.051278114,5
8611,9491,brd-k36681355,-0.12325879,0.040745787,6
8612,9493,brd-k00382464,-0.12319815,0.06895942,4
8613,9494,brd-k40301427,-0.12319634,-0.0613766,6
8614,9496,brd-k92904177,-0.12313003,-0.0754669,5
8615,9497,cv-1808,-0.12312731,0.08331699,15
8616,9499,brd-k43966520,-0.12312084,0.006327709,5
8617,9500,brd-k63376220,-0.12310665,-0.10574441,4
8618,9501,brd-k86574497,-0.12308915,0.02003803,5
8619,9502,brd-k00547540,-0.12308401,-0.018836608,7
8620,9503,torin-1,-0.1230791,0.15517314,72
8621,9504,brd-k27493325,-0.123061396,-0.040673304,5
8622,9505,brd-k64778483,-0.123061284,-0.09308338,3
8623,9506,brd-k36130407,-0.123055264,0.059190135,7
8624,9508,brd-a25170757,-0.12303483,-0.04135267,13
8625,9509,brd-k66123981,-0.12303381,-0.05729192,5
8626,9510,brd-k03707297,-0.12303284,0.05946621,6
8627,9511,brd-k67242881,-0.12303009,-0.030957805,6
8628,9512,brd-k25539387,-0.123027824,0.044725988,3
8629,9513,brd-k65801064,-0.12302506,-0.013503889,5
8630,9514,brd-k53674232,-0.123020485,-0.09396046,5
8631,9515,brd-k55345749,-0.122980714,-0.061858658,3
8632,9516,brd-k73080020,-0.12297428,0.05716193,4
8633,9517,brd-k10837204,-0.12295656,-0.05277572,4
8634,9518,brd-a59728941,-0.122952275,-0.064289734,12
8635,9520,brd-a47816767,-0.12293536,0.013662427,15
8636,9521,brd-k32931486,-0.12292713,0.021360798,7
8637,9522,brd-k53987746,-0.12291916,0.0041870414,15
8638,9524,brd-k26427778,-0.122843444,-0.07375331,4
8639,9525,brd-k87133350,-0.12283349,-0.024084212,4
8640,9528,brd-k99447056,-0.12271709,-0.04164005,6
8641,9529,brd-k26048285,-0.12268911,0.0979382,17
8642,9530,brd-k43484121,-0.12268669,-0.053922597,6
8643,9531,nomilin,-0.12262698,0.10966283,8
8644,9532,zimelidine,-0.12261757,-0.0015207585,18
8645,9533,brd-a41986761,-0.12261665,0.034539517,6
8646,9534,brd-k71857815,-0.12261346,-0.060721133,3
8647,9535,brd-k44900726,-0.12259052,0.07310469,3
8648,9536,brd-k11778076,-0.12258541,-0.006499908,13
8649,9537,methapyrilene,-0.12258022,0.06309694,17
8650,9538,brd-k71404640,-0.12256707,-0.022096489,7
8651,9539,brd-k22149853,-0.12256548,-0.017770752,5
8652,9540,brd-k90305015,-0.12255752,-0.014732277,4
8653,9541,u-54494a,-0.12255296,0.014786575,15
8654,9542,brd-k00991320,-0.12255052,-0.03188102,4
8655,9544,brd-k38934024,-0.1225325,-0.014582798,7
8656,9546,brd-k80058142,-0.12252991,-0.04484828,4
8657,9547,brd-k75666689,-0.12252984,0.033000346,6
8658,9548,brd-k57497528,-0.122523695,0.017159685,4
8659,9550,brd-k42035280,-0.12250698,-0.040949248,6
8660,9551,brd-k60331845,-0.12250145,-0.08819548,3
8661,9552,eo-1428,-0.1224982,0.043753497,19
8662,9553,brd-a32449311,-0.12249711,0.08659464,13
8663,9554,brd-k73500089,-0.12248826,0.007854093,4
8664,9555,brd-k84762162,-0.122483164,-0.0074587837,13
8665,9556,brd-k50755896,-0.122482195,-0.10906663,3
8666,9557,brd-k97194666,-0.12247741,0.025848253,7
8667,9558,brd-k87387614,-0.12247237,0.057044886,13
8668,9559,brd-k15328325,-0.12244089,-0.08499285,7
8669,9561,brd-k42758410,-0.1224225,-0.0024408407,6
8670,9562,brd-k14086402,-0.122420624,-0.03411046,7
8671,9564,brd-k59404663,-0.122412875,0.027592905,4
8672,9565,brd-k17367351,-0.12241077,0.06462617,3
8673,9566,brd-k25096430,-0.122403234,-0.022145724,4
8674,9567,brd-k13489056,-0.12240146,-0.020800507,3
8675,9568,brd-k35290760,-0.1223705,-0.092332505,3
8676,9569,dapt-gsi-ix,-0.12235771,0.057592645,19
8677,9570,brd-k91123606,-0.12235183,-0.070878655,4
8678,9571,brd-k36194373,-0.12234247,-0.034089386,5
8679,9572,brd-k07935321,-0.12233581,0.0327896,5
8680,9573,bacampicilline,-0.12233206,-0.027299777,4
8681,9574,brd-k69598982,-0.12232084,0.01127121,6
8682,9575,brd-k76358141,-0.1222772,0.006683365,4
8683,9577,brd-k98194167,-0.12224185,0.02448821,6
8684,9578,brd-k23935793,-0.12222594,0.01605809,15
8685,9580,brd-k76656279,-0.12220126,-0.01751808,5
8686,9581,brd-k63513868,-0.122184224,0.071600094,28
8687,9583,brd-k07105437,-0.12217043,0.02071777,6
8688,9584,brd-k60218284,-0.122168586,0.02772175,4
8689,9585,brd-k73423421,-0.12216769,-0.017051147,5
8690,9586,brd-k21478308,-0.122158475,-0.09729736,4
8691,9587,brd-k78235165,-0.12214949,0.025761882,4
8692,9588,brd-k13693445,-0.122146405,-0.04816956,7
8693,9591,alendronic-acid,-0.122065924,0.04832031,10
8694,9592,brd-k37958236,-0.1220568,-0.0010150285,3
8695,9593,brd-k03644600,-0.12205595,-0.07441403,4
8696,9594,brd-k90830878,-0.1220546,0.035538234,5
8697,9595,brd-k04701379,-0.122049116,0.053816874,7
8698,9596,brd-k79947405,-0.122027405,0.0766246,14
8699,9597,brd-k85462489,-0.12202256,-0.04376883,6
8700,9598,brd-k69760878,-0.122019395,-0.0500599,13
8701,9600,brd-k70633610,-0.12198615,-0.115874715,3
8702,9601,brd-k01594737,-0.12196726,-0.09858945,4
8703,9602,brd-k95779464,-0.12195281,-0.05562544,5
8704,9603,brd-k93081895,-0.12195196,0.02289103,5
8705,9606,brd-k70377370,-0.12192051,0.004049558,4
8706,9607,brd-k00449983,-0.12190877,-0.0038405,5
8707,9609,brd-k81699431,-0.12187597,-0.043380126,6
8708,9610,brd-k37977610,-0.12183872,-0.018497873,6
8709,9611,brd-k03210181,-0.12182849,-0.045708798,4
8710,9612,brd-k21539100,-0.12180562,-0.09057721,5
8711,9613,brd-k45759060,-0.12180359,-0.037287246,5
8712,9614,brd-k71540580,-0.12176244,0.036164705,4
8713,9616,brd-k86571219,-0.12174804,0.015209611,5
8714,9619,brd-k62536321,-0.121704996,-0.051612698,5
8715,9620,brd-k95650611,-0.12169232,0.0027731839,4
8716,9621,brd-k85967137,-0.12166864,-0.053288132,3
8717,9623,brd-k07508147,-0.121666156,0.0822032,4
8718,9624,brd-k62590938,-0.121652275,-0.044112958,4
8719,9625,brd-k44401329,-0.12163759,0.050498296,4
8720,9626,brd-k64693729,-0.12162228,0.012345934,4
8721,9627,brd-k80881992,-0.12162012,-0.04814948,5
8722,9628,brd-k49070267,-0.121611975,-0.04176795,7
8723,9629,brd-k94516855,-0.12161137,-0.010709635,3
8724,9630,brd-k80723690,-0.12161102,0.013111348,6
8725,9631,brd-k10362791,-0.12160042,-0.06681996,3
8726,9632,brd-k02576169,-0.12158272,-0.10045322,3
8727,9633,ro-04-5595,-0.121579655,0.092338786,19
8728,9634,bml-278,-0.12157587,0.031072853,6
8729,9635,brd-k19340473,-0.121565744,-0.011418988,3
8730,9636,brd-k97894266,-0.12153774,-0.04126322,7
8731,9637,brd-k12365616,-0.121529266,0.012043556,7
8732,9639,brd-k60841303,-0.12152467,0.049857263,4
8733,9640,brd-k78467731,-0.1215239,-0.088819385,4
8734,9641,brd-k83161876,-0.12150709,-0.02717891,6
8735,9643,brd-k39929061,-0.121475615,0.029311081,4
8736,9644,brd-k35199432,-0.12147494,-0.037153468,4
8737,9645,bretylium,-0.121460676,-0.081843525,4
8738,9647,sulfabenzamide,-0.1214343,-0.04315579,4
8739,9649,penicillic-acid,-0.12141781,-0.044503108,15
8740,9650,brd-a37735495,-0.121415,0.15114935,13
8741,9652,brd-k67392692,-0.12138127,0.04757711,5
8742,9653,vu-0415113-1,-0.121375255,0.10836377,12
8743,9654,brd-k67653084,-0.121370405,-0.029070027,5
8744,9656,brd-k49330073,-0.121344596,-0.036437605,5
8745,9657,brd-k31160185,-0.12133986,-0.035393395,4
8746,9658,brd-k57016430,-0.121329635,0.01917229,15
8747,9659,brd-a75301702,-0.121279776,-0.02497545,13
8748,9660,brd-k66184091,-0.12127557,-0.017427657,4
8749,9662,brd-k53142391,-0.12126796,0.011451352,15
8750,9663,brd-k60260474,-0.121213205,-0.10771257,4
8751,9664,brd-k15973523,-0.121186964,0.09853427,11
8752,9665,brd-k01558205,-0.12117346,-0.1049774,3
8753,9666,ym-976,-0.12117336,0.01945227,19
8754,9667,brd-k20310932,-0.12115295,-0.014107821,11
8755,9668,brd-a35430844,-0.12113893,0.049436737,3
8756,9669,brd-k09613355,-0.121124044,-0.044407226,4
8757,9670,brd-k83341069,-0.12111621,0.06016317,4
8758,9671,brd-k98645985,-0.121078186,0.003550521,44
8759,9672,brd-k43786699,-0.12106213,0.07075228,4
8760,9673,brd-k35892797,-0.12105713,0.021843795,6
8761,9674,brd-k60879194,-0.12104039,-0.08289063,5
8762,9675,brd-k01700755,-0.121033035,0.085006006,3
8763,9676,brd-k77634909,-0.12103073,0.029504761,12
8764,9677,brd-k02511275,-0.1210226,0.00066540204,6
8765,9678,methyl-fasudil,-0.121004544,0.100445636,32
8766,9679,clomethiazole,-0.12098572,0.044660036,19
8767,9680,pd-123319,-0.12095464,-0.021959938,19
8768,9681,brd-k08446710,-0.120936915,-0.07259301,7
8769,9683,triptolide,-0.12091863,0.10699717,104
8770,9684,brd-k03235359,-0.120914996,-0.03674956,7
8771,9686,brd-k36462169,-0.12087698,0.022803623,9
8772,9687,brd-k24465470,-0.12086404,0.049207773,4
8773,9688,brd-k30456673,-0.120860495,-0.070611045,6
8774,9689,brd-k45713168,-0.120840706,-0.025704388,4
8775,9690,brd-k26003427,-0.12081459,0.018445393,4
8776,9691,brd-k64687628,-0.12077923,0.07527286,3
8777,9692,brd-k07577534,-0.12076767,-0.00044665276,4
8778,9694,brd-k29943481,-0.12076058,-0.094712876,5
8779,9695,methyltyramine,-0.12075661,-0.043468922,6
8780,9696,brd-k67090983,-0.12075495,0.033915255,13
8781,9697,brd-k31367750,-0.12074727,0.04603007,8
8782,9698,brd-k01849255,-0.120742194,-0.034404185,3
8783,9699,brd-k80408402,-0.12072832,-0.053871498,4
8784,9700,brd-k88231082,-0.12072217,-0.059145913,5
8785,9701,brd-a66846505,-0.12071727,0.10084507,12
8786,9702,brd-k77774562,-0.12067368,-0.03869888,7
8787,9703,brd-k67655178,-0.12067198,-0.0014324049,7
8788,9704,brd-k17525686,-0.12066395,-0.08609651,5
8789,9705,bas-00535043,-0.12064462,0.060372874,17
8790,9706,brd-k32944375,-0.12060439,-0.018239245,12
8791,9707,brd-k22546959,-0.12060131,0.043750055,15
8792,9709,brd-k72915790,-0.12058976,-0.08562197,4
8793,9710,brd-k34130171,-0.12056437,-0.059085976,4
8794,9711,brd-k14787141,-0.12054929,0.039026823,3
8795,9712,brd-k62423074,-0.12054298,-0.09612636,3
8796,9713,brd-k69332942,-0.12053639,-0.0025411388,6
8797,9714,brd-k31175437,-0.12052342,0.07086918,14
8798,9715,brd-k19398444,-0.12050526,0.006725133,3
8799,9716,brd-k01448700,-0.12049159,-0.001860939,4
8800,9717,4-hydroxyretinoic-acid,-0.12048542,0.0088809775,24
8801,9718,brd-k62919978,-0.12048107,-0.06432065,12
8802,9719,brd-k41721791,-0.12047788,-0.012902826,5
8803,9721,brd-k29368169,-0.1204642,0.027727157,4
8804,9722,brd-k91844626,-0.1204596,0.12759785,6
8805,9723,brd-a41997916,-0.12044832,0.021120517,17
8806,9724,brd-k10008415,-0.12044392,-0.030706007,10
8807,9725,brd-k05678583,-0.120439686,0.1156437,4
8808,9726,jte-907,-0.120439656,-0.04010793,19
8809,9727,brd-k68020183,-0.120424,-0.027734753,13
8810,9728,brd-k90700939,-0.12041562,0.10091573,13
8811,9729,brd-k52446745,-0.12041315,0.061224166,13
8812,9731,brd-k22033912,-0.12038431,-0.08007704,3
8813,9732,brd-k14230553,-0.12036461,-0.053213343,6
8814,9733,ispinesib,-0.12036102,-0.01636326,17
8815,9734,sa-424577,-0.120359495,0.042668406,21
8816,9735,brd-k28000085,-0.12035514,-0.0031072074,3
8817,9736,brd-k86336638,-0.12034442,0.034310307,18
8818,9737,brd-k73825454,-0.120329015,0.03218485,5
8819,9738,ac-leu-leu-nle-cho,-0.12031677,0.04080188,6
8820,9739,brd-k39613698,-0.12028747,-0.07710687,6
8821,9740,brd-k79330967,-0.12028589,-0.032044105,3
8822,9741,brd-k29996103,-0.12028196,-0.047419894,3
8823,9744,brd-k23584424,-0.12025516,0.020381797,4
8824,9746,brd-k94157828,-0.12023127,-0.00063916115,3
8825,9747,methyl-everninic-acid,-0.120186105,-0.011379592,8
8826,9748,brd-k06663126,-0.12018366,0.01194175,4
8827,9749,1-methylisoquinoline,-0.12018288,-0.083579585,6
8828,9751,brd-k65240553,-0.12015248,0.0019508658,7
8829,9752,brd-k73146135,-0.12015197,-0.09078652,3
8830,9754,sa-441145,-0.12010926,0.13784792,16
8831,9755,brd-k32755775,-0.12010022,-0.006358971,6
8832,9756,brd-k27711805,-0.120096624,-0.034511108,5
8833,9757,brd-k09887211,-0.12008564,-0.016667927,6
8834,9759,brd-k28636199,-0.12006138,-0.058965087,14
8835,9760,brd-k65373229,-0.120060295,-0.027023047,12
8836,9761,brd-k71674109,-0.120059185,-0.06380997,4
8837,9762,tiaprofenic-acid,-0.12005658,0.0015151988,19
8838,9764,brd-k24717178,-0.12005172,-0.022387704,7
8839,9765,levalbuterol,-0.120050356,-0.07058039,4
8840,9768,brd-k75912549,-0.120002106,-0.01183032,6
8841,9769,brd-k06619089,-0.11999528,-0.033208627,7
8842,9770,brd-k70711508,-0.119985655,-0.006990724,14
8843,9771,brd-k27299383,-0.119960256,0.032872915,4
8844,9772,brd-k67271639,-0.119958475,0.015803447,4
8845,9774,solifenacin,-0.11995333,0.028624967,15
8846,9775,brd-k67058688,-0.11994972,-0.034785762,4
8847,9776,brd-k17554230,-0.11994815,-0.011810044,3
8848,9777,brd-k84449870,-0.119930826,0.013920573,5
8849,9778,brd-k30114694,-0.11992838,0.033280645,6
8850,9779,brd-k60759206,-0.11992429,-0.033100747,6
8851,9781,dihydroxyphenylglycine,-0.11990621,0.024346216,11
8852,9782,brd-k90705468,-0.11989599,-0.070670724,3
8853,9784,brd-k42986817,-0.11986269,-0.038088657,7
8854,9785,brd-k58307544,-0.11986152,-0.046609588,4
8855,9788,brd-k34929727,-0.11984604,-0.053380076,6
8856,9789,cyclo-[arg-gly-asp-d-phe-val],-0.11983483,0.038176514,19
8857,9791,tyrphostin-ag-99,-0.11978893,-0.014265261,19
8858,9792,flurbiprofen-(+/-),-0.11978868,0.07793224,26
8859,9793,brd-k42629487,-0.119787656,0.032857172,12
8860,9795,brd-k69048063,-0.119753055,-0.05693536,5
8861,9796,brd-k46512834,-0.11975261,-0.05722073,6
8862,9797,brd-k33368320,-0.11974077,-0.03911586,4
8863,9798,clinafloxacin,-0.11972738,0.006509796,4
8864,9799,brd-k37933621,-0.119720615,-0.019381214,6
8865,9800,enmd-2076,-0.119720444,0.07550348,47
8866,9801,brd-k37306336,-0.11969723,0.0021574784,3
8867,9802,brd-k21668646,-0.11968184,-0.04672117,5
8868,9803,brd-k59765229,-0.11967754,0.10058062,5
8869,9804,brd-k97939101,-0.11966561,-0.020537825,6
8870,9806,brd-k76729250,-0.11963054,-0.023564674,4
8871,9807,brd-k71287386,-0.119624466,0.06644487,4
8872,9809,brd-k30795336,-0.1195732,-0.013686378,4
8873,9811,brd-k39001644,-0.119548135,-0.037423626,4
8874,9812,brd-k97595524,-0.11954599,-0.056294482,7
8875,9813,brd-k20902354,-0.11954086,0.0001529021,5
8876,9814,brd-k37557400,-0.119493924,0.08363255,6
8877,9815,brd-k86728684,-0.11947448,-0.078954674,6
8878,9816,brd-k59468384,-0.11945876,0.0047163414,4
8879,9817,brd-k32568627,-0.119441524,0.034146085,13
8880,9818,brd-k50010596,-0.119440496,-0.00027191426,5
8881,9819,brd-k26484639,-0.11942424,-0.008898227,4
8882,9821,brd-m49151292,-0.11942132,-0.04881501,6
8883,9822,brd-k54456094,-0.119412184,-0.10961034,3
8884,9824,way-170523,-0.11935729,-0.02679307,19
8885,9825,brd-k55330917,-0.11934364,-0.09595132,3
8886,9826,brd-k70663894,-0.119340055,-0.07425447,4
8887,9827,brd-k97062166,-0.119324684,-0.061358437,6
8888,9828,cloxacillin,-0.119323775,-0.08900578,3
8889,9829,brd-k21421563,-0.119288325,-0.072742596,4
8890,9830,brd-k50314382,-0.11928717,-0.027056018,4
8891,9833,brd-k11689127,-0.11926547,-0.03177936,5
8892,9835,brd-k65968843,-0.11918884,0.044039316,6
8893,9836,brd-k37262906,-0.119179614,-0.066654816,4
8894,9837,brd-k85979978,-0.11916336,-0.02145374,3
8895,9838,brd-k20211345,-0.119145475,-0.00040465035,6
8896,9841,brd-k29162128,-0.11913408,-0.06292513,7
8897,9842,brd-k07431800,-0.11912748,0.12609799,4
8898,9845,brd-k80723382,-0.11907552,-0.035596736,4
8899,9846,brd-k59605310,-0.11905327,0.096729085,4
8900,9847,brd-k72490684,-0.119033925,0.010207735,6
8901,9849,bisbenzimide,-0.1190163,0.019823423,16
8902,9850,brd-k76381171,-0.11900346,-0.09745039,6
8903,9852,methandriol,-0.11899584,0.08414416,11
8904,9853,brd-k24031526,-0.118977346,0.07491885,17
8905,9854,brd-m25555076,-0.11896049,0.09175408,6
8906,9855,brd-k84678141,-0.118944876,-0.05549355,5
8907,9856,brd-k92043077,-0.118944734,0.15577966,4
8908,9857,brd-k12124649,-0.118935436,-0.008028639,12
8909,9858,brd-k29625564,-0.11892563,-0.0032830562,5
8910,9859,brd-k63096635,-0.11892399,-0.07097064,7
8911,9861,brd-k05051567,-0.118899435,-0.030024985,4
8912,9862,brd-k88942732,-0.11887932,-0.04976181,3
8913,9864,brd-k55013500,-0.11885565,-0.0410647,4
8914,9865,brd-k42681396,-0.11883687,-0.022629596,13
8915,9866,brd-k07408742,-0.11883518,-0.010111033,4
8916,9867,brd-k76637414,-0.11882991,-0.035365503,4
8917,9868,tiratricol,-0.11882597,-0.07688231,3
8918,9869,brd-k95337198,-0.11882014,0.049517963,12
8919,9870,brd-k47802551,-0.11881764,0.050069403,13
8920,9871,brd-k96329791,-0.11880038,0.012513569,6
8921,9872,brd-k40724613,-0.11879655,0.18176699,4
8922,9873,brd-k45475981,-0.11879117,0.061490178,4
8923,9874,brd-k33907901,-0.11878725,-0.001686872,5
8924,9876,brd-k27005217,-0.118779056,-0.040082067,4
8925,9877,brd-k20859359,-0.118774064,0.048911683,13
8926,9879,dexchlorpheniramine,-0.11876231,0.015157902,13
8927,9880,brd-k63337793,-0.11875334,-0.020687668,6
8928,9881,brd-k33493537,-0.118723944,-0.04053808,5
8929,9882,diflorasone,-0.11872205,0.08114248,23
8930,9883,dieldrin,-0.11872033,-0.060315102,3
8931,9884,brd-k58284322,-0.118707985,-0.073562786,6
8932,9885,brd-k66626628,-0.11869293,0.0047152946,3
8933,9886,brd-k96098018,-0.11869222,-0.04775024,4
8934,9887,edrophonium,-0.11863616,0.05300578,14
8935,9888,brd-k03676054,-0.11862931,0.013003636,4
8936,9889,brd-k49510739,-0.11862726,-0.0149537865,3
8937,9890,brd-k78420710,-0.11859886,-0.077219695,5
8938,9891,brd-k73276569,-0.11858542,-0.061186127,10
8939,9893,brd-k00575615,-0.11855388,-0.087154515,3
8940,9894,emedastine,-0.11854249,0.025465649,4
8941,9896,brd-k71334452,-0.11853574,-0.027201261,4
8942,9897,ei-247,-0.11853284,0.022569356,18
8943,9899,brd-k90168790,-0.11848136,-0.06971578,5
8944,9901,brd-k54546524,-0.11847878,-0.0065909824,7
8945,9903,brd-k28001518,-0.11845883,-0.016848797,6
8946,9904,brd-k93845141,-0.1184203,0.012684655,6
8947,9905,brd-k70868272,-0.11841147,-0.017625399,4
8948,9906,epothilone-a,-0.11839604,0.061313875,17
8949,9907,brd-k47394228,-0.118372284,-0.0021658381,6
8950,9908,brd-k32657617,-0.11836742,0.027113434,3
8951,9910,brd-k35468072,-0.1183564,0.04349471,5
8952,9911,brd-k78207246,-0.118349776,-0.07583247,3
8953,9912,brd-k51954117,-0.11834556,0.002739817,4
8954,9913,brd-k20923001,-0.118344255,0.041056335,12
8955,9914,brd-k19436903,-0.11832691,0.05617311,12
8956,9917,brd-k61359235,-0.11827581,-0.03374636,17
8957,9918,brd-k01389427,-0.11825402,0.026910832,6
8958,9919,brd-k15171837,-0.11824336,0.005864128,4
8959,9920,brd-k36057770,-0.11824186,-0.0072047445,6
8960,9924,brd-k85891179,-0.11816632,0.07060332,3
8961,9925,heptaminol,-0.118161485,0.0041129435,3
8962,9926,brd-k29182094,-0.11814672,0.022521168,3
8963,9927,nonoxynol-9,-0.11813542,0.0018789783,19
8964,9928,brd-k40555995,-0.11812273,-0.04507526,5
8965,9929,brd-k23784811,-0.11812107,0.11738156,5
8966,9930,brd-k80281472,-0.11810701,0.011791377,3
8967,9931,brd-k92125320,-0.11809204,-0.049856972,3
8968,9932,brd-k63383460,-0.11807975,-0.016584616,14
8969,9934,brd-k85079349,-0.118003875,-0.07745538,3
8970,9936,brd-k11238413,-0.11799354,0.034411445,5
8971,9937,brd-k97860318,-0.11796271,-0.033423886,6
8972,9938,brd-k38451408,-0.11795784,0.06866578,5
8973,9939,brd-k87258520,-0.117949724,-0.046153124,3
8974,9940,brd-k37225211,-0.11794065,-0.030611135,4
8975,9941,brd-k85367959,-0.11789718,-0.010068667,4
8976,9942,brd-k16347954,-0.11788773,-0.0028547836,6
8977,9943,brd-k36665199,-0.11788768,0.0050102505,12
8978,9944,brd-k97408390,-0.117873,-0.02222111,4
8979,9946,brd-k76028541,-0.11784369,0.028723931,6
8980,9948,brd-k52651393,-0.11783818,-0.080134444,4
8981,9949,brd-k60202553,-0.11783021,-0.055996567,3
8982,9951,brd-k88624856,-0.11780916,0.047966737,4
8983,9954,brd-k92543914,-0.117798455,0.051788628,10
8984,9955,brd-k51812182,-0.11778885,-0.010897071,6
8985,9956,brd-k88595392,-0.11778158,-0.038202703,5
8986,9957,levofloxacin,-0.11777485,0.06401338,11
8987,9958,brd-k96741939,-0.11776473,-0.03669391,4
8988,9960,brd-k31791559,-0.11772079,0.022263119,6
8989,9962,brd-k05469482,-0.11771259,-0.013069391,4
8990,9963,brd-k18982118,-0.117680736,0.039667107,5
8991,9964,brd-k62982188,-0.11767685,-0.035525106,3
8992,9965,brd-k45615006,-0.11766616,-0.044881918,5
8993,9966,brd-k80976693,-0.11766186,-0.05735449,5
8994,9968,brd-k77700305,-0.11764116,0.005737365,3
8995,9969,brd-k14600622,-0.11762329,0.034640193,4
8996,9970,brd-k87400432,-0.117622495,-0.06941343,3
8997,9971,dimethylnitrosamine,-0.11761856,-0.085901804,3
8998,9973,brd-k79983157,-0.117545485,0.0067654434,6
8999,9975,brd-k85565420,-0.117511325,0.002350824,8
9000,9976,brd-m68558198,-0.11749554,-0.017054236,6
9001,9978,brd-k61359353,-0.117481016,-0.041409887,4
9002,9981,brd-k61362569,-0.11740202,0.03233482,4
9003,9982,brd-k36048022,-0.117374554,0.008558603,6
9004,9983,brd-k41613119,-0.117351845,-0.050711893,4
9005,9985,brd-k31418530,-0.11734762,-0.094306834,4
9006,9986,thiamine,-0.11734042,-0.0051751877,4
9007,9987,brd-k17746689,-0.11733634,0.012928447,4
9008,9989,brd-k39284479,-0.11728381,-0.014453036,9
9009,9990,baeomycesic-acid,-0.117269315,0.016372673,8
9010,9991,brd-k74833731,-0.11726627,-0.09191249,5
9011,9992,tyloxapol,-0.11726378,0.023989428,4
9012,9993,ku-c104491,-0.11726219,0.024497498,12
9013,9994,brd-a60386802,-0.11724524,-0.025233723,17
9014,9996,zd-7155,-0.11723406,0.08382998,19
9015,9997,brd-k90526552,-0.11721963,0.030729925,3
9016,9998,brd-k60760276,-0.1171854,-0.0396079,6
9017,9999,brd-k09458434,-0.11717849,-0.024067303,7
9018,10000,tp7,-0.117173105,0.049845755,6
9019,10002,brd-k50733069,-0.117116675,0.008740399,4
9020,10006,brd-k65735929,-0.11704018,-0.066704154,4
9021,10007,brd-k35455895,-0.117021084,-0.010736508,6
9022,10008,brd-k66221011,-0.11701204,0.014633228,6
9023,10009,brd-k48853765,-0.11700849,0.039314903,3
9024,10010,brd-m97925630,-0.11700001,0.025194887,6
9025,10011,brd-k53674027,-0.11699284,0.011804238,5
9026,10012,brd-k23769006,-0.11696755,-0.050968684,5
9027,10013,tangeritin,-0.116965264,0.05819316,19
9028,10014,brd-k15384215,-0.11695222,-0.080005065,3
9029,10015,brd-k93331292,-0.11693262,-0.0010492336,13
9030,10016,brd-k32761691,-0.116906494,-0.0070651397,4
9031,10017,brd-k92000256,-0.11688774,-0.013216032,7
9032,10018,yl-62,-0.11688578,0.05990456,11
9033,10019,brd-k85955502,-0.11688366,-0.042513993,7
9034,10020,brd-k88821227,-0.11685491,0.030738331,7
9035,10021,brd-k41363665,-0.11685395,-0.005080037,5
9036,10023,brd-k61921568,-0.11680376,-0.033075023,13
9037,10024,sulfamonomethoxine,-0.11680176,0.0392509,4
9038,10026,brd-k35801103,-0.116780296,0.03957947,6
9039,10027,ku-c104486,-0.1167755,-0.019899664,13
9040,10028,brd-k00434250,-0.116771184,-0.08885022,4
9041,10030,brd-k33390612,-0.11676197,-0.048178103,5
9042,10031,brd-k93443135,-0.11674688,-0.0075705955,15
9043,10033,brd-k79498538,-0.11674029,-0.016423699,4
9044,10034,im-12,-0.11671628,-0.02126068,6
9045,10035,brd-k16195716,-0.11670841,-0.03630635,5
9046,10036,brd-k67514995,-0.11670767,0.053452034,11
9047,10037,brd-k43283393,-0.11670024,0.061567716,4
9048,10038,brd-k28436871,-0.11669827,-0.08993173,3
9049,10039,brd-k97481912,-0.116684206,0.03498985,4
9050,10041,brd-k85779012,-0.116636716,-0.02102612,6
9051,10042,brd-k17070436,-0.11662235,0.010138532,3
9052,10044,brd-k16255194,-0.11660583,-0.031004027,6
9053,10045,brd-k32784186,-0.116605334,0.027837034,6
9054,10047,brd-k43814749,-0.11659661,0.00044000894,4
9055,10048,brd-k18727181,-0.11658802,-0.058537222,6
9056,10049,brd-k62768824,-0.11658209,0.05593734,5
9057,10050,brd-k88967430,-0.1165611,0.11666171,4
9058,10051,brd-k65456352,-0.11655968,0.010097386,4
9059,10052,brd-k33407589,-0.11655633,0.07310939,3
9060,10054,brd-k06280926,-0.11654684,-0.053548887,6
9061,10055,brd-k65466135,-0.1165443,-0.08059972,3
9062,10058,brd-k62357899,-0.116522886,-0.05709973,5
9063,10059,brd-k66687431,-0.11652083,-0.108100735,3
9064,10061,brd-k93195783,-0.116516806,0.005512087,3
9065,10062,brd-k80913219,-0.116516225,-0.005121853,5
9066,10063,brd-k19042873,-0.11651429,-0.031043064,5
9067,10064,brd-k04380254,-0.116483875,0.041278236,13
9068,10066,brd-k76373654,-0.1164714,-0.01596174,5
9069,10067,brd-k68911617,-0.11645995,-0.030774776,6
9070,10068,brd-k41404328,-0.11645112,0.13451034,4
9071,10069,brd-k32388810,-0.11644127,0.0019972813,6
9072,10070,brd-k24789695,-0.116437465,-0.032354783,5
9073,10072,brd-k14027855,-0.116423406,0.02731401,13
9074,10074,brd-k67432391,-0.11640813,-0.052953966,3
9075,10075,brd-k82154894,-0.116404586,0.06234914,4
9076,10076,brd-k56014252,-0.116401225,-0.01980602,5
9077,10077,brd-k27638907,-0.11639162,-0.022758007,4
9078,10078,brd-k07933458,-0.11635467,0.048521236,3
9079,10079,brd-k77922066,-0.11634522,-0.0061309957,7
9080,10080,psb-1115,-0.1163394,0.041745193,15
9081,10082,sib-1757,-0.11632931,0.034186818,19
9082,10083,brd-k84921800,-0.1163226,-0.11343213,3
9083,10084,brd-k48508383,-0.116317734,0.019013964,4
9084,10085,brd-k98320434,-0.11631616,0.08062783,4
9085,10087,cediranib,-0.116285376,0.115056485,18
9086,10088,brd-k01912493,-0.11626113,-0.06986114,3
9087,10089,brd-k16925374,-0.11625287,0.05608294,17
9088,10090,brd-k77909743,-0.11621963,0.06543274,7
9089,10091,brd-k48183516,-0.11621781,-0.08822178,3
9090,10092,brd-k23020884,-0.11621685,0.0593798,5
9091,10093,brd-k89222451,-0.116153166,-0.0137694515,5
9092,10094,brd-k94159777,-0.11614834,-0.005310704,5
9093,10095,brd-k44482328,-0.11613968,-0.0524736,4
9094,10096,erbstatin-analog,-0.11612428,0.1291361,11
9095,10099,brd-k88197986,-0.11608405,-0.014558547,5
9096,10100,brd-k08412560,-0.11608047,-0.059531078,6
9097,10102,brd-k74461819,-0.116058,0.054367278,12
9098,10103,brd-k85937960,-0.11605671,-0.03330218,12
9099,10104,brd-k44818533,-0.11604852,-0.05082914,4
9100,10105,brd-k76418961,-0.11603654,-0.021061692,13
9101,10106,methoxamine,-0.11602844,-0.075498626,4
9102,10107,brd-k60895709,-0.116027504,-0.08030422,5
9103,10108,brd-k62122103,-0.11597726,0.020196877,8
9104,10109,brd-k91738333,-0.11597178,0.014619304,6
9105,10110,brd-k63424643,-0.11596882,0.0290634,4
9106,10111,brd-k94154731,-0.11594723,-0.0826536,5
9107,10112,brd-k48775333,-0.11594709,0.011576021,6
9108,10113,cerulenin,-0.115920685,0.039424848,73
9109,10114,brd-k65988431,-0.11591456,-0.023775905,7
9110,10115,brd-k37556205,-0.115905434,0.020773008,4
9111,10116,brd-k77100270,-0.11590063,-0.034062892,4
9112,10117,brd-m54407015,-0.11588967,0.093826056,6
9113,10118,brd-k40597368,-0.11588038,-0.0008934152,7
9114,10119,brd-k79235289,-0.115869865,-0.03278652,4
9115,10120,lincomycin,-0.11586602,-0.08695705,3
9116,10121,brd-k59559352,-0.1158643,0.003473587,5
9117,10122,brd-a81472640,-0.1158435,0.02810249,6
9118,10123,brd-k44562105,-0.11581538,0.04795472,4
9119,10124,brd-k97781791,-0.1158141,0.017919984,3
9120,10125,brd-k52846581,-0.11580964,-0.028883902,6
9121,10127,brd-k95269843,-0.115806945,0.046837844,6
9122,10128,brd-k28782753,-0.115805686,0.11408832,4
9123,10129,brd-k99369826,-0.1157941,-0.010055397,5
9124,10130,brd-k00224166,-0.11578271,-0.08438476,4
9125,10131,brd-k39017054,-0.115777865,0.059926994,5
9126,10132,brd-k28743085,-0.11577188,0.041884825,7
9127,10133,brd-k94158209,-0.115756266,-0.0060899667,6
9128,10134,brd-k14262667,-0.115732625,0.016493,6
9129,10135,brd-k02098145,-0.11573038,0.0038233662,5
9130,10136,brd-k92810472,-0.11569971,0.08991617,4
9131,10137,brd-k01739339,-0.11566011,-0.0044971164,6
9132,10138,brd-k02041150,-0.1156576,-0.06928806,4
9133,10139,brd-k37167897,-0.11565358,-0.04716772,3
9134,10140,brd-k53739837,-0.11564199,0.04435233,4
9135,10141,brd-k18412690,-0.11564153,0.015246754,6
9136,10143,brd-k22642889,-0.11563911,0.01967312,5
9137,10144,brd-k56555032,-0.11563494,0.03544898,11
9138,10145,brd-k73118655,-0.11563031,0.013690188,9
9139,10146,brd-k67485291,-0.11560404,-0.054752905,5
9140,10147,brd-k01834163,-0.115599826,0.07328607,13
9141,10148,brd-k81156227,-0.11556357,0.02463355,9
9142,10149,brd-k87927861,-0.11554462,-0.022280604,4
9143,10150,brd-k65617817,-0.1155445,-0.0327614,3
9144,10151,brd-k12482929,-0.1155408,0.08782624,6
9145,10152,z-36,-0.11553766,0.07198414,4
9146,10153,brd-k27395235,-0.115529224,-0.066108495,5
9147,10155,brd-k01245760,-0.11552459,-0.037561387,6
9148,10156,farnesylthiotriazole,-0.11551377,0.08004347,19
9149,10157,2-(biphenyl-4-ylsulfonamido)pentanedioic-acid,-0.115512155,-0.046397597,15
9150,10158,brd-k42489623,-0.11551008,0.10579304,13
9151,10159,brd-k96903074,-0.1154581,-0.044749673,7
9152,10160,brd-k59761766,-0.11542724,0.0108421985,15
9153,10161,brd-k92593565,-0.115415104,-0.033421546,4
9154,10162,brd-k45340761,-0.11541145,-0.03869057,5
9155,10163,brd-k50890172,-0.11540682,-0.056905966,5
9156,10164,brd-k16741885,-0.11536124,-0.007802355,4
9157,10165,brd-m91803535,-0.115339704,-0.0050338516,6
9158,10166,brd-k81392055,-0.1153095,-0.013985384,4
9159,10167,brd-k05671267,-0.11530251,-0.0030191136,5
9160,10168,gestrinone,-0.115301035,-0.038213156,15
9161,10169,brd-a44244100,-0.115299955,-0.023194067,12
9162,10170,brd-k14415573,-0.11527926,0.04358192,13
9163,10171,brd-k83790954,-0.11527522,-0.057742238,6
9164,10172,brd-k48016779,-0.1152675,0.06667857,17
9165,10173,brd-k43472599,-0.11522418,-0.050461803,5
9166,10175,brd-k31142225,-0.11520058,0.0066904174,5
9167,10176,brd-k44480417,-0.115196005,-0.015578384,4
9168,10177,brd-k63158888,-0.11519397,0.01859044,12
9169,10178,ticarcillin,-0.11519242,-0.07339339,4
9170,10179,brd-k54080903,-0.11518987,-0.029254882,3
9171,10181,brd-k80391949,-0.11517786,-0.0870611,4
9172,10182,brd-k60873020,-0.11516022,-0.050555266,4
9173,10183,brd-k20597651,-0.115157105,-0.07149019,6
9174,10184,brd-k48165980,-0.11513712,-0.029779892,5
9175,10185,brd-k25899698,-0.11513409,-0.028060902,5
9176,10186,brd-k32231531,-0.11511628,0.009292021,4
9177,10187,vu-0418933-1,-0.11510194,0.034468904,17
9178,10188,brd-k95526045,-0.11509831,0.0063390937,4
9179,10189,brd-k32053117,-0.11508553,0.040874034,6
9180,10190,brd-k30934336,-0.11508465,0.021012131,10
9181,10191,brd-k51220638,-0.115080625,-0.034486756,3
9182,10192,brd-k47378397,-0.11506059,-0.049466044,4
9183,10193,brd-k74144927,-0.115060136,-0.114145234,3
9184,10194,brd-k53359544,-0.11505087,-0.030517187,4
9185,10196,brd-k33054146,-0.11503951,-0.09624848,4
9186,10197,karakoline,-0.11502306,0.041713208,15
9187,10198,brd-k01520595,-0.11502294,-0.00095686316,4
9188,10199,chicago-sky-blue-6b,-0.11501847,0.096508175,4
9189,10200,brd-k62473389,-0.11500079,-0.033731632,5
9190,10202,brd-k74318028,-0.11498983,0.07018,11
9191,10203,brd-k24339152,-0.11498636,-0.07490006,4
9192,10204,brd-k99349510,-0.11497202,0.09438793,4
9193,10205,brd-k88672507,-0.1149629,-0.033466667,6
9194,10206,brd-k63993117,-0.11495176,-0.08933007,3
9195,10207,syrosingopine,-0.114946716,0.042965002,19
9196,10208,brd-k18415753,-0.114943266,-0.014484555,7
9197,10209,brd-k86894445,-0.11494014,-0.039810497,6
9198,10211,brd-k11604106,-0.11492029,-0.05982716,7
9199,10212,brd-k51181663,-0.114914104,0.013262319,6
9200,10213,brd-k16401691,-0.11491228,-0.039601125,6
9201,10215,brd-k69200251,-0.11487722,-0.04369903,5
9202,10216,brd-k43982847,-0.114861324,-0.0621768,4
9203,10217,brd-a72796238,-0.11486033,0.021354152,28
9204,10218,brd-k57346283,-0.11482838,0.056883004,5
9205,10220,brd-k37010295,-0.114827566,0.012049738,6
9206,10221,sa-85148,-0.114823624,0.049412265,12
9207,10222,brd-k09540583,-0.114807434,-0.017438719,4
9208,10224,brd-k43122204,-0.11479953,0.0018123406,5
9209,10225,brd-k98403755,-0.114793435,0.05230816,6
9210,10226,brd-k15178935,-0.11478468,-0.019117637,4
9211,10227,brd-k02427049,-0.11478352,0.03133432,5
9212,10228,brd-k89029303,-0.114775255,-0.04766319,4
9213,10229,rs-i-002-6,-0.11474817,0.008703134,17
9214,10230,brd-k81438145,-0.11473789,-0.10760811,5
9215,10232,brd-k75308990,-0.11470723,0.03783498,11
9216,10233,brd-k62063025,-0.11470347,-0.009367913,6
9217,10234,brd-k93207153,-0.11467962,0.0454518,5
9218,10235,brd-k31411295,-0.11466239,-0.034824457,5
9219,10237,brd-k76390333,-0.114659496,-0.024358058,7
9220,10238,p-azido-pe-tfmpp,-0.11465872,0.09690328,6
9221,10239,brd-k94734308,-0.11465808,-0.089771606,3
9222,10240,brd-k13794505,-0.11462913,0.036803592,17
9223,10241,brd-k83216232,-0.114620134,0.06423256,6
9224,10242,brd-k48350747,-0.11460655,-0.10366766,3
9225,10243,brd-k76047634,-0.114600524,-0.0018597391,6
9226,10244,cefotetan,-0.11458935,-0.05548839,4
9227,10246,brd-k02248910,-0.11456636,-0.010930502,6
9228,10247,brd-k88709513,-0.11456378,-0.051698215,6
9229,10248,brd-k33305493,-0.11456069,0.10058885,15
9230,10249,brd-k67983441,-0.11455897,-0.06501738,4
9231,10250,brd-k22275321,-0.114540525,-0.06978237,4
9232,10251,brd-k33504592,-0.1145389,-0.10469716,3
9233,10253,brd-k75996234,-0.11446953,0.07728199,4
9234,10254,brd-k95328825,-0.11444307,-0.07561973,4
9235,10255,brd-k67260071,-0.11444074,-0.0017657783,6
9236,10257,brd-k66037923,-0.11440537,0.023109928,12
9237,10258,brd-k63662683,-0.1143969,-0.064111374,4
9238,10259,brd-k42867405,-0.11439631,0.03761117,15
9239,10260,brd-k50727748,-0.114383936,0.019451251,6
9240,10261,brd-k33483445,-0.11438352,0.02313148,3
9241,10263,brd-k91508497,-0.11436199,-0.013053833,4
9242,10264,brd-k32088574,-0.11432885,-0.0025512942,5
9243,10265,brd-k76318793,-0.11431625,-0.02900152,11
9244,10266,kuc104240n,-0.11431314,0.03720484,13
9245,10267,brd-k69980290,-0.11429997,-0.0336064,6
9246,10268,brd-k24050458,-0.1142505,0.050796106,6
9247,10269,brd-k44806584,-0.114245206,-0.06950976,4
9248,10270,brd-k28366633,-0.11424277,0.008036682,13
9249,10271,brd-k36226647,-0.114228606,-0.038399443,9
9250,10272,brd-k42610174,-0.114221975,0.011580427,4
9251,10273,brd-k34447376,-0.114192404,-0.004870803,6
9252,10274,brd-k81543190,-0.11419128,0.026262555,4
9253,10275,brd-k44633836,-0.11418721,0.056801572,3
9254,10276,brd-k10806720,-0.11417384,-0.05059837,5
9255,10277,brd-k64649040,-0.11415149,-0.08967589,5
9256,10279,brd-a93975555,-0.11414174,0.06110467,12
9257,10280,brd-k97373677,-0.11413383,0.03802631,6
9258,10283,brd-k70470333,-0.11406886,-0.069227986,4
9259,10285,brd-k99307487,-0.11405853,0.0016064553,5
9260,10286,lynestrenol,-0.11405657,-0.008031359,3
9261,10287,brd-k19973744,-0.11404654,-0.028445976,13
9262,10289,brd-k20112532,-0.113992386,0.02226502,13
9263,10291,brd-k30659453,-0.11399112,-0.03300089,3
9264,10292,brd-k41419164,-0.1139892,0.002929273,5
9265,10293,brd-k77444669,-0.113985986,-0.037502617,5
9266,10294,brd-k54457715,-0.113959074,0.030987129,4
9267,10296,brd-k97864534,-0.113933384,-0.041273374,5
9268,10297,brd-k47691029,-0.11392836,-0.0010016233,4
9269,10298,brd-k03261284,-0.11392024,-0.054713283,7
9270,10299,brd-k73334721,-0.11391357,0.040271796,13
9271,10300,brd-a76641868,-0.11391304,-0.009265129,15
9272,10301,brd-k79199685,-0.113890104,-0.014282615,7
9273,10302,col-3,-0.11385928,0.12480988,108
9274,10304,brd-k58493165,-0.113836125,0.027378174,6
9275,10305,brd-k55749829,-0.11381952,-0.014144092,8
9276,10306,brd-k32021722,-0.113805756,0.014510945,6
9277,10307,10h-phenothiazin-10-yl)(p-tolyl)methanone,-0.11380123,0.0172088,15
9278,10308,brd-k61520982,-0.113798335,-0.09888124,5
9279,10309,brd-k92522487,-0.11379633,-0.06484481,3
9280,10311,brd-k03346718,-0.11374092,-0.029621696,6
9281,10313,brd-k11402657,-0.11371807,-0.019572375,6
9282,10314,brd-k74636477,-0.113706775,0.08715322,4
9283,10315,brd-k76454674,-0.11369169,0.033090975,4
9284,10316,brd-k39267498,-0.113690294,0.09659901,3
9285,10317,brd-k07385663,-0.11368802,-0.006253041,5
9286,10318,brd-k38459107,-0.113686085,-0.044743706,7
9287,10319,brd-k87931486,-0.1136841,0.043507993,5
9288,10320,brd-k04445149,-0.11368114,-0.019133247,3
9289,10323,brd-k85099724,-0.11366225,0.031581216,6
9290,10325,brd-k28649955,-0.113639966,0.019641379,20
9291,10327,brd-k20429911,-0.11362829,-0.020237328,5
9292,10328,brd-k05543055,-0.11362674,-0.03663097,7
9293,10329,brd-k40324831,-0.113621704,0.020132838,4
9294,10330,brd-k68191033,-0.11361825,0.09250593,17
9295,10331,brd-k71477834,-0.11361704,-0.04307911,4
9296,10332,brd-a06779035,-0.11361599,0.042116143,6
9297,10333,brd-k73005792,-0.11361373,0.00014568609,5
9298,10335,brd-k17830172,-0.11359841,0.008377563,13
9299,10336,brd-k04648846,-0.113571584,0.07226142,3
9300,10337,brd-k81921806,-0.11356074,-0.08025843,3
9301,10338,brd-k96804382,-0.11354352,-0.010539849,4
9302,10339,brd-k37957394,-0.113539636,-0.082438044,4
9303,10340,brd-k75580081,-0.113509245,0.08471267,3
9304,10341,brd-k06405410,-0.11350065,0.08766136,13
9305,10342,bietaserpine,-0.11349223,0.040514234,6
9306,10343,brd-k47327334,-0.11346457,-0.06987097,3
9307,10344,sa-103150,-0.11346067,0.08532108,12
9308,10345,ici-89406,-0.11343627,-0.03672235,19
9309,10349,brd-k61881697,-0.11339575,0.021984069,4
9310,10350,phenamil,-0.113391995,0.050545957,15
9311,10352,brd-k90640851,-0.1133774,-0.0584201,6
9312,10353,brd-k31720784,-0.113366686,-0.020667134,6
9313,10354,brd-k91868345,-0.113358125,-0.09294222,5
9314,10356,brd-k99502566,-0.11334679,-0.053819,13
9315,10357,brd-k49896210,-0.11334087,0.070143476,6
9316,10359,brd-k93303857,-0.113297604,0.054354113,6
9317,10360,brd-m59406954,-0.11328658,-0.07115256,6
9318,10362,vu-0415108-1,-0.11327488,0.011531343,13
9319,10363,brd-k79929772,-0.11326578,0.023234466,6
9320,10366,md-041,-0.113228336,0.027824959,17
9321,10368,brd-k15108654,-0.11321764,0.105280064,4
9322,10369,brd-k46044238,-0.11320956,0.0030879013,5
9323,10370,brd-k24149610,-0.11320337,-0.027259737,6
9324,10371,brd-k77434972,-0.11318279,-0.07140512,4
9325,10372,brd-k11746559,-0.113170244,-0.008728451,7
9326,10373,brd-k38933129,-0.113156974,0.019154483,4
9327,10375,brd-k75636693,-0.11315242,-0.004693726,3
9328,10376,brd-k41059137,-0.113108896,0.08026504,12
9329,10377,chlorhexidine,-0.1131063,-0.0053288233,7
9330,10378,brd-k25295874,-0.11310063,-0.035258073,5
9331,10379,brd-k74757268,-0.113090955,-0.065425865,4
9332,10380,chloramphenicol,-0.11308884,0.11004214,14
9333,10382,metacycline,-0.11305979,0.0036059013,4
9334,10383,brd-k08540981,-0.11304791,-0.022915917,3
9335,10384,brd-k25585643,-0.11304454,0.048600543,5
9336,10385,brd-k68368772,-0.11304439,-0.0014773291,4
9337,10386,brd-k76211160,-0.113039546,0.044597633,15
9338,10388,brd-k18237196,-0.11301768,-0.08097295,3
9339,10391,brd-k58300809,-0.11297567,0.025590844,7
9340,10392,brd-k89399567,-0.11296649,-0.046191417,6
9341,10393,brd-k41200778,-0.11295404,0.113173775,8
9342,10394,brd-k04123911,-0.112943776,-0.0021673837,5
9343,10395,brd-k77831863,-0.11294148,-0.013796571,11
9344,10398,isometheptene,-0.11285897,-0.08500876,4
9345,10399,brd-k06260900,-0.11285598,0.0029080794,3
9346,10400,brd-k25989885,-0.11284797,-0.0025743644,3
9347,10401,brd-k48654093,-0.11283855,0.0035360558,6
9348,10402,brd-k31906558,-0.11281599,-0.063732855,5
9349,10404,brd-k36365616,-0.11280731,-0.06464153,3
9350,10405,mepireserpate,-0.112762235,0.108674236,15
9351,10406,bg-1015,-0.11275377,0.009128395,6
9352,10407,brd-k10879245,-0.11270811,0.04702366,4
9353,10409,monensin,-0.112687685,0.043590292,4
9354,10411,brd-k64979116,-0.112638064,-0.062861785,13
9355,10412,brd-k98993678,-0.11262682,-0.013793291,4
9356,10413,brd-k52572235,-0.11261923,-0.0052719475,4
9357,10414,brd-k71555338,-0.11260567,-0.0056120125,4
9358,10415,brd-k64579699,-0.11258887,-0.04427741,3
9359,10416,brd-k88269385,-0.11258708,-0.023908647,13
9360,10417,brd-k69747917,-0.11258112,-0.028308835,6
9361,10418,brd-k58945843,-0.11258104,0.10981591,4
9362,10420,brd-k73423175,-0.112555444,-0.040955633,5
9363,10423,brd-k86618560,-0.11254404,-0.055484165,11
9364,10424,brd-k68844146,-0.11254368,0.09059556,6
9365,10425,brd-k74582039,-0.112540394,-0.09258103,6
9366,10426,brd-k55313038,-0.11253997,-0.028720343,4
9367,10429,bu-224,-0.112443395,0.014972849,15
9368,10430,brd-k18981886,-0.11244339,-0.035766814,5
9369,10432,brd-k85275009,-0.11242637,0.037820436,15
9370,10433,brd-k49751344,-0.11241792,-0.04415083,10
9371,10434,brd-k18238232,-0.112408295,0.01030896,7
9372,10435,bu-226,-0.11240407,0.038042214,15
9373,10436,brd-k31898736,-0.11240349,-0.030099085,3
9374,10438,whi-p154,-0.11238244,0.04007837,19
9375,10439,brd-k45216862,-0.11237477,0.00485376,12
9376,10440,brd-k20985754,-0.112370685,-0.042932898,6
9377,10441,brd-k80907598,-0.11236858,-0.026362857,5
9378,10442,psh-025,-0.11236306,-0.026172362,15
9379,10445,methyllycaconitine,-0.11231865,-0.0051681655,19
9380,10446,levomepromazine,-0.11231782,-0.0146977855,23
9381,10447,psh-027,-0.11229776,0.018797865,15
9382,10449,ku-c104493,-0.11229194,-0.042038504,13
9383,10450,brd-k41526317,-0.112276286,0.011235249,7
9384,10451,am-281,-0.11227596,0.0194443,15
9385,10454,brd-k55025062,-0.11226295,0.05144088,3
9386,10455,vu-0402604,-0.112260595,0.016797973,13
9387,10456,st-001903,-0.11221935,0.07608803,17
9388,10457,brd-k46504268,-0.11219608,-0.10395829,5
9389,10458,brd-k99597257,-0.1121937,0.02811322,6
9390,10459,brd-a70541707,-0.11218351,-0.07893532,6
9391,10460,brd-m16214895,-0.11217113,-0.028825244,6
9392,10461,brd-k86621086,-0.11215512,-0.054999053,6
9393,10462,brd-k17712828,-0.112149745,0.057598334,7
9394,10464,brd-k06521224,-0.112148404,-0.037412085,5
9395,10465,brd-k26119753,-0.11213706,0.037378877,8
9396,10466,brd-k90424352,-0.11211732,-0.0015892717,10
9397,10467,brd-k76397886,-0.11211706,0.085418835,5
9398,10468,brd-k51975159,-0.112088665,-0.08754415,5
9399,10469,brd-k69510809,-0.11208127,-0.05230805,5
9400,10470,brd-k50266413,-0.112071946,0.03785485,6
9401,10471,brd-k39728090,-0.11206453,-0.062527746,4
9402,10473,brd-k50893227,-0.11204395,-0.041333146,3
9403,10474,brd-k46362951,-0.11202464,0.009751802,6
9404,10475,brd-k27671514,-0.11202262,-0.0009304932,9
9405,10476,brd-k10114046,-0.11198944,0.069097914,13
9406,10477,brd-k14209633,-0.11197623,-0.107648395,3
9407,10478,brd-k32310489,-0.1119761,-0.06928443,5
9408,10479,brd-k35769695,-0.111971654,-0.021360908,6
9409,10481,brd-k31641287,-0.11195478,0.02679288,4
9410,10482,brd-k71904020,-0.11193157,-0.063980736,3
9411,10483,sa-97259,-0.11187081,0.14768289,25
9412,10484,sphingosine,-0.11186697,0.021517355,18
9413,10486,brd-k47156219,-0.11185259,-0.06895075,3
9414,10488,brd-k40063896,-0.111844,-0.041529186,3
9415,10489,brd-k22676415,-0.11184031,-0.09055279,4
9416,10490,brd-k59683426,-0.111825846,-0.1025363,5
9417,10491,brd-k74162965,-0.11180016,-0.062631615,3
9418,10492,brd-k69021489,-0.11178177,0.10407103,13
9419,10493,brd-k12985993,-0.11176452,-0.012095608,5
9420,10498,brd-k45092764,-0.111725286,-0.019851642,6
9421,10499,sb-408124,-0.11170703,0.036717795,19
9422,10500,brd-k04418684,-0.11170386,-0.054124106,5
9423,10501,brd-k46645809,-0.11169901,-0.015519287,13
9424,10503,brd-k73171326,-0.11167717,0.011356211,4
9425,10504,sa-427730,-0.11165774,0.2080884,12
9426,10505,dmba,-0.11160592,-0.04072059,3
9427,10508,imidazolidinyl-urea,-0.11158906,-0.08249119,4
9428,10509,brd-k82425094,-0.11158865,-0.021152427,3
9429,10510,brd-k97878521,-0.11156729,0.014475003,3
9430,10511,brd-a77864279,-0.11155349,-0.025869519,6
9431,10512,brd-k30409687,-0.11155044,0.041583166,4
9432,10513,brd-k88114291,-0.11153851,-0.08652903,3
9433,10514,brd-k93123387,-0.11153015,0.030423412,6
9434,10515,brd-k66356233,-0.1115288,-0.05032761,7
9435,10517,brd-k18883945,-0.11150926,-0.08525479,4
9436,10522,brd-k79355010,-0.11145977,-0.012083985,6
9437,10523,brd-k05278519,-0.11143037,0.009850284,4
9438,10525,brd-k41660807,-0.11140102,0.047377303,6
9439,10526,pyrvinium,-0.11139993,0.10213849,9
9440,10527,brd-k93140279,-0.111357756,-0.044510566,4
9441,10528,brd-k35080107,-0.11135481,-0.026020324,3
9442,10530,brd-k06388802,-0.11132396,0.07300937,4
9443,10531,brd-k90281509,-0.11131896,-0.0013968553,14
9444,10532,brd-k13513398,-0.11131449,-0.024523161,4
9445,10533,brd-k76758536,-0.1112881,0.06776038,4
9446,10536,brd-k53949821,-0.11125674,-0.023801254,9
9447,10537,apramycin,-0.11124298,-0.02593518,4
9448,10540,brd-k99433267,-0.1112262,0.031350214,17
9449,10541,brd-k88608081,-0.11121838,0.047942497,4
9450,10542,brd-k64034190,-0.11121723,0.0037388685,11
9451,10543,brd-k20441249,-0.111212306,-0.016544074,6
9452,10544,brd-k89584002,-0.1112073,-0.08712047,5
9453,10546,brd-k88176535,-0.111085586,-0.04218874,5
9454,10547,brd-k88560304,-0.11107537,-0.04869784,6
9455,10548,brd-k01335229,-0.1110652,-0.063222595,3
9456,10549,brd-k95913445,-0.11104127,-0.05847828,6
9457,10550,chembl-399379,-0.111025676,0.07764882,64
9458,10551,brd-k20763958,-0.111015916,-0.026409278,3
9459,10552,brd-k11749439,-0.110972725,0.04557714,6
9460,10553,brd-k42704273,-0.11093764,-0.027728839,5
9461,10554,brd-k67236950,-0.11093382,0.10058577,12
9462,10555,brd-k10702894,-0.1109203,-0.042193614,5
9463,10556,brd-a27640568,-0.11091645,0.08517501,17
9464,10557,brd-k22097595,-0.110891126,-0.10021119,4
9465,10558,acetohydroxamic-acid,-0.11087184,0.046092205,8
9466,10560,sa-102607,-0.110843755,0.06952542,14
9467,10561,brd-k41034329,-0.11081768,-0.07983671,5
9468,10562,brd-k95842463,-0.11079628,0.038940363,13
9469,10563,brd-k33889536,-0.11079198,0.11428922,3
9470,10564,brd-k39151337,-0.11079082,-0.053721983,4
9471,10565,ku-c104126n,-0.11076279,-0.061512377,12
9472,10566,brd-k47950966,-0.110760204,-0.1058066,5
9473,10568,enoxacin,-0.11072096,-0.06781545,4
9474,10569,brd-a70311631,-0.11072036,0.026219083,13
9475,10570,dicoumarol,-0.11071599,0.042550366,4
9476,10573,brd-k85804197,-0.11067561,-0.08785536,3
9477,10574,brd-k95767742,-0.11065132,0.025730701,6
9478,10575,brd-k55082668,-0.11064074,0.016094549,18
9479,10576,brd-k85632805,-0.11062061,-0.09420742,4
9480,10578,halofantrine,-0.11060769,0.043403573,4
9481,10579,brd-a73558769,-0.110597,0.06254277,28
9482,10580,brd-k16329066,-0.11057677,-0.018480785,7
9483,10581,brd-k46674611,-0.11056947,0.042521007,4
9484,10582,brd-a52933579,-0.11056887,0.060640015,4
9485,10583,brd-k36115238,-0.11055233,-0.018146344,3
9486,10584,brd-k32782699,-0.11054321,-0.0002226071,9
9487,10586,brd-k57627685,-0.1105088,-0.016728591,3
9488,10587,brd-k86596187,-0.11050597,0.0646575,6
9489,10588,brd-k96047861,-0.11047323,-0.016486602,4
9490,10589,brd-k65633533,-0.110466845,-0.07160218,5
9491,10590,brd-k31949858,-0.1104611,-0.0013543008,12
9492,10591,brd-k17698750,-0.11045613,-0.07330711,4
9493,10592,brd-k44134539,-0.1104474,-0.068736374,3
9494,10596,"1,2,3,4-tetrahydroisoquinoline",-0.110418014,-0.084079534,6
9495,10597,brd-k09329774,-0.110404916,0.06489961,11
9496,10598,brd-k33821902,-0.11037977,0.04019549,5
9497,10599,brd-k21642343,-0.110363305,-0.028535433,6
9498,10601,brd-k79090110,-0.11035939,-0.07829505,6
9499,10602,brd-k58214070,-0.11035824,0.08405271,12
9500,10603,brd-k62995317,-0.11034779,-0.04916257,7
9501,10604,brd-k36065557,-0.11034761,-0.0029826425,4
9502,10606,brd-k58253880,-0.11033811,-0.051004324,3
9503,10608,brd-k45892018,-0.11029046,-0.028041672,4
9504,10611,brd-k80193146,-0.110281564,-0.009935658,6
9505,10612,way-161503,-0.110280186,0.06565652,15
9506,10613,brd-k87471235,-0.11024683,-0.06574058,3
9507,10614,brd-k86086755,-0.11024532,-0.042770315,6
9508,10615,brd-k09290524,-0.11022086,0.011892325,6
9509,10616,brd-k72449498,-0.11021661,-0.0706476,6
9510,10617,brd-k95935167,-0.11021085,-0.100935005,3
9511,10618,brd-k33713995,-0.11019752,0.014118956,4
9512,10620,brd-k50716931,-0.11016963,0.042552404,7
9513,10621,brd-k61387428,-0.11016844,0.08517045,4
9514,10622,brd-k49596872,-0.11016055,0.04075195,4
9515,10625,brd-k14886982,-0.110144995,0.03773367,7
9516,10626,brd-k93181983,-0.1101361,-0.07042909,5
9517,10627,brd-k57901680,-0.1101334,-0.017380614,6
9518,10628,brd-k15181602,-0.11012639,-0.026426809,6
9519,10629,brd-k94993557,-0.11009578,-0.04933738,5
9520,10630,brd-k62767164,-0.1100689,-0.011367482,3
9521,10631,brd-k58347372,-0.11006773,0.037088092,17
9522,10632,brd-k58250123,-0.11006567,-0.07444587,3
9523,10633,brd-k92979098,-0.11002524,-0.0041454206,3
9524,10634,brd-k58475709,-0.110008694,-0.059864223,7
9525,10636,brd-k43216840,-0.11000111,0.011527877,4
9526,10637,brd-k22496535,-0.10999796,-0.061192375,3
9527,10638,brd-k72452617,-0.109991044,0.017201245,3
9528,10639,bg-1023,-0.10998115,-0.06079213,6
9529,10640,brd-k29547084,-0.10997542,-0.028604344,5
9530,10641,brd-k02010139,-0.1099677,-0.038684085,6
9531,10642,sr-144528,-0.1099639,0.04957014,6
9532,10643,brd-k61657561,-0.109939195,-0.097245194,5
9533,10645,brd-k93885794,-0.10993073,-0.083596274,3
9534,10646,brd-k45595662,-0.10993004,0.004397044,4
9535,10648,brd-k32185509,-0.109853424,-0.0709804,6
9536,10649,brd-k19016577,-0.10983238,0.021006545,3
9537,10650,brd-k99439802,-0.1098181,-0.09685399,4
9538,10651,brd-k31784555,-0.10981593,-0.07589914,4
9539,10652,brd-k51050139,-0.109813385,-0.07030947,5
9540,10653,brd-a77098556,-0.10978699,0.026699,6
9541,10654,brd-k48492265,-0.10976943,-0.06719577,4
9542,10656,brd-k80747759,-0.10975916,0.026911173,8
9543,10657,brd-k60667054,-0.10975307,-0.024056135,6
9544,10658,fluocinolone-acetonide,-0.109744504,0.005924224,15
9545,10660,brd-k41014695,-0.10972433,-0.045120835,6
9546,10661,wz-3146,-0.10972346,0.0033932058,18
9547,10662,brd-k43518940,-0.10970081,-0.011249855,4
9548,10663,brd-k29102147,-0.1096982,-0.02397631,4
9549,10664,brd-k16297709,-0.10966578,0.07235332,8
9550,10665,brd-k14951088,-0.10963457,-0.038373016,5
9551,10666,brd-k91194707,-0.109603986,0.044787064,6
9552,10667,brd-k95352880,-0.10960012,-0.047535993,6
9553,10668,brd-k84536720,-0.10958791,-0.043477796,7
9554,10670,brd-k84468307,-0.109569445,-0.093932964,4
9555,10671,brd-k38373457,-0.10956827,-0.012939633,6
9556,10673,brd-k70875408,-0.10955565,0.06536271,13
9557,10674,brd-k73008154,-0.109552994,0.03292653,12
9558,10675,brd-k80999199,-0.10955179,-0.08251189,4
9559,10676,brd-k94136966,-0.10954561,0.060629345,4
9560,10677,brd-k71932341,-0.10954015,-0.043974213,7
9561,10679,brd-k74341727,-0.10953633,0.0018939541,7
9562,10680,brd-k97251260,-0.10952743,0.027106965,6
9563,10681,brd-k44465671,-0.10951811,0.004088319,7
9564,10682,brd-k83001027,-0.10951229,0.025346763,6
9565,10683,avrainvillamide-analog-3,-0.10947642,-0.008329786,48
9566,10684,brd-k97898255,-0.10946744,-0.028344743,3
9567,10685,brd-k13759728,-0.10944805,0.030102694,3
9568,10686,l-670596,-0.10942114,0.013896556,15
9569,10687,brd-a35769934,-0.1094207,-0.04456823,8
9570,10688,brd-k88385750,-0.10941621,-0.027525175,4
9571,10689,etoricoxib,-0.109408066,0.06903849,4
9572,10690,brd-k19882533,-0.1093615,-0.0025239608,6
9573,10691,brd-k81365479,-0.10935668,0.044311505,6
9574,10692,brd-k04985042,-0.109354176,0.057739243,6
9575,10693,brd-k73434976,-0.10934686,-0.068541415,7
9576,10694,brd-k05620072,-0.1093382,0.025655422,3
9577,10696,brd-k40623364,-0.10930124,-0.050306674,6
9578,10697,brd-k00141503,-0.109299086,0.012659061,12
9579,10699,brd-k89321975,-0.10927527,0.008571893,4
9580,10700,brd-k96535153,-0.10927121,0.03845232,5
9581,10702,st-4029573,-0.10925345,0.08176994,17
9582,10703,brd-k49525301,-0.1092486,0.0045707296,4
9583,10704,brd-k20949245,-0.10923277,-0.05791448,6
9584,10705,brd-k16714380,-0.10922872,0.026613712,10
9585,10706,brd-k36165258,-0.10922088,-0.03642706,7
9586,10707,brd-k26767475,-0.10921631,0.07315634,15
9587,10708,brd-k58808184,-0.10918538,0.030640295,13
9588,10709,brd-k77705921,-0.10915424,0.036909677,6
9589,10710,brd-k79095355,-0.10915194,0.068334885,3
9590,10711,brd-k38444262,-0.10914738,0.009932428,5
9591,10713,brd-k98856658,-0.109135196,0.0003984617,13
9592,10715,brd-k72271119,-0.10909638,0.025190372,6
9593,10717,brd-k40840224,-0.10908292,-0.09367202,3
9594,10718,brd-k42438139,-0.109075494,0.046308707,6
9595,10719,brd-k23217072,-0.10905974,0.14787458,13
9596,10720,brd-k55242988,-0.10905007,-0.040718507,5
9597,10721,pci-24781,-0.109016165,0.042747762,19
9598,10723,brd-k09487323,-0.10900372,0.07734109,3
9599,10724,brd-k17333907,-0.10900185,0.075659536,3
9600,10725,brd-k01594626,-0.10899578,0.030563634,5
9601,10726,brd-k08043379,-0.10898703,-0.04861106,10
9602,10727,brd-k41200351,-0.108986,-0.03858934,3
9603,10728,brd-k21473123,-0.10891606,0.010960078,6
9604,10729,brd-k64255844,-0.108879864,0.11116777,4
9605,10730,brd-k77984885,-0.1088706,-0.082052074,5
9606,10732,brd-k96635690,-0.10885534,-0.023249712,4
9607,10733,brd-k86671899,-0.108854346,0.12976384,11
9608,10734,brd-k59022317,-0.1088508,0.10110016,4
9609,10735,epiandrosterone,-0.10884269,-0.04558382,4
9610,10736,trans-bis-q,-0.10883682,0.04431507,6
9611,10738,brd-k48424967,-0.10880606,-0.08667717,5
9612,10739,brd-k62455331,-0.10880543,-0.019189399,4
9613,10741,brd-k20479120,-0.108771585,-0.058733374,6
9614,10742,brd-k95895342,-0.10875091,-0.03325933,17
9615,10743,fluorometholone,-0.10875024,0.05989325,19
9616,10744,brd-k14952621,-0.10873413,0.02914431,4
9617,10745,brd-k89207838,-0.108719096,-0.06675473,5
9618,10746,brd-k91662172,-0.10871544,-0.027718354,6
9619,10747,brd-k34106732,-0.1087129,0.021544287,6
9620,10748,brd-k40941329,-0.10869672,-0.032526318,4
9621,10750,brd-k62744999,-0.10867271,0.0002823991,5
9622,10751,brd-k39367499,-0.1086681,-0.029454244,6
9623,10752,brd-k87748349,-0.10863852,-0.018032327,5
9624,10753,brd-k28925416,-0.108633295,0.013974304,8
9625,10754,brd-k14768863,-0.10862018,0.17217605,3
9626,10755,brd-k68907515,-0.10862014,-0.029970013,5
9627,10758,brd-k63764020,-0.10857419,-0.028230425,5
9628,10759,brd-k88683417,-0.108570576,-0.053440776,5
9629,10760,aminopurvalanol-a,-0.108570345,0.15865608,39
9630,10761,brd-k79768170,-0.10856856,-0.058169268,7
9631,10763,brd-k12862164,-0.10855337,0.01738467,5
9632,10764,brd-k34856675,-0.10855107,-0.0730611,5
9633,10765,brd-k67787765,-0.10854573,0.09045415,13
9634,10766,brd-k63979920,-0.10853236,0.0051485747,13
9635,10767,brd-k29555302,-0.10853046,0.01825493,3
9636,10769,cefmetazole,-0.10850139,-0.050216988,4
9637,10770,brd-k27817736,-0.10849689,0.0721032,4
9638,10771,isoniazid,-0.108495675,0.00045955807,3
9639,10772,brd-k37849751,-0.108428985,-0.02238507,7
9640,10773,brd-k96952717,-0.108424686,-0.016665434,6
9641,10774,brd-a52530852,-0.10841482,-0.025242567,6
9642,10775,pd-158780,-0.10841138,0.011939091,15
9643,10776,dicyclohexylurea,-0.108393155,-0.044741783,19
9644,10777,brd-k07270511,-0.10838949,0.022768619,6
9645,10778,brd-k96742509,-0.108388804,0.059175003,5
9646,10779,brd-k80247389,-0.108361445,-0.012335406,3
9647,10780,brd-k39911043,-0.10831855,-0.04711995,4
9648,10782,brd-k96745884,-0.10829081,-0.06809411,3
9649,10784,brd-k20342961,-0.10827354,0.01567075,6
9650,10785,brd-k57883133,-0.10824885,-0.0072089955,5
9651,10786,brd-k61991236,-0.1082355,0.047775086,6
9652,10788,brd-k76665419,-0.10820651,0.08820709,4
9653,10789,brd-a31429689,-0.108206145,-0.020102646,13
9654,10790,brd-k62985789,-0.10820565,-0.033464167,4
9655,10791,ku-c104248,-0.1082027,0.10385353,13
9656,10792,brd-k65506786,-0.1082005,-0.05558981,4
9657,10793,brd-k79552375,-0.10819572,-0.061370328,5
9658,10794,brd-k85314854,-0.108195394,0.023177363,6
9659,10796,brd-a71339955,-0.108188026,0.026704509,13
9660,10797,brd-k75090653,-0.108166695,0.0078661125,6
9661,10799,brd-k53577657,-0.108143665,0.09027312,3
9662,10800,brd-k08799867,-0.10813462,-0.041472312,6
9663,10801,brd-k35081088,-0.10812883,-0.02537542,6
9664,10803,fg-7142,-0.108116336,0.027998375,15
9665,10804,brd-k75992528,-0.10811182,0.070933096,5
9666,10808,brd-k97175782,-0.10805389,-0.013960716,5
9667,10809,brd-k94293090,-0.10804394,0.06757602,6
9668,10810,brd-k07609594,-0.10802494,-0.0100710625,6
9669,10812,brd-k02987635,-0.10797763,-0.02705799,6
9670,10813,vu-0420364-1,-0.10797425,0.017645553,12
9671,10815,brd-k19036853,-0.107954085,0.023537349,6
9672,10816,brd-k48150994,-0.10793098,0.054420196,3
9673,10817,brd-k73082254,-0.10792912,0.04686275,4
9674,10820,brd-k43570134,-0.10789794,0.04842732,7
9675,10821,brd-k80496944,-0.10788974,0.09157611,7
9676,10822,brd-k13757679,-0.10786115,-0.05167184,7
9677,10823,brd-k47727686,-0.10785432,-0.035814453,5
9678,10825,oxamflatin,-0.107826136,-0.024011942,6
9679,10826,brd-k07060092,-0.10779978,-0.022530284,6
9680,10828,brd-k71571889,-0.10775515,-0.010820504,6
9681,10829,acipimox,-0.10773146,-0.09520658,4
9682,10830,brd-k80197532,-0.10772879,0.011922687,6
9683,10831,brd-k97919576,-0.107671134,-0.055367395,4
9684,10832,brd-k28945051,-0.10767075,-0.028982133,6
9685,10835,brd-k32602441,-0.10763857,-0.040749542,15
9686,10836,brd-k79259704,-0.10762825,0.03128965,3
9687,10837,brd-k37848804,-0.10762273,0.064376935,4
9688,10838,brd-k00596708,-0.10761642,-0.035458535,6
9689,10839,brd-k44575839,-0.10760349,-0.01557515,7
9690,10840,brd-k37530005,-0.10759957,-0.070265196,4
9691,10841,brd-k97972722,-0.107596025,0.006676101,13
9692,10842,brd-k34079378,-0.107589744,0.046414312,12
9693,10843,brd-k78822642,-0.10757463,-0.1004026,4
9694,10844,brd-k15768839,-0.10756185,-0.08997216,3
9695,10845,brd-k19658687,-0.10754505,-0.04262036,6
9696,10846,brd-k51633576,-0.10752352,0.042018473,13
9697,10849,brd-k46911271,-0.10749644,-0.014466411,6
9698,10850,brd-k87730884,-0.10749437,0.051858082,6
9699,10851,brd-k00172657,-0.10749213,-0.011070112,6
9700,10852,brd-k49712247,-0.10748166,0.059874404,12
9701,10854,brd-k22853292,-0.10746314,0.021638103,6
9702,10855,brd-k74378303,-0.10746286,0.0693105,3
9703,10856,emd-41000,-0.107457995,0.0036652617,19
9704,10857,brd-k39654705,-0.107455,0.011041742,3
9705,10859,brd-k24861700,-0.10736162,0.02231221,13
9706,10861,brd-k46205969,-0.10735424,0.033990774,3
9707,10862,brd-k29733597,-0.10732527,-0.011745715,3
9708,10863,brd-k16772343,-0.10732256,-0.02147942,5
9709,10864,triphenyl-tin,-0.10729757,0.075065985,3
9710,10865,brd-k30275524,-0.10729023,-0.03253066,5
9711,10866,brd-k99737413,-0.10728743,0.057031933,15
9712,10867,brd-k97095445,-0.10726958,-0.013605967,5
9713,10868,brd-k21154786,-0.107255965,-0.029600488,7
9714,10871,brd-k68730107,-0.107230134,-0.027278852,3
9715,10872,brd-k65837806,-0.107225105,0.025430713,3
9716,10873,brd-k69197522,-0.107218474,-0.00059600093,5
9717,10874,brd-k14200107,-0.107209764,-0.0555862,5
9718,10875,brd-k15626512,-0.107202694,-0.0393514,4
9719,10876,ku-c104230,-0.10719202,0.059464503,13
9720,10877,brd-k37461197,-0.107181855,0.0032283906,4
9721,10878,brd-k03610256,-0.10717561,-0.03590434,3
9722,10879,brd-k80711156,-0.10715932,0.03554006,3
9723,10880,brd-k77456132,-0.10715661,-0.071201004,3
9724,10881,brd-k17666351,-0.10715363,0.028627282,6
9725,10882,brd-k55543534,-0.107145324,0.007426589,3
9726,10883,brd-k65536202,-0.10713777,-0.018093433,6
9727,10884,brd-k50728502,-0.10713661,0.07740601,5
9728,10885,brd-k76266174,-0.107135996,-0.044020444,6
9729,10886,ampyrone,-0.10712862,-0.08828579,3
9730,10887,brd-k57962577,-0.10712778,0.07143022,12
9731,10889,brd-k65395967,-0.10706094,-0.049539346,3
9732,10890,brd-k31815095,-0.107049316,0.055334784,6
9733,10891,brd-k40230514,-0.107046954,-0.053689063,5
9734,10892,brd-k30365815,-0.10704423,-0.0017596227,6
9735,10893,brd-k14385562,-0.1070364,-0.06597869,4
9736,10895,brd-k93525097,-0.10702882,-0.078147486,4
9737,10896,brd-k10323659,-0.10702274,-0.033997305,6
9738,10897,brd-a42969626,-0.107012294,0.012444462,13
9739,10898,brd-k14659422,-0.1070116,0.037047826,6
9740,10899,brd-m15189060,-0.107004456,-0.059228104,6
9741,10900,brd-k09426613,-0.1069952,0.06636244,4
9742,10902,brd-k38294141,-0.106917314,-0.071268424,5
9743,10903,brd-k29309835,-0.10691217,0.03133192,4
9744,10904,vanillyl-glycol,-0.10687527,-0.056500815,6
9745,10906,brd-a12426960,-0.10686248,-0.034157023,6
9746,10907,brd-k24946412,-0.10684123,-0.04101485,4
9747,10908,brd-k56593336,-0.10683538,0.057182968,13
9748,10909,flavokavain-b,-0.10683175,0.03794462,19
9749,10910,brd-m19115046,-0.106827,0.0064388616,6
9750,10912,bisindolylmaleimide,-0.106792465,0.10052586,95
9751,10913,brd-k77800502,-0.10679243,-0.05556876,5
9752,10914,brd-k85388022,-0.10675786,-0.052415907,6
9753,10915,brd-k23647045,-0.10675389,-0.007766352,5
9754,10916,brd-k02315366,-0.10674289,-0.0024949722,4
9755,10917,brd-k66333474,-0.106736735,-0.003696631,5
9756,10918,brd-k33341138,-0.10671819,-0.027726788,6
9757,10919,brd-k19402218,-0.106715925,-0.063959174,5
9758,10920,brd-k04364654,-0.10670698,0.0002863021,3
9759,10921,brd-k61065740,-0.106691785,-0.036754835,3
9760,10923,ro-90-7501,-0.10664773,0.056792825,27
9761,10924,brd-k35101110,-0.10662948,-0.09275224,3
9762,10925,brd-k10279767,-0.10662076,-0.02203414,4
9763,10926,brd-k66295580,-0.10661702,0.059128225,6
9764,10927,brd-k94616516,-0.10660954,0.03131509,13
9765,10928,brd-k02241254,-0.10660349,-0.04541601,4
9766,10929,brd-k70252286,-0.10660077,0.11721709,5
9767,10930,brd-k13960684,-0.106599376,-0.034888245,6
9768,10933,jas07-008,-0.10653174,0.04852585,15
9769,10937,cinchocaine,-0.106459655,-0.04858387,3
9770,10938,brd-k71855503,-0.10645579,-0.013290646,6
9771,10940,cefazolin,-0.10642651,0.018518109,15
9772,10941,brd-k22488594,-0.10641764,-0.097427614,3
9773,10942,brd-k45998529,-0.10639299,-0.009334629,4
9774,10945,brd-k55082119,-0.10637735,-0.02258519,4
9775,10946,ku-c104145,-0.10637076,0.051493086,13
9776,10951,brd-a18725729,-0.106324166,0.12299272,12
9777,10952,brd-k83631404,-0.106285594,0.02656116,9
9778,10953,amperozide,-0.10627888,0.043924306,23
9779,10956,dpo-1,-0.10624451,-0.015700895,15
9780,10957,brd-k18132838,-0.10623208,-0.031454418,4
9781,10958,levodopa,-0.106223285,0.06014386,3
9782,10959,brd-k41887163,-0.10620108,-0.042599417,4
9783,10961,brd-k46810582,-0.10618384,-0.024744455,6
9784,10962,brd-k37197256,-0.10618294,0.009208266,4
9785,10963,brd-k71935468,-0.10617576,0.050036334,17
9786,10965,brd-k95042038,-0.10615978,0.12940535,4
9787,10966,alexidine,-0.106159545,0.018558174,8
9788,10967,yl-51,-0.10613408,-0.01658447,11
9789,10968,brd-k51620275,-0.106125,-0.02362331,4
9790,10969,brd-k47804338,-0.106120236,0.008080241,6
9791,10970,brd-k60828552,-0.10610984,0.056636956,3
9792,10971,brd-k12540328,-0.106103025,0.076751,15
9793,10973,brd-k64892842,-0.10609797,-0.06177455,5
9794,10974,brd-k95057125,-0.106085464,0.06526723,4
9795,10975,brd-k12690157,-0.10607765,0.022735098,12
9796,10976,brd-k06217810,-0.106049955,0.08105331,13
9797,10977,brd-k57119046,-0.10601879,0.01906241,4
9798,10978,brd-k37545156,-0.10601516,-0.09612676,3
9799,10979,brd-k84168393,-0.10600383,0.060367133,3
9800,10980,brd-a62647958,-0.105972216,0.0030602345,13
9801,10981,brd-k27872553,-0.105967045,-0.08288649,4
9802,10983,brd-k38186418,-0.10594365,0.048746943,5
9803,10984,brd-k69768745,-0.10593042,-0.09055542,3
9804,10985,brd-k08878345,-0.105891906,0.043622006,15
9805,10986,brd-k25277218,-0.10588115,0.043601852,6
9806,10987,6-benzylaminopurine,-0.105872564,0.00036956533,18
9807,10988,brd-k48864121,-0.105858386,-0.03217052,4
9808,10989,brd-k85616320,-0.10585708,0.05129914,4
9809,10990,brd-a49581300,-0.10582889,0.010422715,17
9810,10991,brd-k88899793,-0.10582669,-0.010585466,12
9811,10992,brd-k54211867,-0.10581421,0.0072394637,3
9812,10993,brd-k59862677,-0.10578121,-0.00013413467,4
9813,10995,brd-k02315839,-0.105774924,-0.040455654,6
9814,10996,brd-k83213280,-0.10573853,-0.012400648,15
9815,10998,brd-k70595737,-0.10573231,-0.0014375572,7
9816,11000,brd-k47368357,-0.105707616,0.031011973,4
9817,11001,brd-k99185973,-0.10569903,-0.08022701,3
9818,11002,brd-k13626871,-0.105689526,-0.06413055,4
9819,11003,brd-k14697199,-0.10568697,-0.044711284,5
9820,11004,gsk-1059615,-0.10567121,0.124534115,59
9821,11005,brd-k10846668,-0.10566971,0.014026115,4
9822,11006,brd-k05502425,-0.10564769,-0.05629953,5
9823,11007,brd-k00549983,-0.105622955,-0.03468326,4
9824,11008,brd-k92159000,-0.10560536,0.012143992,6
9825,11009,brd-k27209353,-0.10559543,0.0045015225,5
9826,11010,brd-k56196992,-0.105590835,-0.001890155,17
9827,11011,cytarabine,-0.10556927,0.047422994,19
9828,11012,brd-k14206468,-0.10556155,0.067533925,7
9829,11013,methyl-benzethonium,-0.10555045,-0.02515301,4
9830,11015,brd-k07026322,-0.105546944,-0.013384372,6
9831,11016,clorsulon,-0.10552785,0.07728701,4
9832,11017,brd-k89860739,-0.1055224,-0.035293046,4
9833,11018,brd-k05833481,-0.10551279,0.06250176,6
9834,11019,brd-k17741643,-0.10547348,0.005703613,6
9835,11020,brd-k46574442,-0.10547088,-0.013178571,4
9836,11021,brd-k41520872,-0.10547084,-0.012866029,5
9837,11022,zamifenacin,-0.10546311,0.036927838,15
9838,11023,brd-k22905567,-0.10546249,-0.01702279,5
9839,11025,brd-k40906026,-0.10542542,-0.019816658,5
9840,11027,brd-k66640841,-0.10540117,-0.0361682,4
9841,11028,brd-k08221563,-0.10539904,-0.013396525,7
9842,11029,brd-k89499048,-0.105389304,-0.08802234,5
9843,11032,yl-53,-0.105318934,0.057036255,11
9844,11033,brd-k51733045,-0.10531878,0.0236194,3
9845,11034,brd-k34428383,-0.10531004,-0.04378911,5
9846,11036,brd-k38553273,-0.10529606,0.04012934,8
9847,11037,brd-k00069117,-0.10528706,0.021795757,16
9848,11039,brd-k70802145,-0.10526362,-0.06568843,6
9849,11040,brd-k56812045,-0.10525603,-0.057904445,6
9850,11041,brd-k70821391,-0.1052531,0.066395596,7
9851,11042,brd-k89076662,-0.10524688,-0.018418726,4
9852,11043,brd-k82870050,-0.1051933,-0.10177709,3
9853,11044,brd-k54159704,-0.10519108,0.044271357,17
9854,11046,brd-k55596430,-0.105164625,0.022550775,7
9855,11047,brd-k48030215,-0.105154864,-0.038971514,4
9856,11048,brd-k66658536,-0.10514871,0.0017152154,12
9857,11049,brd-k19011062,-0.10514124,0.03662496,12
9858,11050,brd-k40332746,-0.10512213,-0.057758752,3
9859,11051,brd-k33932270,-0.10510022,-0.07372433,4
9860,11052,brd-k81224183,-0.10507024,-0.016842382,6
9861,11053,brd-k54263226,-0.105068475,-0.011053838,7
9862,11054,brd-k28573311,-0.10505308,0.019596811,6
9863,11055,brd-k74954602,-0.10503962,0.01595519,5
9864,11057,brd-k36439830,-0.10501785,-0.103249475,3
9865,11058,brd-k76964118,-0.10500518,0.040879738,3
9866,11059,brd-k27477764,-0.10499891,0.0024754303,5
9867,11060,brd-k11795542,-0.104992375,0.049747165,17
9868,11061,brd-k47992037,-0.10498052,-0.023424601,4
9869,11062,brd-k63922933,-0.1049716,-0.00030142628,4
9870,11063,ro-25-6981,-0.10495799,0.048932813,15
9871,11065,brd-k15400899,-0.10493081,0.008109881,6
9872,11066,brd-k61717269,-0.10492205,-0.025358804,17
9873,11067,brd-k21483310,-0.10491885,0.02662845,5
9874,11068,brd-k71761811,-0.10488122,0.0598852,6
9875,11069,brd-k65752719,-0.10484775,-0.016180005,4
9876,11070,brd-a48052484,-0.10482941,0.0012291654,15
9877,11071,brd-k22508185,-0.104814835,-0.08844595,4
9878,11072,brd-k35400569,-0.10481189,0.008001991,4
9879,11073,brd-k60539617,-0.104806155,-0.024752935,4
9880,11074,amifostine,-0.10478226,0.03377945,58
9881,11075,brd-k40383467,-0.10471794,-0.023620354,4
9882,11076,brd-k73045999,-0.10470503,0.012064646,5
9883,11079,selinidin,-0.10466161,0.022876078,8
9884,11080,brd-k24404115,-0.10465356,0.026412401,5
9885,11081,ku-c104228,-0.10464585,0.13317564,13
9886,11082,brd-k28871766,-0.10463208,0.100494064,3
9887,11083,brd-k88617912,-0.10462412,-0.028996876,7
9888,11084,brd-k84128874,-0.10461048,-0.065521225,4
9889,11086,gangaleoidin,-0.104595035,0.055141687,12
9890,11087,brd-k08852751,-0.104583345,-0.100785755,5
9891,11088,brd-k94983851,-0.10456735,-0.061626796,3
9892,11089,benzo(a)pyrene,-0.10456591,0.0660235,8
9893,11090,brd-k14023438,-0.10454862,-0.027152333,4
9894,11093,brd-k83726109,-0.10451811,-0.05691021,3
9895,11094,brd-k70690367,-0.104511425,-0.0049576582,5
9896,11095,brd-k94765019,-0.10450539,-0.0846038,4
9897,11096,triacetylresveratrol,-0.104468524,0.1675778,6
9898,11097,acamprosate,-0.10446133,0.047630973,15
9899,11098,brd-k06816133,-0.10445672,0.053336486,12
9900,11099,brd-k44242139,-0.10445454,0.065731436,12
9901,11100,brd-k22750348,-0.10444605,0.02855388,3
9902,11101,brd-k61741250,-0.10443091,-0.00010373816,4
9903,11102,brd-k88243749,-0.10442782,-0.028259356,6
9904,11103,brd-k44878051,-0.10442,-0.037058834,3
9905,11104,brd-k46766834,-0.10441763,-0.0574637,4
9906,11105,jnj-26481585,-0.104401566,0.03914211,18
9907,11107,brd-k22664171,-0.10437519,-0.061243355,4
9908,11109,brd-k03050720,-0.104325585,-0.014655891,13
9909,11111,brd-k17116894,-0.104291126,-0.046574026,5
9910,11112,brd-k03808778,-0.10429072,-0.035552215,3
9911,11113,brd-k89304341,-0.10428963,-0.05077824,3
9912,11114,megestrol-acetate,-0.10428739,0.0492821,8
9913,11115,brd-a98200599,-0.10427568,0.020904811,15
9914,11116,brd-k34347561,-0.104263246,-0.043687426,4
9915,11117,brd-k74864389,-0.10425644,-0.06679754,4
9916,11118,brd-k05722694,-0.10421032,-0.006517208,6
9917,11121,brd-k42156657,-0.10419909,0.027942704,4
9918,11122,brd-k03864628,-0.10419845,-0.017626382,4
9919,11123,brd-k26553253,-0.10418799,-0.055535547,4
9920,11124,brd-k95611306,-0.10418566,0.02662139,6
9921,11125,brd-k62102996,-0.10415505,0.014993,6
9922,11126,brd-k95361366,-0.104125746,-0.015193512,9
9923,11127,brd-k01971712,-0.104119286,0.031815242,7
9924,11128,brd-k13195996,-0.10411467,0.005793361,6
9925,11129,brd-k42361978,-0.10411407,0.02958215,6
9926,11130,brd-k45887240,-0.10410473,0.06662776,4
9927,11131,brd-k05906947,-0.10410203,-0.049828514,5
9928,11132,met-leu-phe,-0.10409562,0.0004531507,15
9929,11133,brd-k10938308,-0.10408677,0.071236506,3
9930,11134,brd-k58731341,-0.10408215,-0.002465779,3
9931,11135,brd-k10484463,-0.10406423,0.043432478,16
9932,11136,pranlukast,-0.10405956,-0.077974774,4
9933,11137,brd-k53833823,-0.10404482,-0.051810306,6
9934,11138,brd-k32444480,-0.10401725,0.029539809,11
9935,11139,brd-k88626416,-0.10398351,-0.0037878973,3
9936,11142,brd-k48986374,-0.10396377,-0.004946187,4
9937,11143,brd-k07951922,-0.10395433,0.02130483,6
9938,11144,brd-k89205986,-0.10393378,0.028716251,12
9939,11145,brd-k90061989,-0.10392088,-0.056312893,4
9940,11147,brd-k20732958,-0.10390768,0.07085525,5
9941,11149,brd-k92758184,-0.1038841,0.02283058,4
9942,11150,brd-k25997353,-0.10387358,0.04985343,7
9943,11151,brd-k60073229,-0.10386231,0.0025482061,5
9944,11152,methoxypyruvic-acid,-0.103850506,0.032127842,6
9945,11153,s-14506,-0.10384597,-0.03317238,15
9946,11156,brd-k53315742,-0.103832155,-0.07612397,7
9947,11157,brd-k93285993,-0.10382636,0.051344514,13
9948,11158,brd-k43540029,-0.10381827,0.11159685,12
9949,11159,trimethadione,-0.1038165,-0.045583457,4
9950,11160,mecamylamine,-0.10380897,-0.037077084,4
9951,11161,brd-k31042955,-0.10380021,0.04745905,6
9952,11162,brd-k38805748,-0.103766926,0.0021482855,4
9953,11163,brd-k56984065,-0.10376486,-0.08352025,4
9954,11164,brd-k98569658,-0.103759706,0.06001811,3
9955,11165,tyrphostin-47,-0.103756525,0.11148237,19
9956,11166,brd-k46769156,-0.103739396,0.0021923687,6
9957,11167,n-acetyl-l-leucine,-0.10373497,0.04864462,4
9958,11168,brd-k89141537,-0.10372912,0.07562506,4
9959,11169,brd-k93104606,-0.10372384,-0.033165976,3
9960,11170,brd-k39301663,-0.10371334,0.06871352,5
9961,11171,brd-k05917849,-0.10370538,-0.038724132,4
9962,11172,brd-k30296979,-0.103697374,0.028241338,3
9963,11173,brd-k81739235,-0.10367476,0.0028475323,5
9964,11174,brd-k12515921,-0.103668615,0.08413501,5
9965,11175,brd-k57170492,-0.10366184,-0.095793135,3
9966,11178,brd-a44862234,-0.103627145,0.05297592,15
9967,11179,ggti-298,-0.10359548,-0.024576003,6
9968,11180,brd-k86895142,-0.10358599,-0.026702004,3
9969,11181,pf-750,-0.10354481,0.03813481,59
9970,11183,brd-k84157702,-0.10351771,-0.020670671,6
9971,11184,brd-k31844452,-0.10351446,0.0071510216,6
9972,11185,brd-k89255395,-0.10350907,0.044922106,4
9973,11186,brd-k93107794,-0.103500724,-0.021797221,6
9974,11187,brd-k88306467,-0.10349303,-0.07437212,5
9975,11188,brd-k63077891,-0.10348963,-0.020702459,4
9976,11189,brd-k69719681,-0.103468314,0.06623332,6
9977,11190,brd-k76050206,-0.10343399,0.090454884,5
9978,11191,brd-k85799948,-0.10342979,-0.064128816,5
9979,11192,way-405,-0.10342747,-0.061730016,6
9980,11193,brd-k75034919,-0.10341784,-0.056278046,5
9981,11194,brd-k89994146,-0.10340644,0.01124226,11
9982,11195,brd-k20763692,-0.10340157,-0.03125965,4
9983,11196,no-asa,-0.10339481,-0.009645149,6
9984,11197,brd-k64040351,-0.10339265,-0.063297085,6
9985,11198,brd-k36820092,-0.10337127,0.06351711,5
9986,11199,brd-k43325273,-0.1033425,0.060547713,6
9987,11200,brd-k89941546,-0.103326835,-0.023235472,6
9988,11202,brd-k45358881,-0.1033117,-0.0346257,3
9989,11203,brd-k27198844,-0.10325732,-0.027031828,4
9990,11204,brd-k60751982,-0.10325616,-0.019365834,4
9991,11205,brd-k73532097,-0.10322628,-0.022123355,3
9992,11206,brd-k81164606,-0.10322565,-0.055632994,16
9993,11207,azd-5438,-0.10322286,0.10803524,48
9994,11208,brd-k36206486,-0.10321466,0.0018466803,7
9995,11209,brd-k81933000,-0.10317812,0.06006148,13
9996,11210,brd-k38672372,-0.10317261,0.021081343,7
9997,11211,brd-k38405570,-0.10310082,-0.04575354,4
9998,11213,brd-k70229243,-0.10308165,0.07193906,15
9999,11214,brd-k92884627,-0.10308037,-0.007900339,6
10000,11215,brd-k05246899,-0.10306605,-0.03229481,5
10001,11216,brd-k66064682,-0.10306512,-0.062197775,6
10002,11218,brd-k77162730,-0.103002205,-0.034426697,4
10003,11219,brd-k36134449,-0.10297857,-0.0134799145,6
10004,11220,brd-k65418120,-0.102965645,0.034971584,4
10005,11221,psh-022,-0.10296205,0.084171124,13
10006,11223,brd-k45038844,-0.10294468,-0.026625114,5
10007,11224,brd-k59472400,-0.10290853,0.02468877,6
10008,11225,brd-k76925500,-0.102879435,-0.053031646,6
10009,11226,brd-k20658410,-0.10287434,-0.010687238,5
10010,11227,brd-k24572125,-0.10286774,-0.041808784,6
10011,11228,brd-k73032790,-0.10286627,-0.09609027,3
10012,11229,brd-k22694382,-0.1028531,-0.06348688,4
10013,11230,brd-k16950565,-0.102836594,0.022295784,6
10014,11231,brd-k78121324,-0.10282391,0.0070807673,6
10015,11233,sirtinol,-0.10282243,0.023981798,12
10016,11234,brd-k38290133,-0.10282052,-0.055207036,4
10017,11236,brd-k83441480,-0.10280616,0.07131755,5
10018,11239,perospirone,-0.10276427,-0.011621155,11
10019,11240,brd-k45929778,-0.10274429,-4.2554442e-05,5
10020,11241,ataluren,-0.10272665,0.008368592,11
10021,11242,brd-k71701252,-0.1027186,-0.009503068,12
10022,11243,brd-k00611064,-0.10269929,0.1267047,4
10023,11245,brd-k99103407,-0.1026668,-0.0018911815,7
10024,11246,mbcq,-0.10266447,0.012266409,15
10025,11249,rjc-00245sc,-0.10261039,0.07445636,13
10026,11251,brd-k85322309,-0.102594435,-0.014612242,7
10027,11252,brd-k50754265,-0.102592506,-0.054697245,3
10028,11253,brd-k25990552,-0.10258897,0.041929677,13
10029,11254,sarafloxacin,-0.10258584,-0.021400388,4
10030,11255,brd-k12678780,-0.10256092,0.03093877,6
10031,11256,brd-k99481965,-0.10254627,0.008677035,4
10032,11257,etidronic-acid,-0.10254158,-0.047334343,4
10033,11259,brd-k67733157,-0.10250995,-0.048659716,3
10034,11260,brd-k98824517,-0.102505945,0.09971325,11
10035,11261,brd-k23154136,-0.102503866,-0.010734935,4
10036,11262,brd-k38126560,-0.10250346,-0.0023885274,7
10037,11263,brd-k32436461,-0.102492146,-0.026460737,6
10038,11264,brd-k74428993,-0.10246469,0.028092586,4
10039,11265,brd-k95883555,-0.10246061,-0.051394634,3
10040,11266,brd-k55972177,-0.10246021,0.019937977,13
10041,11267,brd-k83391808,-0.10245939,-0.0363266,4
10042,11269,brd-k12395425,-0.1024505,-0.028230498,4
10043,11270,brd-k46707574,-0.1023959,0.011392726,4
10044,11271,brd-k95275773,-0.102393724,-0.040810473,5
10045,11272,brd-k51102238,-0.10235927,-0.03975388,3
10046,11274,brd-k74659043,-0.10233612,-0.08271611,4
10047,11275,brd-k25560306,-0.1023324,-0.046767198,4
10048,11276,brd-k94109647,-0.10231435,-0.0015902102,4
10049,11277,ku-c104133,-0.10231359,0.093270354,13
10050,11278,brd-k88769248,-0.1023055,-0.079801925,3
10051,11279,nintedanib,-0.102304004,0.081461966,48
10052,11280,brd-k54618558,-0.10229904,0.020078467,4
10053,11281,brd-k93730701,-0.10227735,-0.02497453,4
10054,11282,brd-k83732250,-0.10227609,-0.016703144,8
10055,11283,brd-k51134784,-0.1022589,0.005862115,5
10056,11284,brd-k38955087,-0.10225264,0.015890297,6
10057,11285,cgp-54626,-0.10224953,-0.016911197,15
10058,11286,brd-k97888290,-0.102241345,0.017732922,4
10059,11287,brd-k15987804,-0.1022381,0.12513956,4
10060,11288,brd-k83744912,-0.10222325,-0.028896933,6
10061,11290,brd-m82627054,-0.1021769,0.0030362748,6
10062,11291,brd-k20721504,-0.10217071,-0.024941586,5
10063,11292,brd-k64607642,-0.10216999,0.047691233,5
10064,11293,brd-k67015214,-0.10216188,0.0048664785,5
10065,11294,brd-k93800099,-0.10216018,-0.039505593,5
10066,11296,brd-k44036769,-0.102144904,-0.034492012,7
10067,11297,brd-k28916077,-0.10212639,0.08976771,12
10068,11298,brd-k63900355,-0.102123275,0.029993404,5
10069,11300,brd-k09300252,-0.10210421,-0.06618433,3
10070,11302,brd-k05359840,-0.102096125,0.063714564,12
10071,11303,brd-k39988373,-0.10209138,-0.03987135,4
10072,11305,sa-1921816,-0.102070905,0.19142732,8
10073,11306,brd-k67319066,-0.10205427,-0.07843028,4
10074,11307,brd-k17347940,-0.10204752,0.021408409,3
10075,11308,brd-k27169919,-0.10203948,-0.010273911,13
10076,11310,brd-k81288057,-0.10201682,-0.016745064,4
10077,11311,brd-k23897615,-0.10201396,0.11768717,6
10078,11313,brd-k60297013,-0.101971544,-0.09696097,3
10079,11314,brd-k84471959,-0.101965405,-0.031986218,6
10080,11315,brd-k64741770,-0.10195831,0.093146704,3
10081,11316,brd-k45466167,-0.10194841,-0.039214976,9
10082,11317,brd-k34532593,-0.10194036,-0.0884756,3
10083,11319,brd-k63684048,-0.10191987,0.07638851,5
10084,11320,brd-k99055802,-0.10191814,-0.02806712,4
10085,11322,brd-k28638920,-0.10187941,-0.03863182,3
10086,11323,brd-k40099330,-0.101875596,0.041907817,3
10087,11324,brd-k33620583,-0.101867646,0.031252444,5
10088,11325,brd-k99638197,-0.10185864,0.04345321,5
10089,11326,brd-k04458934,-0.101855636,-0.050175752,6
10090,11327,pivmecillinam,-0.10183156,0.01400132,27
10091,11330,brd-k61160172,-0.101783566,0.0020210845,3
10092,11331,brd-k57556784,-0.10178069,-0.061741855,5
10093,11332,brd-k16838397,-0.10177888,0.0102702575,5
10094,11334,etofenamate,-0.10176503,-0.0476279,4
10095,11335,tetroquinone,-0.101759575,0.020320192,4
10096,11336,brd-k90041565,-0.101757474,-0.0784613,3
10097,11337,brd-k38860595,-0.101756915,0.028592331,6
10098,11339,brd-k16643204,-0.10174694,-0.037361458,5
10099,11340,brd-k63017287,-0.10173589,-0.03778526,4
10100,11341,brd-k77579348,-0.10170218,0.022885233,4
10101,11342,brd-k20578716,-0.10169263,0.012950397,4
10102,11344,brd-k97671879,-0.101680785,0.050370038,7
10103,11348,brd-k88058683,-0.10159465,-0.061574273,6
10104,11350,brd-k17351089,-0.10158174,-0.04346671,3
10105,11352,brd-k51126488,-0.10153859,0.069458,4
10106,11353,brd-k18123565,-0.10152764,0.00052153517,3
10107,11354,brd-k77144444,-0.10151589,-0.020641783,3
10108,11356,brd-k20555183,-0.101499155,0.044257775,3
10109,11359,brd-k15380586,-0.10146593,0.026124045,5
10110,11360,brd-k45307260,-0.101463675,-0.0048887283,4
10111,11361,brd-k67053230,-0.10145702,-0.04680759,3
10112,11362,brd-k75081836,-0.101444006,0.018829407,18
10113,11364,brd-k87790979,-0.10143272,0.022931939,12
10114,11367,brd-a11731846,-0.10140382,0.008777939,12
10115,11368,brd-k49689003,-0.10139713,0.00089437887,4
10116,11369,brd-k06759695,-0.10138284,0.0010456741,6
10117,11370,brd-m39727370,-0.101379305,0.02385647,6
10118,11371,brd-k15466057,-0.10136172,0.012030382,5
10119,11372,brd-k93538891,-0.101345256,-0.047655646,5
10120,11373,brd-k47695085,-0.10133504,0.072282255,12
10121,11374,brd-k44339679,-0.10133427,-0.054669287,5
10122,11377,brd-k77987635,-0.101322114,0.07056265,25
10123,11379,brd-k64754843,-0.101314195,0.032087326,13
10124,11380,brd-k51395794,-0.10129568,0.016108498,3
10125,11381,brd-k84450674,-0.10127143,0.05607686,17
10126,11382,brd-k01229043,-0.10126499,0.0864881,13
10127,11383,brd-k54014179,-0.10126088,0.0048318934,6
10128,11385,brd-k36671358,-0.1012286,0.019594092,6
10129,11386,brd-k60823407,-0.101226,-0.057195302,3
10130,11387,brd-k81500599,-0.101216085,-0.042851705,5
10131,11388,brd-k82005490,-0.10116196,-0.031286582,5
10132,11389,sa-1456570,-0.10115484,0.03248344,15
10133,11391,brd-k70399291,-0.10112408,0.006433215,6
10134,11392,brd-k87367419,-0.10112371,0.004739972,4
10135,11393,brd-k83365001,-0.101110265,0.03846058,6
10136,11394,brd-k70074151,-0.10109931,0.056841057,12
10137,11396,brd-k21107294,-0.10108003,0.004175376,5
10138,11397,brd-k20462402,-0.10107228,-0.013188158,5
10139,11398,brd-k12117859,-0.10107208,0.0043397686,7
10140,11399,brd-k85916563,-0.10104393,-0.044334624,5
10141,11400,brd-k90947365,-0.10104292,-0.016847564,3
10142,11401,brd-a01973626,-0.10102939,0.0054789493,13
10143,11402,brd-k70960308,-0.10102591,0.064436756,17
10144,11403,brd-k97143621,-0.1010255,0.05464783,5
10145,11404,brd-k85528826,-0.100982845,0.0112247635,4
10146,11405,brd-k57900436,-0.10095873,0.020074058,6
10147,11406,brd-k31027517,-0.1009556,-0.06845318,6
10148,11407,brd-k24139908,-0.10095393,-0.039146226,3
10149,11408,brd-k11868205,-0.10095139,-0.07653394,4
10150,11409,brd-k29702325,-0.100949824,0.0033725277,6
10151,11411,brd-k83785854,-0.100946814,0.047543257,5
10152,11413,brd-k97808269,-0.100937314,-0.04375448,6
10153,11414,brd-k03779476,-0.10093455,-0.04622484,3
10154,11416,brd-k54964414,-0.10090349,-0.044357415,4
10155,11419,brd-k25827371,-0.10088666,0.0024954344,3
10156,11420,brd-k50974880,-0.10088409,0.06280261,6
10157,11422,brd-k33258928,-0.100852236,0.046040915,6
10158,11423,brd-k27296582,-0.10083747,0.059167814,5
10159,11424,brd-k03157318,-0.10083394,-0.013652355,5
10160,11425,brd-k64279463,-0.100822195,-0.03459492,5
10161,11426,brd-k80044001,-0.10081793,0.05499392,4
10162,11427,brd-k55055802,-0.10077152,0.15395904,11
10163,11428,brd-k07668032,-0.100761086,0.027664341,15
10164,11429,brd-k95607309,-0.10072804,-0.054898392,5
10165,11430,brd-k52006320,-0.10072753,-0.03170697,9
10166,11433,brd-k22356946,-0.10065321,-0.08661385,3
10167,11434,brd-k10268154,-0.10063287,-0.06150255,5
10168,11435,brd-k14214369,-0.1006236,0.09621779,3
10169,11436,brd-k71101608,-0.100623325,-0.013162574,5
10170,11437,hc-toxin,-0.10060026,0.004845311,26
10171,11438,brd-k74121411,-0.10059926,0.0047484697,7
10172,11439,brd-k63423329,-0.10059421,-0.016890552,12
10173,11440,brd-k47549778,-0.10058933,-0.012585625,5
10174,11441,brd-k70489510,-0.100582264,0.054534532,4
10175,11443,brd-k74345748,-0.10056826,-0.053823806,3
10176,11444,brd-k99179945,-0.100560255,-0.034154832,6
10177,11445,brd-k12388484,-0.1005527,0.05275274,7
10178,11446,brd-k32759520,-0.10054983,-0.027609628,6
10179,11447,brd-k58381953,-0.10054122,-0.052807413,7
10180,11448,brd-k01595245,-0.10052483,0.022721015,4
10181,11450,brd-k95964003,-0.10051758,0.08353965,5
10182,11451,brd-k45025380,-0.10051292,0.0024016711,5
10183,11452,brd-k12858756,-0.10049621,0.002725957,4
10184,11453,brd-k49164596,-0.10048947,0.037675686,6
10185,11456,brd-k70940447,-0.10043791,-0.07815049,3
10186,11458,brd-k13679108,-0.10041316,0.0656281,4
10187,11459,brd-k35470597,-0.100391194,0.044304304,4
10188,11460,brd-a26347577,-0.10038775,-0.012939932,6
10189,11461,xamoterol,-0.10038213,-0.015201538,4
10190,11463,brd-k78780288,-0.100366116,-0.012171097,6
10191,11464,ku-c103867,-0.10034329,-0.046905197,13
10192,11465,brd-k39878860,-0.100305475,-0.087010436,3
10193,11466,brd-a39121618,-0.10028436,0.04951092,17
10194,11467,brd-k33979365,-0.100268915,-0.047576085,7
10195,11468,brd-k48877010,-0.100261115,-0.033187084,4
10196,11469,brd-k40675267,-0.100259066,-0.058954597,3
10197,11470,brd-k03413212,-0.1002549,0.071324244,6
10198,11471,brd-k20216424,-0.10023512,0.023648838,5
10199,11472,brd-k74452256,-0.100216255,0.013474657,3
10200,11473,brd-k06731779,-0.10013512,-0.004222367,6
10201,11474,brd-k62732912,-0.100128315,-0.010331448,5
10202,11475,brd-a56831909,-0.100119516,0.019080935,15
10203,11476,brd-k37322457,-0.10011221,0.023574349,7
10204,11477,brd-k90748376,-0.100110404,-0.027929543,6
10205,11478,brd-k41842760,-0.100087404,0.003674211,3
10206,11480,brd-k28890604,-0.100041494,0.13513952,5
10207,11481,brd-k72199653,-0.10003745,0.024325265,6
10208,11482,brd-k83940002,-0.10000948,-0.0841786,4
10209,11483,brd-k67544217,-0.09999646,-0.0948998,3
10210,11484,brd-k58043213,-0.09998477,0.014750801,5
10211,11485,brd-k86219348,-0.09996711,-0.046739034,4
10212,11486,brd-k68630394,-0.09994095,0.005289612,7
10213,11487,brd-k02724364,-0.0999263,0.10197276,3
10214,11489,lofepramine,-0.09987969,0.100098096,11
10215,11491,zk-756326,-0.09984582,-0.0053634397,15
10216,11492,brd-k14758616,-0.099834405,-0.07531679,7
10217,11494,brd-k82666260,-0.09979951,-0.041013505,6
10218,11495,atpa,-0.09979891,-0.010882944,15
10219,11496,brd-k54395291,-0.0997956,0.077993214,3
10220,11498,brd-k23162766,-0.09976868,0.06402086,5
10221,11499,brd-k05197946,-0.09975666,-0.023584541,4
10222,11500,brd-k42968246,-0.09973447,0.04053519,6
10223,11501,brd-k89122409,-0.09972571,-0.05764517,5
10224,11502,brd-k34238482,-0.099723525,0.036409147,6
10225,11503,brd-k70102743,-0.099709444,-0.077138044,3
10226,11504,bg-1024,-0.09970322,0.025654148,6
10227,11505,brd-k67069164,-0.09967944,-0.018412305,6
10228,11506,brd-k73610817,-0.09967329,-0.004958339,15
10229,11507,brd-k78160230,-0.09966765,-0.044614393,3
10230,11508,brd-k86901264,-0.09966585,0.022869853,17
10231,11510,brd-k25029498,-0.0996215,0.11725545,4
10232,11511,brd-k49512493,-0.09961306,0.018750206,4
10233,11512,brd-k14127078,-0.09959856,-0.035364997,6
10234,11514,brd-k02460212,-0.09957911,-0.029671656,7
10235,11515,brd-k48076585,-0.09957233,0.007387032,6
10236,11516,way-262611,-0.099567614,0.0876521,4
10237,11517,brd-k09517037,-0.09955996,-0.0005776286,7
10238,11518,brd-k71921803,-0.099535,0.023676565,4
10239,11521,brd-k27622534,-0.09952871,-0.012064768,6
10240,11522,brd-k66438357,-0.099514626,0.00961213,15
10241,11523,brd-k54885483,-0.09950423,-0.011180553,3
10242,11524,brd-k03258328,-0.099492416,-0.036240667,4
10243,11525,brd-k31969867,-0.09948997,-0.08543331,3
10244,11526,brd-k00064929,-0.09947524,-0.013606192,4
10245,11528,brd-k04328580,-0.09946036,-0.006589289,6
10246,11529,brd-k78386932,-0.099455975,-0.043823563,5
10247,11530,brd-k70165037,-0.09944429,-0.011418653,7
10248,11532,brd-k13299110,-0.0994295,-0.08697537,5
10249,11533,brd-k39880131,-0.09942877,-0.0477127,4
10250,11534,brd-k03716420,-0.09942617,-0.004774595,6
10251,11535,brd-k86194107,-0.099418536,0.09050176,3
10252,11536,brd-k31060354,-0.09941392,-0.025335621,5
10253,11537,brd-k51361049,-0.09941375,0.06597401,5
10254,11538,brd-k38187891,-0.099412456,0.015972242,6
10255,11539,brd-k23961390,-0.09940015,0.0102599785,14
10256,11540,brd-k53740124,-0.099378124,0.026710086,5
10257,11542,pd-149163,-0.09936136,-0.016949536,6
10258,11543,brd-k64508546,-0.09934588,-0.048527993,6
10259,11544,brd-k27798440,-0.099343784,0.04516435,4
10260,11545,brd-k65310032,-0.0993336,0.038154192,6
10261,11546,brd-k88616704,-0.09932158,0.005877313,6
10262,11547,brd-k09936924,-0.09931834,-0.04169167,4
10263,11548,brd-k19331234,-0.0993067,0.015718555,6
10264,11549,brd-k24133356,-0.099306114,-0.0750025,4
10265,11550,brd-k44207800,-0.0993049,-0.014566418,3
10266,11551,brd-k98044070,-0.09930465,-0.040242717,6
10267,11552,brd-k65920478,-0.09930342,-0.012714638,5
10268,11553,brd-k56219428,-0.09927033,0.02032713,4
10269,11554,bg-1001,-0.09926884,0.057990257,6
10270,11558,brd-k26277326,-0.09925699,-0.07627113,5
10271,11559,brd-k86938339,-0.099256136,0.015090901,4
10272,11560,brd-k07572455,-0.099252604,0.041114293,4
10273,11561,tc-2559,-0.09924386,0.021795742,19
10274,11562,brd-k06328518,-0.099200346,-0.030398766,5
10275,11563,brd-k99808872,-0.0991851,-0.03656356,6
10276,11564,brd-k09335206,-0.09915872,0.014478664,5
10277,11567,brd-k22831754,-0.099143475,0.06582901,15
10278,11570,brd-k95880052,-0.09909816,-0.03810055,4
10279,11571,brd-k51800846,-0.09909678,0.13221923,4
10280,11572,brd-k82034465,-0.09909472,0.09548034,13
10281,11573,brd-k51471107,-0.099070586,-0.034232095,6
10282,11574,brd-k50298819,-0.099061795,-0.06542501,6
10283,11575,brd-k67301423,-0.09904386,-0.030929951,5
10284,11576,brd-k19689423,-0.09903929,0.0779252,7
10285,11577,brd-k91535031,-0.09903716,-0.086338654,6
10286,11578,brd-k61764820,-0.0990338,0.058739122,6
10287,11579,brd-k42740486,-0.099019125,-0.044482756,6
10288,11580,oxotremorine-sesquifumarate,-0.09901324,0.01107413,15
10289,11581,brd-k22571527,-0.098998316,-0.029549472,5
10290,11582,brd-k11943259,-0.09899582,-0.061873212,3
10291,11583,brd-m22248829,-0.098993644,0.087885246,6
10292,11584,brd-k14652476,-0.09897801,-0.06860012,4
10293,11585,brd-k61793536,-0.09897701,0.032829426,5
10294,11586,brd-k73427206,-0.098974094,0.06125544,9
10295,11587,brd-k26038019,-0.09896295,-0.06191518,4
10296,11588,brd-k61553906,-0.09893805,-0.08508521,3
10297,11589,brd-k92434936,-0.098933846,0.057431832,6
10298,11591,brd-k80076202,-0.0989034,-0.009204396,3
10299,11592,k-9944,-0.09890338,-0.021259185,4
10300,11593,tegaserod,-0.09888484,0.038082384,10
10301,11594,brd-k50342369,-0.09887487,-0.040796623,4
10302,11595,brd-k56399425,-0.09883283,0.034677472,3
10303,11596,brd-k10554164,-0.098820075,0.04689476,17
10304,11599,brd-k47664103,-0.098804116,-0.016753435,6
10305,11600,brd-k03111155,-0.098791555,0.119558364,8
10306,11601,l-152804,-0.098788604,0.01802769,19
10307,11602,brd-k98245706,-0.09878817,0.070759445,5
10308,11604,brd-k14704318,-0.09876081,0.03695528,17
10309,11605,prednisolone-acetate,-0.098754935,0.037692245,23
10310,11606,brd-k78385490,-0.09875296,-0.0004462222,13
10311,11607,brd-k39561907,-0.098743334,0.11929386,6
10312,11608,brd-k54492529,-0.09872667,-0.05234827,5
10313,11609,brd-k18641148,-0.09872655,-0.00018669287,13
10314,11610,brd-k41649460,-0.09871902,-0.003350068,6
10315,11611,brd-k96121225,-0.09871899,-0.025972754,4
10316,11612,brd-k76352008,-0.098711945,0.0026330112,7
10317,11613,ciproxifan,-0.09870641,-0.03431831,6
10318,11616,brd-k35304243,-0.09867969,-0.029870626,3
10319,11617,brd-k88327759,-0.09867421,0.061950378,6
10320,11618,brd-k49634971,-0.09862939,-0.009822682,4
10321,11619,brd-k52536034,-0.09862912,0.06913016,3
10322,11620,everolimus,-0.098623574,0.04070821,17
10323,11621,brd-k23240772,-0.09860857,0.026329784,3
10324,11622,brd-k49685495,-0.09859814,0.051940706,5
10325,11623,brd-k34255700,-0.09859663,0.0369076,4
10326,11624,phthalylsulfathiazole,-0.09859409,0.082005605,4
10327,11625,brd-k84959002,-0.09858686,0.10834601,4
10328,11626,brd-k44647644,-0.09858012,0.004026053,6
10329,11627,mercaptopurine,-0.09857801,-0.015830318,14
10330,11628,brd-k95392673,-0.09856584,0.018770084,7
10331,11629,brd-k62567808,-0.09854715,0.062268265,3
10332,11630,brd-k01691627,-0.09854039,0.025294743,4
10333,11631,brd-k68208040,-0.098537534,0.040072717,5
10334,11632,brd-k29776425,-0.0985357,0.042585023,4
10335,11633,brd-k30653168,-0.098511316,0.052385367,3
10336,11634,brd-k60857329,-0.09850674,0.0020979112,4
10337,11635,brd-k61952473,-0.09850116,0.0041947346,7
10338,11636,brd-k28169522,-0.098485455,-0.037607294,4
10339,11638,kinetin,-0.098444276,-0.0411758,4
10340,11640,brd-k15752270,-0.09839843,0.042067725,7
10341,11642,brd-k13807179,-0.09839203,0.0172242,6
10342,11643,brd-k76959261,-0.09838789,0.06338896,6
10343,11644,brd-k98990727,-0.098383166,0.008008713,6
10344,11645,brd-k88307115,-0.09837635,0.0017240052,5
10345,11646,brd-k03725349,-0.098340265,-0.04006575,6
10346,11647,brd-k12888055,-0.098339595,0.0304122,4
10347,11648,brd-k81976047,-0.09832546,-0.08956387,3
10348,11649,brd-k81417919,-0.09830867,0.008155443,7
10349,11650,isoeugenol,-0.0983044,0.15873685,8
10350,11651,at-sumo-1,-0.09830392,0.06559604,18
10351,11652,brd-k08061170,-0.09830279,-0.046186097,7
10352,11653,brd-k10680649,-0.09829855,-0.017690172,4
10353,11654,brd-k82986138,-0.09828307,-0.064965054,4
10354,11655,brd-k44485049,-0.09827868,-0.07060811,5
10355,11656,brd-k92210276,-0.098234884,-0.0423545,6
10356,11657,brd-k86409742,-0.098167494,-0.022858657,4
10357,11658,brd-k89401337,-0.09814711,-0.047517106,4
10358,11659,brd-k84935204,-0.098145075,-0.0702724,5
10359,11660,brd-k24465933,-0.0981325,0.065036036,4
10360,11661,brd-k68421632,-0.0981203,0.035399407,3
10361,11662,brd-k51030799,-0.098072276,0.108560525,5
10362,11663,brd-k04759195,-0.09807226,-0.043927904,5
10363,11664,brd-k59893315,-0.09807208,0.049953774,6
10364,11665,brd-k39376673,-0.0980528,-0.033711538,8
10365,11666,brd-k79793579,-0.09804825,0.0792985,12
10366,11667,brd-k56304906,-0.09804309,0.005204759,3
10367,11668,2-aminobenzenesulfonamide,-0.098029874,-0.04404309,4
10368,11671,jas07-004,-0.097981386,-0.028237155,13
10369,11672,pentamidine,-0.0979672,-0.0011691765,16
10370,11673,brd-k36109933,-0.097961806,0.032433778,4
10371,11674,brd-k02269790,-0.09795393,0.06388303,12
10372,11675,brd-k59915259,-0.09794369,0.11646196,6
10373,11676,dihydrodeoxygedunin,-0.097938426,0.025558326,15
10374,11677,brd-k87426959,-0.09793169,-0.0016074094,11
10375,11678,brd-k86565213,-0.09791987,0.022859845,13
10376,11679,brd-k41953699,-0.09788704,-0.017868208,3
10377,11680,brd-k39156670,-0.09788107,0.079065844,4
10378,11681,brd-k00819343,-0.09786059,0.021897389,11
10379,11683,brd-a02836799,-0.097850345,0.04069447,8
10380,11685,brd-k61260096,-0.097779155,-0.04585228,7
10381,11686,brd-k38227596,-0.097769916,-0.02310162,3
10382,11687,brd-k80821495,-0.0977693,-0.03642893,4
10383,11689,brd-k75755028,-0.09773185,-0.06310796,3
10384,11691,brd-k11221750,-0.09767645,0.041581802,3
10385,11692,1-monopalmitin,-0.09764309,0.0099623175,11
10386,11693,brd-a42187224,-0.09763937,0.07641737,6
10387,11694,brd-k32629755,-0.09761078,-0.054006577,3
10388,11695,brd-k47024121,-0.09760601,0.027401622,6
10389,11696,brd-k67087659,-0.09758882,-0.058153737,5
10390,11697,brd-k12912249,-0.09751888,-0.016805604,5
10391,11698,brd-k46922721,-0.097507365,0.04015737,6
10392,11699,brd-k93944867,-0.09749388,-0.0674521,5
10393,11700,brd-k19166598,-0.09749177,0.014481363,17
10394,11701,emodic-acid,-0.09743165,0.058663066,19
10395,11702,brd-k29385065,-0.09742833,0.054405034,4
10396,11704,brd-k29360016,-0.09741368,0.009962257,6
10397,11705,brd-k29674378,-0.09739231,0.040051103,6
10398,11706,brd-k50218765,-0.097391084,-0.016998237,4
10399,11707,brd-k18722736,-0.09737897,-0.014023182,5
10400,11709,brd-k27475558,-0.09736816,-0.049697965,6
10401,11710,brd-k45429601,-0.09727678,-0.015410096,5
10402,11712,brd-m12187987,-0.09718747,0.011049026,6
10403,11713,brd-k60850838,-0.09717794,0.07493695,5
10404,11714,brd-k23191900,-0.097160585,-0.0115178265,4
10405,11715,brd-k41675418,-0.097150244,-0.04941826,4
10406,11716,brd-k43708940,-0.09714872,-0.037880905,5
10407,11717,brd-k66646581,-0.0971466,-0.06769256,4
10408,11718,brd-k44681861,-0.09712116,0.09735577,4
10409,11720,brd-k87562020,-0.09711355,0.016965108,3
10410,11721,daidzein,-0.09710879,0.00788233,15
10411,11722,brd-k95080525,-0.09709994,0.026049623,15
10412,11723,brd-k31373683,-0.09709893,0.06246689,3
10413,11724,brd-k70821460,-0.09709139,-0.0004071153,11
10414,11725,brd-k18683499,-0.097090445,-0.0023330133,4
10415,11726,brd-k16172814,-0.09708576,-0.004840667,5
10416,11727,brd-k79106006,-0.09707387,-0.007661732,6
10417,11728,brd-k45496021,-0.09707365,9.371899e-05,4
10418,11729,brd-k96160456,-0.097063676,-0.029315157,4
10419,11730,brd-k13969067,-0.09705799,-0.041858967,6
10420,11731,brd-k72780683,-0.097051196,0.035653293,4
10421,11732,brd-k24893212,-0.09701687,-0.011442266,5
10422,11733,brd-k97173328,-0.09696363,0.009216316,6
10423,11734,brd-k87939627,-0.09694198,-0.026071854,3
10424,11736,brd-k47505626,-0.09693991,-0.017776242,5
10425,11737,brd-k78088483,-0.09693361,-0.057634488,5
10426,11738,brd-k17968366,-0.09691724,-0.06151522,6
10427,11739,brd-k88074877,-0.09689021,0.12680143,3
10428,11741,brd-k10471793,-0.09687014,-0.031478245,3
10429,11742,papaverine,-0.09686716,0.13666132,23
10430,11743,brd-k86529788,-0.09686335,0.030944908,5
10431,11744,brd-k23370299,-0.096859016,-0.017562553,6
10432,11745,brd-k80169513,-0.096841544,-0.004599492,14
10433,11746,brd-k68782403,-0.09678627,-0.034139458,7
10434,11747,brd-k93852877,-0.09676667,-0.038294397,7
10435,11748,rg-13022,-0.096766025,0.0032351033,19
10436,11749,brd-k94572506,-0.096745566,0.065860756,17
10437,11751,brd-k12019169,-0.09670602,-0.09659048,3
10438,11752,brd-k24736231,-0.096702784,-0.02471769,4
10439,11753,brd-k95284932,-0.09669977,0.04096605,4
10440,11754,brd-k66177994,-0.0966715,-0.030373907,5
10441,11755,brd-k05344363,-0.09666115,-0.057357512,5
10442,11757,brd-k17223851,-0.09665036,0.0144723095,6
10443,11758,brd-k22787051,-0.09664846,0.05408991,7
10444,11759,brd-k47570616,-0.096639596,-0.034759216,5
10445,11760,brd-k81068628,-0.09663036,0.00470162,4
10446,11761,brd-k45409613,-0.09662236,-0.044039793,5
10447,11762,brd-k18589989,-0.09659879,0.034185775,4
10448,11763,brd-k87524836,-0.09658296,0.07074328,3
10449,11764,brd-k07444373,-0.09658148,0.05848225,3
10450,11765,bg-1021,-0.09657797,0.0870667,6
10451,11766,atropine,-0.096568465,0.10280554,4
10452,11767,brd-k69661816,-0.096552834,-0.060018107,4
10453,11768,brd-k26766547,-0.0965489,-0.03455935,5
10454,11770,brd-k56104093,-0.096522436,-0.01221652,5
10455,11771,sa-1458985,-0.09651737,0.018804546,19
10456,11772,brd-k91730835,-0.096513405,0.026224623,11
10457,11773,"(+/-)-7-hydroxy-2-(n,n-di-n-propylamino)tetralin",-0.09651076,0.0005054157,6
10458,11774,brd-k37043259,-0.096499264,-0.04747145,13
10459,11776,brd-k84203638,-0.0964825,0.04799407,30
10460,11777,brd-k65927019,-0.09647221,-0.030690268,5
10461,11779,brd-k90074540,-0.09646935,-0.0041962033,4
10462,11782,brd-k37398676,-0.09644095,-0.04739355,4
10463,11784,fluoxymesterone,-0.09641181,-0.03430742,3
10464,11785,brd-k71138839,-0.096399695,-0.017317407,6
10465,11786,brd-k45785972,-0.09638811,0.0106256725,4
10466,11787,brd-k41652832,-0.096381016,0.0422294,11
10467,11788,brd-k71752918,-0.09636454,-0.013887719,4
10468,11790,brd-k89796490,-0.09633397,0.0051275077,3
10469,11791,brd-k46661156,-0.09632534,0.030944454,6
10470,11792,brd-k82761903,-0.096305095,0.020923551,4
10471,11793,brd-k88541752,-0.096296355,0.024881661,6
10472,11794,brd-k01800462,-0.096295744,-0.007129626,6
10473,11795,brd-k24307074,-0.09629244,0.017242344,6
10474,11796,brd-k51140856,-0.09626928,-0.014759608,13
10475,11797,brd-k92047490,-0.09626703,0.0361055,8
10476,11800,sa-1922006,-0.09619193,0.06796429,13
10477,11801,brd-k60477597,-0.09618599,-0.048335314,5
10478,11803,brd-k12562048,-0.09615497,-0.043579876,5
10479,11804,brd-k39587434,-0.09614759,0.037741974,4
10480,11805,brd-k02279849,-0.09611468,-0.0071218982,4
10481,11806,brd-k49482378,-0.09611327,0.024465494,6
10482,11807,brd-k73006286,-0.09611307,-0.06800282,3
10483,11808,brd-k51257364,-0.09609424,0.030245222,7
10484,11809,brd-k88622704,-0.09606969,0.03734421,12
10485,11810,brd-k32389477,-0.09606199,0.068891175,14
10486,11811,gr-113808,-0.09605479,0.07484339,23
10487,11813,brd-k84770507,-0.09603151,-0.030052485,7
10488,11815,brd-k49907349,-0.09602493,-0.091589294,3
10489,11816,brd-k48433912,-0.09602468,0.084293626,5
10490,11817,brd-k84139072,-0.09602045,-0.059381194,4
10491,11818,brd-k81559336,-0.09599262,0.015992971,4
10492,11819,kdm-096,-0.095982574,0.023755673,6
10493,11820,brd-k96477379,-0.09597136,-0.022646522,13
10494,11822,brd-k02914492,-0.09594648,-0.05362,3
10495,11823,brd-k90546933,-0.09589502,-0.014101235,3
10496,11825,brd-k99999497,-0.095866956,0.08721964,4
10497,11826,sa-1938867,-0.09585216,0.112946555,12
10498,11828,brd-k75843415,-0.09582327,0.11641431,14
10499,11830,brd-k37184875,-0.09577376,-0.034192976,12
10500,11831,brd-k86413298,-0.09576319,0.012725216,5
10501,11833,brd-k07360484,-0.09573744,0.044573244,5
10502,11834,ku-c104488,-0.09573689,0.16445157,11
10503,11835,brd-k46359800,-0.095711336,-0.09148134,3
10504,11836,brd-k39801870,-0.09569963,0.026166253,6
10505,11837,brd-k11236606,-0.09568559,-0.094840266,3
10506,11838,gsk-650394,-0.095684886,0.06888771,6
10507,11839,brd-k35719087,-0.09566339,0.03772852,4
10508,11841,brd-k95044179,-0.09565517,0.0691861,3
10509,11842,brd-k38620156,-0.095653854,0.025346326,5
10510,11843,brd-k71278614,-0.095645174,-0.06484909,4
10511,11844,brd-k19589763,-0.095637865,-0.05671837,4
10512,11845,jas07-006,-0.09562738,0.04727925,15
10513,11846,brd-k21691498,-0.095625766,0.06610012,4
10514,11847,brd-k80622828,-0.09562009,0.003997815,7
10515,11848,retrorsine,-0.09561857,0.06422672,15
10516,11850,brd-k15226746,-0.095602505,-0.020827789,3
10517,11852,brd-k28968484,-0.09559298,0.028665043,4
10518,11855,brd-k17350012,-0.09554853,-0.04544068,5
10519,11856,sa-243193,-0.09554367,0.07664889,8
10520,11857,brd-k72267874,-0.095542,0.07346691,13
10521,11858,brd-k11144279,-0.09553859,-0.024222665,6
10522,11859,brd-k99536165,-0.09553325,-0.06255859,5
10523,11860,brd-k36192494,-0.09552982,-0.022111777,4
10524,11861,brd-k00946569,-0.095527284,-0.016602661,4
10525,11862,brd-k03631605,-0.09547759,-0.029070113,6
10526,11863,brd-k02242562,-0.09547157,-0.07549063,5
10527,11864,brd-k25380480,-0.0954579,-0.08489169,3
10528,11865,brd-k97585006,-0.09544881,0.022427991,4
10529,11867,brd-k00422823,-0.0954289,0.059432298,6
10530,11869,iriflophenone,-0.09536603,0.06246848,8
10531,11871,brd-k75467206,-0.09535073,0.00899391,4
10532,11872,brd-k93738295,-0.09533172,-0.0048662783,4
10533,11873,brd-k20182751,-0.0953132,-0.047651485,6
10534,11874,brd-k27141795,-0.095311366,-0.044754393,5
10535,11875,brd-k00566471,-0.09524358,-0.015857533,3
10536,11876,brd-k30940328,-0.09522343,-0.027750934,7
10537,11877,brd-k28738449,-0.09522148,-0.03922983,4
10538,11880,pronetalol,-0.0951753,-0.040564068,4
10539,11881,brd-k07594626,-0.09517175,-0.00357744,6
10540,11883,brd-k59340545,-0.095143355,-0.012355466,7
10541,11884,brd-k47380281,-0.09513531,0.12663533,3
10542,11885,brd-k70210716,-0.09511357,-0.057744164,5
10543,11886,brd-k50611992,-0.095105805,-0.010477821,4
10544,11888,brd-k98326205,-0.095075674,0.054026227,5
10545,11889,brd-k62980388,-0.09504826,-0.07394498,3
10546,11890,brd-k10361096,-0.09504559,0.033293925,12
10547,11891,brd-k59465228,-0.0950345,0.013679633,3
10548,11892,brd-k52178187,-0.09501932,-0.04684203,4
10549,11893,brd-k15535200,-0.09501041,-0.00546968,4
10550,11894,brd-k19898724,-0.095008776,0.015758656,5
10551,11897,brd-k07568447,-0.09496868,-0.03473001,5
10552,11898,brd-k17712926,-0.0949543,0.014184704,4
10553,11900,nsc-119889,-0.09493934,0.03010664,15
10554,11901,brd-k58663279,-0.09493423,0.0789008,4
10555,11902,brd-k68863575,-0.094898276,0.029164191,12
10556,11903,brd-k65983169,-0.09489627,0.0333134,5
10557,11904,brd-k83833567,-0.09488253,-0.0003109401,3
10558,11905,brd-k18390187,-0.09486949,-0.083542995,5
10559,11906,brd-k66191602,-0.094860315,0.018434618,4
10560,11907,brd-k74832096,-0.09485319,0.007493221,6
10561,11910,brd-k36651625,-0.09478839,0.04362127,6
10562,11911,brd-k83414957,-0.09476824,-0.031073993,3
10563,11912,brd-k24282403,-0.09475676,-0.057112105,4
10564,11914,brd-k59867372,-0.0946966,-0.029787596,4
10565,11915,brd-k11719436,-0.09469473,0.06178807,3
10566,11916,brd-k69886508,-0.09466178,0.06305372,4
10567,11917,brd-k44586044,-0.09465212,-0.019615615,11
10568,11918,brd-k00555438,-0.09461247,0.12473573,12
10569,11919,brd-k82637111,-0.09460832,0.026812807,5
10570,11920,brd-k27133763,-0.09458345,-0.011607493,5
10571,11921,brd-k68085828,-0.094576746,0.008450307,5
10572,11922,brd-k95244186,-0.09455738,-0.06579835,4
10573,11923,brd-k34580085,-0.09455572,-0.08088943,5
10574,11924,brd-k25031586,-0.094533026,0.07861855,3
10575,11925,brd-k98259048,-0.09452752,-0.05024506,4
10576,11926,brd-k52203672,-0.09452018,0.011703904,4
10577,11927,brd-k61907493,-0.09451526,-0.07124703,4
10578,11928,brd-k17731272,-0.09448401,-0.007858356,5
10579,11929,troxipide,-0.09448178,0.06184923,11
10580,11931,brd-k03515135,-0.09442546,-0.018081246,5
10581,11932,brd-k42959654,-0.09441172,-0.032178238,4
10582,11934,brd-k34798777,-0.09439445,-0.032566976,4
10583,11935,brd-k49998237,-0.094389915,0.030782282,7
10584,11937,brd-k02653676,-0.09435577,-0.0061599226,3
10585,11938,brd-k98866561,-0.09434918,0.010906085,4
10586,11939,brd-k18483660,-0.094345644,-0.0482636,5
10587,11940,brd-k95470847,-0.0943377,-0.08336851,3
10588,11941,brd-k36741877,-0.09433401,0.07695343,5
10589,11942,brd-k65540587,-0.09432499,0.03663507,6
10590,11943,brd-k96621343,-0.0943005,0.03685187,13
10591,11944,brd-k44200196,-0.09429328,-0.025773745,4
10592,11945,brd-k33368990,-0.09427493,-0.059442557,3
10593,11946,brd-k05387676,-0.09425085,-0.042198222,3
10594,11947,brd-k77229048,-0.094248556,-0.08400535,3
10595,11948,brd-k36961201,-0.094239965,-0.02412882,3
10596,11952,brd-k10062203,-0.09420888,-0.01998458,6
10597,11953,brd-k20501513,-0.09420071,-0.033101253,7
10598,11957,brd-k35801592,-0.09417706,0.046482116,4
10599,11958,brd-k47569804,-0.094169006,0.047098376,4
10600,11959,brd-k31088139,-0.09416793,-0.003770926,4
10601,11961,brd-k00586388,-0.09415101,0.07513374,6
10602,11962,brd-k47967838,-0.09413596,0.0031944641,5
10603,11963,ionomycin,-0.0941293,0.06867893,4
10604,11964,brd-k13207999,-0.09412913,-0.082847305,3
10605,11965,brd-k25193669,-0.094123006,-0.025108775,5
10606,11966,brd-k13089870,-0.09411003,-0.077925876,3
10607,11967,brd-k20761826,-0.09408933,-0.016984884,6
10608,11969,sa-244466,-0.09407826,0.11356901,8
10609,11971,brd-k57037351,-0.09401479,0.07529107,13
10610,11976,brd-k84109969,-0.09396269,0.035687014,6
10611,11977,brd-k60927153,-0.093954906,-0.06525429,4
10612,11979,brd-k82284120,-0.0939477,0.02466181,4
10613,11980,brd-k29834680,-0.093936935,0.04606262,3
10614,11981,brd-k92134560,-0.09393143,0.061480407,4
10615,11982,brd-k62176618,-0.093904,-0.045403276,5
10616,11983,brd-k71672626,-0.093902074,0.0154318325,5
10617,11984,brd-k65677539,-0.0938739,0.033302724,3
10618,11985,brd-k01614657,-0.093865156,0.08197946,17
10619,11986,brd-k78989575,-0.093865044,-0.01928351,3
10620,11987,brd-k76876037,-0.09382901,-0.022002613,11
10621,11988,brd-k29499344,-0.09381707,0.10572553,4
10622,11989,brd-k92740670,-0.09381632,-0.011115313,7
10623,11990,brd-k33005877,-0.09380591,0.045649692,7
10624,11991,brd-k34639069,-0.09379392,0.0716399,3
10625,11993,brd-k62702428,-0.09378439,-0.010150689,5
10626,11995,brd-k61872587,-0.093738146,-0.08195758,3
10627,11996,brd-k02952507,-0.09373709,-0.019024841,11
10628,11997,brd-k57364182,-0.0937149,-0.074655116,3
10629,11998,brd-k41172353,-0.09371379,-0.013410703,12
10630,11999,brd-k12559526,-0.093710974,-0.04037234,6
10631,12001,brd-k77402297,-0.093686946,0.0578828,9
10632,12002,brd-k39114105,-0.09368625,0.00247211,4
10633,12004,brd-k73059376,-0.09364744,0.05406359,6
10634,12005,"1,2-propylene-glycol",-0.093646675,0.013024713,6
10635,12007,brd-k26604645,-0.09362696,-0.027626216,6
10636,12009,brd-k90219001,-0.09359206,0.032735493,3
10637,12010,brd-k61083743,-0.09358556,0.017630458,4
10638,12011,brd-k24578841,-0.09358398,0.0070441337,4
10639,12012,brd-k33693037,-0.09357001,0.029490752,3
10640,12013,brd-k91735860,-0.09356565,0.036260724,4
10641,12014,brd-k92202821,-0.09353255,0.01974615,12
10642,12015,brd-k13028566,-0.09349836,0.019156273,6
10643,12016,brd-k73701691,-0.09349409,0.056579664,6
10644,12017,brd-k12163240,-0.0934658,-0.046588767,4
10645,12018,brd-k37498076,-0.09344466,0.09901412,12
10646,12019,brd-k87648209,-0.09343714,-0.0663083,3
10647,12020,brd-k00663349,-0.09343481,-0.032900706,6
10648,12021,brd-k44802959,-0.093413904,0.018946284,5
10649,12022,brd-k27006579,-0.093402736,1.9278377e-07,6
10650,12023,brd-k19873234,-0.0934016,0.037263192,6
10651,12024,brd-k68565044,-0.09337595,-0.010159249,6
10652,12025,brd-k27343142,-0.093360156,-0.016963754,4
10653,12027,brd-k53955171,-0.0933234,-0.019861428,3
10654,12028,brd-k37317589,-0.09332004,-0.022892548,4
10655,12029,brd-k43776433,-0.09326702,0.035077322,11
10656,12030,carbon-tetrachloride,-0.09322521,-0.08511876,3
10657,12032,brd-k88707333,-0.093185484,-0.009511403,12
10658,12033,brd-k78904620,-0.09317861,0.0069978433,6
10659,12034,brd-k67503471,-0.09316826,-0.08082731,3
10660,12035,nor-1-promazine,-0.093145326,0.041816283,6
10661,12036,brd-k74316684,-0.09313254,0.037248828,10
10662,12037,eicosadienoic-acid,-0.09311603,-0.037958533,15
10663,12038,brd-k71104315,-0.09309515,0.04358572,6
10664,12039,brd-k25380050,-0.09306501,-0.015765078,5
10665,12040,brd-k16126971,-0.09305812,0.01833856,5
10666,12041,brd-k14799717,-0.09304606,0.044522393,4
10667,12042,khellin,-0.09304379,-0.08001376,3
10668,12043,brd-k85699864,-0.093042,-0.02359667,4
10669,12044,brd-k85471465,-0.09300473,-0.07118413,4
10670,12046,brd-k95437400,-0.092995584,0.043450728,5
10671,12047,brd-k69178842,-0.09299077,0.017335292,4
10672,12048,brd-k69792693,-0.092943944,0.03655506,4
10673,12049,brd-k52874783,-0.092928186,0.06838767,3
10674,12051,brd-k86291677,-0.09289682,0.093552686,6
10675,12052,brd-k52870470,-0.09287711,-0.06798513,3
10676,12055,brd-k77931347,-0.092845894,-0.04368727,4
10677,12056,brd-k86071888,-0.0928336,0.021034561,4
10678,12057,brd-k81873565,-0.09282658,0.01740856,6
10679,12059,brd-k32066855,-0.09277904,-0.021179995,3
10680,12061,brd-k77316712,-0.0927381,0.053528253,5
10681,12062,brd-k02927581,-0.09272995,0.100719154,6
10682,12063,brd-a51666293,-0.09272976,0.11215207,15
10683,12064,brd-k25199340,-0.092718914,-0.026214771,3
10684,12066,brd-k95666496,-0.092690565,0.013664995,5
10685,12067,brd-k54010839,-0.09268575,0.0069559487,7
10686,12069,brd-k64790987,-0.09264018,-0.0025916398,6
10687,12070,brd-k40442760,-0.09262771,-0.06713422,4
10688,12072,brd-k71994465,-0.09260082,-0.038616505,3
10689,12073,brd-k62697007,-0.09259369,-0.06348384,3
10690,12074,brd-k70435062,-0.09258407,-0.016385695,5
10691,12075,brd-k34585937,-0.09257566,-0.038203858,3
10692,12076,brd-k00199686,-0.0925536,-0.04823706,4
10693,12077,brd-k20740790,-0.09254688,-0.03437366,4
10694,12078,bml-266,-0.092542425,0.0068846126,6
10695,12079,brd-k17169073,-0.09254007,-0.030090151,4
10696,12081,brd-k15014572,-0.09252195,0.03253485,5
10697,12082,brd-k68541237,-0.09251833,0.025807902,4
10698,12084,apec,-0.09250058,0.048470944,6
10699,12085,brd-k18456137,-0.092499785,0.038129363,4
10700,12086,brd-k89915754,-0.09249677,-0.04529787,6
10701,12087,brd-k13860832,-0.092493266,-0.010734676,4
10702,12088,brd-k28883735,-0.09246946,-0.009966614,7
10703,12089,brd-k43782924,-0.09246338,-0.026073499,13
10704,12090,brd-k01187795,-0.092459016,0.035779893,3
10705,12091,brd-k59423635,-0.09243464,0.04975624,4
10706,12092,brd-k43781861,-0.09242241,-0.014670173,4
10707,12093,brd-k23147993,-0.09242105,-0.0054686824,3
10708,12095,brd-k39132590,-0.09240535,-0.0800149,4
10709,12096,brd-k08831772,-0.09240098,-0.052345224,4
10710,12097,cytochalasin-d,-0.09239752,0.0005714654,17
10711,12099,brd-k44266302,-0.09237643,0.053211235,5
10712,12100,brd-k50576452,-0.09234786,0.07678437,5
10713,12102,brd-k08373870,-0.092303745,-0.035500392,5
10714,12103,brd-k97194822,-0.09228532,0.05397632,5
10715,12104,brd-k70433089,-0.092279,-0.060356196,4
10716,12105,brd-k11847435,-0.09227822,0.037179593,6
10717,12106,brd-k74823182,-0.092272654,-0.027186135,3
10718,12107,brd-k81882789,-0.09226536,0.01804975,6
10719,12108,brd-k10657952,-0.09225491,-0.020260876,4
10720,12109,brd-k72967213,-0.09224444,-0.057876807,3
10721,12110,brd-k00540336,-0.09218897,0.059316903,12
10722,12112,brd-k04779531,-0.09218433,-0.0069823978,15
10723,12113,gbr-12935,-0.09217821,0.037099633,19
10724,12114,brd-k01727336,-0.09216051,0.016663432,4
10725,12115,brd-k20138758,-0.092158996,0.07172744,8
10726,12120,brd-k04021425,-0.09211615,0.00052993407,8
10727,12121,brd-k33116513,-0.09208337,-0.024188515,4
10728,12123,brd-k70077013,-0.09206864,0.011474531,6
10729,12124,brd-k52306726,-0.09206032,-0.028422952,6
10730,12125,brd-k74495399,-0.09204651,0.004525281,5
10731,12126,brd-k04367289,-0.09204313,0.032399725,4
10732,12127,brd-k93612606,-0.09202561,-0.043267068,4
10733,12128,brd-k54127914,-0.092004865,0.09213037,11
10734,12129,brd-k13583181,-0.09199111,-0.009781934,4
10735,12130,lobaric-acid,-0.091966294,0.011328182,15
10736,12131,brd-k08040026,-0.091945775,-0.069279,4
10737,12132,brd-k98832591,-0.091936275,-0.028105183,4
10738,12133,brd-k08891029,-0.09193485,-0.010510958,6
10739,12134,(+)-3-(1-propyl-piperidin-3-yl)-phenol,-0.09193134,0.073038325,6
10740,12135,brd-k00715257,-0.09191564,0.049782805,5
10741,12136,brd-k72001456,-0.09190911,-0.034177493,3
10742,12137,brd-k30857073,-0.09187989,-0.02292887,5
10743,12138,flurandrenolide,-0.09187931,0.04184876,4
10744,12139,brd-k16026816,-0.09187069,-0.0120587,3
10745,12143,brd-k65750468,-0.09183109,0.0054876637,5
10746,12144,brd-k09584219,-0.09181635,-0.011797907,6
10747,12145,brd-k95270854,-0.09181193,0.006203387,5
10748,12146,brd-k38197770,-0.09178398,0.010796212,3
10749,12147,brd-k35060373,-0.09178055,-0.02114493,7
10750,12148,brd-k48719132,-0.091771185,-0.08294984,5
10751,12149,brd-k61219693,-0.091760546,0.028228186,4
10752,12150,brd-k91180076,-0.09174933,-0.027983174,6
10753,12151,brd-k22148752,-0.091739275,0.0006800963,3
10754,12152,brd-k52675185,-0.09173445,0.0293068,11
10755,12153,brd-k95695488,-0.09172856,-0.0776932,5
10756,12154,brd-k81678234,-0.091726005,-0.030074798,4
10757,12155,brd-k49723782,-0.091725394,0.0005902946,4
10758,12156,brd-k23794511,-0.09171373,0.030909462,11
10759,12157,brd-k82777549,-0.09171158,0.0028866143,6
10760,12159,brd-a27924917,-0.09164616,-0.006060073,6
10761,12160,brd-k81335986,-0.09164212,-0.009485345,5
10762,12162,brd-k78627754,-0.09162153,0.035684068,6
10763,12163,brd-k21787157,-0.09162113,0.033967383,3
10764,12164,brd-k53249762,-0.09161525,0.055774637,6
10765,12165,brd-k04753511,-0.09160144,-0.008173942,5
10766,12166,brd-k87252271,-0.09157997,-0.016083274,13
10767,12168,brd-k00526921,-0.09156291,-0.05835901,3
10768,12170,brd-k58536094,-0.09151202,0.027117204,6
10769,12171,bg-1004,-0.09150705,-0.0022656592,6
10770,12174,brd-k24049756,-0.09145476,-0.037767414,3
10771,12175,brd-k85818861,-0.091437235,0.019662773,13
10772,12176,brd-k05979026,-0.091434255,0.03889942,12
10773,12177,brd-k15245489,-0.09142219,0.03769166,5
10774,12178,flumethasone,-0.09142126,0.10546142,4
10775,12179,androsterone,-0.0914043,-0.032973602,4
10776,12180,brd-k01140360,-0.0913987,0.061615705,6
10777,12181,brd-k21622447,-0.09139223,-0.049687386,3
10778,12182,brd-k54472228,-0.09137544,-0.00080118,6
10779,12183,psb-06126,-0.09134959,0.07893787,23
10780,12184,brd-k73453061,-0.091341324,0.062357713,4
10781,12185,brd-k95891443,-0.09132262,0.0769366,6
10782,12186,1b-nr,-0.091318786,0.094711095,6
10783,12188,brd-k96834847,-0.091294765,0.10144739,6
10784,12189,brd-k11480730,-0.09128984,0.006665832,6
10785,12190,brd-k06359153,-0.09128245,0.024398675,3
10786,12193,brd-k29506255,-0.09124353,0.12434669,12
10787,12195,brd-k28907425,-0.09121328,-0.08740962,3
10788,12196,brd-k82328933,-0.09120958,0.011471241,5
10789,12197,brd-k65464785,-0.0911746,-0.029422041,4
10790,12198,brd-k86764949,-0.09117248,-0.00898285,5
10791,12199,brd-k85930698,-0.09116413,0.045701016,4
10792,12200,cefsulodin,-0.09116036,-0.016382368,4
10793,12201,brd-k98427832,-0.09115242,-0.004157613,8
10794,12202,brd-a68065211,-0.09113862,0.14629859,10
10795,12203,brd-k65862059,-0.09112429,-0.035274334,5
10796,12204,brd-k43234208,-0.09112025,0.063129075,5
10797,12205,brd-k16010201,-0.09110638,-0.033703435,4
10798,12206,brd-k64801282,-0.09109471,0.004880652,5
10799,12212,brd-k63239300,-0.090998664,0.109357916,13
10800,12213,brd-k73737710,-0.09099264,-0.05833321,6
10801,12214,brd-k15168329,-0.09098186,0.031172415,5
10802,12215,torin-2,-0.09098118,0.17242226,66
10803,12218,brd-k79102010,-0.09094831,0.1174821,13
10804,12220,brd-k36841620,-0.090943284,0.011904171,3
10805,12221,brd-k64984926,-0.09093845,0.0680526,5
10806,12222,brd-k50176356,-0.090911545,-0.063123286,5
10807,12224,brd-k46092809,-0.090904325,0.04129413,5
10808,12225,brd-k28190569,-0.090883814,0.01279934,5
10809,12226,brd-k65426421,-0.09086867,-0.002220965,10
10810,12227,brd-k21082546,-0.09085667,0.0018284621,6
10811,12229,brd-k22291343,-0.090829484,-0.026131561,4
10812,12230,brd-k57841225,-0.090829216,-0.014741758,4
10813,12231,brd-k94274196,-0.09080995,0.05979701,5
10814,12232,brd-k19549666,-0.090778016,0.011168423,7
10815,12236,brd-k59722258,-0.090736486,0.07349577,5
10816,12238,brd-k43947390,-0.09067994,0.02209876,5
10817,12239,brd-k83385358,-0.090645656,0.027315415,8
10818,12240,brd-k27096101,-0.09063934,-0.0448512,4
10819,12242,brd-k40358966,-0.09061489,0.0742765,4
10820,12243,brd-k20950855,-0.090598896,0.01561703,6
10821,12244,brd-k94014921,-0.090595484,-0.05437009,5
10822,12245,brd-k93411257,-0.09059401,-0.061739113,5
10823,12247,brd-k49906853,-0.09057293,0.058834404,4
10824,12248,sa-1459256,-0.09054775,0.20560846,8
10825,12251,brd-k30954716,-0.09052394,0.07154941,4
10826,12252,brd-k66966735,-0.090514034,-0.03500212,4
10827,12253,brd-k96103104,-0.09050638,0.0334479,3
10828,12254,brd-k60056473,-0.090500124,-0.07529908,3
10829,12255,brd-k01478916,-0.09049925,-0.05886372,5
10830,12257,brd-k28484895,-0.090487495,0.015219084,7
10831,12258,brd-k02055666,-0.09048371,-0.071915306,7
10832,12259,brd-k96063588,-0.09047906,-0.00842051,3
10833,12260,brd-k06884091,-0.09047201,-0.010541551,6
10834,12261,brd-k08014780,-0.0904702,0.0066561922,7
10835,12262,brd-k42931788,-0.090442255,-0.03433116,4
10836,12263,brd-k82014438,-0.09043839,0.06573722,4
10837,12264,brd-k13079805,-0.09041848,-0.05448093,5
10838,12266,at-csc-07,-0.09037129,0.049643207,12
10839,12267,brd-k49477330,-0.09033422,0.03596983,12
10840,12271,brd-k37788266,-0.090289444,-0.014765571,4
10841,12272,brd-k14074563,-0.0902816,-0.024676744,3
10842,12274,brd-k90431990,-0.09027391,0.056110915,7
10843,12275,brd-k07817703,-0.09024108,0.002789492,3
10844,12276,brd-k74458364,-0.09023298,0.0049791913,4
10845,12277,brd-k85698453,-0.09022314,0.021906625,5
10846,12279,brd-k94676520,-0.09018962,-0.016571071,6
10847,12280,brd-k24230322,-0.090154916,0.028805591,5
10848,12282,brd-k86857638,-0.09014158,-0.031271923,4
10849,12283,brd-k03486902,-0.09012154,-0.06587299,6
10850,12284,brd-k96408604,-0.09003629,0.037891295,5
10851,12285,brd-k88198340,-0.09003595,0.019235427,15
10852,12286,brd-k75413841,-0.09002831,0.053350482,7
10853,12288,brd-k97722864,-0.08999803,0.026791353,4
10854,12289,brd-k17289060,-0.0899893,-0.0024419464,6
10855,12290,brd-k72010491,-0.08998631,-0.050484728,5
10856,12291,brd-k48306168,-0.08996946,-0.080672406,7
10857,12292,brd-k53407305,-0.08992695,0.10560798,14
10858,12293,brd-k74133758,-0.08991212,-0.07162168,3
10859,12294,brd-k00645031,-0.08990804,0.049414728,4
10860,12295,brd-k96586144,-0.089886375,-0.0049874736,5
10861,12296,brd-k46047563,-0.08988236,0.08673935,18
10862,12297,brd-k19645792,-0.08987324,-0.055671073,5
10863,12298,brd-k20555710,-0.0898693,0.017757965,6
10864,12300,brd-k75940587,-0.089835644,0.01900182,12
10865,12303,brd-k60471354,-0.08978332,0.01088638,4
10866,12304,brd-k84528570,-0.08976463,0.002130589,13
10867,12305,brd-k43566466,-0.08976334,-0.029362613,3
10868,12306,brd-k64404931,-0.08975883,-0.015164833,5
10869,12307,brd-k37434018,-0.08974901,0.007527044,4
10870,12309,brd-k46065939,-0.08970926,-0.008153692,4
10871,12310,brd-k31344914,-0.0897082,0.021042515,6
10872,12311,brd-k20857608,-0.08970303,-0.020918846,5
10873,12312,brd-k42142217,-0.08969655,-0.03662595,7
10874,12313,brd-k85569074,-0.08968414,-0.033979807,7
10875,12314,brd-k20170530,-0.089669585,-0.04903178,5
10876,12315,brd-k55641492,-0.08966178,-0.024443896,6
10877,12317,bg-1006,-0.08965185,-0.02576448,6
10878,12318,fluoro-saha,-0.08964989,-0.032557487,6
10879,12319,brd-k75880427,-0.08960366,-0.07738867,3
10880,12320,brd-k08105592,-0.08960296,-0.014051197,4
10881,12321,levosulpiride,-0.08960055,0.071352735,11
10882,12322,brd-k91850687,-0.089598075,-0.04312502,6
10883,12323,brd-k93906979,-0.08959788,0.06475307,6
10884,12324,brd-k65266817,-0.0895949,0.049685203,3
10885,12325,brd-k04362735,-0.0895893,0.029763192,7
10886,12326,brd-k86107831,-0.08958808,-0.01575579,3
10887,12327,brd-k38087837,-0.089584336,-0.00998899,6
10888,12328,brd-k73199200,-0.08956156,0.03026532,6
10889,12329,brd-k15966733,-0.08955769,-0.002939994,4
10890,12330,iwp-2,-0.08955537,0.038251825,6
10891,12331,brd-k29256470,-0.089531906,-0.04996989,7
10892,12332,brd-k84024786,-0.08951104,-0.013452036,9
10893,12333,brd-k60588371,-0.08949105,0.027403504,6
10894,12336,brd-k69611470,-0.08941762,-0.063724644,3
10895,12337,brd-k36991730,-0.08940534,0.016972616,5
10896,12338,brd-k35616093,-0.089393765,0.006354369,4
10897,12341,brd-k35522276,-0.08935443,0.12761508,7
10898,12342,brd-k42969667,-0.08934363,-0.016768027,4
10899,12344,brd-k74773935,-0.089333594,-0.043886434,6
10900,12345,brd-k40518011,-0.08931723,0.007780657,6
10901,12346,brd-k75304533,-0.08931358,-0.0075251367,13
10902,12347,brd-k74200139,-0.089281134,0.007311091,4
10903,12349,reversine,-0.08926416,0.10547824,18
10904,12350,brd-k78944321,-0.08922443,0.10725069,4
10905,12353,brd-k19516543,-0.08915771,-0.023298636,4
10906,12354,brd-k29426933,-0.08914003,0.034677733,5
10907,12355,brd-k65392546,-0.08912078,-0.017041093,5
10908,12356,brd-k76237504,-0.08911579,-0.053631417,5
10909,12357,brd-k00549770,-0.08909256,-0.07206008,3
10910,12358,brd-k32628102,-0.08908975,0.06025104,4
10911,12359,brd-k98481427,-0.089084715,-0.05216081,3
10912,12360,brd-m97057852,-0.08908219,0.03932695,6
10913,12361,brd-k74951051,-0.08906733,0.05476082,12
10914,12364,brd-k70551857,-0.08902149,-0.0073012454,6
10915,12365,brd-k44119437,-0.08901137,-0.055868536,3
10916,12366,brd-k35510956,-0.0889975,-0.06390219,7
10917,12367,brd-k93339435,-0.08898226,-0.0046582543,6
10918,12370,brd-k81706693,-0.08894027,0.068327025,6
10919,12371,brd-k48243375,-0.08893744,-0.0171534,6
10920,12374,brd-k53923750,-0.0889146,0.014148861,6
10921,12375,brd-k86947329,-0.08889739,0.04742626,4
10922,12376,brd-k83931007,-0.08887352,0.12767604,3
10923,12377,brd-k47774969,-0.08886478,-0.017728867,6
10924,12378,vu-0403126,-0.08884108,0.03632974,15
10925,12379,brd-k38313084,-0.088820465,-0.046252266,7
10926,12380,brd-k54408195,-0.08880266,0.08438738,5
10927,12382,brd-k74415279,-0.08878538,-0.016926292,3
10928,12383,brd-k88872152,-0.08878467,-0.054041173,3
10929,12384,brd-k84770158,-0.08877488,0.09755255,13
10930,12385,brd-k55693448,-0.08877452,0.017047612,5
10931,12386,brd-k10655148,-0.08871952,-0.011345002,3
10932,12387,brd-k51934037,-0.08868619,0.04567779,4
10933,12388,brd-k17884417,-0.08867805,-0.048935093,6
10934,12389,brd-k05487130,-0.088675,0.0032063664,5
10935,12390,brd-k89257372,-0.08867468,0.03937889,4
10936,12391,brd-k93774845,-0.0886575,-0.013555758,6
10937,12392,dimethadione,-0.08862688,-0.06094765,4
10938,12393,brd-k30150248,-0.0886263,0.19702232,6
10939,12395,brd-k54003568,-0.08858876,-0.043083824,3
10940,12396,brd-k34665338,-0.08857969,-0.0769291,5
10941,12400,brd-k87733826,-0.08854878,0.044544373,5
10942,12402,brd-k16383683,-0.08852977,-0.004883228,5
10943,12403,brd-k86997406,-0.08850859,0.020311,3
10944,12404,brd-k03679890,-0.08849793,0.032186568,4
10945,12406,brd-k01570637,-0.08844159,-0.022294816,4
10946,12408,brd-k87520488,-0.0883935,-0.019921198,7
10947,12409,brd-k93577185,-0.08837624,0.034917053,6
10948,12413,brd-k02240493,-0.088364504,-0.043333624,4
10949,12414,brd-k82869179,-0.088337496,-0.016310297,3
10950,12418,brd-k28568387,-0.0882815,-0.02156674,4
10951,12420,brd-k88897538,-0.08826839,0.013269341,6
10952,12423,rathyronine,-0.08822854,0.093183786,12
10953,12424,cmpd-1,-0.08821716,0.03997508,15
10954,12426,brd-k73707305,-0.088203125,0.044838246,17
10955,12427,brd-k86201813,-0.08820071,-0.056769345,3
10956,12428,brd-k57330428,-0.08819497,0.0061940355,6
10957,12430,brd-k26945408,-0.088175505,0.014361246,5
10958,12433,brd-k11611839,-0.08808602,0.06442327,13
10959,12435,brd-k72241566,-0.08805616,-0.08244979,3
10960,12436,butabindide,-0.08804626,0.022929827,19
10961,12437,brd-k53549200,-0.08802575,-0.06689601,5
10962,12438,brd-k05662507,-0.088009536,-0.06627194,3
10963,12439,colistin,-0.087988205,0.06004322,4
10964,12440,brd-k01605959,-0.08797403,-0.054732524,6
10965,12444,brd-k28282432,-0.087947935,0.06698669,7
10966,12445,brd-k42540297,-0.08794735,0.05452552,3
10967,12446,brd-k84718005,-0.08793609,0.034311753,4
10968,12447,brd-k93971021,-0.08793582,0.029361336,6
10969,12448,brd-k58043445,-0.08792715,0.053716306,5
10970,12449,brd-m95429326,-0.08792671,0.029790029,6
10971,12450,brd-k01070670,-0.08791315,-0.07299027,4
10972,12451,brd-k42709418,-0.08790835,0.05009962,4
10973,12452,brd-k32197572,-0.08790429,0.09715811,5
10974,12453,brd-k09324015,-0.087881796,-0.020001808,5
10975,12454,brd-k92773691,-0.08787426,-0.01762651,5
10976,12455,brd-k74094800,-0.08786832,-0.03147688,5
10977,12456,brd-k39363780,-0.08786268,-0.016494716,6
10978,12457,brd-k55186349,-0.08784477,0.01270159,12
10979,12458,brd-k86449639,-0.08783882,-0.024633912,3
10980,12460,brd-k23038591,-0.08782421,-0.009761893,3
10981,12461,brd-k25642832,-0.0878228,-0.027264474,5
10982,12462,brd-k62191543,-0.08781768,-0.042978954,3
10983,12463,brd-k51981081,-0.08781275,-0.01925875,6
10984,12464,brd-k43580610,-0.08781061,-0.060509756,4
10985,12465,brd-k82906409,-0.08779933,0.01850888,3
10986,12466,brd-k52812196,-0.087779604,-0.03316407,3
10987,12468,brd-k75784474,-0.087773,0.0009030504,12
10988,12470,brd-k30737452,-0.08773579,-0.02372926,4
10989,12471,sb-269970,-0.087723106,0.069411024,19
10990,12472,brd-k17401882,-0.087714486,0.03262772,7
10991,12477,brd-k64380185,-0.08764973,-0.00074195396,4
10992,12478,brd-k18000410,-0.08764787,0.018260721,4
10993,12479,brd-k58999044,-0.0876337,0.11824008,5
10994,12480,brd-k88537788,-0.08762795,0.12562792,5
10995,12481,brd-k58175397,-0.087627135,-0.030277647,4
10996,12482,brd-k44816676,-0.08762294,0.10867324,7
10997,12483,brd-k81313903,-0.087622225,0.01959337,4
10998,12484,brd-k94719962,-0.08762043,0.007954954,4
10999,12485,brd-k35100517,-0.087609865,0.06987576,15
11000,12487,brd-k30021624,-0.08758086,0.014110904,3
11001,12489,brd-k83473338,-0.08754498,0.037233926,4
11002,12490,bephenium,-0.087537274,0.042952757,4
11003,12491,brd-k19597888,-0.08753485,0.0065373075,4
11004,12493,brd-k49736551,-0.08752751,-0.00096752297,5
11005,12494,brd-k63565086,-0.087526195,0.05053075,5
11006,12495,brd-k60002680,-0.08752288,0.0025504583,3
11007,12498,brd-k18512301,-0.08747116,-0.02519245,5
11008,12500,brd-k13982317,-0.08743468,0.0817269,5
11009,12501,brd-k33762302,-0.087431006,0.06427648,13
11010,12502,brd-k52725924,-0.087430246,0.12471951,6
11011,12506,brd-k17519289,-0.087372124,0.047220845,5
11012,12507,brd-k61540796,-0.087358914,-0.006562919,5
11013,12508,brd-k40918107,-0.087327346,0.0076200585,3
11014,12509,brd-k09170549,-0.08730223,-0.06751646,4
11015,12510,brd-k22643697,-0.08729584,0.03713045,3
11016,12511,brd-k64682090,-0.087294295,0.05246211,4
11017,12512,brd-k79426639,-0.08725521,0.035205275,4
11018,12513,brd-k77525326,-0.0872407,0.054944053,3
11019,12516,brd-k88856990,-0.08721174,-0.03265671,4
11020,12517,brd-k87339026,-0.08719176,-0.0030104306,3
11021,12519,brd-k88078052,-0.08715854,0.029273352,5
11022,12521,brd-k40963786,-0.08709279,-0.049161315,5
11023,12523,brd-k82140622,-0.087064534,0.086223096,15
11024,12525,brd-k16563572,-0.087049425,0.22857901,4
11025,12526,brd-k60760984,-0.08703224,-0.064356714,3
11026,12528,brd-k31561199,-0.087019354,-0.045841075,4
11027,12529,brd-k87361616,-0.08701182,-0.03089644,4
11028,12530,brd-k71240454,-0.08701071,-0.015634045,8
11029,12531,brd-k32326107,-0.08700397,0.06634169,4
11030,12534,brd-k14307099,-0.08696281,0.011570771,3
11031,12535,brd-k00900096,-0.08693169,0.002894765,3
11032,12536,brd-a58482795,-0.08693079,0.009321543,13
11033,12537,brd-k69197680,-0.08691456,0.025712103,4
11034,12539,ei-273,-0.08687802,0.017121596,18
11035,12540,vatalanib,-0.086874746,0.0005570818,4
11036,12541,brd-k12805559,-0.086852714,0.0502311,4
11037,12543,brd-k91244634,-0.08676964,-0.033202503,4
11038,12544,brd-k63473855,-0.08671284,0.020915905,3
11039,12545,brd-k28851694,-0.08671028,0.009068118,4
11040,12546,trimidox,-0.08668962,0.15030749,11
11041,12547,brd-k77658626,-0.08668744,0.05860968,4
11042,12549,brd-k52207968,-0.08667535,0.035475057,7
11043,12550,brd-k45675241,-0.08665514,0.08592959,15
11044,12551,brd-k24026396,-0.08663398,0.03325008,6
11045,12553,brd-k55487965,-0.08661929,-0.02798013,12
11046,12554,brd-k87748653,-0.08661841,0.0057692546,4
11047,12555,brd-k79333016,-0.08660219,0.010581913,5
11048,12556,brd-k89412540,-0.0865688,-0.017365446,4
11049,12557,brd-k60239116,-0.08656828,0.0434782,6
11050,12558,brd-a84098870,-0.08656161,0.012481239,15
11051,12559,sa-1919710,-0.08655919,0.12015812,12
11052,12560,brd-k15419834,-0.08655772,-0.059839547,5
11053,12561,brd-k90146477,-0.08650298,-0.061692264,3
11054,12562,brd-k62283710,-0.08649015,0.048770797,9
11055,12563,ay-9944,-0.08647657,0.03369985,19
11056,12564,brd-k73567619,-0.086471856,0.066704586,13
11057,12565,brd-a84423900,-0.08645592,0.008330452,6
11058,12566,brd-k83095440,-0.08644517,-0.007470942,4
11059,12567,brd-a18573497,-0.08642117,0.10164098,3
11060,12568,brd-k18032654,-0.08641895,0.11985085,5
11061,12569,brd-k01193369,-0.08640793,0.08465407,5
11062,12570,brd-k86846131,-0.08637044,0.007837333,4
11063,12571,brd-k06228572,-0.08632956,-0.022091676,4
11064,12573,brd-k39245533,-0.08630901,0.0642815,4
11065,12575,brd-k24824043,-0.086302236,-0.0071783834,5
11066,12577,brd-k29827452,-0.08629807,-0.038656503,6
11067,12581,brd-k76951133,-0.086236514,-0.075836666,3
11068,12583,brd-a82323890,-0.086159036,0.018974029,6
11069,12584,brd-k92685052,-0.08614733,-0.056700327,5
11070,12586,brd-k81954574,-0.08610106,0.04245013,4
11071,12587,brd-k45842176,-0.086081736,0.07928771,17
11072,12588,brd-k75117691,-0.0860356,0.092720985,5
11073,12589,melphalan,-0.0859911,-0.052511152,3
11074,12590,brd-k18571495,-0.085988276,0.022206627,6
11075,12591,brd-k59024058,-0.08598627,-0.031903155,4
11076,12592,brd-k61127355,-0.08597909,-0.06485831,5
11077,12594,brd-k78477072,-0.085972935,-0.009483275,3
11078,12595,sulbactam,-0.08596909,0.031457946,4
11079,12596,diphenylpyraline,-0.085966185,-0.04335488,4
11080,12598,brd-k93413915,-0.08595808,-0.06159578,3
11081,12599,brd-k30371494,-0.08595657,0.049802445,6
11082,12601,brd-k43349162,-0.08594022,0.03516585,5
11083,12602,brd-k84568319,-0.085932404,-0.079940096,3
11084,12604,brd-k55127335,-0.085920095,0.039614078,13
11085,12606,brd-k51339020,-0.085902736,0.08650321,4
11086,12607,brd-k31138070,-0.085896574,0.016848657,4
11087,12608,brd-k79781870,-0.08587947,-0.052396894,5
11088,12609,brd-k62975098,-0.085863985,0.012497393,4
11089,12610,brd-k60659225,-0.085863926,-0.027939327,3
11090,12611,brd-k20032161,-0.08583977,-0.026833516,5
11091,12612,brd-k37606648,-0.08579797,-0.061866082,5
11092,12614,brd-k99536035,-0.08578845,0.004450503,5
11093,12615,brd-k85672685,-0.08577449,0.12370684,3
11094,12616,brd-k57238941,-0.08577044,0.06640969,12
11095,12618,brd-k43533284,-0.08573158,-0.063009515,5
11096,12619,brd-k53120552,-0.08572596,0.004531131,6
11097,12620,brd-k27440500,-0.0856864,0.016084295,15
11098,12621,brd-k23564937,-0.08568599,0.050312962,11
11099,12622,brd-k47788798,-0.08565915,-0.06154807,5
11100,12623,brd-k64285892,-0.08563712,0.030555788,7
11101,12624,brd-k83448671,-0.08557831,0.0041610496,6
11102,12625,ikk-16,-0.08555235,0.05420252,17
11103,12626,brd-k60132930,-0.08553466,0.021616314,4
11104,12627,brd-k42134801,-0.08546467,-0.059557907,4
11105,12628,brd-k54360306,-0.085454985,0.008435441,3
11106,12630,brd-k58898119,-0.08538224,0.018364117,5
11107,12631,brd-k57277442,-0.08537721,0.020063063,4
11108,12633,rti-55,-0.08534942,-0.021047996,6
11109,12634,brd-k12598223,-0.08534539,0.11881804,4
11110,12635,brd-k56206243,-0.0853392,-0.02267854,7
11111,12636,brd-k85007671,-0.085336104,0.11333911,4
11112,12638,brd-k69423345,-0.08531919,0.012110785,6
11113,12641,brd-k10893406,-0.08525528,-0.014504187,4
11114,12642,brd-k37631226,-0.085255116,0.10327504,7
11115,12643,brd-k62433344,-0.08524864,-0.02476554,5
11116,12647,brd-k16897811,-0.08522697,-0.030781992,5
11117,12648,nadide,-0.085194,-0.0071557006,4
11118,12649,calyculin,-0.085185036,0.08264609,15
11119,12650,brd-k27084624,-0.08517963,-0.049642235,5
11120,12652,brd-k89885223,-0.08516176,-0.03177018,7
11121,12653,brd-k91859707,-0.08515409,-0.005635395,3
11122,12654,brd-k43524201,-0.08514453,0.027011149,5
11123,12655,brd-k00150267,-0.08513727,-0.0066608367,4
11124,12656,brd-k44635753,-0.08511868,0.031545196,11
11125,12657,brd-k32897268,-0.085115194,0.051321026,7
11126,12658,brd-k84516003,-0.085114636,-0.05138421,3
11127,12659,brd-k03406275,-0.085112475,0.06219591,5
11128,12660,brd-k47520858,-0.08510663,0.072908804,3
11129,12661,brd-k67868064,-0.085089855,0.08510609,4
11130,12662,brd-k24272049,-0.08508441,0.015271237,4
11131,12663,brd-k07481948,-0.08507983,-0.010522482,5
11132,12664,brd-k12266212,-0.08507888,-0.017749893,4
11133,12665,brd-k58958454,-0.08506881,-0.018521335,4
11134,12666,brd-k35584941,-0.085067235,-0.034247175,6
11135,12667,brd-k23822091,-0.08506598,-0.021808557,4
11136,12668,brd-k37655007,-0.08504654,0.061050087,4
11137,12671,sa-90471,-0.08501964,0.17439881,12
11138,12672,brd-k42831041,-0.08501562,-0.049668696,3
11139,12673,ethaverine,-0.08498613,0.0014943425,4
11140,12674,brd-k28370158,-0.08498104,-0.06669934,3
11141,12675,brd-k41540007,-0.084973246,-0.021095136,4
11142,12676,brd-k52914297,-0.08495038,-0.025961105,3
11143,12677,daphnetin,-0.08492301,-0.009825913,15
11144,12680,brd-a37501891,-0.084881395,0.005530024,8
11145,12681,brd-k91390083,-0.084878504,0.016780546,7
11146,12683,brd-k22482035,-0.08485465,0.013266691,3
11147,12684,darifenacin,-0.08484093,0.07020698,4
11148,12685,camptothecin,-0.08482982,0.15986292,87
11149,12687,brd-k31183432,-0.084812485,-0.06418428,6
11150,12691,brd-k07073046,-0.08468306,0.017976314,5
11151,12692,brd-k52657367,-0.08467745,0.046536677,6
11152,12693,brd-k60757524,-0.08462337,0.098475024,13
11153,12694,brd-k61158263,-0.08462068,0.09040557,4
11154,12695,brd-k33284065,-0.08460968,-0.08432274,3
11155,12696,brd-k17777116,-0.08460943,-0.00785627,4
11156,12697,brd-k79997126,-0.08458524,-0.022818498,4
11157,12698,brd-k78097639,-0.084582254,-0.047958694,5
11158,12699,brd-k97936712,-0.084553055,0.121974304,12
11159,12701,ku-c104135,-0.08451514,0.0915328,12
11160,12702,brd-k33891131,-0.08450192,0.019376667,4
11161,12703,brd-k99882679,-0.08448603,-0.005732104,4
11162,12704,brd-k48549412,-0.084481046,-0.0064908564,5
11163,12705,brd-k62430643,-0.08445731,-0.012230063,6
11164,12706,bacitracin,-0.08445054,-0.055582356,4
11165,12708,brd-k96612346,-0.08443948,-0.028127534,4
11166,12709,brd-k36623409,-0.08441288,-0.06942694,6
11167,12710,brd-k80094086,-0.084402286,0.023926541,13
11168,12712,brd-k37495811,-0.08438255,0.013164271,7
11169,12713,brd-k62734359,-0.0843783,0.04789149,4
11170,12714,brd-k66866904,-0.084377155,-0.004671249,6
11171,12717,brd-m44900776,-0.08434792,-0.009466123,6
11172,12718,brd-k42731451,-0.08434552,-0.02042378,4
11173,12720,brd-k32986110,-0.08427875,0.0752342,4
11174,12721,brd-k72765192,-0.08426871,0.027710043,3
11175,12722,brd-k95582125,-0.08424436,0.06408199,12
11176,12723,brd-k80092909,-0.084221855,-0.0049346453,7
11177,12724,brd-k49702326,-0.08421982,-0.0022123111,4
11178,12726,brd-k38373714,-0.084217064,-0.01132612,5
11179,12727,brd-k86390887,-0.08420474,0.086960405,3
11180,12728,brd-k03302289,-0.084183104,-0.008422341,6
11181,12729,brd-k79035462,-0.08418018,0.029565604,5
11182,12730,brd-k88402291,-0.08415406,0.007388247,4
11183,12731,brd-k30373477,-0.08415309,0.06545479,5
11184,12732,brd-k20914452,-0.08414942,-0.061313182,4
11185,12733,brd-k31695944,-0.08414512,0.009258496,4
11186,12734,brd-k21642579,-0.08412651,-0.07976152,3
11187,12735,brd-k32968870,-0.08412226,-0.031763535,4
11188,12737,brd-k83003953,-0.084087566,-0.043187063,5
11189,12739,brd-k15594502,-0.08407094,-0.01204467,5
11190,12740,brd-k31826120,-0.08405624,-0.04197838,6
11191,12741,brd-k38011931,-0.08404307,-0.043183416,4
11192,12742,brd-k33778189,-0.08403813,0.053111333,4
11193,12743,brd-k28112059,-0.08401488,0.017771047,6
11194,12746,brd-k96006237,-0.08397626,-0.026520422,5
11195,12747,sb-334867,-0.0839701,0.088135235,19
11196,12748,brd-k48225424,-0.08396957,0.060537428,6
11197,12750,brd-k35046132,-0.08396624,0.11745849,12
11198,12751,brd-k76885481,-0.08394217,0.028829677,6
11199,12752,brd-k93062774,-0.08392885,0.04581279,5
11200,12756,tenatoprazole,-0.083875395,-0.048057567,4
11201,12757,brd-k75371115,-0.083783634,-0.0653711,3
11202,12760,brd-k70330256,-0.08372424,0.040533353,5
11203,12761,brd-k08460070,-0.08372152,0.10968087,3
11204,12762,brd-k18471876,-0.0837088,0.07760667,5
11205,12763,brd-k30695296,-0.083704844,-0.029731996,5
11206,12764,brd-k94348552,-0.083686545,-0.023090206,4
11207,12765,brd-k44999613,-0.08368389,-0.011509051,4
11208,12766,brd-k91257617,-0.08367622,-0.021542298,7
11209,12767,brd-k14302652,-0.08366562,-0.008477804,7
11210,12768,brd-k40591230,-0.08366022,-0.05175044,4
11211,12769,brd-k46989099,-0.083630085,0.05258891,6
11212,12771,brd-k61891887,-0.08358678,0.03029115,3
11213,12773,brd-k21501851,-0.08358291,-0.07007678,3
11214,12774,brd-k26511533,-0.08357809,-0.012872886,6
11215,12775,pp-2,-0.08354925,0.1195633,25
11216,12776,brd-k02772785,-0.08354357,0.10917226,6
11217,12777,brd-k99224100,-0.08354238,0.07509901,4
11218,12778,brd-k57759884,-0.08353448,-0.034964323,4
11219,12779,brd-k22264435,-0.08352725,0.005666997,5
11220,12780,brd-k94253269,-0.08351636,-0.03963672,5
11221,12781,brd-k56370195,-0.08350319,0.07498788,6
11222,12782,brd-k90008192,-0.08349801,-0.079762004,3
11223,12783,brd-k26359746,-0.08348023,0.05087182,12
11224,12785,brd-k64968742,-0.0834686,0.016832598,6
11225,12786,brd-k58606467,-0.08345305,0.07690053,3
11226,12787,brd-m22555785,-0.083437875,-0.031598777,6
11227,12788,brd-k22244182,-0.08343261,-0.07685521,3
11228,12789,brd-k49923618,-0.08343168,0.019957514,7
11229,12790,thiazolidinecarboxylic-acid,-0.08343061,0.08385821,11
11230,12791,brd-k78316354,-0.0834195,-0.044726837,7
11231,12793,brd-k24011082,-0.08340296,0.039154425,5
11232,12794,brd-k44366812,-0.08339572,0.047918726,10
11233,12795,brd-k86524002,-0.08339087,-0.036225006,3
11234,12796,benzethonium,-0.08339031,-0.071734145,4
11235,12797,brd-k05353139,-0.083385706,0.030615948,14
11236,12798,brd-k53943507,-0.08336733,-0.011145883,4
11237,12799,brd-k16969565,-0.08336,-0.048095707,6
11238,12800,brd-k02785641,-0.08333767,-0.034995575,5
11239,12801,brd-k47018052,-0.08332967,-0.0030854126,4
11240,12802,brd-k27760381,-0.08332014,0.07808516,3
11241,12803,brd-k80204570,-0.08331046,0.10572987,6
11242,12804,brd-k36906780,-0.08330819,0.0127155315,6
11243,12806,brd-k26822808,-0.083279945,0.02199296,13
11244,12807,brd-k60362139,-0.08327374,0.04699362,7
11245,12808,brd-k57822472,-0.08326895,-0.0018570977,5
11246,12809,brd-k17360472,-0.08326093,0.032028377,3
11247,12811,brd-k81019664,-0.08321984,0.06568961,5
11248,12812,brd-k58446572,-0.08318971,0.0056947656,5
11249,12813,chrysenequinone,-0.08318378,-0.022097489,4
11250,12815,brd-k59830209,-0.083147764,0.07012122,4
11251,12816,brd-k89059493,-0.08313782,0.049281716,12
11252,12817,brd-k61172568,-0.08313481,-0.033093993,3
11253,12819,brd-u86222656,-0.08311751,0.11143474,12
11254,12821,brd-k08938154,-0.08307624,0.024989467,3
11255,12825,brd-k58490891,-0.0829986,-0.008596177,5
11256,12826,brd-k14217854,-0.082984746,-0.06792798,3
11257,12828,brd-k61629734,-0.082957305,0.030835813,3
11258,12829,brd-k36313546,-0.08294851,0.020345595,12
11259,12830,brd-k45371861,-0.08293678,0.06406526,4
11260,12831,brd-k48775846,-0.08293214,-0.066642836,4
11261,12832,brd-k43111958,-0.08293098,-0.011576042,6
11262,12834,brd-k83549059,-0.0829107,-0.039927818,4
11263,12835,brd-k57950796,-0.082884654,0.02205702,6
11264,12836,brd-k17087588,-0.08287113,0.003700126,5
11265,12837,brd-k43874853,-0.0828275,0.025248775,4
11266,12839,brd-k71227259,-0.08280767,-0.0007011516,3
11267,12841,brd-k57341983,-0.08279418,0.026453022,3
11268,12842,brd-k37251488,-0.082788534,0.01004558,5
11269,12843,brd-k61413806,-0.082780726,0.09812389,11
11270,12845,brd-k83981181,-0.08277076,-0.07601596,3
11271,12846,brd-k91945291,-0.082725026,0.062011935,4
11272,12847,brd-k53107914,-0.082705304,-0.05591118,5
11273,12850,brd-k24009388,-0.082687065,0.030602472,5
11274,12851,brd-k97516320,-0.082676105,-0.022826044,3
11275,12852,brd-k00248931,-0.08267172,0.021803081,6
11276,12853,brd-k94934810,-0.08265944,0.010949317,5
11277,12854,brd-k43151809,-0.08265891,-0.024756894,4
11278,12855,brd-k75887136,-0.08264662,-0.024841247,7
11279,12858,brd-k22210218,-0.08262284,0.04128957,15
11280,12859,brd-k53728687,-0.08261972,0.09269788,5
11281,12860,bromfenac,-0.0826186,0.073398985,11
11282,12861,brd-a98888159,-0.08259908,0.03562433,17
11283,12862,brd-k82276260,-0.08257723,-0.0013296974,5
11284,12864,brd-k95716640,-0.08256383,-0.022809984,5
11285,12865,brd-k09454555,-0.0825631,0.08816925,4
11286,12866,wt-171,-0.08254469,0.029645478,17
11287,12867,brd-k16425314,-0.08254332,0.011917828,6
11288,12869,brd-k53342443,-0.08251372,-0.031062886,6
11289,12870,brd-k41173255,-0.082460314,0.04458838,4
11290,12871,brd-k57420195,-0.08244896,0.020831715,12
11291,12872,brd-k45723650,-0.082446165,0.09417601,4
11292,12873,brd-k76583861,-0.082439385,-0.003274504,4
11293,12874,brd-k07448100,-0.08243706,-0.058466177,5
11294,12875,oxyphenonium,-0.0824323,0.038709443,13
11295,12878,brd-a14795281,-0.082364455,0.066804565,6
11296,12879,brd-k14487440,-0.08235418,0.015393525,3
11297,12880,brd-k05856102,-0.08234521,0.013338775,7
11298,12881,brd-k95422182,-0.082320645,-0.047900043,6
11299,12882,ici-118551,-0.08232037,0.07316788,15
11300,12883,brd-k64704452,-0.082293294,0.02828848,4
11301,12884,brd-k08570368,-0.082277,-0.01415245,3
11302,12888,brd-k10662075,-0.082220085,0.04461248,6
11303,12889,brd-k91035379,-0.082212694,0.00063701597,3
11304,12890,brd-k26148755,-0.08219086,-0.05453888,6
11305,12891,brd-k71515738,-0.08218458,-0.0319334,3
11306,12893,brd-k57552429,-0.082135074,0.04303652,6
11307,12895,ethynodiol,-0.08211692,-0.009435533,4
11308,12896,brd-k50808811,-0.08209409,-0.008269407,4
11309,12898,brd-k75403700,-0.08208782,0.038355045,4
11310,12899,brd-k32652655,-0.08205343,0.017701013,6
11311,12900,brd-k34913101,-0.082003534,0.07190539,3
11312,12902,brd-k62431786,-0.08196828,0.05822599,6
11313,12904,brd-k52418167,-0.08195204,-0.02203133,5
11314,12906,brd-k79500219,-0.081945404,-0.027924541,3
11315,12907,brd-k29326853,-0.08193782,0.020299718,7
11316,12908,piretanide,-0.081934124,0.03936092,23
11317,12910,brd-k34404012,-0.08191903,0.0097190365,11
11318,12911,brd-k03245480,-0.081885174,-0.0009816261,4
11319,12912,brd-k70891562,-0.08184704,0.10439409,17
11320,12914,brd-k63531989,-0.08178864,0.029895939,4
11321,12915,brd-k89637659,-0.081770994,0.043821715,4
11322,12916,brd-k84078621,-0.08171933,-0.009326673,3
11323,12917,brd-k71650306,-0.08169315,0.124103196,4
11324,12918,brd-k11742792,-0.081673756,-0.07262512,5
11325,12921,brd-k57580310,-0.08159758,-0.063738555,5
11326,12922,merck-ketone,-0.08158218,0.05748234,13
11327,12923,brd-k83395537,-0.08156401,0.011808924,3
11328,12924,brd-k62814224,-0.08155159,0.030274674,4
11329,12925,brd-k14533651,-0.08150782,0.0055717677,4
11330,12926,brd-k98386238,-0.08150559,0.0517135,5
11331,12927,brd-k78714545,-0.081501186,0.022433646,3
11332,12928,brd-k41139858,-0.08149809,-0.018536609,4
11333,12929,brd-k68455755,-0.08149005,0.023748286,7
11334,12930,brd-k05832178,-0.08143876,0.0026105803,5
11335,12932,brd-k38596298,-0.08142461,0.020095421,3
11336,12933,brd-k33486590,-0.08136751,0.07768009,5
11337,12934,brd-k51922621,-0.081362136,-0.0004335614,6
11338,12935,brd-k37357652,-0.08135827,0.06361756,4
11339,12936,brd-k74550836,-0.08134596,0.06920895,4
11340,12937,brd-k11628545,-0.08131872,0.039803024,9
11341,12938,brd-k41579429,-0.0813087,0.0058597717,4
11342,12939,brd-k25037118,-0.081308626,-0.018104227,4
11343,12941,brd-k48930263,-0.081290945,-0.062952526,5
11344,12944,brd-k53932786,-0.08127974,-2.4630877e-05,13
11345,12945,brd-k48199580,-0.081278585,-0.008360375,4
11346,12946,brd-k03416270,-0.081277736,-0.030357404,5
11347,12947,brd-k72676786,-0.08125314,0.09249646,15
11348,12948,brd-k56189188,-0.08121921,0.04990364,4
11349,12949,brd-k49480198,-0.08121658,0.02540586,5
11350,12951,brd-k80494270,-0.08117593,0.005696146,3
11351,12952,brd-k27332342,-0.081165075,0.02473645,6
11352,12953,brd-k66142238,-0.08115884,-0.008035684,6
11353,12954,brd-k04078927,-0.08115781,-0.012091044,6
11354,12955,brd-k86992593,-0.08110296,0.064547025,5
11355,12956,brd-k25775504,-0.0810839,-0.036662504,9
11356,12957,ryuvidine,-0.08108172,0.17764251,26
11357,12958,brd-k39550135,-0.08106698,0.018210055,6
11358,12959,brd-k51457407,-0.08105192,-0.011900244,7
11359,12961,brd-k00458136,-0.08099326,-0.0498839,7
11360,12964,brd-k69344898,-0.080958545,0.002856521,6
11361,12965,brd-k86832444,-0.080932386,-0.019795867,6
11362,12968,brd-k91292927,-0.08091534,-0.037452575,3
11363,12969,brd-k13012607,-0.0808815,-0.041282598,4
11364,12970,brd-k06417531,-0.08088125,0.025681928,6
11365,12971,brd-k27449529,-0.080838814,-0.03023915,6
11366,12972,brd-k39635970,-0.08082302,0.03895065,4
11367,12973,brd-k48180773,-0.08081651,-0.031997308,5
11368,12974,brd-k69681876,-0.08079687,-0.012248756,3
11369,12976,brd-k58962381,-0.080770046,-0.02647486,4
11370,12978,brd-k87904079,-0.08075881,0.024433825,3
11371,12979,brd-k65158783,-0.080707274,-0.04513877,6
11372,12981,brd-k07157902,-0.080701284,-0.013917653,4
11373,12982,brd-k80890401,-0.08069884,0.05585812,3
11374,12983,brd-k53927732,-0.08064406,0.047685117,5
11375,12984,brd-k51216807,-0.08061998,-0.021375155,6
11376,12985,brd-k05912972,-0.08061958,-0.03483242,9
11377,12987,brd-k02150184,-0.08061231,0.022857081,4
11378,12988,brd-k02065962,-0.080582336,-0.06133482,3
11379,12989,brd-k69174517,-0.08057864,-0.039411686,5
11380,12990,brd-k36022244,-0.08055721,0.036655147,13
11381,12992,brd-k88217904,-0.08054356,0.0036650922,13
11382,12994,brd-k33562246,-0.08050392,-0.021064846,6
11383,12995,tetracaine,-0.08050084,-0.035461277,4
11384,12996,brd-k37365015,-0.08048735,0.025079126,6
11385,12997,brd-k06514792,-0.0804871,-0.059111115,3
11386,12998,brd-k44696931,-0.080482036,-0.022275312,13
11387,13000,brd-k69506839,-0.080417804,0.02440811,6
11388,13001,brd-k88607897,-0.08041776,0.020042371,4
11389,13004,brd-k69694842,-0.08033542,-0.0046240413,5
11390,13007,brd-k46849403,-0.080309115,-0.0443929,6
11391,13008,brd-k30781800,-0.08029361,-0.015864044,4
11392,13012,brd-k81131579,-0.08025933,0.048735414,6
11393,13013,brd-k22174526,-0.08024765,0.014527826,5
11394,13015,brd-k44235509,-0.080219366,-0.04736007,5
11395,13016,brd-k01011412,-0.080209985,-0.029063506,4
11396,13017,brd-k60776198,-0.08020127,-0.037568748,4
11397,13018,brd-k44420259,-0.08016503,-0.049221296,7
11398,13019,brd-k98997045,-0.08015131,-0.004220021,3
11399,13020,brd-k52827598,-0.0801473,0.0023632273,6
11400,13021,brd-k03130528,-0.080132104,-0.011999693,4
11401,13022,brd-k51285422,-0.08011837,-0.0067400946,5
11402,13023,tiapride,-0.080104366,-0.061569877,3
11403,13024,brd-k41335306,-0.08006879,0.056097224,12
11404,13025,brd-k41120089,-0.080065,0.050858572,7
11405,13027,brd-k42687792,-0.07998238,0.06278349,17
11406,13028,brd-k56307118,-0.07997925,0.07091199,13
11407,13031,brd-k03634222,-0.07994786,-0.033882968,6
11408,13032,brd-k03601317,-0.07992125,0.13064575,4
11409,13033,brd-k46707147,-0.079917595,-0.004568245,5
11410,13035,brd-k11071576,-0.07988333,-0.010176265,5
11411,13036,brd-k61718261,-0.079869844,-0.02200744,12
11412,13037,brd-k60994920,-0.07985991,-0.043279756,7
11413,13038,brd-k68689263,-0.07985192,0.005084619,4
11414,13039,brd-k24896023,-0.079850525,-0.04143477,5
11415,13041,brd-k63618292,-0.07983378,-0.07875554,4
11416,13042,brd-k13245569,-0.079829976,-0.028476382,6
11417,13043,brd-k53220080,-0.07980182,-0.0297237,6
11418,13044,brd-k90173466,-0.079789996,-0.003842097,3
11419,13047,brd-k50598383,-0.0797689,0.0021597366,3
11420,13048,brd-k89079417,-0.07974022,0.027902113,4
11421,13049,brd-k37405154,-0.07970305,-0.029582959,5
11422,13052,brd-k22127625,-0.0796505,-0.026868418,3
11423,13053,brd-k55633328,-0.07963005,0.00875232,5
11424,13054,brd-k11095531,-0.079615764,-0.06752542,3
11425,13055,brd-k18692529,-0.079611786,-0.075229414,3
11426,13056,brd-k23396987,-0.07961176,-0.035919774,4
11427,13057,brd-k89951364,-0.079602435,0.062877715,5
11428,13058,brd-k41444660,-0.079584695,-0.005514919,3
11429,13059,brd-a22514244,-0.079560705,0.035236865,13
11430,13060,brd-k16481946,-0.07955791,0.060070205,5
11431,13062,brd-k28884887,-0.07953482,0.052482273,4
11432,13063,pnu-96415e,-0.07949641,0.06307557,19
11433,13065,brd-k18840975,-0.07947439,-0.006948423,3
11434,13066,brd-k30822915,-0.07947087,0.018872805,4
11435,13068,brd-k46268437,-0.07941212,-0.025826555,4
11436,13069,brd-k17951468,-0.07941211,-0.013737682,5
11437,13070,brd-k55160246,-0.07937233,0.11909377,3
11438,13072,brd-k02322717,-0.07933468,0.019754235,4
11439,13073,brd-k49294047,-0.07932664,-0.07620759,3
11440,13075,brd-k63798874,-0.07928222,-0.065037236,4
11441,13076,brd-k50791850,-0.07928079,0.058415275,6
11442,13077,brd-k85237725,-0.0792655,0.032252397,13
11443,13080,brd-k66761585,-0.07923938,0.032668654,5
11444,13082,brd-k51475868,-0.07922554,0.10571019,5
11445,13083,brd-k14503950,-0.07917736,0.032990593,6
11446,13084,brd-k92959281,-0.07914541,0.03211074,4
11447,13085,brd-k19405573,-0.079140976,0.030691147,4
11448,13086,brd-k69291665,-0.079112895,0.004429751,5
11449,13089,brd-k65738831,-0.07893648,0.007923128,5
11450,13090,brd-k88581223,-0.07892694,0.038163204,3
11451,13091,brd-k29737933,-0.07892628,-0.021330755,4
11452,13092,brd-k60011163,-0.07891674,-0.034155533,4
11453,13093,brd-k50883617,-0.07890411,0.045757707,4
11454,13094,brd-k20032520,-0.078902826,-0.07535302,3
11455,13095,sa-418993,-0.078899585,0.23918736,13
11456,13098,brd-k91124206,-0.07884513,-0.020769017,6
11457,13099,brd-k37960810,-0.07883569,0.09420797,4
11458,13100,brd-k69719543,-0.078829266,0.009281052,4
11459,13102,brd-k67694126,-0.0788148,0.031048227,4
11460,13104,brd-k27173348,-0.078767985,0.010161783,6
11461,13105,brd-k75455321,-0.07875418,-0.034867015,7
11462,13107,brd-k03589483,-0.078727655,0.028440673,4
11463,13108,brd-k60474343,-0.07868434,-0.029693654,4
11464,13109,brd-k39529907,-0.078678146,0.01867272,7
11465,13111,brd-k78987935,-0.07867081,0.04351891,5
11466,13112,brd-k11483659,-0.07866183,-0.04898548,7
11467,13114,brd-k75899251,-0.07865105,-0.045224223,3
11468,13115,brd-k06158553,-0.07865099,0.06902756,4
11469,13116,brd-k78757578,-0.07864358,0.08669968,5
11470,13117,brd-k14478589,-0.07863525,-0.031170307,5
11471,13118,brd-k14357170,-0.07863265,0.049117595,6
11472,13119,brd-k35083768,-0.07862962,-0.045940835,6
11473,13120,nifenazone,-0.07860862,-0.0623338,3
11474,13123,brd-k68319707,-0.07856176,0.12526742,14
11475,13124,brd-k07129792,-0.07856121,0.00065172446,5
11476,13125,brd-k54048734,-0.07855192,0.019363783,3
11477,13126,brd-k23618054,-0.078534916,0.038242627,7
11478,13128,brd-k42618289,-0.078522064,0.030396009,5
11479,13129,brd-k34231294,-0.07850513,-0.013698794,5
11480,13130,brd-k91076377,-0.078500144,-0.040088154,4
11481,13132,brd-k44890352,-0.07846874,-0.060944244,3
11482,13133,brd-k49005570,-0.07846817,-0.052267656,3
11483,13134,brd-k87440499,-0.07843686,0.17402786,6
11484,13135,brd-k81415316,-0.07841704,0.031082263,4
11485,13137,brd-k22356478,-0.07841063,-0.058992375,4
11486,13138,brd-k46999092,-0.078341946,0.0068878564,3
11487,13140,brd-k55290744,-0.07832728,-0.041992456,4
11488,13141,brd-k50513128,-0.07831681,0.063234776,4
11489,13142,brd-k52721673,-0.0782943,0.014507218,3
11490,13143,brd-k00668050,-0.07828137,0.047685355,5
11491,13145,butalbital,-0.07826524,-0.039661065,4
11492,13146,sch-442416,-0.07825651,0.07034638,19
11493,13147,brd-k43279914,-0.07824135,0.0068731676,6
11494,13151,brd-k90259550,-0.07812778,-0.024776187,4
11495,13152,brd-k28223745,-0.078125715,0.026729062,4
11496,13153,brd-k66857873,-0.078123026,0.033503987,5
11497,13155,brd-k49290616,-0.07811504,-0.04749316,4
11498,13156,brd-k68315360,-0.07808511,0.03963221,4
11499,13157,brd-k37048848,-0.07805191,0.024516119,6
11500,13158,brd-k07329815,-0.078036435,0.047729332,5
11501,13159,brd-k84574164,-0.07800734,0.017782921,3
11502,13161,brd-k29736077,-0.077952646,0.037081633,5
11503,13162,brd-k48545167,-0.07794353,-0.04681128,3
11504,13164,brd-k18271121,-0.077941716,-0.018966947,4
11505,13166,brd-k73627655,-0.077913985,-0.029565925,4
11506,13167,brd-k16970289,-0.07789794,-0.045701373,6
11507,13168,brd-k00550058,-0.07787349,-0.04001361,5
11508,13169,brd-k17579844,-0.077856965,-0.028672466,5
11509,13170,brd-k17689300,-0.07784281,-0.028878264,4
11510,13177,brd-k71195237,-0.07767383,0.01723994,9
11511,13178,brd-k43631199,-0.07766963,-0.047864586,6
11512,13179,brd-k79512815,-0.077652656,-0.060799588,3
11513,13180,brd-k23674074,-0.07763961,0.019548591,5
11514,13182,brd-k72098339,-0.0776298,0.001480451,3
11515,13183,brd-k90132168,-0.077626646,0.051113553,6
11516,13184,brd-k92219497,-0.07761813,0.007866628,4
11517,13185,brd-k51971121,-0.07759941,-0.05200479,4
11518,13186,brd-k27484191,-0.07755635,0.08414573,15
11519,13189,brd-k87403606,-0.077512965,0.038356874,12
11520,13191,clocortolone,-0.077495016,0.13024093,4
11521,13192,brd-k46447740,-0.07749375,-0.044320256,6
11522,13193,brd-k56322026,-0.077487,0.07642126,4
11523,13194,brd-k38176517,-0.077480145,-0.023860088,5
11524,13195,brd-k02258558,-0.077475145,0.04340415,5
11525,13196,brd-k63614890,-0.07747434,0.0019402581,5
11526,13197,brd-k10799838,-0.07746739,-0.04250467,4
11527,13198,brd-k72738889,-0.07745947,-0.07607111,3
11528,13199,brd-k30015724,-0.077453956,0.018486764,3
11529,13200,brd-k92523103,-0.07745391,-0.04115313,5
11530,13201,brd-k09922072,-0.07745303,0.03205499,13
11531,13202,brd-k73522157,-0.07744248,0.010386468,6
11532,13203,brd-k74436011,-0.07743977,0.034863174,12
11533,13205,brd-k96834740,-0.077423625,0.0027636925,5
11534,13206,brd-k00812396,-0.07740749,0.032308266,4
11535,13207,brd-k77323800,-0.07740163,-0.016876273,3
11536,13208,brd-k15990364,-0.077383436,0.006007074,6
11537,13209,brd-k97824883,-0.07738224,-0.04443308,5
11538,13211,dac-003,-0.07736206,0.13090812,20
11539,13212,brd-k44218044,-0.07731824,-0.033380218,5
11540,13214,brd-k90046234,-0.07727249,-0.002267129,3
11541,13217,brd-k68445037,-0.07724435,-0.022059793,4
11542,13219,psh-013,-0.07724028,0.010298581,15
11543,13220,brd-k78025571,-0.0772377,0.031649653,6
11544,13221,brd-k65561930,-0.07723196,-0.039397523,3
11545,13222,brd-k83399162,-0.077214964,-0.046377137,6
11546,13223,brd-k87707378,-0.0772122,0.00832043,6
11547,13224,brd-k52856667,-0.0772054,0.10914616,10
11548,13225,brd-k10417524,-0.07718586,-0.0016098748,5
11549,13226,brd-k04232710,-0.07716534,-0.026194768,3
11550,13227,brd-k56079297,-0.07715788,-0.02354706,4
11551,13228,brd-k21898148,-0.07711652,0.01106075,5
11552,13229,brd-k12974237,-0.07710192,-0.0145464875,6
11553,13230,brd-k60129749,-0.07707418,0.08033118,3
11554,13231,brd-k25761622,-0.0770402,0.025913434,6
11555,13232,brd-k73451477,-0.07702823,0.026597638,5
11556,13236,brd-k95138368,-0.07698748,0.03672994,6
11557,13237,brd-k14199536,-0.076967426,-0.04946309,3
11558,13238,brd-k07877311,-0.07694567,0.09371051,18
11559,13239,pi-828,-0.076936625,0.11813221,19
11560,13241,brd-k21317335,-0.076925226,-0.019503748,4
11561,13242,brd-k30910503,-0.07690254,0.022469893,5
11562,13243,brd-k02032571,-0.076894894,-0.06720446,3
11563,13246,brd-k03250561,-0.076885626,-0.039782714,6
11564,13247,brd-k44996602,-0.07687474,0.01727369,4
11565,13248,brd-k40078199,-0.07686586,0.010267772,4
11566,13249,brd-k19825378,-0.07685927,0.019737052,4
11567,13250,brd-k77789137,-0.07684842,-0.04575251,4
11568,13251,brd-m55020616,-0.07682295,0.07068387,6
11569,13253,brd-k71452159,-0.076784335,0.020827418,9
11570,13254,parachlorophenol,-0.076775774,0.09321368,19
11571,13255,brd-k19735876,-0.076764375,0.014499038,12
11572,13256,brd-k83507699,-0.07676261,-0.04720745,5
11573,13258,brd-k62058497,-0.07674602,0.011196813,5
11574,13260,brd-k25870200,-0.076714925,0.009412633,7
11575,13261,brd-k14310250,-0.0767022,-0.05495925,3
11576,13262,brd-k04206413,-0.07669422,0.043111853,5
11577,13263,brd-k85273981,-0.07668882,-0.014301486,4
11578,13264,brd-k01248935,-0.07668665,-0.046707228,4
11579,13265,brd-k89675250,-0.07668468,0.057236735,6
11580,13269,brd-k97748079,-0.07666442,-0.020351827,4
11581,13272,midostaurin,-0.07664711,0.08446121,19
11582,13274,brd-k08585415,-0.076620646,-0.05347728,3
11583,13276,brd-k92012565,-0.07660375,-0.007878556,5
11584,13277,brd-k33750632,-0.0765808,0.054611742,4
11585,13278,brd-k97176469,-0.07657264,0.13235016,3
11586,13280,brd-k27559321,-0.076546095,-0.02938256,5
11587,13283,brd-k91652715,-0.07649533,-0.04400526,3
11588,13285,purpurogallin,-0.076468565,0.057216343,6
11589,13287,brd-k08251038,-0.07645765,0.05898024,14
11590,13288,brd-k23958338,-0.076454714,0.11555704,11
11591,13289,brd-k16984096,-0.07645156,-0.0044562872,6
11592,13290,brd-k50347701,-0.07645035,-0.0022338824,4
11593,13291,brd-k27709404,-0.0764324,0.12144917,4
11594,13292,brd-k60548400,-0.07643025,0.08850826,4
11595,13293,brd-k05889827,-0.076425456,-0.011088519,3
11596,13294,brd-k23018071,-0.07642173,0.06747697,4
11597,13296,brd-k51431550,-0.076397665,0.003952552,3
11598,13297,brd-k51349050,-0.07638771,0.029977974,5
11599,13298,brd-k65598260,-0.07638102,-0.0375162,3
11600,13299,pik-75,-0.076380275,0.14975868,74
11601,13302,butamben,-0.07636626,-0.011999244,4
11602,13304,brd-k19917828,-0.07635513,0.018759077,6
11603,13305,brd-k84293326,-0.07635184,0.02551558,4
11604,13306,brd-k12415987,-0.07635013,-0.038007963,4
11605,13307,brd-k96398395,-0.07634523,0.02426718,6
11606,13308,brd-k70539465,-0.076337375,-0.00074168795,5
11607,13309,brd-k74227932,-0.076330386,-0.032725338,5
11608,13310,brd-k63072081,-0.07632641,0.053595003,7
11609,13311,brd-k63521250,-0.07632454,0.051867377,5
11610,13313,brd-k71087530,-0.07626003,-0.0022067307,6
11611,13314,brd-k69649444,-0.07625894,-0.016432313,5
11612,13315,brd-k75688794,-0.07625866,0.07238442,5
11613,13318,brd-k30507268,-0.07617994,0.028747814,5
11614,13319,brd-k63250790,-0.07615804,-0.038590353,3
11615,13320,brd-k55341911,-0.076144256,0.022100972,4
11616,13321,brd-m77258496,-0.07614246,-0.015685733,6
11617,13323,brd-k25979847,-0.07610464,-0.008948045,3
11618,13325,brd-k63809549,-0.07608905,0.021301184,7
11619,13329,brd-k22643403,-0.07599828,0.12487899,4
11620,13332,brd-k19294102,-0.07597334,-0.003139909,4
11621,13333,brd-k51498721,-0.07597262,0.06836532,3
11622,13334,brd-k66185150,-0.07595677,0.016174547,6
11623,13335,brd-k32294814,-0.07593447,-0.049876086,3
11624,13336,brd-k97024014,-0.07592958,0.08289462,4
11625,13338,brd-k76202646,-0.07592559,-0.025188744,3
11626,13339,lanatoside-c,-0.07591243,0.0526131,10
11627,13342,brd-k06511061,-0.07585919,-0.026590474,3
11628,13343,brd-k82899116,-0.07584425,-0.04007721,4
11629,13344,brd-k07184814,-0.07582245,0.016368236,3
11630,13345,brd-k03969729,-0.07579918,0.0042996397,4
11631,13346,brd-k05647501,-0.0757393,0.0104147345,7
11632,13349,brd-k16673836,-0.07569169,-0.056411214,3
11633,13351,brd-k98150670,-0.075643614,0.04792805,8
11634,13352,brd-k01497006,-0.07562955,0.045757074,5
11635,13354,brd-k62372763,-0.07562457,-0.0013046637,4
11636,13355,brd-k64544620,-0.07561152,-0.016601361,6
11637,13356,nu-7026,-0.075594276,0.09802619,23
11638,13358,brd-k35334027,-0.0755843,0.04444868,4
11639,13360,brd-k36446300,-0.075567335,-0.010997477,6
11640,13362,brd-k77403604,-0.075542,-0.024470178,3
11641,13363,sa-1922659,-0.07553585,0.10475824,12
11642,13364,brd-k04745699,-0.075524166,0.026039058,7
11643,13365,brd-a71707563,-0.07552395,0.052333057,13
11644,13366,hydrocortisone-hemisuccinate,-0.07549738,0.07307686,15
11645,13368,brd-k36217065,-0.07546819,-0.029840555,3
11646,13369,loracarbef,-0.07546624,0.12723163,4
11647,13370,brd-k73679670,-0.07546545,-0.010954729,3
11648,13371,brd-a35825362,-0.07544941,-0.010318234,6
11649,13372,brd-k95820322,-0.075427845,0.0827802,3
11650,13373,brd-k33475837,-0.07542445,-0.03790703,5
11651,13374,brd-k68935991,-0.0754139,0.037871063,3
11652,13375,brd-k02280251,-0.075409986,0.020331124,4
11653,13376,sa-1938757,-0.07539622,0.020988248,12
11654,13378,brd-k80171496,-0.075374864,0.022965277,11
11655,13379,brd-k21110399,-0.075362906,0.05420208,4
11656,13380,brd-k52369815,-0.07536143,0.044808462,4
11657,13382,brd-k31752292,-0.07534499,0.0061195656,6
11658,13384,brd-k88784410,-0.075321406,0.01690978,13
11659,13386,brd-k16561280,-0.0753163,-0.0042909565,6
11660,13388,brd-k61122325,-0.075271234,-0.016214825,5
11661,13389,brd-k82118272,-0.07526045,-0.021678086,3
11662,13392,brd-k41888384,-0.07521193,-0.044636324,6
11663,13394,brd-k98419480,-0.07519786,0.0062076515,5
11664,13395,brd-k95689954,-0.07519375,-0.0053944797,3
11665,13396,brd-k44070326,-0.07516888,0.1290366,6
11666,13397,brd-k00124439,-0.07514876,-0.003047863,4
11667,13398,brd-k12342133,-0.07513814,-0.0035495237,3
11668,13399,brd-k60581054,-0.075120114,-0.013344262,6
11669,13400,sr-12813,-0.075103246,0.07424763,6
11670,13404,brd-k00927991,-0.07504024,0.0022310077,3
11671,13405,brd-k06891569,-0.07503578,0.030918676,7
11672,13407,brd-k12511144,-0.07500422,0.035399083,6
11673,13408,brd-k44363560,-0.074948,-0.07001191,3
11674,13409,brd-k78099132,-0.0749426,0.066728175,6
11675,13410,brd-k84738609,-0.07493284,-0.016782876,3
11676,13411,brd-k17139610,-0.07492895,0.09488063,11
11677,13413,brd-k30649361,-0.07490259,0.081701726,3
11678,13414,brd-k49172498,-0.07486163,0.0876092,4
11679,13415,brd-k26441788,-0.07485817,-0.019047707,5
11680,13416,sa-1459430,-0.07485277,-0.0067193024,8
11681,13417,brd-k06650679,-0.07484932,-0.023084534,4
11682,13418,brd-k82769855,-0.074822426,-0.03461522,4
11683,13420,brd-k83860226,-0.0747879,0.14638315,4
11684,13422,brd-k03088187,-0.0747786,-0.02602069,4
11685,13426,brd-k02354331,-0.07472159,-0.0041969297,6
11686,13427,brd-k72864428,-0.074715845,0.040021762,15
11687,13428,brd-k68589684,-0.07467625,-0.00062628376,3
11688,13430,brd-k21626096,-0.07465537,-0.021423679,5
11689,13434,brd-k18400716,-0.074520715,-0.017373301,7
11690,13435,brd-k88994971,-0.074519046,0.020312207,5
11691,13437,brd-k47539505,-0.07445141,0.0120290285,6
11692,13438,metitepine,-0.074449345,0.008131423,3
11693,13439,brd-k92924609,-0.07444494,-0.011962771,6
11694,13440,brd-k80232076,-0.07443184,0.05835873,4
11695,13441,brd-m52804417,-0.074420765,0.00079995766,6
11696,13443,brd-k50761336,-0.07441608,-0.005270264,4
11697,13444,brd-k77640397,-0.07440339,0.014577081,6
11698,13446,brd-k76825413,-0.074392736,-0.036764376,3
11699,13448,brd-k95810330,-0.07437806,-0.032523584,5
11700,13449,brd-k92803302,-0.07437586,-0.007067118,3
11701,13451,brd-k33326988,-0.07435289,0.045062438,6
11702,13452,brd-k84121492,-0.07435188,-0.000103090424,6
11703,13453,brd-k86312065,-0.074317336,0.004325912,6
11704,13454,brd-k60067222,-0.074314915,0.01690469,13
11705,13455,brd-k07298554,-0.074299276,0.10550928,4
11706,13456,brd-k36115176,-0.0742848,-0.030331152,3
11707,13457,brd-k07493822,-0.074265204,-0.059830636,3
11708,13458,brd-k03006541,-0.07423323,0.033755895,12
11709,13459,brd-k39151995,-0.07422913,-0.030285468,5
11710,13460,brd-k37290471,-0.074226595,0.044839796,5
11711,13461,brd-k02356765,-0.07421496,0.03131573,3
11712,13462,cyanocobalamin,-0.074178696,0.007113628,4
11713,13463,brd-k37291743,-0.07415257,0.023934523,3
11714,13465,brd-k11913456,-0.07415109,-0.0033356368,3
11715,13466,brd-k83132555,-0.074119024,0.022810098,7
11716,13467,brd-k17713237,-0.07411515,0.007064637,4
11717,13468,brd-k96569047,-0.07409817,-0.0069826096,4
11718,13470,brd-k31877241,-0.074085325,0.019768476,6
11719,13471,brd-k15143651,-0.07406042,-0.0056955726,3
11720,13473,brd-k57181059,-0.074049406,0.004438026,5
11721,13474,brd-k75094920,-0.074044116,-0.044566397,6
11722,13476,brd-k76850979,-0.074034,-0.013662771,7
11723,13478,brd-k98834634,-0.074008405,0.037859365,13
11724,13479,brd-k87838487,-0.07399203,-0.0045864005,4
11725,13481,brd-k56040567,-0.07395896,0.01783413,5
11726,13484,brd-k02445308,-0.073914915,-0.0022428995,3
11727,13485,brd-k52971552,-0.073897235,-0.027360585,5
11728,13487,brd-k55767126,-0.07388563,0.04322998,4
11729,13492,cgp-60474,-0.07383916,0.16699164,61
11730,13493,brd-k59389251,-0.07376921,-0.06908789,3
11731,13494,brd-k99319496,-0.07374062,-0.063843034,3
11732,13495,brd-k96871778,-0.07374019,0.03615083,3
11733,13496,brd-k14489740,-0.07370946,0.07028044,3
11734,13497,brd-k91595583,-0.07370141,-0.022108056,6
11735,13498,brd-k16775575,-0.07369786,0.050173886,6
11736,13500,brd-k72193580,-0.07367734,0.046460196,4
11737,13501,brd-k65617968,-0.07366839,-0.04273789,3
11738,13503,brd-k48383713,-0.07365574,0.030315189,3
11739,13505,brd-k76269942,-0.073639765,0.08687776,8
11740,13506,brd-k53394241,-0.07359194,0.070490696,3
11741,13507,brd-k14487375,-0.07357332,0.010924915,6
11742,13508,brd-a26333730,-0.07357208,0.0020554438,6
11743,13510,brd-k25866499,-0.07353307,-0.005639203,4
11744,13515,brd-k39622686,-0.07348155,0.005406497,6
11745,13517,brd-k29140223,-0.073463105,0.03539375,15
11746,13518,brd-k16472441,-0.07344196,0.034661062,6
11747,13519,brd-k72913953,-0.073435746,0.055884343,11
11748,13520,brd-k75725000,-0.07340336,-0.006088335,4
11749,13521,brd-k84749975,-0.073399045,0.08313696,4
11750,13522,ceftazidime,-0.07335711,0.04802361,4
11751,13523,brd-k98376600,-0.07335683,-0.04372324,4
11752,13524,brd-k39892211,-0.07332199,0.077859275,6
11753,13526,brd-k49333142,-0.073278576,0.024290744,7
11754,13528,brd-k13559922,-0.07325778,0.09845324,14
11755,13532,brd-k20601561,-0.07320268,0.0059665493,5
11756,13533,brd-k03448064,-0.0731991,0.030412037,7
11757,13534,diacerein,-0.07318206,0.068429895,4
11758,13535,brd-k07040635,-0.07317416,-0.020530403,5
11759,13536,brd-k07056593,-0.07317037,-0.019754415,6
11760,13537,brd-k53134312,-0.07316196,0.117946625,5
11761,13538,brd-k05520923,-0.073142536,0.07473193,17
11762,13539,brd-k40961223,-0.07313731,-0.057922132,3
11763,13541,brd-k02560333,-0.07309262,-0.0002576624,5
11764,13543,brd-k06064877,-0.07307845,0.044368368,7
11765,13546,brd-k52721778,-0.07305349,-0.0476502,5
11766,13550,brd-k67402106,-0.07301016,0.035666995,6
11767,13552,brd-k19272295,-0.072969586,-0.027966289,3
11768,13554,sa-247508,-0.07295164,0.15213057,12
11769,13556,brd-k55792644,-0.07294433,-0.01979156,5
11770,13557,pati-1-2-3,-0.07292812,0.059488505,17
11771,13558,brd-k58609008,-0.07291638,-0.017529361,3
11772,13559,brd-k71424167,-0.07289479,-0.05357724,3
11773,13560,brd-k83896715,-0.072871774,-0.06198929,3
11774,13561,brd-k99465084,-0.07286324,0.022345064,17
11775,13562,sa-424170,-0.072853915,0.07628314,12
11776,13565,brd-k75884310,-0.07282408,0.05144885,3
11777,13566,brd-k36708799,-0.0727963,0.010280766,4
11778,13567,brd-k97863769,-0.0727942,0.08070024,4
11779,13568,brd-k12961950,-0.07278401,0.04396947,5
11780,13569,brd-k87621813,-0.072769046,0.025236,5
11781,13570,brd-k28667054,-0.07275281,-0.010506762,6
11782,13571,brd-k02593152,-0.07274476,0.07158358,9
11783,13573,brd-k33012050,-0.07272178,0.011251048,4
11784,13574,brd-k86297549,-0.07270726,0.08089805,5
11785,13576,phenylpropanolamine,-0.07269063,0.008256095,3
11786,13578,brd-k28934562,-0.072688244,0.059025906,12
11787,13579,brd-k21340447,-0.07268501,0.008174897,5
11788,13580,brd-k82582276,-0.07266601,0.009130831,4
11789,13581,brd-k61762092,-0.072657846,0.07126877,3
11790,13583,brd-k29543879,-0.072597414,-0.027719947,5
11791,13585,brd-k21569926,-0.07258614,0.17555544,8
11792,13586,brd-k65139432,-0.07257161,-0.024897372,5
11793,13587,brd-k36864604,-0.0725614,-0.010975435,4
11794,13588,brd-k16930585,-0.072517484,0.06695977,5
11795,13589,brd-k01855742,-0.07251149,0.027758958,3
11796,13591,brd-k81397638,-0.072485805,0.07425231,13
11797,13592,brd-k33841609,-0.07248446,-0.0069757565,5
11798,13593,brd-k16667431,-0.07248343,-0.0094514,4
11799,13595,rebamipide,-0.072458334,-0.0041723642,4
11800,13598,brd-k61953981,-0.07238655,0.07456028,3
11801,13599,brd-k41138144,-0.072380446,-0.0035258008,5
11802,13600,brd-k38544238,-0.07237157,0.083354466,3
11803,13601,brd-k88051295,-0.07235668,0.013890297,3
11804,13602,ambelline,-0.07234929,0.0063139386,15
11805,13604,nnc-05-2090,-0.07232163,0.027422516,19
11806,13606,brd-k83873778,-0.07229756,0.02505341,6
11807,13610,brd-k47662318,-0.07225852,-0.03608934,3
11808,13612,brd-k56535275,-0.072248355,0.09985259,4
11809,13615,brd-k58790952,-0.072140895,0.071156226,3
11810,13617,brd-k95090559,-0.07210404,0.09013963,4
11811,13618,brd-k73601942,-0.072087415,0.26269567,4
11812,13619,demecarium,-0.07208723,0.027639762,4
11813,13620,brd-k08041211,-0.07208501,-0.021647274,6
11814,13621,brd-k08371414,-0.07206892,-0.022472285,4
11815,13622,brd-k62689646,-0.072068915,-0.007673297,6
11816,13623,brd-k14721343,-0.07205653,0.01311788,4
11817,13624,brd-k44598486,-0.072031505,-0.025576737,3
11818,13625,vu-0424206-1,-0.072017506,0.09991598,12
11819,13627,brd-k39900129,-0.07199232,0.031475782,5
11820,13628,brd-k97534490,-0.071947284,0.015285116,13
11821,13629,brd-k73939795,-0.07194497,0.065572046,7
11822,13630,brd-k69705756,-0.07194085,0.037753955,12
11823,13631,brd-k98546418,-0.071920544,-0.010438678,3
11824,13633,brd-k74794453,-0.07185467,0.032470077,5
11825,13634,haloprogin,-0.07184342,0.04682522,4
11826,13635,brd-k78915806,-0.071839996,0.05442041,4
11827,13636,brd-k42245756,-0.07183796,0.018547874,5
11828,13637,brd-k56593673,-0.07183226,-0.030901583,6
11829,13639,brd-k48724570,-0.07182915,0.023968838,11
11830,13640,brd-k97233756,-0.07181993,0.057559,6
11831,13641,brd-k87501901,-0.07180594,-0.063835785,3
11832,13642,brd-k06470746,-0.07180077,0.026408568,7
11833,13643,brd-k71361154,-0.07178811,0.06690979,6
11834,13644,brd-k19105325,-0.07177462,-0.06421831,3
11835,13645,brd-k16955082,-0.071774386,-0.05086375,3
11836,13648,brd-k93594354,-0.07173366,0.0055250493,3
11837,13649,brd-k37513668,-0.07172826,0.019898096,3
11838,13651,brd-k76352755,-0.0717023,-0.049266748,7
11839,13657,brd-k24077273,-0.07162862,0.009024665,4
11840,13658,brd-k36290066,-0.07161024,0.018555641,6
11841,13660,brd-k90064059,-0.071584895,0.051466294,4
11842,13661,sa-424755,-0.071583904,0.13082062,8
11843,13664,brd-k97209864,-0.07156872,0.03881485,3
11844,13665,brd-k18913711,-0.07153692,0.03549806,6
11845,13666,brd-k13870698,-0.07153635,-0.024792047,6
11846,13667,brd-k13118793,-0.07148902,-0.0035694165,5
11847,13668,brd-k83859302,-0.07147906,0.02333617,7
11848,13669,brd-k46575753,-0.07147534,0.046489798,6
11849,13670,brd-k95074209,-0.071472995,-0.048139684,5
11850,13671,brd-k22827077,-0.0714603,0.07983357,6
11851,13672,brd-k47037681,-0.071449146,-0.024781918,5
11852,13675,brd-k16483711,-0.07141476,0.03030259,5
11853,13676,brd-k41721525,-0.07140574,0.09107913,3
11854,13677,brd-k00868395,-0.07140179,0.01673926,5
11855,13679,brd-k15460493,-0.07137426,0.052144848,6
11856,13680,brd-k48752687,-0.0713696,-0.04934974,3
11857,13681,brd-k57512343,-0.07136643,-0.008355538,5
11858,13682,brd-k05315233,-0.0713662,-0.057234906,4
11859,13683,brd-m23876883,-0.07136314,-0.026816573,6
11860,13685,brd-k19696793,-0.07133325,0.112428054,8
11861,13686,brd-k05150608,-0.07129755,-0.035957422,7
11862,13687,brd-k28395853,-0.07129706,-0.041334722,5
11863,13688,brd-k61051532,-0.07128898,-0.014924624,5
11864,13689,brd-k19431609,-0.071277246,0.04186829,4
11865,13692,brd-k80726792,-0.07124996,-0.017572049,4
11866,13697,sa-1460008,-0.07120602,-0.01768072,8
11867,13699,brd-k41651095,-0.07117138,-0.016871592,5
11868,13701,cercosporin,-0.071083926,0.08523363,15
11869,13702,brd-k28138218,-0.07103044,0.101619616,12
11870,13704,brd-k19385772,-0.071003124,0.023552159,3
11871,13707,brd-k42654448,-0.070969485,-0.0042365314,5
11872,13709,brd-k52564648,-0.0709065,-0.02054602,3
11873,13710,brd-k61082257,-0.07090577,0.07064484,4
11874,13711,oxybutynin,-0.07089374,0.026398651,11
11875,13712,brd-k12411600,-0.07087218,0.06865224,7
11876,13713,brd-k33943862,-0.07086327,0.026802478,6
11877,13714,brd-k17233740,-0.07085688,0.006577151,3
11878,13715,brd-k73096789,-0.070852816,-0.03887639,5
11879,13716,sns-314,-0.070838705,0.053974967,17
11880,13717,brd-k39481055,-0.07082559,-0.0034835823,7
11881,13719,brd-k69803214,-0.07079022,-0.03807881,5
11882,13720,nomegestrol,-0.07077871,-0.029253911,4
11883,13721,brd-k94393882,-0.07077736,0.03057045,3
11884,13724,brd-k85312201,-0.07067978,0.0032720203,5
11885,13726,brd-k89144371,-0.0706033,-0.0037337663,4
11886,13727,brd-k39963927,-0.07060327,-0.00536898,3
11887,13728,brd-k72760455,-0.070602484,0.011717186,5
11888,13729,brd-k67889001,-0.070594475,0.014114248,5
11889,13730,brd-k41520544,-0.07052522,-0.0038237795,6
11890,13733,brd-k99718824,-0.07051053,0.033362363,9
11891,13734,brd-k21549522,-0.07050875,0.014192484,4
11892,13735,brd-k92925409,-0.07050363,-0.037876196,4
11893,13736,brd-k97599743,-0.07048468,0.06250988,5
11894,13738,brd-k42100231,-0.070472054,-0.01270449,9
11895,13739,brd-k64751695,-0.07045405,-0.027489897,4
11896,13740,brd-k41641213,-0.07040279,0.066452704,5
11897,13741,brd-k11359987,-0.07039531,0.06742312,14
11898,13743,brd-k19167425,-0.07036979,-0.0077933576,5
11899,13744,brd-k29662826,-0.070364594,0.019575352,5
11900,13746,brd-k55297678,-0.07032355,-0.035078652,6
11901,13749,brd-k66084396,-0.070287704,0.027526585,4
11902,13751,brd-k38643780,-0.07027483,0.09392451,7
11903,13752,brd-k33610498,-0.070272684,0.024795447,4
11904,13753,brd-k09563163,-0.07026505,-0.030266296,4
11905,13754,sa-441092,-0.070264384,0.06429777,12
11906,13755,ggti-2133,-0.070235305,-0.0052179922,6
11907,13756,brd-k16939073,-0.07023093,0.013093678,6
11908,13757,brd-k29373549,-0.0702294,-0.054094575,3
11909,13758,brd-k60703528,-0.07022904,0.042626694,4
11910,13760,brd-k63442512,-0.07021862,-0.012322611,4
11911,13763,bg-1008,-0.07016662,-0.044702794,6
11912,13764,brd-k11911738,-0.07014882,0.023118556,3
11913,13766,brd-k66390767,-0.07012223,0.048806902,3
11914,13767,brd-k09411281,-0.07011006,-0.035846405,3
11915,13768,brd-k16063772,-0.07010002,0.029294003,3
11916,13769,brd-k77537540,-0.070092104,-0.0556664,3
11917,13770,fomepizole,-0.07005028,-0.028633472,4
11918,13772,brd-k69711545,-0.07003172,0.006288864,5
11919,13773,brd-k61045941,-0.07002031,0.012856966,6
11920,13774,brd-k39827602,-0.069993705,0.06638006,5
11921,13775,brd-k35995122,-0.069961034,-0.0059576007,6
11922,13777,brd-k67236726,-0.06994771,0.039116226,6
11923,13778,brd-k75426909,-0.06993627,0.034339204,6
11924,13779,brd-k20433775,-0.0699296,0.021637062,7
11925,13780,brd-k56482508,-0.0699233,-0.040038057,6
11926,13782,brd-k17466145,-0.06985862,-0.05882955,3
11927,13783,brd-k23647039,-0.06983032,-0.010826145,5
11928,13785,brd-k69557760,-0.06982395,-0.053926323,3
11929,13786,brd-k21136828,-0.06981028,-0.03227683,5
11930,13788,brd-k06450282,-0.06978455,0.020179674,4
11931,13790,brd-k36110199,-0.069778815,0.052784912,4
11932,13793,pivampicillin,-0.06973038,-0.03344367,4
11933,13795,brd-k49373277,-0.0697213,-0.034329943,4
11934,13796,brd-k31618614,-0.06969766,0.07122878,11
11935,13797,brd-k06899423,-0.06969378,0.04400754,6
11936,13798,brd-k60087207,-0.06969101,0.025787419,6
11937,13799,brd-k40073746,-0.06968516,0.0014934125,5
11938,13800,brd-k29286627,-0.06967706,0.07455522,7
11939,13808,sa-1457415,-0.06949114,0.1397754,11
11940,13809,brd-k93229898,-0.069473684,-0.019240042,3
11941,13810,brd-a39986918,-0.06946641,0.024915371,6
11942,13811,brd-k39911750,-0.06946015,0.026660763,5
11943,13813,brd-k11022579,-0.06944051,0.042842038,4
11944,13814,brd-k90842913,-0.069439605,0.039466888,6
11945,13815,brd-k20428479,-0.069428965,-0.0068667047,6
11946,13816,brd-k69951274,-0.06942743,0.010339032,6
11947,13817,brd-k08760804,-0.06942466,0.061068606,6
11948,13818,brd-k56712828,-0.06941919,-0.017328996,4
11949,13819,brd-k08640787,-0.06941731,0.051623195,12
11950,13820,brd-k15146741,-0.06941684,0.009594694,4
11951,13821,anethole,-0.06941176,0.020532137,7
11952,13823,brd-k78132017,-0.06938747,-0.05890908,3
11953,13824,brd-k28021369,-0.06937401,0.10794629,3
11954,13825,brd-k83826027,-0.06936945,0.07319166,7
11955,13826,brd-k11555344,-0.06934763,-0.060729016,3
11956,13827,k1448,-0.069327384,0.056978658,4
11957,13828,brd-k75819331,-0.06932025,0.021498498,4
11958,13829,brd-k85398522,-0.06931067,-0.038369212,3
11959,13830,brd-k80666761,-0.06930783,-0.025143392,13
11960,13831,brd-k46707636,-0.069305055,0.06824158,11
11961,13832,brd-k86617991,-0.06928852,-0.03116078,4
11962,13836,brd-k36111767,-0.06927356,0.015554577,12
11963,13837,brd-k04729818,-0.06926338,-0.054690313,3
11964,13839,brd-k54168930,-0.06922729,0.059252765,5
11965,13840,brd-k72064822,-0.069220036,0.012637869,6
11966,13842,brd-k35443780,-0.06916842,-0.010227518,4
11967,13844,brd-k76439996,-0.069159776,0.038651917,7
11968,13845,brd-k04749191,-0.06914951,0.015229497,3
11969,13846,brd-k31822300,-0.069140345,-0.019376764,7
11970,13847,brd-k07563916,-0.06911498,-0.0015084371,4
11971,13849,brd-k81227048,-0.06909485,-0.021410985,5
11972,13850,brd-k59323544,-0.06909341,0.07990428,3
11973,13852,brd-k96150242,-0.0690608,0.01186892,6
11974,13854,oxacillin,-0.06904477,0.02073191,4
11975,13855,brd-k99547414,-0.06903057,0.006518678,4
11976,13856,urosiol,-0.06901685,0.02371851,4
11977,13857,brd-k96183125,-0.06900942,0.039900765,3
11978,13858,brd-k50795058,-0.06900843,0.009099308,5
11979,13859,brd-k69664985,-0.0689815,-0.06359422,4
11980,13860,brd-k99605820,-0.06895918,-0.0012316621,15
11981,13861,brd-k51908245,-0.06895635,0.04004053,6
11982,13863,brd-k34462945,-0.06892578,-0.0013227565,6
11983,13864,brd-k00944562,-0.06890509,0.09248698,17
11984,13865,brd-k69841970,-0.06885602,0.0080267675,4
11985,13866,brd-k03876750,-0.06885509,0.050436787,4
11986,13868,brd-k65715788,-0.06881778,0.06468453,6
11987,13869,brd-k98099906,-0.06880732,0.045314126,4
11988,13870,brd-k63587518,-0.068799,0.09235844,17
11989,13872,brd-k87010644,-0.068795286,0.0377512,6
11990,13873,brd-k86372560,-0.06879217,0.052700285,6
11991,13875,brd-k74639017,-0.06876976,0.061150644,4
11992,13876,brd-k04680237,-0.068723306,0.0029324759,4
11993,13878,brd-k92326486,-0.06870049,0.036702834,6
11994,13879,brd-k69372544,-0.06867998,0.061720558,4
11995,13880,brd-k14862006,-0.068676345,-0.0010088792,6
11996,13882,brd-k87959840,-0.068655364,-0.003696831,5
11997,13883,brd-k91224798,-0.06865333,0.007220959,3
11998,13885,brd-k78246556,-0.06863767,-0.026379488,5
11999,13888,brd-k66559265,-0.068612985,-0.00913097,4
12000,13889,brd-k26150272,-0.06861273,-0.0016724268,3
12001,13890,1b-parent,-0.06858672,0.045743156,6
12002,13891,brd-m29370314,-0.068576105,-0.060879044,6
12003,13893,brd-k48803730,-0.06849198,0.100327246,13
12004,13894,brd-k87304811,-0.0684832,-0.029150281,4
12005,13898,aminophylline,-0.068390876,0.051130056,4
12006,13899,brd-k58642524,-0.068389475,0.099965364,3
12007,13902,brd-k10722141,-0.068367645,0.0864543,3
12008,13903,brd-k33537450,-0.068364635,0.014291408,4
12009,13904,brd-k52183630,-0.06834397,0.02281431,5
12010,13906,brd-k65968856,-0.06825976,0.09092446,11
12011,13907,brd-k78778476,-0.06822431,0.048747823,4
12012,13908,brd-k80342168,-0.06818158,-0.019726451,4
12013,13909,brd-k76786157,-0.06816764,0.009702157,5
12014,13910,brd-k17654006,-0.06815588,-0.01776534,4
12015,13911,brd-k55883155,-0.06815256,-0.00036674476,3
12016,13912,idam,-0.068148226,0.038908754,6
12017,13913,brd-k02008913,-0.068114966,0.05564577,7
12018,13915,brd-k62836687,-0.0681113,0.032054078,4
12019,13916,brd-k64641861,-0.06809169,0.07734345,4
12020,13921,brd-k32809121,-0.06803379,-0.029388636,3
12021,13922,brd-k94726713,-0.06802962,-0.026177775,4
12022,13923,brd-k63435718,-0.06802722,-0.019585839,6
12023,13924,brd-k89361242,-0.068016514,0.08688507,4
12024,13925,brd-k34160774,-0.068013534,0.053163707,12
12025,13926,brd-k74782274,-0.06800757,-0.031766422,5
12026,13927,brd-k72324716,-0.06800096,0.01599093,6
12027,13929,brd-k49597140,-0.067946285,0.002178859,4
12028,13930,brd-k18319377,-0.06787581,0.0013703648,6
12029,13932,brd-k79600112,-0.06786446,-0.054478902,5
12030,13933,brd-k83477078,-0.06786159,0.09883975,6
12031,13934,brd-k13944250,-0.067812525,0.042399667,4
12032,13935,brd-k62214646,-0.0678043,0.11793573,3
12033,13936,brd-k09973807,-0.067803204,0.040481813,6
12034,13937,brd-k35836352,-0.067787,-0.043357015,3
12035,13938,brd-k39447340,-0.0677802,0.038009446,4
12036,13939,brd-k07516181,-0.06776899,0.03473338,13
12037,13940,brd-k65049758,-0.06775228,0.026169736,6
12038,13941,brd-k79260832,-0.06774125,0.02573527,6
12039,13942,brd-k30804015,-0.067735195,0.02529091,13
12040,13943,brd-k25082699,-0.06773166,-0.034824483,3
12041,13944,brd-k95564984,-0.067714445,0.037049435,6
12042,13945,brd-k12682252,-0.06771165,-0.011633079,3
12043,13946,5-iodotubercidin,-0.06765132,0.17074358,17
12044,13947,brd-k34435836,-0.06761935,0.0028115446,4
12045,13949,brd-k89354425,-0.067596935,0.062214717,3
12046,13950,brd-k85769686,-0.06759345,-0.0077012475,5
12047,13951,brd-k36128472,-0.06759079,-0.025160689,3
12048,13952,brd-k42624823,-0.06758666,0.04788685,5
12049,13953,brd-k56951539,-0.067562394,-0.016329542,6
12050,13955,brd-k80062189,-0.06755141,-0.009289201,6
12051,13956,brd-k51951665,-0.06752706,0.013025029,6
12052,13957,brd-k92061784,-0.06750426,0.03375428,4
12053,13958,brd-k42919101,-0.06746374,0.040277887,5
12054,13962,brd-k81721884,-0.06739524,0.12926136,3
12055,13964,brd-k72354054,-0.06736464,0.033156693,10
12056,13965,brd-k90194420,-0.06735609,0.0159135,5
12057,13966,brd-k12331173,-0.067341946,-0.049628157,3
12058,13968,brd-k89087272,-0.06725735,0.033620674,6
12059,13969,brd-k72814870,-0.067251295,0.04367442,5
12060,13973,brd-k73224765,-0.06721164,0.22166798,4
12061,13974,brd-k41418105,-0.06720241,-0.03670548,6
12062,13975,brd-k11833731,-0.067172825,0.0009566373,4
12063,13977,brd-k88239034,-0.06716563,-0.009945393,4
12064,13978,brd-k45680746,-0.06714674,-0.005560954,3
12065,13979,brd-k60840479,-0.067099705,0.022938091,3
12066,13980,brd-k76765843,-0.06709287,0.05092437,6
12067,13981,brd-k50269042,-0.067090705,-0.0011078031,3
12068,13984,brd-k76150323,-0.067051016,0.017738713,13
12069,13985,brd-k99660708,-0.06703936,0.0020484135,5
12070,13987,psb-36,-0.06702732,0.004774442,15
12071,13989,brd-k10526563,-0.066992834,-0.0057152323,3
12072,13990,brd-k58377762,-0.06696703,-0.0009674848,3
12073,13991,brd-k04136539,-0.06695736,0.03689985,13
12074,13992,brd-k63596086,-0.066952616,0.08636876,5
12075,13993,brd-k89676402,-0.066941075,-0.042472906,5
12076,13994,brd-k27198330,-0.06693946,0.074721165,7
12077,13996,brd-k85670329,-0.06688005,0.1264428,12
12078,13997,brd-k23319301,-0.06685089,0.035121053,12
12079,13998,brd-k24758440,-0.06682036,-0.05638196,3
12080,13999,brd-k51644197,-0.06681248,0.06386078,12
12081,14000,brd-k39624960,-0.06679454,0.051049974,4
12082,14001,brd-k24528445,-0.06679387,0.03358395,4
12083,14002,sib-1553a,-0.06674256,0.00048406422,6
12084,14003,brd-k62436804,-0.066736914,-0.008902494,3
12085,14004,brd-k04561891,-0.06670753,-0.059240703,3
12086,14005,brd-k88903268,-0.06668288,0.0069706524,6
12087,14006,brd-k53111504,-0.06667573,-0.001505417,3
12088,14007,kuc103903n,-0.06667338,0.06737995,13
12089,14008,brd-k55035262,-0.06666144,0.04947589,3
12090,14010,brd-k00270349,-0.06664205,-0.012218019,6
12091,14011,brd-k16097209,-0.0666339,0.057420198,5
12092,14012,brd-k09292709,-0.06662782,-0.029718466,7
12093,14013,brd-k91250867,-0.06662262,-0.032470778,4
12094,14014,brd-k68409203,-0.06662005,-0.0031121457,4
12095,14016,brd-k96703623,-0.066578716,-0.024733603,12
12096,14017,brd-k37340147,-0.0665734,0.0189852,7
12097,14019,brd-k60753740,-0.066520974,0.033980608,6
12098,14020,brd-k25565604,-0.06652087,0.014087329,6
12099,14021,brd-k12743465,-0.066494085,-0.013843319,5
12100,14023,trimetazidine,-0.066469446,-0.0068614995,4
12101,14024,brd-k86838317,-0.066452086,0.11561786,4
12102,14025,brd-k01523435,-0.06642225,-0.056925043,3
12103,14027,brd-k15513102,-0.06634936,-0.02992599,6
12104,14028,brd-k31765411,-0.066317,0.009076878,5
12105,14029,brd-k81202141,-0.066296205,-0.016792938,5
12106,14030,brd-k99032206,-0.06629494,-0.03683749,3
12107,14032,brd-k15179096,-0.066221066,-0.012783335,7
12108,14035,lithium-chloride,-0.06619859,0.049816765,6
12109,14036,brd-k69790925,-0.066184856,-0.008803355,6
12110,14037,brd-k80012633,-0.06615079,0.15643519,4
12111,14038,brd-k31392657,-0.066145755,-0.044296533,3
12112,14040,brd-k16827660,-0.06612739,0.057297982,5
12113,14042,brd-k82234732,-0.06611722,-0.01233641,7
12114,14043,brd-k84455184,-0.066108845,7.630403e-05,7
12115,14045,brd-k31230167,-0.06609592,0.015130734,4
12116,14046,brd-k08617930,-0.06608996,0.016055768,4
12117,14048,brd-k86925364,-0.066059604,0.012212242,5
12118,14049,brd-k22458275,-0.06605383,-0.0018092152,4
12119,14050,brd-k56046253,-0.066048436,0.010174213,5
12120,14051,brd-k77687238,-0.066046014,0.078553304,5
12121,14054,brd-k43624311,-0.06592263,-0.04765454,5
12122,14057,brd-k92277566,-0.065889366,-0.02918403,3
12123,14059,brd-k20766305,-0.06585296,-0.061235536,4
12124,14060,brd-k12977357,-0.06583108,-0.046135418,3
12125,14062,brd-k78487432,-0.06581083,0.013468978,7
12126,14064,bafilomycin,-0.06572904,0.060545146,12
12127,14065,brd-k29746329,-0.065697715,-0.022687064,4
12128,14066,brd-k32323656,-0.06569176,0.12926677,4
12129,14067,brd-k64122011,-0.06568497,-0.03938232,3
12130,14068,6-nitrodopamine,-0.0656816,-0.019021686,6
12131,14069,brd-k16552772,-0.06565462,0.03431601,5
12132,14071,brd-k57337567,-0.06560711,-0.046355497,3
12133,14072,brd-k39507473,-0.065597355,-0.019679176,5
12134,14073,brd-k08325197,-0.06557562,0.013478908,6
12135,14074,brd-k82118651,-0.06556329,-0.018558979,4
12136,14076,brd-k78636275,-0.06556068,0.031745765,5
12137,14079,brd-k56899980,-0.06547598,0.029932102,7
12138,14081,brd-k61428915,-0.06542295,-0.0047841966,4
12139,14083,brd-k74010885,-0.065355666,-0.0064783683,4
12140,14084,phenindione,-0.06533404,-0.02392023,4
12141,14088,brd-k67502058,-0.065305375,0.04749207,4
12142,14091,brd-k27442643,-0.065200366,-0.006490506,4
12143,14092,brd-k30854557,-0.06515907,-0.012039262,6
12144,14096,sulfapyridine,-0.06511394,0.07755596,4
12145,14097,brd-k81793693,-0.06509142,-0.04143301,3
12146,14098,brd-k13150695,-0.06508259,-0.05349431,5
12147,14099,brd-k79422060,-0.06507928,-0.01610815,5
12148,14100,ei-231,-0.065052986,0.09558651,18
12149,14101,brd-k38210246,-0.06501676,-0.04495185,4
12150,14103,brd-k55992427,-0.06498235,-0.036985703,3
12151,14104,brd-k93880770,-0.06497764,-0.03086327,7
12152,14105,brd-k10046096,-0.06496216,-0.00068076205,3
12153,14106,brd-k27630941,-0.06495215,0.021708902,15
12154,14107,brd-a54077041,-0.06495036,0.1391177,13
12155,14109,brd-k29812154,-0.064922646,0.06574638,3
12156,14110,brd-k39379309,-0.0649145,0.028250834,3
12157,14111,brd-k46932228,-0.064906426,0.023034653,3
12158,14112,bg-1031,-0.0649013,0.012460707,6
12159,14113,brd-k06250012,-0.064885095,-0.045526512,3
12160,14115,brd-k66642908,-0.064872004,0.10212018,4
12161,14116,brd-k41889859,-0.064861745,0.052236337,13
12162,14117,brd-k84240784,-0.0647151,0.022406884,6
12163,14121,brd-k88180879,-0.06461561,0.033083655,6
12164,14122,brd-k58134288,-0.06460547,-0.049636792,3
12165,14124,brd-k15697250,-0.06458171,0.050178602,5
12166,14125,brd-k40676967,-0.06456752,-0.025951019,3
12167,14126,brd-k46593635,-0.06456147,-0.0017973317,5
12168,14127,brd-k77871059,-0.064559154,0.0049904687,3
12169,14128,brd-k96039110,-0.06453388,0.15663448,4
12170,14130,brd-k32354807,-0.064521335,0.036439765,3
12171,14131,brd-k74292317,-0.064516515,0.036245633,15
12172,14133,brd-k18511213,-0.06450378,0.025587764,6
12173,14134,brd-k92975271,-0.064498,0.06601927,3
12174,14135,brd-k87410008,-0.06448427,-0.043195095,3
12175,14137,brd-k85573444,-0.064418584,-0.030505722,3
12176,14138,brd-k27767004,-0.0644087,0.06293949,4
12177,14139,brd-k98710661,-0.06438628,0.03655773,12
12178,14140,brd-k01822243,-0.064373195,-0.0052028694,6
12179,14141,brd-k32233845,-0.064352795,-0.024021346,4
12180,14142,brd-k22428007,-0.064323306,0.0325027,4
12181,14143,brd-k54635843,-0.06431612,0.008932444,6
12182,14145,brd-k76005262,-0.06426543,-0.028677126,4
12183,14146,brd-k58493574,-0.06425419,-0.019035265,6
12184,14147,jlk-6,-0.064237855,0.014865319,19
12185,14148,brd-k96400713,-0.06423164,0.057407074,5
12186,14150,brd-k15050703,-0.06422522,0.025375864,14
12187,14151,brd-k54647996,-0.06412276,-0.021581246,3
12188,14152,brd-k04009734,-0.06412071,0.0070272945,4
12189,14154,brd-k90135241,-0.06407317,0.0015381617,4
12190,14155,brd-k42752188,-0.064049385,-0.014979919,6
12191,14156,brd-k75633187,-0.064034924,0.03970616,7
12192,14157,brd-k31274539,-0.06401216,0.065761395,3
12193,14158,brd-k30794866,-0.0639809,3.354205e-05,6
12194,14160,brd-k66857089,-0.06396836,-0.028398575,3
12195,14161,brd-k95762279,-0.06391898,-0.01192805,6
12196,14162,brd-k75383594,-0.063918605,-0.0112953065,4
12197,14163,brd-k78128989,-0.06391839,0.05853145,4
12198,14164,brd-k20609812,-0.06384564,0.022630695,5
12199,14165,brd-k52882725,-0.063843034,0.010179707,3
12200,14166,brd-k80724940,-0.06380878,-0.02492029,3
12201,14167,brd-k80213755,-0.0638052,-0.02878559,4
12202,14168,brd-k86853253,-0.06378841,-0.015861295,4
12203,14169,brd-k02641134,-0.06378682,0.050238974,13
12204,14170,brd-k90089455,-0.06374335,-0.018824054,4
12205,14171,brd-k74198494,-0.063737996,0.04722925,3
12206,14172,brd-k62724755,-0.06373584,0.06267493,4
12207,14175,brd-k27818252,-0.06367873,0.024544584,6
12208,14177,brd-k56805970,-0.063641086,0.020212647,4
12209,14180,brd-k72042177,-0.06359117,-0.0051213126,7
12210,14183,brd-k77411261,-0.06355907,-0.010872435,6
12211,14184,brd-k26301430,-0.063539736,0.006284247,4
12212,14186,brd-k07164057,-0.06352754,0.017696667,7
12213,14189,brd-k15023392,-0.0634677,-0.011237426,6
12214,14190,brd-k89562272,-0.06343563,-0.056289405,3
12215,14191,brd-k12027235,-0.06342026,0.12572005,3
12216,14193,brd-k37299375,-0.063375615,0.07549097,11
12217,14194,sa-1459002,-0.06337224,0.0701938,15
12218,14195,brd-k40951733,-0.06336897,0.07141971,5
12219,14196,brd-k57180092,-0.063360654,0.11537702,4
12220,14197,brd-k62624932,-0.063360505,0.030505959,3
12221,14198,meglumine,-0.063354135,-0.015225096,4
12222,14199,brd-a11009626,-0.063340314,0.15407021,5
12223,14200,belinostat,-0.06334011,0.07922629,25
12224,14202,brd-k14078057,-0.06333048,0.035807952,6
12225,14203,brd-k24820558,-0.06330802,-0.0109060155,4
12226,14204,brd-k38024133,-0.06328982,-0.01553305,13
12227,14206,brd-k05572312,-0.06326402,0.11812393,3
12228,14208,brd-k55699053,-0.06324262,0.024785412,7
12229,14209,brd-k68950762,-0.06323788,0.063171014,3
12230,14210,brd-k58946638,-0.06322786,0.008293346,6
12231,14212,brd-k91377183,-0.06320751,0.0028304136,6
12232,14213,brd-k69464603,-0.0631769,0.046344887,6
12233,14215,brd-k55706946,-0.06316034,-0.06178448,3
12234,14216,brd-k72700227,-0.063154995,-0.035515808,3
12235,14218,brd-k31220088,-0.063119285,0.0035866867,4
12236,14219,brd-k02734624,-0.06310651,0.034449287,6
12237,14220,brd-k09453969,-0.063103,0.022744488,3
12238,14221,brd-k79302166,-0.0631015,0.03458375,4
12239,14223,brd-k35558120,-0.06306976,-0.018933019,7
12240,14224,brd-k26835110,-0.063059434,-0.032507733,4
12241,14225,brd-k48923155,-0.06305687,0.04650692,6
12242,14227,brd-k64368934,-0.063040495,0.03563979,4
12243,14228,brd-k50739913,-0.06303961,0.012305677,4
12244,14229,brd-k36026160,-0.06302377,0.008051507,4
12245,14231,brd-k14215828,-0.06299918,0.08606767,6
12246,14232,brd-k14538540,-0.06299128,-0.054411326,3
12247,14233,brd-k39398102,-0.062945396,0.009098547,6
12248,14234,brd-k68855692,-0.06293111,-0.024932716,5
12249,14236,brd-k66555134,-0.06289555,-0.046203524,3
12250,14237,brd-k93112400,-0.06287501,0.089825824,5
12251,14239,brd-k29514489,-0.06286411,0.014222451,5
12252,14241,brd-k73592400,-0.06283527,0.0072418936,7
12253,14243,brd-k19949652,-0.062813796,-0.036398,3
12254,14244,brd-k80550858,-0.062812746,0.023952698,3
12255,14245,brd-k85660637,-0.062811404,0.06194317,11
12256,14246,brd-k85886293,-0.06280689,0.026469905,6
12257,14247,brd-k87445406,-0.06279028,-0.015542002,6
12258,14248,brd-k40174747,-0.06277654,-0.0604995,3
12259,14249,brd-k69317358,-0.06275601,0.0036239773,4
12260,14250,brd-k42006476,-0.06274581,0.05146432,13
12261,14251,brd-k29582182,-0.06274166,0.0101199085,5
12262,14252,brd-k38274933,-0.06270527,-0.051103957,3
12263,14253,brd-k49367140,-0.06269958,-0.011518526,5
12264,14255,brd-k16348047,-0.0626773,-0.013462092,5
12265,14257,prenylamine,-0.06266764,0.073857754,4
12266,14259,iii606050,-0.06262025,0.04782551,11
12267,14260,brd-k49961249,-0.062568635,-0.054404017,3
12268,14263,brd-k46185480,-0.0625136,0.036541607,6
12269,14264,brd-k26053980,-0.06250643,0.029655065,4
12270,14265,brd-k37459628,-0.062496655,0.039598104,6
12271,14266,brd-k47070211,-0.062495373,-0.020129493,6
12272,14267,brd-k89958315,-0.062494338,-0.016306235,7
12273,14269,brd-k81312543,-0.062436495,-0.0019913004,3
12274,14270,brd-k33230547,-0.062426075,0.038966548,3
12275,14271,brd-k41954709,-0.062418442,0.014051318,5
12276,14272,brd-k97508452,-0.06240777,-0.0066159354,5
12277,14274,brd-k65778372,-0.06236301,-0.029640522,4
12278,14275,brd-k79259004,-0.062349524,0.003967718,4
12279,14281,brd-k13868095,-0.062268943,0.07653251,7
12280,14284,brd-k85101781,-0.06222609,-0.045714878,4
12281,14285,brd-k86981020,-0.062211756,-0.01704147,6
12282,14287,brd-k50194167,-0.062197868,-0.0028019492,5
12283,14288,brd-k09014535,-0.06216252,-0.041832402,5
12284,14291,brd-k23731136,-0.062149525,0.02422055,4
12285,14292,brd-k92986600,-0.06212969,0.0037143603,4
12286,14293,brd-m94242351,-0.06210288,0.14757568,6
12287,14294,brd-k32670473,-0.062076654,0.07281016,6
12288,14295,brd-k97727250,-0.062064752,0.0024321335,4
12289,14296,brd-k86171512,-0.062063925,0.05515121,4
12290,14299,brd-k78483792,-0.061975077,0.03981546,7
12291,14301,brd-k16925239,-0.061925374,-0.03883628,3
12292,14303,brd-k02612980,-0.061874166,-0.057303842,3
12293,14304,brd-k23954640,-0.06185903,0.092936605,5
12294,14305,brd-k60826706,-0.061809566,0.011745699,3
12295,14306,brd-k07223205,-0.06178948,-0.011130182,6
12296,14307,js-k,-0.0617773,0.15725245,6
12297,14309,brd-k43683841,-0.061751693,0.11651472,7
12298,14310,brd-k19911709,-0.0617459,-0.059323233,3
12299,14311,brd-k04643065,-0.06174508,0.027676193,4
12300,14313,brd-k61431779,-0.06171062,0.08386323,7
12301,14315,brd-k15234288,-0.061682325,0.0069306325,4
12302,14316,brd-k31869770,-0.061671175,0.010942831,5
12303,14317,brd-k02372107,-0.061669525,-0.02179172,5
12304,14319,brd-k90256762,-0.061585926,0.030398633,6
12305,14320,brd-k12744202,-0.06157793,-0.030971413,7
12306,14321,brd-k82911380,-0.061552323,0.034751885,5
12307,14322,brd-k41069217,-0.061516326,0.05077068,7
12308,14323,brd-k88797027,-0.061497584,-0.003975434,4
12309,14324,brd-k40349140,-0.061495706,-0.0072709764,6
12310,14327,brd-k05351800,-0.061472427,0.00791485,7
12311,14329,brd-k99188848,-0.06145716,0.016147064,3
12312,14332,brd-k24184187,-0.061363067,0.061133813,5
12313,14333,brd-k61499353,-0.061344516,0.001547074,4
12314,14334,brd-k92754298,-0.061343193,0.027579263,4
12315,14335,brd-k15185037,-0.061331287,0.023588331,6
12316,14336,brd-k23786503,-0.061311476,0.022121888,4
12317,14339,brd-k61255273,-0.06128014,0.032890704,4
12318,14340,brd-k23856550,-0.061267458,-0.010154332,6
12319,14342,brd-k46096244,-0.061237376,0.08304532,4
12320,14343,brd-k41539131,-0.061236955,0.07260178,4
12321,14345,brd-k86156277,-0.06121551,0.0166703,6
12322,14346,brd-k55232867,-0.06120213,-0.023017494,3
12323,14347,brd-k04239420,-0.06115726,-0.0074577234,5
12324,14348,brd-k30882656,-0.061134208,0.0050411634,4
12325,14349,brd-k85721574,-0.06113311,0.0054327617,3
12326,14350,brd-k61123818,-0.06113165,-0.011345608,4
12327,14351,brd-k73329392,-0.06112905,0.029878484,5
12328,14352,brd-k39244640,-0.061095584,-0.04381726,3
12329,14353,brd-k24798550,-0.061090104,0.03574047,13
12330,14356,brd-k13383838,-0.061050564,-0.018640097,3
12331,14358,brd-m79326715,-0.061024733,0.0073704235,6
12332,14359,brd-k81701287,-0.060982257,0.018449787,5
12333,14360,brd-k17565092,-0.060981873,-0.009961045,6
12334,14361,brd-k23373611,-0.0609695,-0.029152554,4
12335,14363,brd-k29540359,-0.06096251,0.09573998,5
12336,14365,brd-k94397824,-0.06093625,0.00795195,3
12337,14368,brd-k09861842,-0.06088746,0.022658378,6
12338,14374,brd-k19601332,-0.06079893,0.07185513,4
12339,14375,brd-k40455893,-0.06078288,-0.030423647,4
12340,14376,brd-k78822312,-0.060776986,-0.009994479,5
12341,14377,brd-k24502634,-0.060773972,0.050933033,4
12342,14378,eudesmic-acid,-0.06077293,0.0647459,8
12343,14380,bibu-1361,-0.060768414,0.012371131,15
12344,14382,brd-k28987821,-0.060760997,-0.0017293547,6
12345,14383,brd-k74709515,-0.06075848,-0.0037209103,3
12346,14385,brd-k50827439,-0.06072778,0.061734587,5
12347,14386,brd-k06240911,-0.060725648,0.08951922,3
12348,14390,brd-k52342362,-0.060688615,-0.047679905,3
12349,14391,brd-k88722443,-0.06066879,0.13428491,4
12350,14392,brd-k52197325,-0.060645502,0.019034322,3
12351,14393,brd-k11296387,-0.06063045,0.007377235,4
12352,14394,brd-k00801367,-0.06061806,-0.014421871,4
12353,14395,brd-k37282474,-0.06059792,0.11970299,3
12354,14396,brd-k48457318,-0.060576096,0.0035471786,8
12355,14397,brd-k87304961,-0.060547005,-0.0034047998,4
12356,14400,brd-k74711277,-0.06051071,-0.03231077,3
12357,14402,brd-k14340046,-0.060477685,0.021258805,6
12358,14404,brd-k00061590,-0.060428884,0.038577717,3
12359,14407,brd-k26252750,-0.06041829,0.09235859,6
12360,14410,brd-k86127131,-0.06035329,-0.023381611,3
12361,14411,brd-k81123598,-0.060335334,-0.047567986,4
12362,14412,brd-k09002810,-0.060319327,0.025888251,4
12363,14413,brd-m30758753,-0.060317915,-0.02086821,6
12364,14414,brd-k78800374,-0.060292717,0.023825072,4
12365,14415,brd-k28082924,-0.06025898,-0.03795025,3
12366,14416,brd-k08468228,-0.060228527,0.029681008,5
12367,14419,brd-k56931391,-0.060200483,0.043297272,4
12368,14421,brd-k12907790,-0.060168967,0.08424692,6
12369,14422,brd-k80559952,-0.060164914,-0.040426545,4
12370,14424,brd-k08922114,-0.060136173,0.019890804,6
12371,14425,brd-k33018174,-0.06012993,0.0044028587,3
12372,14429,brd-k31251993,-0.060071986,-0.05590412,4
12373,14431,brd-k63569039,-0.06006298,0.016784819,15
12374,14432,brd-k43327166,-0.05998774,-0.015923839,6
12375,14433,brd-k31883841,-0.059980076,-0.009662487,6
12376,14434,brd-k89840812,-0.05995888,-0.04647601,5
12377,14435,brd-k21728898,-0.0599531,0.0013791679,5
12378,14437,brd-k46384573,-0.05991902,-0.00032122014,3
12379,14438,brd-k27586181,-0.05991215,0.059211984,5
12380,14439,brd-k34404444,-0.05986857,-0.055523507,3
12381,14440,brd-k20531360,-0.059865594,0.05314949,7
12382,14441,hexetidine,-0.05985115,0.007697923,4
12383,14443,brd-k34766381,-0.059828747,0.050617784,3
12384,14444,brd-k46604793,-0.059814755,0.09315401,4
12385,14445,brd-k11672081,-0.059813716,0.21917051,6
12386,14446,brd-k48058738,-0.05980519,-0.04830466,6
12387,14447,brd-k25300451,-0.059783112,0.03831474,4
12388,14448,brd-k83316435,-0.059761267,0.1280556,4
12389,14449,brd-k46183911,-0.059745915,-0.012973727,5
12390,14450,brd-k32893176,-0.059742562,0.027839819,5
12391,14453,brd-k35418438,-0.05973657,0.03320981,7
12392,14455,brd-k15958865,-0.059699498,0.05836243,6
12393,14456,brd-k66757073,-0.059671294,0.06176506,5
12394,14458,brd-k11366122,-0.05966838,0.00025163082,7
12395,14459,brd-k53539078,-0.059657943,-0.026722323,5
12396,14460,brd-k36618611,-0.059635982,0.023551084,4
12397,14461,brd-k94385551,-0.059612926,-0.03608387,5
12398,14464,brd-k46592487,-0.059545975,0.04018869,5
12399,14465,brd-k35701136,-0.059539903,0.056777917,4
12400,14466,brd-k91758467,-0.05953846,-0.009340174,4
12401,14467,brd-k90198040,-0.059521873,-0.02496262,3
12402,14468,brd-k44366801,-0.059506837,0.052896537,12
12403,14469,brd-k53321531,-0.05949441,0.031572808,4
12404,14470,brd-k83030741,-0.05947453,0.065685056,4
12405,14472,brd-k86979665,-0.059454992,0.07180505,4
12406,14474,brd-k69936404,-0.0594251,0.01113327,4
12407,14475,brd-k08594759,-0.059419006,-0.017778639,3
12408,14476,brd-k19190776,-0.059407875,0.07797077,4
12409,14477,brd-k52689785,-0.05940229,-0.03730181,5
12410,14478,brd-k29911749,-0.05938309,-0.0003833128,4
12411,14479,brd-k52758732,-0.05934657,0.060429715,5
12412,14484,brd-k11556486,-0.059300408,-0.0050273575,4
12413,14486,brd-k03845749,-0.05928637,-0.005153623,6
12414,14487,brd-k71855031,-0.059284355,0.0036013087,6
12415,14488,brd-k81029835,-0.059194427,-0.01313788,5
12416,14489,iopromide,-0.059178248,-0.03819709,4
12417,14490,brd-k39222404,-0.059177145,0.011502202,5
12418,14491,brd-k22265882,-0.059169583,0.08125982,5
12419,14493,brd-k81799166,-0.05916539,0.052651253,4
12420,14497,brd-k92978187,-0.05906528,-0.049725145,3
12421,14498,brd-k97961692,-0.059060466,0.0069891196,6
12422,14499,brd-k94643104,-0.059056927,0.06379556,3
12423,14500,brd-k63446165,-0.059023313,-0.030865,3
12424,14502,brd-k78160105,-0.058985714,-0.015054691,3
12425,14504,bromperidol,-0.058978435,0.11279476,4
12426,14505,brd-k00541818,-0.05892452,0.068096496,5
12427,14506,brd-k31387465,-0.058915753,0.06264626,5
12428,14507,brd-k14417684,-0.058887493,-0.013971603,6
12429,14510,brd-k87430974,-0.05880187,-0.005725702,3
12430,14512,nadifloxacin,-0.05878658,0.07346978,4
12431,14513,brd-k76108747,-0.058755476,0.027246637,6
12432,14514,brd-k78276903,-0.05874751,0.0027767904,4
12433,14517,brd-k95425654,-0.058737356,-0.04250752,6
12434,14518,brd-k88392283,-0.05873313,0.07347807,6
12435,14519,brd-k71045429,-0.058727585,-0.0012123003,6
12436,14520,brd-k19399946,-0.058727503,-0.006698452,6
12437,14521,brd-k44080306,-0.058724273,-0.0048667174,4
12438,14522,brd-k72014243,-0.058718815,-0.02071308,5
12439,14523,brd-k40829514,-0.058718815,0.060291223,6
12440,14524,brd-k72424685,-0.058710035,0.07939213,4
12441,14526,brd-k32655366,-0.058663294,-0.008489226,4
12442,14528,brd-k32027259,-0.05862969,0.042861164,6
12443,14529,brd-k70896405,-0.05862873,0.013188985,3
12444,14530,brd-k50790730,-0.05861999,0.10425937,5
12445,14533,brd-k65378566,-0.058491405,0.03825566,4
12446,14534,zopiclone,-0.05846023,0.01916797,4
12447,14537,brd-k59015387,-0.058435787,0.0030501988,5
12448,14539,brd-k54166087,-0.058403544,0.017491443,4
12449,14543,brd-k58985955,-0.05834321,0.07831162,3
12450,14544,brd-k56704970,-0.058333192,-0.019801589,5
12451,14546,brd-k35842817,-0.058266085,0.038710386,5
12452,14547,brd-k74429632,-0.05824785,0.00037120242,6
12453,14548,brd-k47574438,-0.058236774,0.019328905,7
12454,14549,sa-424380,-0.058234643,0.19018438,8
12455,14551,brd-k40708503,-0.058229517,0.027200352,6
12456,14552,brd-k00113100,-0.05822784,0.023124741,4
12457,14553,brd-k79001525,-0.058222607,0.018055635,5
12458,14554,brd-k93685415,-0.058212914,-0.005218696,5
12459,14556,brd-k91279674,-0.058141295,-0.027996933,3
12460,14558,brd-k11577993,-0.058131717,-0.0045828135,5
12461,14559,brd-k15955205,-0.05807273,-0.015118431,6
12462,14562,levopropoxyphene,-0.058044422,-0.002084257,4
12463,14563,brd-k95605061,-0.058023095,-0.036488887,5
12464,14566,brd-k55300135,-0.05799363,0.013217616,4
12465,14567,brd-k56638701,-0.057963863,0.058526866,3
12466,14570,brd-k30645599,-0.057882734,0.06541695,22
12467,14571,brd-k85981997,-0.057881784,-0.0073526273,5
12468,14572,brd-k01658702,-0.05787032,-0.013301876,3
12469,14573,brd-k38546320,-0.057866007,0.07601723,6
12470,14575,brd-k87492806,-0.05782399,-0.025321398,6
12471,14576,purvalanol-a,-0.057817977,0.13461255,15
12472,14577,brd-k70108530,-0.05780811,-0.033123787,4
12473,14578,brd-k15262863,-0.057797026,0.010573712,3
12474,14580,brd-k92232855,-0.057752118,0.062716246,13
12475,14583,brd-k52831370,-0.057661593,0.036294818,4
12476,14584,brd-k58350294,-0.05763887,-0.021493351,5
12477,14588,brd-k15690570,-0.057626918,-0.030995678,6
12478,14589,sa-96835,-0.05761268,0.09511127,12
12479,14590,brd-k22828548,-0.05760643,-0.026226774,7
12480,14591,brd-k44993940,-0.057585254,0.033666484,5
12481,14592,brd-k50112803,-0.05757962,0.05596057,6
12482,14593,brd-k51530321,-0.057556245,0.004800231,6
12483,14594,brd-k56367200,-0.05755503,0.037897706,5
12484,14597,hycanthone,-0.057509556,0.10699626,3
12485,14599,brd-k36078054,-0.05746887,-0.043921843,4
12486,14600,brd-k07257078,-0.057456534,-0.01139252,5
12487,14601,brd-k11989341,-0.057451114,-0.0025655928,5
12488,14602,thiomersal,-0.0574415,0.039600983,4
12489,14604,brd-k02544880,-0.057404555,-0.0053883158,6
12490,14605,brd-k45882653,-0.057364527,0.105605714,3
12491,14607,brd-k34332181,-0.057332244,-0.008389833,6
12492,14609,brd-k61202234,-0.057330925,0.14362526,4
12493,14612,brd-k55630970,-0.05729402,0.0036554039,4
12494,14614,brd-k77221801,-0.057269618,-0.03676369,4
12495,14615,brd-k94435288,-0.057262793,-0.05095846,3
12496,14617,etamsylate,-0.057243805,0.04294567,4
12497,14618,brd-k43714262,-0.05720977,-0.034835845,4
12498,14621,brd-k95273033,-0.057150427,-0.04282938,3
12499,14623,brd-k96782963,-0.05712262,-0.0026164067,5
12500,14624,brd-k75369250,-0.057103254,0.0038777986,3
12501,14625,brd-k09943620,-0.05709987,-0.00045425133,3
12502,14626,brd-k57393707,-0.057091445,0.004768464,6
12503,14627,brd-k69546841,-0.05708874,-0.02655204,3
12504,14628,brd-k97029281,-0.057056416,0.019868772,6
12505,14630,brd-k06418154,-0.05705048,0.09173343,4
12506,14631,brd-k17138170,-0.05704191,0.09625557,5
12507,14632,brd-k74470016,-0.05703934,-0.024233509,3
12508,14633,brd-k80741006,-0.057029366,0.052962795,4
12509,14636,brd-k30211346,-0.057002705,0.07349385,5
12510,14638,brd-k81636483,-0.056966797,0.038462527,6
12511,14639,brd-k32853132,-0.05694601,0.09404367,7
12512,14640,brd-k42499654,-0.05691421,0.08553235,13
12513,14643,brd-k36200934,-0.056872528,-0.0064279535,4
12514,14645,brd-k28013436,-0.056857135,0.049389925,4
12515,14649,brd-k02283603,-0.05677952,0.056385968,4
12516,14650,lorglumide,-0.056777585,0.03732394,4
12517,14651,brd-k65437607,-0.056766648,0.0862212,4
12518,14652,brd-k34812979,-0.056762516,-0.032033265,3
12519,14653,brd-k39839350,-0.056752604,0.0067785904,4
12520,14655,brd-k23172979,-0.05673894,-0.0068317545,3
12521,14656,brd-k62628154,-0.05673817,-0.0069684656,6
12522,14658,brd-k00846846,-0.056728844,0.056379084,3
12523,14659,brd-k44559054,-0.05671849,0.108110905,4
12524,14660,brd-k23607904,-0.056702014,0.0828353,6
12525,14661,brd-k68903590,-0.056693945,-0.03473734,3
12526,14662,brd-k11266478,-0.05668939,-0.03564776,4
12527,14664,brd-k18127951,-0.056655996,0.05272839,4
12528,14667,brd-k09729851,-0.05663872,0.027177574,4
12529,14669,brd-k73860091,-0.056614056,0.06920712,4
12530,14670,brd-k37344040,-0.056605276,0.013424616,4
12531,14674,brd-k76688397,-0.056543477,-0.05155039,4
12532,14675,bvt-948,-0.056527425,0.09007615,14
12533,14676,brd-k37225168,-0.056521848,0.037351657,3
12534,14677,brd-k72947048,-0.056498814,0.04579622,3
12535,14679,brd-k24306712,-0.056489233,0.018372588,5
12536,14680,brd-k92364610,-0.05648708,0.011893897,7
12537,14681,brd-k93570498,-0.056480918,-0.011986243,3
12538,14684,brd-k98005081,-0.05641221,0.069789864,4
12539,14687,brd-k25255972,-0.056391895,0.013457182,5
12540,14688,brd-k56583519,-0.05639094,0.06402245,9
12541,14690,brd-k98161915,-0.0563785,0.06634725,4
12542,14692,brd-k37847786,-0.056361333,0.1267225,4
12543,14694,brd-k83859448,-0.056311745,-0.021507623,4
12544,14695,sib-1508y,-0.056301124,0.082238086,6
12545,14697,brd-k69869536,-0.056294594,0.0045072087,3
12546,14698,brd-k48421284,-0.056293346,0.012995494,5
12547,14699,brd-k43931839,-0.056288917,0.003050666,6
12548,14701,brd-k71032175,-0.05623802,0.05324419,4
12549,14702,brd-k23414424,-0.056227777,0.06420574,6
12550,14704,brd-k09404347,-0.056188755,0.03165506,6
12551,14705,brd-k36754063,-0.05618215,0.009752802,5
12552,14707,brd-k88504936,-0.056172486,-0.051254895,3
12553,14708,brd-k92431661,-0.05613957,0.024303079,4
12554,14709,rimonabant,-0.056122553,0.056568243,6
12555,14710,brd-k07702264,-0.056058507,0.019026775,5
12556,14711,brd-k33038714,-0.05605599,0.0793622,4
12557,14712,brd-k63602071,-0.0560321,0.03256877,4
12558,14713,brd-k48774739,-0.056014836,0.0224363,7
12559,14714,brd-k14295062,-0.056001578,0.0320246,4
12560,14717,brd-k34755514,-0.05596507,0.003043224,4
12561,14718,brd-k02112931,-0.0559402,0.077808484,4
12562,14721,gallamine,-0.055874202,0.0766884,3
12563,14723,brd-k58869442,-0.055827748,0.083342046,5
12564,14724,prostaglandin-e1,-0.055807777,0.019018093,4
12565,14725,brd-k16796151,-0.055806413,-0.021772433,3
12566,14726,brd-k64622657,-0.0557893,0.06624488,7
12567,14727,brd-k43298786,-0.05576476,0.02653252,6
12568,14728,brd-k56764633,-0.055751815,0.020710465,7
12569,14729,brd-k95434676,-0.05573749,-0.027454289,3
12570,14730,brd-k83998477,-0.055728793,-0.0020275896,3
12571,14732,brd-k93000597,-0.0557111,0.011293931,3
12572,14734,brd-k84129690,-0.055662207,-0.04956902,5
12573,14736,brd-k11141556,-0.055644896,0.08744527,5
12574,14737,brd-k14567384,-0.055597663,0.0038975081,3
12575,14738,brd-k27188211,-0.05556628,0.04916109,3
12576,14742,brd-k35376105,-0.055475287,0.030961659,3
12577,14743,brd-k75394059,-0.055471715,0.068402976,6
12578,14745,brd-k17630163,-0.055460393,-0.03088505,6
12579,14746,brd-k38840910,-0.055424098,-0.0045300187,3
12580,14748,brd-k23543378,-0.05540581,0.010888736,4
12581,14749,brd-k71346068,-0.055400975,0.03631665,4
12582,14750,levothyroxine,-0.05538852,-0.024695475,4
12583,14752,brd-k14631382,-0.055379063,-0.022323495,5
12584,14753,brd-k29474997,-0.05536237,0.0012686942,4
12585,14754,brd-k04117492,-0.055354502,0.03995609,4
12586,14755,brd-k55808012,-0.055336542,0.026820458,5
12587,14756,brd-k56647759,-0.05532256,0.215258,4
12588,14757,brd-k27304876,-0.05530603,0.11189042,3
12589,14758,brd-k61606206,-0.055299502,-0.04904173,6
12590,14759,brd-k56953341,-0.05526282,0.0031713133,3
12591,14760,brd-k42626894,-0.055260196,0.008419231,6
12592,14762,brd-a87455648,-0.055209775,0.06268759,13
12593,14766,brd-k60334624,-0.055168167,-0.038368203,4
12594,14767,brd-k45098285,-0.055167425,0.019501414,4
12595,14768,brd-k25510697,-0.05513315,-0.01905621,3
12596,14769,brd-k56635255,-0.055127446,0.03412277,6
12597,14771,brd-k19534956,-0.05509585,0.061672144,6
12598,14772,brd-k82544341,-0.05507184,-0.01006635,4
12599,14773,brd-k66836247,-0.055044286,0.16254723,4
12600,14774,brd-k57490099,-0.05503579,0.06415604,5
12601,14775,brd-k92129795,-0.055011757,0.106777385,5
12602,14776,brd-k37290968,-0.054994725,0.035736125,5
12603,14777,diperodon,-0.054959107,0.19864078,3
12604,14778,brd-k93459801,-0.05495392,0.033919714,4
12605,14780,brd-k00183357,-0.05492783,0.064314075,3
12606,14782,methyldopa,-0.05487052,0.23081452,3
12607,14783,brd-k90871122,-0.05486997,-0.021505376,7
12608,14784,brd-k00568440,-0.054862108,-0.021533614,5
12609,14785,brd-k79527000,-0.05485939,-0.022025652,5
12610,14788,brd-k07001848,-0.05482201,0.017049316,3
12611,14789,brd-k70874643,-0.05479232,-0.04526396,4
12612,14790,brd-k12025316,-0.05477598,0.026242482,3
12613,14792,brd-k12165191,-0.054745533,0.027629677,3
12614,14793,brd-k79116978,-0.054745026,0.03473446,6
12615,14794,brd-k23871470,-0.05473607,0.0038235812,4
12616,14795,brd-k80777319,-0.054666806,-0.010828985,4
12617,14796,brd-k07613753,-0.05464159,-0.0062675187,4
12618,14797,brd-k52221985,-0.054632295,0.042985592,4
12619,14799,brd-k10821756,-0.054578412,0.08067477,4
12620,14800,brd-k37879473,-0.054565705,0.0019913767,4
12621,14801,brd-k08668362,-0.054562736,0.031169344,4
12622,14803,monobenzone,-0.054548863,-0.014140043,4
12623,14804,brd-k50358328,-0.054492917,-0.032179367,5
12624,14805,brd-k68831362,-0.05448371,-0.0041299085,5
12625,14807,abiraterone,-0.054448258,-0.020403259,11
12626,14808,brd-k51197994,-0.05444346,0.0028158918,3
12627,14809,brd-k43467947,-0.054438047,0.027342524,4
12628,14812,brd-k27539817,-0.054431695,-0.039880972,3
12629,14818,brd-k85444001,-0.054337144,0.029101072,3
12630,14819,brd-k47301880,-0.054329198,0.08332804,6
12631,14820,brd-k91946056,-0.054322083,0.026440067,12
12632,14826,brd-k10287818,-0.0542443,0.018920789,4
12633,14828,brd-k31126514,-0.05422783,-0.025733568,4
12634,14829,brd-k81838897,-0.0542273,0.012303053,3
12635,14830,dorzolamide,-0.054218594,0.03589932,4
12636,14831,brd-k07005393,-0.054209646,0.05124289,17
12637,14833,brd-k30620974,-0.054206252,0.06593148,4
12638,14835,brd-k17407318,-0.054142155,0.062213443,5
12639,14839,brd-k40910787,-0.054068573,0.029695291,5
12640,14841,brd-k72587701,-0.05403814,0.048911784,4
12641,14847,brd-k77273736,-0.05396508,-0.02366347,4
12642,14848,brd-k54652275,-0.05395408,0.08521315,11
12643,14849,kanamycin,-0.05394574,0.1437237,3
12644,14850,brd-k87458009,-0.0539439,0.0540683,5
12645,14851,brd-k82899766,-0.053930797,-0.007433147,6
12646,14853,brd-k40408048,-0.05391413,-0.003209117,5
12647,14854,brd-k70842558,-0.053906176,0.064054005,5
12648,14855,brd-k73709114,-0.05388798,0.106876835,15
12649,14856,brd-k56240483,-0.05388056,0.0111307055,6
12650,14857,brd-k17139153,-0.0538693,0.020297978,4
12651,14861,brd-k25708438,-0.05381201,0.042833947,6
12652,14863,brd-k71479066,-0.053778745,0.029359344,5
12653,14866,brd-k39430900,-0.053631693,-0.041861847,4
12654,14867,brd-k95352879,-0.05358502,0.0004057791,4
12655,14869,brd-k65730939,-0.053546928,-0.02707757,4
12656,14870,brd-k57036336,-0.05354131,-0.044882417,3
12657,14871,brd-k51643619,-0.053524897,0.029929971,4
12658,14872,brd-k40170731,-0.053509828,0.017859511,8
12659,14873,brd-k98192020,-0.053505447,0.03968978,5
12660,14874,brd-k45355730,-0.053493343,0.08346954,4
12661,14875,brd-k54711075,-0.05347291,-0.013939466,5
12662,14876,brd-k53640012,-0.053445134,0.2406897,6
12663,14877,brd-k65716211,-0.053433124,0.005363497,3
12664,14878,brd-k97460860,-0.05342871,-0.01168948,3
12665,14879,brd-k53148273,-0.053416077,0.08990577,4
12666,14880,brd-k65165610,-0.053415287,0.025672097,6
12667,14882,brd-k56697208,-0.05337177,0.044583578,15
12668,14883,brd-k69040870,-0.05337147,0.07714725,15
12669,14884,brd-k37552925,-0.05336363,-0.0064176964,4
12670,14885,brd-k57061210,-0.05336301,0.039417826,5
12671,14887,brd-k38965110,-0.053343117,-0.034786962,6
12672,14888,ethionamide,-0.05330639,0.01404037,4
12673,14890,brd-k73388067,-0.053289194,0.009016046,6
12674,14893,brd-k33171119,-0.0532717,0.035049528,3
12675,14894,brd-k64597663,-0.053269174,0.02804673,3
12676,14896,brd-k76351896,-0.053160388,0.038299747,5
12677,14897,brd-k98328967,-0.05315092,0.029880825,5
12678,14898,brd-k65981470,-0.053128432,-0.023927322,4
12679,14899,methenamine,-0.053119686,-0.011730221,4
12680,14900,brd-k88391199,-0.053106036,0.028359186,4
12681,14901,brd-k71636675,-0.053105827,-0.0005755849,5
12682,14902,brd-k21630495,-0.053095337,-0.0014526125,4
12683,14903,brd-k74553461,-0.05307247,0.043891847,7
12684,14905,brd-k49781215,-0.053037982,0.07014409,4
12685,14906,brd-k04993985,-0.05303192,0.030019263,6
12686,14908,brd-k71947697,-0.05299578,-0.012007116,3
12687,14909,brd-k21699764,-0.05296081,-0.00876152,5
12688,14912,brd-k87885716,-0.052923273,0.014227507,4
12689,14913,brd-k00600835,-0.052923188,0.00096560456,4
12690,14914,brd-k35100006,-0.05289714,-0.013579478,3
12691,14916,brd-k11260407,-0.05288456,0.08398742,15
12692,14917,brd-k45440108,-0.052877758,0.04590278,4
12693,14918,brd-k34781184,-0.0528588,-0.015163952,4
12694,14920,brd-k03430401,-0.0528199,0.0027111117,6
12695,14921,brd-k94003664,-0.05279803,0.007879789,3
12696,14922,brd-k50325283,-0.052785277,-0.0008883714,4
12697,14924,brd-k99438709,-0.05273383,0.06182771,5
12698,14925,brd-k46796516,-0.052730925,0.061578907,4
12699,14926,brd-k05967016,-0.05273089,-0.0069229174,6
12700,14927,brd-k66714409,-0.052707795,-0.015882108,3
12701,14928,brd-k22101161,-0.05269968,-0.039076228,5
12702,14930,brd-k23578923,-0.052692734,0.06464371,5
12703,14931,sa-1459167,-0.05262983,0.1696392,12
12704,14932,brd-k77070775,-0.05262109,-0.032984003,4
12705,14933,brd-k43955991,-0.052620016,-0.03805758,3
12706,14935,brd-k62854197,-0.052571014,-0.0064768377,4
12707,14936,brd-k28043081,-0.052570444,-0.019459948,4
12708,14938,brd-k20107219,-0.052552283,-0.04258171,3
12709,14939,brd-k83725960,-0.052511796,0.054388963,4
12710,14940,brd-k31846842,-0.052510146,0.04051431,3
12711,14941,brd-k42841961,-0.05243995,0.05717407,7
12712,14942,brd-k97182575,-0.052434705,-0.029782228,3
12713,14943,brd-k91440401,-0.05242209,0.02591965,6
12714,14945,brd-k07778122,-0.052397173,0.06139124,5
12715,14948,brd-k51322285,-0.05234362,0.05200878,4
12716,14949,brd-k06898969,-0.052329954,0.043436073,4
12717,14952,brd-k09059658,-0.052281447,0.00507422,6
12718,14954,brd-k53327986,-0.05225388,0.06342251,17
12719,14955,brd-k42843595,-0.05224591,0.08906223,3
12720,14957,brd-k98065679,-0.052189108,0.026716784,3
12721,14958,brd-k32407455,-0.052158248,0.023491828,5
12722,14959,brd-k17266676,-0.052114815,-0.051891997,3
12723,14960,brd-k53227073,-0.052101385,-0.033047456,4
12724,14961,brd-k69792860,-0.05207447,-0.007819333,3
12725,14962,brd-k70630513,-0.052061528,-0.03607493,4
12726,14963,brd-k31593084,-0.052031707,0.0015132688,6
12727,14964,brd-k80284099,-0.05202811,0.011253105,3
12728,14965,brd-k45114520,-0.05202722,0.07397282,7
12729,14966,brd-k67074672,-0.052015,-0.022937728,3
12730,14968,brd-k66694259,-0.051994536,0.034950834,3
12731,14969,brd-k10709111,-0.051977016,0.06471435,4
12732,14970,brd-k27837783,-0.05197184,-0.032261748,3
12733,14971,brd-k34810022,-0.051964056,0.03587529,4
12734,14976,brd-k07625901,-0.0518968,0.046542518,4
12735,14977,brd-k17627845,-0.051895548,0.015183698,6
12736,14980,brd-k12227848,-0.05182035,-0.023749083,3
12737,14981,brd-k81060234,-0.051805455,0.03734777,4
12738,14982,brd-k12497208,-0.05179772,-0.041040674,3
12739,14983,brd-k88522059,-0.051795952,0.024540203,7
12740,14984,brd-k70075321,-0.051772412,-0.019312631,3
12741,14985,brd-k69894866,-0.051757444,0.06668275,10
12742,14986,brd-k22630074,-0.05174234,-0.015229585,6
12743,14988,brd-k55185663,-0.051731575,0.013406149,7
12744,14989,brd-k39758243,-0.05172428,0.117788985,6
12745,14992,brd-k46080444,-0.051632255,0.033713803,6
12746,14995,brd-k30684242,-0.05161763,-0.014544784,7
12747,14996,brd-k12012973,-0.051600963,-0.017090807,3
12748,14997,brd-k20863480,-0.05156894,0.020791559,4
12749,14998,brd-k36094929,-0.0515527,0.028330201,4
12750,14999,brd-k87377799,-0.051549222,0.04763914,4
12751,15005,brd-k16912444,-0.05149156,0.049320154,6
12752,15006,brd-k93596678,-0.051483847,-0.005148233,5
12753,15008,brd-k10835142,-0.051471494,0.05007689,6
12754,15010,brd-k95776192,-0.05146189,0.0025870346,6
12755,15011,iodixanol,-0.05146055,0.012659188,4
12756,15012,brd-k65126127,-0.05144397,0.010176588,5
12757,15013,brd-k15525634,-0.051429443,0.03321742,4
12758,15014,brd-k29946363,-0.051405333,0.034529217,5
12759,15015,brd-k98240084,-0.05136577,0.064939275,4
12760,15016,brd-k94797630,-0.051348556,0.017878644,6
12761,15017,brd-k13059702,-0.051323064,0.0051258714,3
12762,15018,brd-k48327915,-0.051311582,-0.0011441781,3
12763,15019,brd-k00185670,-0.051306568,0.101001196,7
12764,15020,brd-k40199965,-0.051296234,0.011796562,3
12765,15021,brd-k38232832,-0.051290914,0.012590533,4
12766,15022,brd-k02917242,-0.05128452,0.05442967,7
12767,15023,brd-k52123998,-0.0512753,0.010353348,6
12768,15024,brd-k45231555,-0.05126289,0.038602315,4
12769,15026,brd-k15950605,-0.05125603,-0.008006828,6
12770,15027,brd-k09301754,-0.051255297,0.017504502,4
12771,15029,brd-k53224568,-0.05123922,-0.04925515,3
12772,15030,brd-k24523081,-0.051234256,0.025127038,6
12773,15033,brd-k60308664,-0.05114911,0.057489526,6
12774,15035,brd-k15793745,-0.051105455,0.10027984,4
12775,15036,brd-k06992369,-0.051087778,0.02160497,5
12776,15040,brd-k89364593,-0.050999492,-0.04224045,3
12777,15041,brd-k49092745,-0.05099072,-0.023276959,4
12778,15042,brd-k36588736,-0.050978847,-0.02922937,3
12779,15043,brd-k07378992,-0.05097265,-0.0018431232,5
12780,15046,brd-k52981369,-0.050947,0.08337532,4
12781,15048,brd-k58784778,-0.050920613,0.07276414,19
12782,15049,brd-k46532981,-0.050889887,0.19712213,8
12783,15050,brd-k49071649,-0.050878327,0.010978811,4
12784,15052,brd-k15178090,-0.050857667,0.09265086,3
12785,15054,brd-k77547920,-0.050791617,-0.008425257,13
12786,15055,brd-k26924060,-0.05074457,0.03817701,4
12787,15056,brd-k06892639,-0.05073878,0.008284437,4
12788,15057,brd-k84935712,-0.05071194,0.035752878,4
12789,15060,brd-k20790586,-0.050688718,0.019322269,6
12790,15061,monoethylhexylphthalate,-0.050673623,-0.030475851,3
12791,15065,brd-k74407269,-0.050612167,0.094868705,7
12792,15066,brd-k68945047,-0.050607797,0.033008184,6
12793,15067,brd-k24927839,-0.050595462,-0.0024589468,3
12794,15068,brd-k96274292,-0.05059517,0.01391813,6
12795,15069,brd-k60391804,-0.05056568,0.024153229,6
12796,15070,brd-k17258761,-0.050539356,-0.024929728,3
12797,15072,brd-k72783054,-0.05051572,0.05011056,3
12798,15073,brd-k79356120,-0.050492212,-0.032063063,5
12799,15074,brd-k62917576,-0.0504746,-0.013323965,5
12800,15075,brd-k31314139,-0.050447058,-0.008341726,6
12801,15077,brd-k72461570,-0.050423548,0.0016261712,4
12802,15078,brd-k30393343,-0.05041418,0.14931774,14
12803,15080,brd-k13012097,-0.050368544,0.09394525,3
12804,15081,brd-k99827928,-0.0503566,-0.000364293,5
12805,15082,brd-k43638827,-0.0503549,0.0070111025,5
12806,15083,phccc,-0.05035129,0.06041014,15
12807,15084,brd-k40635448,-0.05034034,0.0062368154,6
12808,15086,brd-k58733842,-0.050314512,0.044120174,3
12809,15087,brd-k67985577,-0.05030739,0.020227415,3
12810,15088,brd-k79138145,-0.05030634,-0.0023247362,5
12811,15089,brd-k90341035,-0.050255544,-0.049033117,3
12812,15090,brd-k58869323,-0.050248515,-0.026535163,5
12813,15091,felamidin,-0.05024213,0.10585726,8
12814,15093,brd-k54945117,-0.050198164,0.0006885766,5
12815,15098,brd-k00959946,-0.050118294,-0.0026413212,4
12816,15099,brd-k59174142,-0.05011473,0.084963575,6
12817,15100,brd-k66271478,-0.050109994,-0.027953751,3
12818,15101,tioguanine,-0.05010868,-0.007843708,3
12819,15102,brd-k27240704,-0.05010657,0.05982549,3
12820,15103,brd-k52309792,-0.050089333,0.02188845,4
12821,15104,brd-k75111717,-0.05007323,0.093946576,4
12822,15105,brd-k95798815,-0.05006916,0.03809878,3
12823,15107,brd-k84696632,-0.050058406,0.047143083,5
12824,15109,brd-k53912655,-0.05002737,0.047233246,4
12825,15110,brd-k44937047,-0.050003204,0.0019822293,5
12826,15111,brd-k78584123,-0.04998633,0.0072131865,4
12827,15116,brd-k46597784,-0.04991851,0.010945752,5
12828,15117,brd-k81658138,-0.049917564,0.041530896,5
12829,15118,theobromine,-0.04991445,0.035662185,4
12830,15120,brd-k00411687,-0.04989643,0.043500364,4
12831,15121,brd-k99169187,-0.049886055,0.036615252,6
12832,15123,brd-k62219715,-0.049837176,-0.02029905,4
12833,15124,brd-k40043058,-0.049822807,0.100723274,3
12834,15126,brd-k07546004,-0.04981499,-0.012195072,3
12835,15127,brd-k51133104,-0.049744494,-0.014832452,3
12836,15128,methyl-testosterone,-0.049735848,-0.023514932,3
12837,15129,brd-k78869873,-0.04972254,-0.016558409,3
12838,15130,yl-59,-0.049722053,0.0037900347,11
12839,15131,brd-k49156662,-0.04970425,-0.01114509,5
12840,15133,brd-k10589286,-0.04969425,-0.006652716,3
12841,15134,brd-k61415682,-0.04966846,0.03175405,4
12842,15137,brd-k17507122,-0.04964861,-0.037500042,5
12843,15138,cs-110266,-0.0496398,0.048141655,15
12844,15139,brd-k28563387,-0.049603138,0.05746097,3
12845,15140,brd-k38908436,-0.04958341,0.05211374,3
12846,15142,brd-k21453918,-0.049543962,0.034430545,5
12847,15143,brd-k51569524,-0.049543273,0.050959524,3
12848,15144,brd-k81284476,-0.049542315,-0.027200805,3
12849,15145,allopurinol,-0.049510866,0.05951623,4
12850,15146,brd-k34604832,-0.049509455,-0.025353385,6
12851,15147,brd-k89432015,-0.049485095,-0.038819022,3
12852,15148,brd-k90417358,-0.04948413,0.027882442,5
12853,15149,ampiroxicam,-0.04947631,0.05192962,11
12854,15150,brd-k45986013,-0.049451824,0.0138548715,5
12855,15153,brd-k54930318,-0.04933223,0.0075479937,3
12856,15154,brd-k79780092,-0.049314164,0.014629699,4
12857,15156,brd-k83533725,-0.049295563,0.08856238,4
12858,15158,brd-k00179355,-0.049270947,0.05340404,7
12859,15159,brd-k36853464,-0.04924679,0.061566025,6
12860,15160,brd-k22451824,-0.049240433,-0.027050026,4
12861,15161,brd-k40494872,-0.04923397,0.005270674,5
12862,15162,brd-k76988892,-0.04923055,0.014197524,4
12863,15163,brd-k22253301,-0.04922913,0.03156346,4
12864,15164,brd-k97489107,-0.049219176,0.016598372,4
12865,15165,brd-k44867089,-0.049207296,0.05247751,4
12866,15166,brd-k69729196,-0.04920537,0.08028708,3
12867,15168,brd-k54410116,-0.049200986,0.0446254,5
12868,15169,brd-k39062398,-0.04918809,0.019857412,3
12869,15171,brd-k65402741,-0.049155127,0.013820158,3
12870,15172,brd-k78133682,-0.049146518,0.12715636,12
12871,15173,brd-k94646939,-0.049113177,0.0638559,4
12872,15174,brd-k47105324,-0.049096808,0.047429573,7
12873,15175,z-leu3-vs,-0.04909434,0.046315357,7
12874,15176,brd-k83481956,-0.049071636,-0.012417845,3
12875,15177,brd-k82560670,-0.049046066,0.08132147,4
12876,15178,brd-k46373821,-0.049041335,0.01745835,6
12877,15179,brd-k62300190,-0.049020045,0.064127326,11
12878,15180,brd-k80070306,-0.049005937,0.06053497,15
12879,15181,brd-k39144410,-0.04899893,0.04452971,4
12880,15182,brd-k78229216,-0.048994545,0.021009222,4
12881,15183,brd-k73397518,-0.04898428,0.04328181,5
12882,15185,md-040,-0.048955724,0.13054547,17
12883,15186,brd-k74455073,-0.04895569,0.14985521,4
12884,15188,brd-k23680201,-0.04892751,0.049580287,3
12885,15189,brd-k61359972,-0.048901256,-0.021245888,3
12886,15190,brd-k38498572,-0.04889501,0.016285319,4
12887,15191,brd-k93330237,-0.048847433,0.012985406,4
12888,15192,brd-a02726762,-0.048846837,0.038370218,3
12889,15194,brd-k96306575,-0.048821583,-0.042957015,3
12890,15195,brd-k63898109,-0.04879923,0.038771503,4
12891,15197,brd-k93841862,-0.048763078,0.017687839,3
12892,15200,brd-k28991565,-0.048709106,0.10435857,3
12893,15201,brd-k67188562,-0.048707195,-0.04806983,3
12894,15202,brd-k16993590,-0.048707,0.053023312,6
12895,15203,brd-k96609736,-0.048685756,0.0031351773,5
12896,15204,brd-k94250811,-0.048682515,0.01958813,5
12897,15205,brd-k60756411,-0.04865828,0.13007973,7
12898,15206,brd-k18440865,-0.048657283,-0.0041486057,5
12899,15207,brd-k39561037,-0.04864454,0.05471936,3
12900,15208,brd-k52540534,-0.048638523,0.03569822,3
12901,15209,brd-a35141262,-0.048635565,0.06486138,15
12902,15210,brd-k27272622,-0.048618637,0.095271334,3
12903,15211,brd-k64601990,-0.04861648,0.06584722,3
12904,15212,brd-k59887251,-0.048590474,0.06833242,4
12905,15213,brd-k28698886,-0.048584033,0.008312207,5
12906,15214,brd-k96704648,-0.048579488,0.08891477,13
12907,15216,brd-k81550430,-0.048569083,0.061495673,3
12908,15217,sa-1922975,-0.048564415,0.10724275,12
12909,15218,brd-k39839146,-0.048555367,0.083140716,6
12910,15219,brd-k68948289,-0.048551407,0.065770306,5
12911,15220,brd-k63325940,-0.048542153,0.1517598,7
12912,15222,brd-k80866887,-0.048533034,-0.046315532,3
12913,15224,brd-k89555807,-0.048511114,-0.014330575,3
12914,15225,brd-k67737641,-0.048508845,0.120497614,5
12915,15226,brd-k95047072,-0.048505507,0.037676077,6
12916,15227,brd-k04229162,-0.04848003,0.02273629,7
12917,15228,brd-k54586093,-0.048458226,0.06617637,4
12918,15229,brd-k81109082,-0.048440065,0.05107976,4
12919,15230,brd-k07417570,-0.048374247,0.12647006,3
12920,15231,brd-k70469022,-0.04836086,-0.015162015,5
12921,15233,deptropine,-0.04833841,0.030849166,4
12922,15234,sa-90030,-0.048334386,0.11288159,12
12923,15235,brd-k84876223,-0.04832779,0.01756242,3
12924,15236,brd-k81554246,-0.04832628,-0.034408975,4
12925,15237,brd-k21665449,-0.048311137,0.00056505296,6
12926,15238,brd-k26160077,-0.048301075,0.07585454,6
12927,15240,brd-k88617254,-0.04829226,0.009664165,4
12928,15241,brd-k67887361,-0.048291933,-0.019629458,5
12929,15242,pentachlorophenol,-0.04826524,0.066081114,3
12930,15243,brd-k86354270,-0.048262827,0.0067239944,4
12931,15246,brd-k08519668,-0.0481919,-0.004629384,4
12932,15247,brd-k70980943,-0.04819019,-0.016056227,6
12933,15249,brd-k87755452,-0.04810977,0.02585316,4
12934,15251,brd-k04696500,-0.04804935,-0.0021911878,3
12935,15254,brd-k17122788,-0.048042737,-0.036006726,5
12936,15257,brd-k14611588,-0.048026793,0.09145899,11
12937,15261,sr-147778,-0.04783408,0.12357017,6
12938,15262,brd-k90733601,-0.047832664,0.07492801,3
12939,15264,brd-k95481773,-0.04780785,0.018365826,6
12940,15267,brd-k09054764,-0.04779974,0.08310549,11
12941,15268,brd-k52921974,-0.047791712,0.008568338,3
12942,15269,brd-k43601041,-0.047788117,-0.032916978,4
12943,15271,brd-k72352929,-0.047751572,0.069947906,4
12944,15272,brd-k02653582,-0.047747944,0.037633535,3
12945,15273,brd-k77877235,-0.047746908,-0.033472486,3
12946,15275,brd-k15530151,-0.047732998,-0.007344789,4
12947,15276,brd-k16778485,-0.04772998,0.02999555,5
12948,15277,ribostamycin,-0.047709122,-0.019360542,4
12949,15278,brd-k47686314,-0.047699567,0.007653614,5
12950,15280,brd-k93946290,-0.0476822,0.11469645,5
12951,15284,brd-k76612659,-0.047627516,-0.020873582,3
12952,15285,brd-k28121452,-0.047619175,0.10279385,5
12953,15286,brd-k89266502,-0.047611274,0.060585674,4
12954,15287,su-11652,-0.04760354,0.14964569,40
12955,15289,brd-k51388814,-0.047552787,-0.0039548287,10
12956,15290,brd-k09033315,-0.04753742,0.05325959,6
12957,15295,brd-k56622826,-0.04745162,0.03746503,6
12958,15297,brd-k73895377,-0.047415547,-0.0057929866,3
12959,15300,brd-k36466190,-0.047374763,0.0150228655,6
12960,15301,brd-k82326223,-0.047369257,0.035378177,6
12961,15303,brd-k75744810,-0.04731869,-0.030965142,5
12962,15304,brd-k16769902,-0.047316678,0.07615516,12
12963,15305,brd-k57280824,-0.04730083,0.04689671,6
12964,15306,brd-k80472040,-0.04729447,-0.0057472955,5
12965,15308,brd-k66812281,-0.047248382,0.027097587,7
12966,15310,brd-k68657207,-0.04716563,0.025188003,6
12967,15311,brd-k06217925,-0.0471647,0.020377332,4
12968,15312,brd-k18918854,-0.047161188,-0.012561786,6
12969,15315,brd-k35088115,-0.04710555,0.02392648,6
12970,15316,brd-k02635441,-0.047101934,0.002270572,3
12971,15317,brd-k20351658,-0.047092088,0.018276997,3
12972,15319,brd-k09780243,-0.047088888,0.028016467,6
12973,15320,brd-k32100931,-0.047081977,0.04443222,5
12974,15321,brd-k79516068,-0.047066,0.022418559,3
12975,15323,brd-k16980308,-0.04702757,0.035575617,6
12976,15324,brd-k27242547,-0.047026597,-0.0361083,5
12977,15326,brd-k43481697,-0.04701235,-0.0071536405,6
12978,15327,brd-k18287297,-0.047002297,0.04925836,3
12979,15328,brd-k23211153,-0.046994776,0.08020933,6
12980,15330,brd-k67190692,-0.04698475,-0.009461892,6
12981,15331,brd-k70880645,-0.046952926,0.036062125,8
12982,15333,brd-k67716641,-0.046937894,-0.019244324,4
12983,15336,brd-k71156053,-0.04689679,0.04125984,4
12984,15338,brd-k36446940,-0.046863798,0.04283868,5
12985,15339,brd-k38149517,-0.046863154,0.036519296,6
12986,15341,brd-k53594827,-0.046858538,0.05503513,4
12987,15343,brd-k68121359,-0.046808444,-0.021781076,3
12988,15344,brd-k77608736,-0.046804298,0.01149237,4
12989,15345,brd-k17655522,-0.04680165,0.009173261,4
12990,15346,brd-k61285042,-0.04679639,-0.012347895,5
12991,15347,brd-k24820372,-0.046793453,-0.031651434,5
12992,15351,brd-k79615119,-0.046773255,0.014685884,7
12993,15354,brd-k19416218,-0.046730302,0.08676597,4
12994,15355,brd-k04577097,-0.046720397,-0.000106003135,6
12995,15356,brd-k39530782,-0.046697937,-0.025036894,4
12996,15357,brd-k22719646,-0.04657174,0.061254717,4
12997,15358,brd-k92800455,-0.04654071,0.01678249,5
12998,15360,brd-k58747666,-0.046521116,-0.02392362,3
12999,15362,brd-k38596918,-0.04650014,0.04349039,12
13000,15363,brd-k64344970,-0.046489995,-0.015333657,4
13001,15364,brd-k52468146,-0.046489835,-0.03102871,3
13002,15366,brd-k95518555,-0.046485476,0.028822012,6
13003,15367,brd-k19031214,-0.04647916,-0.034772962,3
13004,15369,brd-k04326190,-0.04644607,0.047473926,7
13005,15370,brd-k89416483,-0.046439987,-0.03817192,3
13006,15376,brd-k99569179,-0.046284467,0.028869193,5
13007,15377,brd-k60918127,-0.04627946,0.040425695,3
13008,15379,brd-k12610781,-0.04627479,0.0060287095,3
13009,15380,brd-k23905744,-0.046272054,0.057911254,6
13010,15381,brd-k29396015,-0.046266142,0.05485998,4
13011,15382,nystatin,-0.04626537,0.042030483,4
13012,15383,brd-k95323941,-0.046244733,0.018278461,3
13013,15384,brd-k57461880,-0.04623111,-0.010420568,4
13014,15385,brd-k28096758,-0.046226148,0.035484295,3
13015,15386,brd-k29094514,-0.04622302,0.034016967,5
13016,15387,brd-k90608600,-0.04619444,0.033992182,4
13017,15388,brd-k74591286,-0.04618002,0.07878342,3
13018,15389,brd-k70117295,-0.046170153,0.016822072,6
13019,15392,brd-k87878143,-0.046129946,-0.007856203,4
13020,15394,brd-k60242118,-0.04611377,0.062329084,5
13021,15395,brd-k52371706,-0.04610297,0.047577824,3
13022,15396,brd-k41344641,-0.04609153,0.09948285,4
13023,15397,brd-k20449903,-0.046073012,0.014822998,5
13024,15398,brd-k33130522,-0.046037443,-0.012306913,4
13025,15401,brd-k10170503,-0.045977373,0.035787158,7
13026,15402,brd-k01214267,-0.045959055,-0.042997047,3
13027,15404,brd-k98367403,-0.045920208,-0.008992096,3
13028,15407,brd-k78959251,-0.04586421,-0.023775587,3
13029,15408,brd-k28179362,-0.045842834,-0.042915594,3
13030,15409,brd-k38385119,-0.04582865,0.08382076,5
13031,15410,brd-k83522452,-0.04582266,0.060829375,3
13032,15411,brd-k06361641,-0.04582105,0.060184777,4
13033,15412,brd-k65416438,-0.045808334,-0.028819637,3
13034,15413,brd-k00766524,-0.045797694,0.016520917,6
13035,15414,carbarsone,-0.045792848,0.052013524,4
13036,15415,brd-k17157530,-0.045792315,0.11967585,3
13037,15416,brd-k78948132,-0.04578616,0.06482908,4
13038,15418,brd-k91351577,-0.04575431,-0.025339464,3
13039,15419,brd-a31946439,-0.045740634,0.069893196,12
13040,15420,brd-k30758351,-0.045738198,0.0007211091,4
13041,15421,brd-k20554239,-0.04572633,-0.01893186,3
13042,15422,salsoline,-0.045713365,0.039849192,6
13043,15423,brd-k00505809,-0.04569885,0.12125959,4
13044,15427,brd-k76812993,-0.045644313,0.044550605,6
13045,15428,brd-k43453714,-0.04564084,-0.022749862,7
13046,15430,brd-k40963620,-0.045631673,0.048047625,12
13047,15433,brd-k66710853,-0.04557076,-0.03960158,3
13048,15434,brd-k36138091,-0.0455594,0.08454667,6
13049,15435,brd-k05356589,-0.045555916,0.044561625,5
13050,15436,brd-k17343593,-0.045539588,-0.0043825377,3
13051,15437,brd-k13107877,-0.04553674,0.024965558,6
13052,15439,brd-k17750548,-0.045499507,0.009896276,7
13053,15440,brd-k47812430,-0.04548952,0.008429512,6
13054,15442,brd-k59722298,-0.045460552,0.06532711,5
13055,15443,brd-k04803823,-0.045448985,0.04398114,3
13056,15445,brd-k74566474,-0.04542008,0.046706717,4
13057,15448,brd-k89644093,-0.045394465,0.010504442,4
13058,15451,brd-k51871563,-0.04536928,0.029924197,3
13059,15452,brd-k87511374,-0.04535286,0.031301253,3
13060,15453,brd-k29892351,-0.045349136,0.00700679,5
13061,15457,brd-k37708631,-0.045280684,0.030057427,3
13062,15458,brd-k25161260,-0.045267224,-0.014119337,3
13063,15460,brd-k84733605,-0.045250844,0.0075605586,4
13064,15461,brd-k16954564,-0.04524693,-0.0082709165,6
13065,15462,brd-k08212968,-0.045245357,-0.031297717,3
13066,15463,chloroform,-0.045197546,0.05798611,3
13067,15464,brd-k29326878,-0.045192886,0.079872556,4
13068,15465,brd-k70273200,-0.04518888,0.045392066,3
13069,15466,brd-k11612251,-0.0451828,0.051679917,4
13070,15467,brd-k89226093,-0.045179866,0.055781864,6
13071,15468,amiprilose,-0.045170523,-0.0085520595,4
13072,15472,brd-k76559855,-0.04513458,0.034682512,4
13073,15473,brd-k58033375,-0.04510704,-0.02729359,7
13074,15475,brd-k74206117,-0.045090716,-0.034538113,3
13075,15476,brd-k07442049,-0.045081887,0.010167743,5
13076,15477,brd-k07689498,-0.045041412,0.09042736,5
13077,15480,brd-k59475795,-0.044976983,-0.03775051,3
13078,15481,brd-k53263381,-0.044973675,0.043775707,4
13079,15482,brd-k88330666,-0.044968758,-0.009901046,3
13080,15483,brd-k25373946,-0.044945784,0.0691835,15
13081,15486,brd-k42420111,-0.04487651,0.07200419,3
13082,15487,brd-k76950673,-0.044872645,-0.001148712,5
13083,15488,leucovorin,-0.04486424,0.13828784,4
13084,15490,brd-k18273607,-0.044820484,-0.0075818435,3
13085,15491,brd-k24550549,-0.044818733,-0.017500505,4
13086,15492,brd-k87507139,-0.044807218,0.05070463,6
13087,15495,brd-k43498025,-0.0447829,0.011994201,4
13088,15498,brd-k98252401,-0.044713754,-0.025935752,5
13089,15499,brd-k77165899,-0.044662364,0.11739336,3
13090,15500,brd-k93487374,-0.044618666,0.0016064399,4
13091,15502,brd-k13774281,-0.04454237,0.0626989,5
13092,15503,brd-k31830662,-0.044519793,0.050338708,6
13093,15504,brd-k67829818,-0.044518046,0.08687575,6
13094,15505,brd-k39241486,-0.044494174,0.035452716,4
13095,15506,brd-k13308287,-0.044477876,-0.020035299,7
13096,15507,brd-k64716493,-0.044430554,0.043417133,5
13097,15510,brd-k35932822,-0.04437968,0.19079617,6
13098,15511,brd-k70179603,-0.044351973,0.0011476094,5
13099,15513,brd-k43111300,-0.044299334,0.040024728,4
13100,15515,brd-k86981922,-0.044275813,-0.011328446,6
13101,15516,brd-k47342144,-0.044237565,0.073345415,7
13102,15517,brd-k76581294,-0.044233616,0.03574454,4
13103,15521,brd-k65257681,-0.04413364,0.00690163,4
13104,15522,brd-k47994485,-0.044068668,-0.029005352,3
13105,15523,brd-k67118623,-0.044066966,-0.01804313,3
13106,15524,brd-k80574047,-0.04406357,0.05022618,4
13107,15527,brd-k09029418,-0.044053707,-0.0224492,4
13108,15528,brd-k63303938,-0.04404425,-0.009195202,3
13109,15529,brd-k04983929,-0.044004105,0.021082656,3
13110,15530,brd-k37856394,-0.043994278,0.050735585,4
13111,15531,brd-k36149190,-0.043987397,0.07403898,4
13112,15538,sa-89705,-0.04384723,0.09157583,12
13113,15539,brd-k67287181,-0.043843757,0.0149279535,3
13114,15540,brd-k32803351,-0.04384309,0.00900753,6
13115,15543,brd-k95631838,-0.04379418,0.039757,5
13116,15545,brd-a17664363,-0.043678325,0.043571677,13
13117,15546,brd-k51050762,-0.043623324,0.0737659,4
13118,15547,brd-k95241801,-0.043572426,0.059873167,6
13119,15548,brd-k62625902,-0.043534547,0.040334493,3
13120,15549,sulfadimidine,-0.04351528,0.0048584808,4
13121,15550,brd-k71379723,-0.04350193,0.07394513,4
13122,15552,brd-k99450499,-0.04342056,0.08645258,5
13123,15553,brd-k47436535,-0.043398533,-0.010699614,4
13124,15556,brd-k79838525,-0.043350857,0.041290857,3
13125,15558,brd-k22657795,-0.043275613,0.03994742,6
13126,15561,brd-k58358247,-0.043247953,0.054015465,4
13127,15562,brd-k05132143,-0.04324025,0.0062795007,5
13128,15563,brd-k85976669,-0.043226723,0.05177816,4
13129,15566,brd-k80408519,-0.04315585,-0.031240223,4
13130,15567,brd-k81036566,-0.043146294,-0.040347412,3
13131,15570,brd-k66033125,-0.043075662,0.07729509,4
13132,15571,brd-a73594579,-0.043068275,0.07270098,12
13133,15572,brd-k44568925,-0.04305037,-0.005145457,3
13134,15573,brd-k75648471,-0.043043777,0.049226057,5
13135,15574,brd-k68937579,-0.043040406,0.0032558325,3
13136,15575,brd-k23933733,-0.042985287,0.01455582,3
13137,15576,brd-k76355933,-0.042972106,-0.029692475,5
13138,15577,brd-k42733037,-0.04296129,0.06887425,5
13139,15578,brd-k23138236,-0.04296036,0.02650323,3
13140,15579,brd-k38385428,-0.042913254,0.053045437,4
13141,15582,brd-k04687955,-0.042828258,0.024880841,6
13142,15583,brd-k62990480,-0.0428261,0.023016315,4
13143,15586,brd-k23723926,-0.042719536,0.08207713,6
13144,15587,brd-k50388099,-0.04270382,0.010080893,6
13145,15589,brd-k40272780,-0.042670507,0.066214174,3
13146,15591,brd-k59108735,-0.04260797,-0.004585955,6
13147,15592,brd-k92334440,-0.042588875,0.0010356898,6
13148,15593,brd-k72282141,-0.04255085,0.063680254,5
13149,15594,brd-k11528380,-0.04254834,0.06307524,3
13150,15595,brd-k99524324,-0.042532228,0.06062331,4
13151,15596,brd-k16257721,-0.04251969,0.010009632,4
13152,15597,brd-k72980353,-0.042511284,-0.006984357,4
13153,15598,brd-k55827386,-0.042484917,0.10685996,13
13154,15600,brd-k18097652,-0.04246261,0.06424382,3
13155,15601,brd-k99219003,-0.04245219,0.07639147,4
13156,15602,piromidic-acid,-0.042451758,0.10168885,4
13157,15606,brd-k68078697,-0.04240551,-0.013189726,5
13158,15607,brd-k24776959,-0.042393554,0.0067658555,7
13159,15611,brd-k41017712,-0.042311367,0.10753841,4
13160,15613,brd-a99879977,-0.04228778,0.10577062,4
13161,15614,brd-k89631978,-0.04228764,0.025491033,4
13162,15615,brd-k76411754,-0.04225865,-0.016081719,5
13163,15616,brd-k87508191,-0.04225736,0.09942042,5
13164,15617,jak3-inhibitor-vi,-0.042234574,0.09739267,19
13165,15618,jnj-7706621,-0.04223316,0.13530123,16
13166,15619,brd-k50052949,-0.042232808,-0.015406163,6
13167,15620,brd-k18861610,-0.04220512,0.14322887,13
13168,15621,brd-k76073136,-0.042194303,0.025736202,5
13169,15622,brd-k41405597,-0.04219341,0.014169633,3
13170,15625,brd-k72114074,-0.0421495,-0.025689272,5
13171,15627,brd-k34407245,-0.042124834,0.044820137,4
13172,15628,brd-k63731274,-0.042124532,0.039246764,6
13173,15629,brd-k95007304,-0.042085234,0.0014112722,3
13174,15631,brd-k97351331,-0.041978996,0.11798907,3
13175,15632,brd-k56581148,-0.041978497,-0.0065178247,4
13176,15634,brd-k12601591,-0.04193171,0.04001418,4
13177,15638,brd-k33312838,-0.04187105,0.028990302,5
13178,15639,brd-k45336346,-0.041868426,0.019323412,5
13179,15640,brd-k72901512,-0.04186738,0.021426572,3
13180,15641,brd-k94479191,-0.04185656,0.029525496,3
13181,15642,brd-k07473223,-0.04180902,0.045870796,3
13182,15643,brd-k58514045,-0.041791968,0.004340552,4
13183,15644,brd-k15886574,-0.04174817,0.034569304,5
13184,15645,brd-a53107311,-0.041743763,0.07916509,15
13185,15646,digitoxigenin,-0.041733798,0.06863862,18
13186,15652,brd-k71328603,-0.04163849,0.23145658,6
13187,15653,brd-k97554220,-0.041627992,0.0030965456,5
13188,15654,brd-k63724542,-0.041611385,0.05005536,4
13189,15656,acetylcholine,-0.041574832,0.09880791,11
13190,15657,brd-k91721610,-0.04157355,0.018993646,3
13191,15658,brd-k42790191,-0.041572746,0.104446,5
13192,15660,brd-k34382714,-0.041555196,0.0568195,4
13193,15662,brd-k62943397,-0.04149333,-0.01892737,4
13194,15666,brd-k48023456,-0.041437846,-0.03804693,3
13195,15667,gelsemine,-0.04141486,0.045958485,15
13196,15671,dabrafenib,-0.041324086,0.10331978,16
13197,15672,brd-k08011922,-0.04132105,0.02215608,5
13198,15675,brd-k44218307,-0.04126331,0.02739189,5
13199,15676,brd-k42679345,-0.041257594,0.10737102,4
13200,15678,brd-k17134074,-0.041217744,0.05935185,3
13201,15679,brd-k56328447,-0.04117175,0.032398053,4
13202,15680,brd-k83045795,-0.041153464,0.073643245,3
13203,15681,brd-k32681593,-0.04114553,-0.001704229,4
13204,15683,brd-k43345858,-0.041131537,0.03769557,5
13205,15686,brd-k04540960,-0.040993292,0.028202403,6
13206,15687,skf-83822,-0.040945742,0.027653046,6
13207,15689,brd-k32718105,-0.040897995,0.015377402,3
13208,15691,brd-k37991590,-0.040887866,0.021313047,5
13209,15693,brd-k21463062,-0.040848248,0.06552319,4
13210,15694,brd-k57054528,-0.040820196,0.011401337,4
13211,15697,brd-k92132228,-0.04072289,0.0905719,3
13212,15700,brd-k13175698,-0.04068262,-0.017555615,4
13213,15702,brd-k65243627,-0.040674813,0.01888081,4
13214,15703,brd-k03568952,-0.040644534,0.12997165,7
13215,15704,brd-k55640577,-0.04056379,0.04232533,3
13216,15706,brd-k20827004,-0.04051516,0.08953211,4
13217,15709,brd-k43108514,-0.04047135,0.027108448,4
13218,15710,brd-k66521855,-0.04045567,0.022233,5
13219,15712,brd-k02162441,-0.040448796,-0.024873208,3
13220,15713,brd-k55341184,-0.040448226,0.1007942,4
13221,15717,brd-k56124197,-0.04036704,0.007637283,3
13222,15718,brd-k89148860,-0.040365156,-0.0356252,5
13223,15719,brd-k63435201,-0.04034809,0.047091395,6
13224,15720,tyrphostin-ag-126,-0.040347613,0.085412644,17
13225,15721,brd-k97048125,-0.04034133,-0.0076732608,4
13226,15722,brd-k27151060,-0.040317513,0.076501936,13
13227,15723,brd-k03223506,-0.040289234,-0.017260246,5
13228,15724,brd-k32159948,-0.04025624,0.0011228786,3
13229,15725,brd-k20585111,-0.040253364,-0.018482005,3
13230,15727,brd-k10372036,-0.04023765,-0.010860282,3
13231,15728,brd-k38465286,-0.040235486,0.023444567,4
13232,15729,brd-k97001739,-0.040234372,0.015303556,4
13233,15731,brd-k08209559,-0.04022095,-0.00061693037,3
13234,15734,brd-k69573138,-0.04019331,-0.035709668,3
13235,15735,brd-k58288048,-0.040186323,0.056957304,13
13236,15737,brd-k69682028,-0.040142875,0.07986145,3
13237,15740,brd-k87807408,-0.04007359,-0.03981799,3
13238,15741,brd-k54219003,-0.040070515,0.013353085,6
13239,15743,brd-k80991460,-0.040039238,-0.014581915,3
13240,15745,brd-k76578350,-0.039999515,0.042280048,4
13241,15746,brd-k05004643,-0.03999909,0.040228214,3
13242,15747,brd-k17983173,-0.039982714,-0.029874833,3
13243,15748,brd-k69672581,-0.039955817,-0.0057241702,4
13244,15750,brd-k67662618,-0.03994254,0.07625767,5
13245,15751,brd-k19821569,-0.039925613,0.08031625,3
13246,15753,brd-k85935038,-0.039888263,-0.034166373,3
13247,15754,brd-k47295867,-0.039851196,0.028281465,6
13248,15757,brd-k33217566,-0.03981656,0.01126482,4
13249,15758,brd-k55362990,-0.0398164,-0.013038504,6
13250,15759,brd-k23564441,-0.039794493,0.05323374,4
13251,15760,brd-k18844601,-0.039778963,0.006638985,4
13252,15761,brd-k11627226,-0.039742477,0.12351127,6
13253,15762,brd-k26499328,-0.039736923,-0.02413014,5
13254,15763,brd-k55569739,-0.039723568,0.0076351473,5
13255,15768,brd-k15912359,-0.039646424,0.07304937,3
13256,15769,brd-k28305693,-0.03963297,0.044325877,5
13257,15770,brd-k33056518,-0.039606053,-0.027763376,3
13258,15771,brd-k96450063,-0.039605524,-0.013720122,3
13259,15772,brd-k35131740,-0.039593007,0.02755925,5
13260,15773,brd-k71935941,-0.039576676,0.063333325,7
13261,15774,brd-k35939150,-0.039552428,0.0063688005,5
13262,15775,brd-k98196975,-0.039497416,0.16520712,4
13263,15776,brd-k12177722,-0.039472952,0.02929882,3
13264,15778,brd-k48001367,-0.039450966,0.026811462,3
13265,15780,viomycin,-0.03943892,0.053323332,4
13266,15781,brd-k27744061,-0.039369877,0.0016449008,4
13267,15783,brd-k29143341,-0.03931763,0.016272422,4
13268,15784,brd-k25089649,-0.039310016,-0.033215676,3
13269,15785,brd-k40056507,-0.03926207,0.00739606,6
13270,15786,brd-k52136013,-0.03924805,0.022607548,3
13271,15787,brd-k55806039,-0.0392424,-0.010961904,4
13272,15789,brd-k53610452,-0.03920467,0.15309118,13
13273,15794,brd-k92135892,-0.039154954,0.053543527,3
13274,15796,brd-k89679058,-0.039108116,-0.02832383,3
13275,15797,brd-k19729690,-0.039107982,0.02447538,4
13276,15799,brd-k19237705,-0.039099056,-0.027674679,3
13277,15802,brd-k19251038,-0.039068088,-0.0032686065,4
13278,15803,brd-k32367664,-0.03906337,0.06897174,5
13279,15804,brd-k08369728,-0.039049413,0.051478498,4
13280,15805,brd-k29792001,-0.039048444,0.013661606,4
13281,15808,brd-k57565683,-0.03902523,0.058400676,5
13282,15809,brd-k70276339,-0.039021272,-0.022480845,5
13283,15810,brd-k80101280,-0.039014123,0.0066042184,4
13284,15811,brd-k05335890,-0.039000276,-0.0128377965,3
13285,15813,brd-k94633563,-0.03895676,0.06301654,6
13286,15817,brd-k66359319,-0.038872786,0.122455575,13
13287,15819,brd-k95567178,-0.03883097,0.012381958,7
13288,15822,brd-k53717189,-0.038746376,-0.009734537,5
13289,15823,brd-k69480620,-0.038736288,0.02166784,5
13290,15824,cefuroxime,-0.03872985,0.12725268,15
13291,15828,brd-k65385622,-0.03863952,0.015410277,3
13292,15829,brd-k49939055,-0.03863024,0.052049793,4
13293,15830,brd-k50791983,-0.038615912,0.012705739,4
13294,15832,roxithromycin,-0.038605496,0.0011008941,4
13295,15833,brd-k14246967,-0.038593616,-0.007886397,5
13296,15835,brd-k06851272,-0.038553827,0.032641448,3
13297,15837,brd-k37487131,-0.038545586,-0.011846582,3
13298,15840,brd-k03817886,-0.038493402,0.033356138,7
13299,15841,brd-k21305994,-0.038486984,-0.027441679,3
13300,15842,brd-k97440728,-0.03847947,0.022231173,4
13301,15844,brd-k09964242,-0.038460135,-0.031235393,4
13302,15845,brd-m88256629,-0.038431585,0.030096535,6
13303,15846,brd-k77106209,-0.038427398,0.106975816,4
13304,15847,brd-k20197338,-0.038419284,0.07357925,14
13305,15849,brd-k80728817,-0.038366854,-0.027007008,4
13306,15853,brd-k82504171,-0.038311798,0.00031934306,4
13307,15854,sulfamethoxypyridazine,-0.03821622,0.1545453,4
13308,15855,brd-k90208654,-0.038213413,0.08206301,4
13309,15856,brd-k26594332,-0.038210705,0.028842103,4
13310,15858,brd-k32460251,-0.03820276,-0.034552976,3
13311,15860,brd-k44012584,-0.038171206,-0.010744149,3
13312,15862,brd-k20820984,-0.03814862,0.011789159,6
13313,15867,brd-k21741022,-0.038033467,-0.011841292,5
13314,15869,brd-k14875361,-0.038027015,-0.020862471,4
13315,15870,brd-k45924279,-0.037964758,0.028096337,6
13316,15874,brd-k12575545,-0.03787984,0.12043785,7
13317,15876,brd-k66686673,-0.037857976,0.086595535,12
13318,15878,brd-k78197930,-0.037841495,-0.010717152,3
13319,15879,brd-k64645183,-0.03782965,0.04411705,4
13320,15880,brd-k62290501,-0.03780313,0.04712404,3
13321,15881,brd-k80400482,-0.03779613,-0.011612151,11
13322,15882,brd-k52189832,-0.0377912,-0.02897476,5
13323,15885,brd-a89494828,-0.037728805,0.053616554,13
13324,15888,brd-k88901529,-0.037600413,0.07744274,6
13325,15889,brd-k02222982,-0.037558753,0.0026957574,4
13326,15890,brd-k19112099,-0.037534684,0.1461399,4
13327,15894,brd-k93679872,-0.037475176,0.049396105,6
13328,15895,brd-k33071234,-0.037469767,0.010557131,6
13329,15898,brd-k29711801,-0.037372597,0.022238497,4
13330,15899,brd-k31163805,-0.03736692,0.046452034,3
13331,15902,brd-k89960860,-0.0372578,-0.017375221,3
13332,15903,brd-k06303559,-0.037235327,-0.026457954,5
13333,15905,brd-k43374517,-0.03716981,0.013362551,4
13334,15907,brd-k73843002,-0.037124325,0.06565156,4
13335,15908,brd-k08138210,-0.03709974,0.024197644,3
13336,15909,tetraethylenepentamine,-0.03701043,0.021021282,4
13337,15911,brd-k75900905,-0.03694477,0.036324143,3
13338,15912,brd-k22937431,-0.036916945,0.04845935,7
13339,15913,brd-k99198153,-0.036885656,0.04390193,6
13340,15914,brd-k07064094,-0.03686236,0.053126156,6
13341,15916,brd-k58560613,-0.03680853,0.054856937,7
13342,15918,brd-k07734969,-0.036795337,0.07070909,4
13343,15919,brd-k01121544,-0.036794372,0.108139776,3
13344,15921,brd-k92135888,-0.036771704,-0.013446133,3
13345,15923,pramocaine,-0.036762755,0.008947022,4
13346,15924,brd-k25963301,-0.036754455,0.017861765,4
13347,15926,brd-k48427969,-0.03671407,-0.02515151,3
13348,15927,brd-k55981249,-0.036709614,0.0142010385,5
13349,15928,brd-k15650895,-0.036653303,0.0026505035,4
13350,15931,brd-k18433151,-0.036608305,0.0020208904,3
13351,15934,brd-k26840329,-0.03658061,0.0040818523,4
13352,15935,brd-k55191691,-0.036579162,0.06423243,5
13353,15936,brd-k92441219,-0.036572993,-0.013394429,4
13354,15938,brd-k14123146,-0.036538444,0.005260024,3
13355,15940,brd-k45690206,-0.036516804,0.065862976,7
13356,15942,brd-k02223457,-0.0364902,0.048205484,5
13357,15943,carbachol,-0.036465198,0.111449875,4
13358,15946,brd-k99102143,-0.036416106,0.09058039,5
13359,15948,brd-k61890750,-0.036411617,-0.030020092,3
13360,15949,brd-k80841398,-0.03639997,0.03789644,5
13361,15950,brd-k78032863,-0.036398046,0.03927524,5
13362,15952,brd-k02796109,-0.03633543,-0.02752925,3
13363,15957,brd-k79625260,-0.036253557,0.03842159,5
13364,15958,flunixin,-0.036241584,0.09074974,4
13365,15959,brd-k62222886,-0.036234867,0.06663787,4
13366,15961,brd-k83644384,-0.036218915,0.07970954,4
13367,15962,brd-k02654447,-0.036202706,0.19805503,4
13368,15964,brd-k08058167,-0.036144476,0.049877405,5
13369,15965,brd-k57487331,-0.036117792,-0.018200355,6
13370,15966,brd-k04512584,-0.0361029,0.095883235,5
13371,15967,brd-k06614363,-0.03608893,0.023684436,3
13372,15969,brd-k41705395,-0.036012072,0.07748816,5
13373,15972,brd-k65124350,-0.035918523,-0.004655743,6
13374,15974,brd-k20097363,-0.03587014,0.0093417335,3
13375,15979,brd-k03925537,-0.035785634,0.064821504,3
13376,15980,brd-k45327589,-0.03577877,0.09307232,5
13377,15981,brd-k16971439,-0.035757378,0.019629404,3
13378,15983,brd-k20120164,-0.03573734,0.045945805,5
13379,15984,brd-k86566782,-0.03573549,-0.009337628,5
13380,15985,brd-k53390234,-0.03571121,-0.00042175053,3
13381,15986,brd-k17181267,-0.035664517,0.07325977,4
13382,15987,brd-k72798501,-0.03561615,0.12065198,6
13383,15988,pipemidic-acid,-0.035606436,0.0076860217,4
13384,15989,brd-k63811860,-0.03559727,-0.018293396,4
13385,15992,brd-k86191692,-0.035544097,0.071003415,11
13386,15993,brd-k15240833,-0.03553102,0.030826673,3
13387,15994,brd-k21709199,-0.035523407,0.00263094,3
13388,15995,brd-k84787606,-0.03552288,0.026671566,4
13389,15996,brd-k17619118,-0.03546748,-0.027795827,3
13390,15997,brd-k92847204,-0.035464074,0.032867905,10
13391,15998,brd-k56231599,-0.035448615,0.038740233,3
13392,15999,brd-k16274875,-0.0353759,-0.032965053,3
13393,16001,brd-k71169857,-0.035368018,0.0072521623,3
13394,16002,brd-k62561943,-0.035366513,0.07517426,4
13395,16004,brd-k73804145,-0.03533452,-0.015220589,6
13396,16005,brd-k79532217,-0.035326727,0.1392394,11
13397,16006,brd-k07340176,-0.035304442,-0.03220816,3
13398,16008,brd-k11145711,-0.035260636,0.007895956,5
13399,16009,brd-k30231186,-0.035259053,0.035663683,6
13400,16011,brd-k60994540,-0.03523326,0.058904015,3
13401,16012,brd-k68989144,-0.03520864,0.008263892,4
13402,16014,brd-k09110452,-0.03516171,0.1280335,4
13403,16016,brd-k89735991,-0.035122767,0.028535997,4
13404,16020,brd-k28956095,-0.035036452,0.0043515936,5
13405,16021,brd-k39337865,-0.034990676,-0.02100594,3
13406,16022,brd-k30760376,-0.03492325,0.08199651,5
13407,16026,brd-k22210284,-0.03488882,0.0028990267,3
13408,16027,brd-k50014464,-0.034869168,0.11956836,4
13409,16030,brd-k25822929,-0.03483693,0.055055283,5
13410,16032,brd-k29639729,-0.034809154,0.030177744,4
13411,16034,brd-k44833108,-0.034801986,-0.0025042063,3
13412,16037,brd-k95786246,-0.034664847,0.051913153,10
13413,16038,brd-k39066612,-0.03463958,0.07078345,6
13414,16040,brd-k09552525,-0.034618672,0.025343692,3
13415,16041,brd-k08856690,-0.03460983,0.05310536,6
13416,16044,brd-a65140285,-0.03452379,0.011875985,6
13417,16045,dequalinium,-0.0345219,0.07522093,3
13418,16048,brd-k26051610,-0.03447381,0.12273059,3
13419,16051,brd-k62726279,-0.03444758,-0.0020089196,5
13420,16055,brd-k56004278,-0.03443413,0.06383807,3
13421,16057,brd-k46807184,-0.034409765,0.08306746,3
13422,16058,brd-k12402761,-0.034381818,0.07393678,7
13423,16061,brd-k65567503,-0.03435951,0.1289317,8
13424,16062,brd-k46815185,-0.03432899,-0.017840195,3
13425,16064,brd-k68190084,-0.034286134,0.05049913,12
13426,16067,brd-k24962261,-0.034248747,0.010936119,3
13427,16069,brd-k68325500,-0.034213845,0.081321016,4
13428,16071,sulfamethoxazole,-0.034202665,0.105264224,3
13429,16076,brd-k78891011,-0.034163572,0.015978962,4
13430,16079,brd-k81860076,-0.03408126,0.06299146,5
13431,16080,carisoprodol,-0.03406041,0.07667337,4
13432,16083,brd-k89692527,-0.033992298,0.054669924,4
13433,16084,brd-k18260949,-0.03398588,0.0033498534,3
13434,16087,brd-k90830329,-0.03395316,0.037176676,4
13435,16088,brd-k46004847,-0.033946466,0.09076696,3
13436,16089,brd-k49090949,-0.033921655,0.036310643,3
13437,16090,brd-k51849024,-0.033910524,0.041286513,3
13438,16094,brd-k00913793,-0.033789318,0.03957558,3
13439,16095,brd-k53295358,-0.03378896,0.03697272,5
13440,16099,brd-k43579410,-0.03375134,0.09967555,6
13441,16100,brd-k34629721,-0.03368972,0.023468103,3
13442,16104,brd-k48995011,-0.03363578,-0.004388918,5
13443,16106,brd-k89609393,-0.033596475,0.036990594,4
13444,16107,brd-k53669914,-0.03358366,0.08182624,4
13445,16109,brd-k14666757,-0.033555094,0.0802132,4
13446,16110,brd-k99265073,-0.033537656,0.07303171,3
13447,16112,brd-k87167564,-0.033478122,-0.023596277,5
13448,16114,brd-k91201009,-0.033445444,0.037679054,3
13449,16115,brd-k75971499,-0.033412512,0.09843706,6
13450,16117,brd-k68682056,-0.033386957,0.09403249,11
13451,16118,brd-k46625537,-0.033366386,0.06380871,4
13452,16119,brd-k48624606,-0.033335853,0.07286046,7
13453,16121,brd-k29642180,-0.033276685,0.049260765,4
13454,16122,brd-k05601431,-0.033257797,-0.007502806,3
13455,16129,brd-k89344180,-0.033122007,0.026693169,6
13456,16132,brd-k50068201,-0.03306243,0.10856862,5
13457,16135,brd-k21967348,-0.033037733,0.0100491075,3
13458,16136,brd-k27429081,-0.033036564,-0.003293468,7
13459,16137,brd-k14030662,-0.033009373,0.02598058,6
13460,16138,brd-k75179331,-0.03298963,0.0637313,5
13461,16139,mestinon,-0.0329753,0.10291461,15
13462,16140,brd-k87026780,-0.032965023,-0.021613797,3
13463,16141,brd-k16173196,-0.032945577,0.02634399,6
13464,16142,brd-k44712456,-0.03294185,0.04011517,3
13465,16144,brd-k15634164,-0.032920085,0.0091388,4
13466,16145,brd-k38123135,-0.032915544,0.03842282,6
13467,16146,brd-k71339761,-0.03290279,0.0107686175,6
13468,16154,brd-k52413350,-0.032726306,-0.031857394,3
13469,16155,brd-k42450605,-0.032696303,0.024467723,4
13470,16156,brd-k32345392,-0.032688644,0.08473515,4
13471,16157,brd-k75155876,-0.032653686,0.032772526,5
13472,16158,brd-k93994036,-0.03264062,0.024908382,6
13473,16159,brd-k01823914,-0.032597225,0.026271686,5
13474,16160,brd-k56665985,-0.032595113,0.022076894,4
13475,16162,brd-k42170810,-0.03250487,0.015292607,4
13476,16163,brd-k37795187,-0.03249899,0.010872719,3
13477,16164,brd-k76211354,-0.032491095,-0.005784998,3
13478,16165,brd-k73205140,-0.03248567,0.00706191,4
13479,16168,brd-k02750843,-0.032367803,0.014650652,6
13480,16169,brd-k61242732,-0.032358453,-0.028987767,3
13481,16170,brd-k51166678,-0.032348122,0.026694097,7
13482,16172,brd-k91504630,-0.032316256,0.046701208,5
13483,16175,brd-k27376241,-0.03227554,0.008926705,3
13484,16176,brd-k59283736,-0.032255232,0.038108658,6
13485,16178,carbimazole,-0.032214355,0.11330543,4
13486,16182,brd-k43266948,-0.032167926,0.027026305,6
13487,16183,brd-k37316675,-0.03212136,0.048304893,4
13488,16184,brd-k34992378,-0.03211516,0.057921316,3
13489,16185,brd-k93419974,-0.03210557,0.035132516,5
13490,16186,brd-k60238549,-0.032093722,0.088685505,3
13491,16193,brd-k89520577,-0.03200422,0.06844747,4
13492,16194,brd-k08616215,-0.03200293,0.02236262,7
13493,16195,brd-k46629170,-0.031996902,0.04847573,7
13494,16197,brd-k37935437,-0.031937785,0.043105885,3
13495,16201,brd-k65367823,-0.03184486,-0.0034741366,3
13496,16202,brd-k76987587,-0.031812526,-0.01061835,3
13497,16203,brd-k35654724,-0.031775825,0.08553137,3
13498,16204,brd-k19919069,-0.031761196,0.1359234,4
13499,16206,brd-k06314140,-0.031687587,0.033931777,6
13500,16207,brd-k53946803,-0.031683452,0.034025397,6
13501,16208,brd-k30851490,-0.03168252,0.011614386,6
13502,16209,brd-k66499109,-0.031682268,0.0060901907,3
13503,16210,brd-k79748109,-0.03168055,-0.024762753,3
13504,16211,brd-k14483137,-0.03167395,0.06868078,3
13505,16212,brd-k32049912,-0.031645574,0.057211928,4
13506,16214,brd-k48222931,-0.03162577,0.06963604,10
13507,16217,brd-k31039264,-0.03159186,-0.010024051,3
13508,16218,brd-k32857328,-0.031532373,0.018050332,5
13509,16219,brd-k90045406,-0.031514104,0.042679105,3
13510,16221,brd-k70496443,-0.031473164,0.016190562,6
13511,16222,brd-k65857447,-0.031472914,-0.021228192,3
13512,16223,brd-k29966477,-0.031450458,0.005013784,3
13513,16226,brd-k69014051,-0.031420946,0.0077476446,6
13514,16228,brd-k51585944,-0.03139113,0.011354256,3
13515,16230,brd-k39029679,-0.031334907,-0.0013537632,3
13516,16233,brd-k60944301,-0.03131759,0.012190139,5
13517,16234,proscillaridin-a,-0.031292338,0.007995419,4
13518,16235,brd-k09557852,-0.03126683,0.01806368,6
13519,16240,brd-k28668737,-0.031176804,0.049002685,6
13520,16241,brd-k25159388,-0.031172719,-0.024575436,7
13521,16243,brd-k01202062,-0.031167366,-0.0092044,4
13522,16244,brd-k08436070,-0.031162864,-0.020867161,3
13523,16246,brd-k92795064,-0.031121932,0.028398,7
13524,16247,brd-k09620519,-0.031119552,0.018352728,5
13525,16250,brd-k55816391,-0.031092614,0.061057683,7
13526,16251,brd-k73336648,-0.031073522,0.030053526,4
13527,16254,brd-k55009937,-0.03099025,0.03088404,4
13528,16258,brd-k61776649,-0.030924184,0.06704036,9
13529,16259,gabapentin,-0.030913755,0.010853116,4
13530,16260,brd-k37562700,-0.030905645,0.00045045713,5
13531,16261,brd-k80832371,-0.030900126,-0.017854568,4
13532,16262,brd-k66750772,-0.030898353,0.056257095,5
13533,16263,brd-k21400518,-0.030853795,0.08405307,5
13534,16264,brd-k47443018,-0.030846758,-0.0025200886,5
13535,16265,brd-k31000214,-0.03083176,0.13154475,4
13536,16266,brd-k03384615,-0.030824145,0.018639969,3
13537,16267,brd-k73543260,-0.030823685,-0.008919979,5
13538,16268,ronidazole,-0.030811753,-0.009873075,4
13539,16269,brd-k70685076,-0.030810598,0.060182806,3
13540,16270,brd-k93338495,-0.030807996,0.00022469653,3
13541,16271,brd-k43703882,-0.030778896,0.020302407,5
13542,16273,glycerol,-0.03075015,-0.0037444327,3
13543,16276,brd-k42182933,-0.03072026,0.04751584,4
13544,16277,brd-k93061078,-0.030713752,0.04081306,3
13545,16278,brd-k55010869,-0.030686771,0.09023335,7
13546,16279,brd-k56945204,-0.030682424,0.025654916,4
13547,16280,brd-k45252909,-0.03059064,-0.015592905,3
13548,16282,brd-k50115811,-0.030537091,0.023443421,4
13549,16283,brd-k48089931,-0.030525949,-0.024270166,3
13550,16284,brd-k24213763,-0.030514745,0.0010480233,4
13551,16285,brd-k50174388,-0.030451892,0.033951875,4
13552,16290,brd-k39187484,-0.030416792,0.0679893,3
13553,16294,brd-k49612115,-0.030357225,0.107715115,6
13554,16295,brd-k59453031,-0.030306112,-0.02735785,3
13555,16297,brd-k94017308,-0.03026188,-0.0006380423,3
13556,16299,brd-k48431409,-0.030237932,0.038805723,6
13557,16302,nafcilline,-0.030073982,-0.019705676,4
13558,16304,brd-k70617194,-0.030051144,0.10345115,4
13559,16306,brd-k94834134,-0.030010272,0.027590968,3
13560,16308,sa-1919918,-0.030006276,0.13064545,8
13561,16309,brd-m58317392,-0.029955098,0.04430865,6
13562,16310,brd-k13942440,-0.0299445,0.02036132,4
13563,16311,brd-k87063646,-0.029937565,0.018326022,4
13564,16313,brd-k70052069,-0.029904364,-0.0084857065,4
13565,16314,brd-k07799833,-0.02990212,0.0381912,4
13566,16316,brd-k64549867,-0.029855115,0.005235821,4
13567,16319,brd-k29503610,-0.029806025,0.012402018,5
13568,16320,brd-a88765664,-0.029708182,0.09695837,6
13569,16323,brd-k70166659,-0.02966844,0.022528682,4
13570,16324,brd-k36031516,-0.029664116,0.012233682,4
13571,16325,brd-k05896800,-0.029648714,-0.029368727,3
13572,16326,sa-422830,-0.0296346,0.14206931,21
13573,16327,brd-k57856779,-0.029622445,0.035108224,6
13574,16329,brd-k56719502,-0.029496847,0.06702548,4
13575,16331,brd-k62450654,-0.029477095,0.065464824,5
13576,16332,brd-k06688693,-0.029427119,0.017941732,4
13577,16335,brd-k36617229,-0.029340005,-0.02021387,3
13578,16336,brd-k58472651,-0.029336087,-0.021931643,3
13579,16337,brd-k82886296,-0.029270846,0.016528504,5
13580,16338,brd-k86265052,-0.029206313,-0.005325715,4
13581,16339,brd-k93754181,-0.029203074,0.023084002,6
13582,16341,brd-k98803880,-0.02917192,0.07212107,14
13583,16342,brd-k21113341,-0.029155197,-0.013588019,3
13584,16343,brd-k43438744,-0.029153988,0.023147207,6
13585,16344,brd-k59039774,-0.029149672,0.00920617,4
13586,16346,brd-k81332205,-0.02911386,0.033175644,4
13587,16347,brd-k95052025,-0.029053584,0.015048445,5
13588,16349,brd-k03701362,-0.028979147,0.021974366,3
13589,16354,brd-k48753787,-0.028874347,0.015325569,4
13590,16356,brd-k19973268,-0.02886356,0.013418765,3
13591,16357,josamycin,-0.028841816,0.084515445,3
13592,16358,brd-k85806228,-0.028800355,0.084775515,9
13593,16359,brd-k06212126,-0.028754627,0.04292357,3
13594,16361,florfenicol,-0.028728617,0.03306046,4
13595,16362,brd-k17611527,-0.028717188,0.03958462,5
13596,16363,brd-k72150200,-0.028715795,0.06051871,4
13597,16366,brd-k88307956,-0.02867895,0.041918986,6
13598,16367,brd-k70053541,-0.028657962,0.075943924,5
13599,16370,brd-k19147748,-0.028603533,0.03666788,5
13600,16371,brd-k31558029,-0.028599486,0.08009686,5
13601,16372,brd-k98968761,-0.02859708,-0.02481421,3
13602,16374,brd-k04682465,-0.028588938,0.07099137,4
13603,16375,brd-k57640948,-0.028581025,0.04109852,6
13604,16377,brd-k78124775,-0.02852791,0.06431085,5
13605,16380,brd-k70416046,-0.02848284,0.1276952,5
13606,16381,brd-k31678340,-0.028455615,-0.020206561,3
13607,16382,brd-k31028119,-0.028425112,-0.00704796,4
13608,16383,brd-k62993927,-0.02842058,0.019079857,6
13609,16385,brd-k44923117,-0.028366059,-0.016529033,3
13610,16387,brd-k70810261,-0.028295487,0.014828104,7
13611,16388,brd-k19330527,-0.028264746,0.10843591,6
13612,16390,brd-k38172414,-0.028230097,-0.0077693495,3
13613,16391,brd-k92028820,-0.028216667,0.030585324,3
13614,16392,brd-k28185108,-0.028207332,0.049544234,3
13615,16394,brd-k90463980,-0.028174799,-0.0032401273,5
13616,16395,brd-k42543304,-0.028130498,0.10199909,11
13617,16396,brd-k44352336,-0.028118728,0.04949161,5
13618,16397,brd-k03043432,-0.028105132,-0.00983839,5
13619,16398,brd-k37820137,-0.028036658,-0.012753751,5
13620,16401,brd-k37399041,-0.028026098,-0.009078961,5
13621,16402,brd-k37710486,-0.028001381,0.0024591489,4
13622,16403,brd-k95142134,-0.027996583,-0.00495168,3
13623,16404,brd-k94074846,-0.027977172,0.07643469,5
13624,16405,brd-k27161788,-0.027946055,0.0030814644,3
13625,16408,oxolamine,-0.027864547,-0.02055412,4
13626,16409,brd-k62695275,-0.027835842,0.048935156,3
13627,16410,brd-k85055995,-0.027833957,-0.0069119744,4
13628,16411,brd-k66755238,-0.02782511,0.06876989,3
13629,16412,brd-k06809080,-0.027800145,0.03044945,6
13630,16415,brd-k86089324,-0.02774531,0.0058395592,3
13631,16417,suprofen,-0.02773638,0.029652555,4
13632,16419,brd-k34161817,-0.027715813,0.048505835,3
13633,16420,brd-k00117639,-0.027715528,0.069028676,6
13634,16422,brd-k18241892,-0.027697522,-0.009739679,5
13635,16423,brd-k47826846,-0.027689485,-0.015055655,4
13636,16425,brd-k30361687,-0.02766879,-0.012061874,4
13637,16426,brd-k38052671,-0.027639495,0.101361096,6
13638,16427,brd-k49916352,-0.027631303,0.025273345,5
13639,16428,brd-k02420864,-0.027556315,0.03365352,3
13640,16431,brd-k73143149,-0.027410595,0.08753241,5
13641,16432,brd-k51338042,-0.027398376,0.00088737137,3
13642,16433,brd-k38468651,-0.027389385,0.025252383,6
13643,16437,brd-k16050964,-0.027256496,0.020998389,6
13644,16438,brd-k80998388,-0.027226849,0.031940434,6
13645,16441,brd-k61636401,-0.027144197,0.017423116,4
13646,16442,brd-k90205161,-0.027114386,-0.026691187,3
13647,16443,brd-k40490543,-0.02705458,-0.0035837034,3
13648,16448,brd-k49907578,-0.026936289,0.0016445192,4
13649,16449,brd-k77758624,-0.026930448,-0.0055015287,5
13650,16450,brd-k40692824,-0.026913457,0.015158754,6
13651,16451,brd-k46242161,-0.02689643,-0.011649675,3
13652,16452,brd-k56646986,-0.026879923,0.024559323,7
13653,16454,brd-k67489890,-0.026866399,0.016725015,6
13654,16457,brd-k00967758,-0.026831212,0.06682699,6
13655,16459,brd-k23629581,-0.026752561,0.018434182,3
13656,16460,brd-k93253774,-0.026745094,-0.013726108,3
13657,16461,brd-k72699596,-0.026699495,0.019887796,4
13658,16462,brd-k02058097,-0.026652802,0.09534235,4
13659,16465,brd-k42361507,-0.026463313,0.09393747,4
13660,16466,brd-k65983740,-0.026455022,0.12630793,13
13661,16467,brd-k53022123,-0.026450234,-0.016362723,7
13662,16470,brd-k93210315,-0.026416793,0.06765233,5
13663,16474,brd-k32631210,-0.026376737,0.09285711,5
13664,16475,brd-k94915559,-0.026357755,0.06432667,5
13665,16476,brd-k95814669,-0.02630448,0.034358695,3
13666,16477,brd-k88187036,-0.026226955,0.012199516,4
13667,16478,brd-k48066866,-0.026207495,0.022291413,3
13668,16479,brd-k33909884,-0.026198717,0.056638345,4
13669,16480,brd-k43792870,-0.02619242,0.034425296,3
13670,16481,brd-k99469128,-0.026168633,-0.0055993316,4
13671,16482,brd-k56917655,-0.026152745,0.0877751,6
13672,16483,brd-k76703685,-0.026151363,0.016400546,3
13673,16484,brd-k43605845,-0.026130613,0.01884174,6
13674,16487,brd-k84447616,-0.02609345,0.06951248,5
13675,16488,brd-k76644587,-0.026078386,0.0373777,4
13676,16489,brd-k46544760,-0.026072538,0.06925285,5
13677,16490,brd-k17883815,-0.026072282,0.024890242,6
13678,16492,brd-k23073505,-0.026045626,0.100611106,8
13679,16493,brd-k74152472,-0.026005868,0.07736754,5
13680,16495,brd-k51217456,-0.025922809,-0.021558678,3
13681,16496,brd-k50795243,-0.025906809,0.08194033,3
13682,16497,brd-k08666983,-0.02590214,0.0012193294,4
13683,16498,brd-k13660244,-0.025888145,-0.0058794552,4
13684,16499,brd-k45966720,-0.02588724,-0.0041666385,5
13685,16501,brd-k22935984,-0.02586744,0.028393304,3
13686,16502,brd-k61484514,-0.025864877,0.08108958,5
13687,16505,brd-k54375254,-0.025819702,0.08211823,4
13688,16508,brd-k78761249,-0.025740158,0.018338684,4
13689,16510,brd-k45576003,-0.025695825,0.027615853,3
13690,16512,brd-k83431831,-0.025657862,0.06300286,4
13691,16516,brd-k41763142,-0.025542745,0.026032405,5
13692,16517,brd-k74329753,-0.02550452,0.055279702,7
13693,16518,brd-k61541040,-0.025458345,0.029910179,4
13694,16519,brd-k18598482,-0.025455074,0.035810295,3
13695,16522,brd-k20163346,-0.025349384,0.09444448,4
13696,16523,brd-k35193027,-0.025325658,0.014712285,4
13697,16524,brd-k59611536,-0.025319934,0.0046161218,6
13698,16525,brd-k55854370,-0.025293771,0.07532608,4
13699,16526,brd-k20315727,-0.025272932,0.04330032,5
13700,16528,brd-k94373167,-0.025253419,0.00847059,3
13701,16529,brd-k06898795,-0.025244249,0.04417921,12
13702,16533,brd-k96207987,-0.025187185,0.047180824,4
13703,16536,brd-k07008972,-0.025127893,0.053936377,6
13704,16539,brd-k61963347,-0.025076386,0.051169146,4
13705,16542,brd-k64469479,-0.02498831,0.003000506,5
13706,16546,brd-k18001731,-0.024936369,0.022423968,4
13707,16548,brd-k40410846,-0.024884017,-0.021444729,3
13708,16551,brd-k58980886,-0.02483752,0.037801426,6
13709,16552,brd-k76325726,-0.024835119,0.031887107,4
13710,16553,brd-k52515416,-0.024825228,0.018974788,3
13711,16554,brd-k86303874,-0.02478863,0.029960938,6
13712,16556,brd-k21852581,-0.024777193,0.123836175,4
13713,16557,brd-k80818838,-0.024774607,0.049807012,4
13714,16558,brd-k48804356,-0.02476567,0.030644804,6
13715,16561,brd-k67507121,-0.024628563,0.022261277,3
13716,16564,brd-k43939579,-0.024543226,0.020886842,4
13717,16565,brd-k52124071,-0.024537046,0.053193305,3
13718,16567,brd-k92493271,-0.024513602,0.026896566,4
13719,16568,brd-k76276139,-0.024466723,0.07215527,6
13720,16569,brd-k07466598,-0.024448965,0.06807904,5
13721,16572,brd-k63853782,-0.024419948,0.009842668,6
13722,16573,brd-k04021565,-0.024410224,0.077199146,3
13723,16579,brd-k42057752,-0.024310509,0.031148149,6
13724,16580,brd-k92902323,-0.02429641,-0.022275675,3
13725,16582,brd-k62753164,-0.02423694,-0.013663225,3
13726,16583,fenoprofen,-0.0242306,0.04188908,4
13727,16584,brd-k99496840,-0.024197688,0.0812836,4
13728,16586,brd-k48306626,-0.02417581,0.054705948,4
13729,16587,brd-k15593941,-0.024143808,0.030895747,5
13730,16588,brd-k79326278,-0.024125518,0.054674394,6
13731,16591,brd-k79664955,-0.024093594,0.0017531933,4
13732,16593,brd-k96659448,-0.024039079,0.03682297,6
13733,16594,brd-k57206606,-0.024021558,0.0705854,5
13734,16595,brd-k35760166,-0.0240125,0.021476062,3
13735,16598,brd-k89263606,-0.023986192,0.00909499,3
13736,16599,brd-k27682288,-0.02390597,0.14836143,5
13737,16600,brd-k14169964,-0.023891626,0.010377039,5
13738,16601,brd-k30415102,-0.023877827,0.09210115,3
13739,16602,brd-k46370825,-0.023874348,0.03769267,3
13740,16603,brd-k34684441,-0.023864446,0.03810115,6
13741,16604,brd-k33057338,-0.023842605,0.02827008,4
13742,16605,brd-k05323441,-0.023812419,0.035521172,6
13743,16607,brd-k38103660,-0.023804404,0.067327626,7
13744,16608,brd-k04087697,-0.023761207,0.0076357815,3
13745,16610,brd-k24469285,-0.02367258,-0.005435312,3
13746,16611,brd-k33631051,-0.023660287,0.025550438,3
13747,16614,brd-k82599388,-0.023623323,0.03936799,3
13748,16615,brd-k72837898,-0.023621963,0.09560181,4
13749,16616,brd-k65824347,-0.02359971,0.03325544,6
13750,16617,brd-k31593641,-0.023591222,0.1484846,5
13751,16621,brd-k73873786,-0.02346164,-0.00213457,4
13752,16622,sa-1459854,-0.023431126,0.06750135,12
13753,16623,brd-k66808842,-0.023411911,0.011097736,5
13754,16624,brd-k43721143,-0.023406737,0.026550781,3
13755,16626,brd-k29328696,-0.02336576,0.016315436,3
13756,16627,brd-k03706963,-0.023321131,-0.015166696,4
13757,16628,brd-k19982400,-0.023307204,-0.0148514435,4
13758,16629,brd-k76193256,-0.02329827,0.027579404,3
13759,16630,brd-k59000771,-0.023270136,0.008483955,3
13760,16633,brd-k09130601,-0.023215503,0.05088287,4
13761,16634,brd-k81574109,-0.023159118,0.008517588,4
13762,16636,brd-k90646778,-0.023088219,0.028079756,6
13763,16638,brd-k07458582,-0.02306382,0.03229899,4
13764,16640,brd-k55340188,-0.02302911,-0.015203451,5
13765,16641,brd-k43952716,-0.023017744,0.07702655,5
13766,16642,brd-k19960610,-0.023010563,-0.013502918,3
13767,16644,brd-k27835062,-0.022911046,0.013584604,3
13768,16645,brd-k13891716,-0.022909794,0.037294835,4
13769,16648,brd-k76779710,-0.022854004,0.023135765,5
13770,16649,brd-k18323006,-0.022845201,0.07700561,6
13771,16650,brd-k21590495,-0.022789618,0.07056609,4
13772,16651,brd-k99149118,-0.022783017,-0.0016548131,4
13773,16653,brd-k45682001,-0.022770103,0.029818289,4
13774,16655,brd-k60554389,-0.022733847,0.03491661,4
13775,16656,sulfaguanidine,-0.022659408,0.1651725,3
13776,16657,brd-k62865272,-0.022656549,0.035076626,4
13777,16658,brd-k67863009,-0.022649566,0.11946881,4
13778,16659,brd-k19061245,-0.022625593,0.01973747,4
13779,16660,brd-k95578893,-0.022624038,0.0056883064,4
13780,16661,brd-k45907733,-0.022571286,-0.00980099,5
13781,16662,brd-k70751797,-0.022563336,0.06951252,3
13782,16663,brd-k49283955,-0.02253654,0.057821065,7
13783,16664,brd-k82750814,-0.022534043,0.10709135,8
13784,16665,brd-k70559158,-0.022486817,0.083721116,4
13785,16666,brd-k02043218,-0.022470584,0.11160958,4
13786,16667,levobunolol,-0.022460291,0.022619665,4
13787,16668,brd-k87072268,-0.022425547,0.121515766,4
13788,16670,brd-k06146388,-0.022395102,0.021854319,4
13789,16671,brd-k16422757,-0.022375587,0.090919696,4
13790,16672,brd-k99182933,-0.022351861,-0.018592132,3
13791,16674,brd-k24391905,-0.022245849,0.016343119,6
13792,16678,brd-k76784707,-0.022137376,0.061913572,5
13793,16680,brd-k23062161,-0.022124076,0.08096432,5
13794,16681,brd-k01275558,-0.022114746,0.033742048,3
13795,16682,brd-k00816633,-0.022065435,0.0018877275,3
13796,16683,brd-k15111910,-0.022051966,0.025336713,3
13797,16684,brd-k10937407,-0.022038285,0.07620669,5
13798,16686,brd-k69077316,-0.022026816,0.031083414,3
13799,16687,brd-k19969523,-0.02199164,0.0450807,5
13800,16688,brd-k85906476,-0.021953065,0.0058825463,6
13801,16691,brd-k63233328,-0.021927698,0.028641429,4
13802,16692,brd-k11002182,-0.021926016,0.053635396,6
13803,16693,brd-k09333299,-0.021900596,0.03304482,3
13804,16695,brd-k99533437,-0.021783082,0.023296949,4
13805,16697,brd-k18655724,-0.021694455,-0.006120278,3
13806,16700,brd-k72644754,-0.021573449,0.023025554,3
13807,16702,brd-k66185487,-0.021549275,-0.0028392929,4
13808,16703,brd-k08123827,-0.021519192,0.04364002,4
13809,16704,brd-k19194092,-0.021474274,0.008893391,4
13810,16707,brd-k07877451,-0.021385208,0.056502722,4
13811,16709,silibinin,-0.021370636,0.06779887,3
13812,16710,brd-k35957449,-0.021356804,0.040023867,4
13813,16711,bg-1003,-0.021356039,0.03847353,6
13814,16712,brd-k34336958,-0.021320583,0.041726492,4
13815,16716,brd-a32065788,-0.02104682,0.12081376,6
13816,16717,brd-k23586462,-0.021040004,0.034107707,4
13817,16718,ku-c104337,-0.021021847,0.1294742,12
13818,16719,brd-k11081110,-0.02101514,0.0572749,4
13819,16724,brd-k00498462,-0.020915749,-0.0019306102,3
13820,16726,brd-k02098967,-0.020876558,0.015061902,3
13821,16727,brd-k19471718,-0.02087004,0.07609473,3
13822,16728,brd-k73288268,-0.020864977,0.055774555,6
13823,16731,brd-k48571121,-0.020803256,0.027620308,4
13824,16732,brd-k55381473,-0.02079346,0.13172416,3
13825,16734,brd-k50845321,-0.020746553,-0.005243968,4
13826,16738,brd-k08266813,-0.020707577,0.040619884,6
13827,16740,brd-k98675009,-0.02066655,0.07453719,5
13828,16742,brd-a17081056,-0.020589,0.04584533,6
13829,16743,brd-k90721481,-0.02057207,0.012414161,3
13830,16744,brd-k82670191,-0.020558372,0.057595044,3
13831,16745,brd-k07790303,-0.02052896,-0.0058105816,4
13832,16747,brd-k82368009,-0.020518439,0.10693727,3
13833,16749,brd-k25354424,-0.020508526,-0.008713064,4
13834,16750,brd-k64513711,-0.020486027,-0.006491308,4
13835,16751,brd-k72347310,-0.020456575,0.018773317,4
13836,16752,brd-k29834132,-0.020410778,0.044217348,5
13837,16754,brd-k12584650,-0.020367779,-0.007817472,3
13838,16755,brd-k55277887,-0.020366464,0.066271126,3
13839,16758,brd-k46385262,-0.020333637,-0.0054684426,5
13840,16759,methyl-dopate,-0.020329816,0.13660775,4
13841,16762,brd-k28027757,-0.020217167,0.045656357,6
13842,16763,brd-k89348354,-0.02020526,0.09959409,4
13843,16766,brd-k80112796,-0.02016631,0.0431978,3
13844,16767,brd-k77663706,-0.0201481,0.07388931,11
13845,16769,brd-m33077182,-0.020119922,0.0108899735,6
13846,16773,brd-k47501069,-0.020013817,0.018270675,3
13847,16774,brd-k46416377,-0.02000566,0.010293432,5
13848,16775,brd-k58590337,-0.020000402,-0.010583733,3
13849,16776,brd-k80738071,-0.019962128,0.05527185,5
13850,16777,brd-k18447917,-0.019960035,0.034942687,5
13851,16779,brd-k71779338,-0.019924335,0.06615022,4
13852,16780,brd-k66253082,-0.01989533,-0.005863393,3
13853,16781,brd-k23728767,-0.019873738,0.042039745,6
13854,16784,dictamnine,-0.019801138,0.14305231,8
13855,16785,tnp-470,-0.019799644,0.060200803,6
13856,16787,brd-k31755488,-0.019778794,0.058512326,6
13857,16789,brd-k18309252,-0.019718172,-0.011119934,3
13858,16792,brd-k46206861,-0.01961634,0.0574904,4
13859,16793,brd-k61148205,-0.019583227,0.00040498702,5
13860,16794,brd-k56553629,-0.019563708,0.038584836,6
13861,16796,brd-k55308802,-0.01953343,-0.0011695375,5
13862,16797,bms-387032,-0.019526904,0.16220896,43
13863,16798,brd-k16413530,-0.019513309,0.06754038,4
13864,16804,brd-k22789789,-0.019457936,0.055345636,4
13865,16805,brd-k25743534,-0.019416355,0.0006188203,4
13866,16806,brd-k94846015,-0.019395828,0.023694955,6
13867,16809,brd-k93186542,-0.019324364,0.036905,5
13868,16810,brd-k22778679,-0.019317979,0.06567653,4
13869,16812,brd-k58034811,-0.019218687,0.07875678,3
13870,16813,brd-k01329157,-0.019210584,0.015606836,6
13871,16814,brd-k63227090,-0.01921019,0.03636826,3
13872,16815,brd-k98321674,-0.019163964,0.104159534,3
13873,16816,brd-k23470676,-0.019125815,0.011334869,3
13874,16820,brd-k16149111,-0.019034062,-0.008878625,3
13875,16821,brd-k57641516,-0.019012738,0.063363,3
13876,16824,brd-k80940272,-0.018977836,0.057481013,4
13877,16825,etretinate,-0.018971672,0.0899256,4
13878,16826,brd-k25198488,-0.018964084,0.12007963,3
13879,16828,brd-k50325722,-0.018901095,0.036388393,4
13880,16829,brd-k91899208,-0.018880269,-0.0029258463,3
13881,16830,brd-k75732649,-0.018868323,0.04222078,4
13882,16833,lbh-589,-0.01876053,0.061325572,6
13883,16834,brd-k65138538,-0.018756462,0.062180012,3
13884,16835,brd-k40627098,-0.0186421,0.019299693,3
13885,16838,brd-a86146706,-0.018528193,0.07032436,6
13886,16848,brd-k25940840,-0.01840987,0.105898425,4
13887,16849,brd-k72443777,-0.018398618,0.012676712,4
13888,16850,verrucarin-a,-0.018383022,0.0899277,16
13889,16851,brd-k88329126,-0.018379016,0.12054116,10
13890,16853,brd-k62200616,-0.018318687,0.06299785,3
13891,16855,brd-k78816294,-0.018220292,0.021536648,5
13892,16857,brd-k74287511,-0.01819908,0.057374656,4
13893,16859,brd-k09203309,-0.018155245,0.07118379,7
13894,16860,brd-k31108633,-0.018147722,0.005379282,4
13895,16863,brd-k37584671,-0.018075606,0.0069621704,3
13896,16865,sa-1459031,-0.018044515,0.15519112,12
13897,16866,brd-k68522303,-0.018035775,0.08439158,6
13898,16868,brd-k06589837,-0.018006926,0.02728503,4
13899,16869,brd-k26654895,-0.017998202,0.058740668,3
13900,16870,brd-k62999057,-0.017963696,-0.0036023445,3
13901,16874,nifuroxazide,-0.01791163,0.08529727,4
13902,16875,brd-k10951564,-0.017904831,-0.00090285996,4
13903,16877,brd-k81112982,-0.017871654,0.033913277,6
13904,16878,brd-k00303543,-0.017849656,0.0018635042,3
13905,16879,sa-96805,-0.017840939,0.17145607,12
13906,16880,proglumide,-0.017797349,0.23817116,3
13907,16882,brd-k72663966,-0.017763995,0.08280527,5
13908,16883,brd-k80108679,-0.017723002,0.051209673,3
13909,16884,brd-k37060179,-0.017713351,0.013172487,9
13910,16886,brd-k66681850,-0.017657207,0.05550502,4
13911,16887,brd-k22211348,-0.017610392,0.09240202,6
13912,16891,brd-k42054363,-0.017585093,0.093597874,3
13913,16892,brd-k47261397,-0.017580608,0.056470994,7
13914,16895,brd-k52954098,-0.01753496,0.063650995,4
13915,16896,brd-k04515815,-0.017529355,0.014312747,4
13916,16897,brd-k75703168,-0.017517716,0.06706011,4
13917,16898,brd-k43971874,-0.017468642,0.13680096,3
13918,16899,brd-k83443720,-0.017462926,0.026161311,5
13919,16900,brd-k21991827,-0.017449051,0.11081558,3
13920,16901,brd-k15814728,-0.017446086,0.010986697,4
13921,16905,brd-k25038599,-0.017343326,0.0069155293,3
13922,16906,brd-k25423005,-0.017343266,0.004080721,3
13923,16909,brd-k31285743,-0.017297374,0.012336237,3
13924,16910,brd-k76527818,-0.017287375,0.038156204,4
13925,16912,brd-k51556457,-0.0172795,-0.0052960413,3
13926,16913,brd-k07250107,-0.017250376,0.031892296,3
13927,16914,brd-k08039986,-0.017085364,0.031061094,4
13928,16916,brd-k07923524,-0.017079307,0.048402265,6
13929,16918,brd-k13626437,-0.01706788,0.04692781,4
13930,16919,brd-k60172814,-0.017020429,0.04073539,5
13931,16920,brd-k39669696,-0.01699527,0.0342817,6
13932,16921,dacarbazine,-0.016989116,0.03239598,4
13933,16925,brd-k72460946,-0.01690043,0.10798811,4
13934,16929,brd-k46171293,-0.016777623,0.023943316,4
13935,16932,brd-k39108047,-0.01676425,0.096632116,3
13936,16934,brd-k31545458,-0.016662927,0.037927795,4
13937,16936,brd-k64320360,-0.0166386,0.026727365,3
13938,16937,brd-k22695599,-0.016638251,0.029108426,6
13939,16938,brd-k29125789,-0.016630655,0.04647295,3
13940,16939,brd-k05475237,-0.016620638,-0.01526719,4
13941,16940,brd-k26526202,-0.016609427,0.008998331,3
13942,16942,brd-k66536842,-0.01655112,0.05323389,6
13943,16945,brd-k74185228,-0.016423928,0.004368818,5
13944,16948,brd-k51592421,-0.016384652,0.044432025,3
13945,16951,brd-k53092731,-0.016338773,0.009866781,5
13946,16953,brd-k25624315,-0.0163076,0.015573049,3
13947,16954,brd-k08340668,-0.016294627,0.14281149,4
13948,16958,brd-k58703114,-0.01613314,0.038397,4
13949,16959,quinelorane,-0.01610254,0.0841166,19
13950,16961,brd-k88647644,-0.015942689,0.107885815,3
13951,16964,brd-k87920770,-0.015859114,0.041567676,5
13952,16965,brd-k45835269,-0.015856495,0.0866537,4
13953,16966,brd-k63923428,-0.015851788,0.12049961,12
13954,16968,brd-k60850440,-0.015821205,-0.0055389907,3
13955,16969,brd-k18722825,-0.015796028,0.05043472,3
13956,16970,brd-k66898048,-0.015793383,0.023153327,5
13957,16972,brd-k88925856,-0.015766734,0.15023418,5
13958,16973,brd-k28752165,-0.015761577,0.12721956,3
13959,16974,brd-k11415638,-0.015757287,0.07072605,6
13960,16975,brd-k66805710,-0.015740832,0.07776117,8
13961,16977,brd-k77229182,-0.015652362,0.07276247,4
13962,16982,brd-k09996575,-0.0155314505,0.05728671,4
13963,16983,brd-k41824522,-0.015495026,0.023029204,6
13964,16984,brd-k72109199,-0.015485745,0.009813086,4
13965,16985,brd-k46378421,-0.015484747,0.10365149,3
13966,16989,brd-k12729417,-0.015385494,0.04635963,5
13967,16992,brd-k33215066,-0.015291393,0.066164255,6
13968,16994,brd-k72147201,-0.015232287,0.08759793,4
13969,16995,clavulanic-acid,-0.015221135,0.07834473,4
13970,16997,citiolone,-0.01514493,0.08978808,4
13971,17002,brd-k01404579,-0.015006386,0.030175403,7
13972,17003,brd-k89505656,-0.014995301,0.058483057,6
13973,17004,brd-k99582188,-0.014929729,0.12041325,13
13974,17006,brd-k57350811,-0.014896228,-0.0078933,3
13975,17008,brd-k72118202,-0.0148888305,0.012390181,6
13976,17009,brd-k31494307,-0.014802491,0.053624727,4
13977,17010,brd-k88961159,-0.01475177,0.0063086953,3
13978,17011,brd-k14193256,-0.014749892,0.080148965,5
13979,17014,brd-k88602713,-0.0146720465,-0.0102666635,4
13980,17017,brd-k91614993,-0.014605567,0.12571347,6
13981,17019,brd-k71672862,-0.014600142,0.0406343,6
13982,17021,brd-k25604127,-0.01456996,-0.0017863633,7
13983,17024,brd-k90154335,-0.014503577,0.0058497027,3
13984,17025,brd-k54385541,-0.014471677,0.013848123,6
13985,17026,brd-k04262969,-0.014438174,0.02381541,6
13986,17027,brd-k16792691,-0.014423969,0.008931517,4
13987,17028,brd-k86910216,-0.014351641,0.04771725,6
13988,17030,brd-k54791528,-0.014347136,-0.014025353,3
13989,17031,brd-k26045715,-0.014257283,-0.005125228,3
13990,17033,brd-k52403701,-0.014185132,0.05706642,4
13991,17034,brd-k21384842,-0.014127543,0.047371555,4
13992,17036,brd-k03804563,-0.014107602,-0.008826484,3
13993,17038,brd-k83871946,-0.014087706,0.0063488544,5
13994,17039,brd-k79947616,-0.014079011,0.09279513,4
13995,17040,brd-k26258603,-0.01407777,0.03704116,6
13996,17041,brd-k83670234,-0.014071346,0.07741063,13
13997,17042,brd-k26522558,-0.014065442,0.06754511,5
13998,17044,brd-k90665148,-0.013966547,0.021759763,3
13999,17046,brd-k75297646,-0.013925178,0.051347587,3
14000,17047,brd-k29137607,-0.013903271,0.06045153,3
14001,17048,brd-k06111933,-0.013869584,-0.0038036925,3
14002,17050,brd-k50302985,-0.013794175,0.05993506,3
14003,17052,brd-k43851624,-0.013744448,0.09162176,4
14004,17057,brd-k99633760,-0.013559977,0.04548991,5
14005,17058,brd-k78717223,-0.013509604,0.10265867,3
14006,17060,brd-k48717457,-0.013484408,0.07541168,3
14007,17062,brd-k68338581,-0.013424494,0.02157201,3
14008,17064,brd-k04750859,-0.013345833,-0.0040100333,3
14009,17066,brd-k22389219,-0.013324863,0.055549454,5
14010,17067,brd-k75976016,-0.0133181345,0.06386763,3
14011,17068,brd-k52149447,-0.013275278,0.03643927,4
14012,17069,brd-k67155745,-0.013257982,0.007546771,3
14013,17070,brd-k42886157,-0.013205784,0.034898017,4
14014,17072,brd-k58096890,-0.013198689,0.0020056916,4
14015,17074,brd-k08713111,-0.013167143,0.048095305,5
14016,17076,brd-k34104948,-0.013044327,0.0023560058,5
14017,17077,brd-k68735643,-0.013036135,0.036108546,4
14018,17078,brd-k83518844,-0.012984122,0.016040936,3
14019,17079,brd-k18246949,-0.012974892,0.03270517,5
14020,17080,brd-k10449938,-0.01297309,0.028486643,5
14021,17081,brd-k19770227,-0.012962628,0.046892285,4
14022,17083,brd-k68698887,-0.012881295,0.0041047004,3
14023,17084,brd-k27049144,-0.012879621,0.086076885,6
14024,17085,brd-k39908587,-0.012863975,0.045164883,3
14025,17088,brd-k32272500,-0.012798397,0.043395285,3
14026,17089,brd-k02931142,-0.012780509,0.03546937,5
14027,17091,brd-k48441067,-0.012756847,0.06920986,5
14028,17093,brd-k20624574,-0.012634427,0.2246093,3
14029,17095,brd-k86755654,-0.012604728,0.08436469,7
14030,17099,brd-k96309168,-0.01256084,0.023816612,7
14031,17104,brd-k88899439,-0.012528809,0.094071716,5
14032,17106,brd-k45883686,-0.012451045,0.013859347,5
14033,17107,brd-k04847305,-0.012426602,0.027903702,4
14034,17110,brd-k85790491,-0.012387951,0.10420279,6
14035,17111,brd-k48703433,-0.012359983,0.107291706,4
14036,17112,brd-k13324372,-0.012356611,0.038709626,3
14037,17113,brd-k97423351,-0.012350837,0.030195732,6
14038,17114,brd-k62337120,-0.012297018,0.047403574,4
14039,17117,brd-k86631008,-0.012267428,-2.965302e-05,4
14040,17118,brd-k34462187,-0.012259632,0.04717844,4
14041,17119,brd-k34811324,-0.012251345,0.023217618,5
14042,17120,brd-k16974571,-0.012223469,0.052058056,4
14043,17124,brd-k08146255,-0.0121430345,0.14085178,4
14044,17125,brd-k05858751,-0.0121145565,0.07688647,3
14045,17126,brd-k28513058,-0.012109397,0.04954479,5
14046,17127,brd-k93007240,-0.0120593645,0.037573125,4
14047,17129,brd-k40862820,-0.012030146,-0.008563736,3
14048,17133,brd-k40115967,-0.012005935,0.03230899,5
14049,17134,novobiocin,-0.01199417,0.054578613,4
14050,17135,brd-k27927067,-0.011981035,0.09203849,4
14051,17136,brd-k96343889,-0.011978701,0.077765234,3
14052,17137,brd-k11258147,-0.011963924,0.01320042,3
14053,17138,vama-37,-0.011951813,0.08643325,15
14054,17139,amphotericin-b,-0.011915557,0.07989357,4
14055,17140,brd-k72081524,-0.011901899,0.006202039,4
14056,17142,tolfenamic-acid,-0.011865751,0.0005509724,3
14057,17144,brd-k00064877,-0.011845834,0.034641594,4
14058,17146,piracetam,-0.011825069,0.043236278,4
14059,17150,brd-k38963656,-0.011748721,0.04220741,4
14060,17151,brd-k24632043,-0.011736622,0.014375888,5
14061,17154,brd-a26627799,-0.0116909,-0.0102715595,3
14062,17155,brd-k22825029,-0.011690512,0.08398932,4
14063,17157,brd-k64668459,-0.011681327,0.03302881,6
14064,17159,brd-k85118298,-0.011641284,0.04374165,5
14065,17160,brd-k10279202,-0.011562634,0.040780984,5
14066,17161,brd-k40907206,-0.011535013,0.005260833,4
14067,17165,brd-k66621600,-0.01142158,0.05460339,3
14068,17167,brd-k39431644,-0.0114040775,0.07445878,6
14069,17168,brd-k18048820,-0.011278077,0.057753224,6
14070,17169,brd-k63559825,-0.011232424,0.05672613,3
14071,17170,brd-k98283674,-0.011200744,0.018920533,3
14072,17173,brd-k21576808,-0.011159033,0.11255774,5
14073,17175,brd-k23620459,-0.011097935,0.08660145,3
14074,17176,brd-k15713006,-0.011064111,0.0318859,3
14075,17180,brd-k84143894,-0.011028234,0.016342781,4
14076,17181,brd-k13036885,-0.01100477,0.002912679,3
14077,17182,brd-k83720640,-0.0110038165,0.08863036,6
14078,17183,brd-k74513776,-0.010999876,0.04648169,4
14079,17185,brd-k42466986,-0.010968673,0.16292466,3
14080,17186,brd-k68836298,-0.010963672,0.05340143,3
14081,17187,brd-k55597137,-0.010949408,0.046846677,4
14082,17190,brd-k44289311,-0.010893954,0.010610307,7
14083,17193,brd-k39446093,-0.010784322,0.05294523,3
14084,17198,brd-k06715209,-0.010633896,0.058601577,3
14085,17201,brd-k49148689,-0.010589853,0.09436635,6
14086,17202,brd-k95795676,-0.010559508,0.07760069,3
14087,17205,brd-k44766290,-0.010464495,0.008120559,6
14088,17208,brd-k72299443,-0.0103999525,0.053807486,4
14089,17210,brd-k01037390,-0.01028216,-2.7764124e-06,5
14090,17217,brd-k01091374,-0.010062286,0.0075504263,3
14091,17218,brd-k83675132,-0.010056915,0.02922867,5
14092,17219,brd-k42862966,-0.010056405,0.11247105,6
14093,17220,brd-k87669574,-0.009999873,0.03187759,4
14094,17221,brd-k49630153,-0.0099158585,0.0734349,15
14095,17224,brd-k87829407,-0.009776673,0.03531303,5
14096,17227,brd-k16144417,-0.009681617,0.06557207,5
14097,17228,brd-k77320816,-0.009590162,0.021355646,5
14098,17229,brd-k98995789,-0.009578626,0.005817891,4
14099,17231,brd-k74594501,-0.009517155,0.06474358,4
14100,17232,brd-k97281677,-0.009489884,0.01039224,3
14101,17234,carbadox,-0.009414746,0.0773418,4
14102,17235,aceclidine,-0.0093646,0.05522773,4
14103,17238,brd-k03222452,-0.0093299085,0.12142399,4
14104,17239,oxytetracycline,-0.009319934,-0.0012993092,3
14105,17240,brd-k00643888,-0.009273358,0.033570625,6
14106,17241,brd-k30726719,-0.0092234295,0.05497858,4
14107,17243,brd-k31680744,-0.009213713,0.0377215,4
14108,17244,brd-k55100062,-0.009199144,0.08935794,5
14109,17245,brd-k10064333,-0.009138667,0.042159814,3
14110,17246,oxidopamine,-0.009136496,0.049154907,12
14111,17248,brd-k96385755,-0.009090494,0.037925296,6
14112,17249,brd-k61635139,-0.009057501,0.015795276,5
14113,17252,brd-k48054407,-0.00898069,0.06889574,6
14114,17253,brd-k00918977,-0.008975106,0.09161824,4
14115,17254,brd-k54288605,-0.008920288,0.036103796,5
14116,17256,brd-k29651341,-0.008849653,0.032439895,5
14117,17259,brd-k91339294,-0.00879489,0.13253963,4
14118,17260,brd-k47611269,-0.008775986,0.07150191,6
14119,17261,dinoprost,-0.0087563135,0.05742272,4
14120,17263,brd-k51579715,-0.008681992,0.03221635,6
14121,17264,brd-k55767450,-0.008643012,0.014919209,5
14122,17267,brd-k06541323,-0.008612274,0.023582466,4
14123,17272,brd-k40695780,-0.008510333,0.0435626,3
14124,17274,brd-k43519318,-0.008486803,0.026104642,5
14125,17275,brd-k20792495,-0.008452906,0.07054317,4
14126,17276,brd-k04802065,-0.008391396,0.043592807,3
14127,17279,brd-k82435102,-0.008318609,0.0810805,6
14128,17282,brd-k95438730,-0.00816366,0.041576814,4
14129,17283,brd-k17103381,-0.008163652,0.11933641,4
14130,17286,brd-k52574175,-0.008104173,0.024677053,3
14131,17288,brd-k61788733,-0.00802179,0.050799772,7
14132,17289,brd-k92636280,-0.007975827,0.004287696,3
14133,17290,brd-k46943684,-0.00796105,0.067084074,5
14134,17291,brd-k97955841,-0.007952795,0.07024052,6
14135,17294,aminoresveratrol,-0.0078534,0.066517755,6
14136,17295,isoflupredone,-0.007848183,0.018386066,3
14137,17296,brd-k49378999,-0.007847262,0.0138326455,6
14138,17297,brd-k93720819,-0.007835276,0.012936097,4
14139,17300,brd-k99567611,-0.0077947904,0.04814404,4
14140,17301,sa-1938820,-0.0077650547,0.1789932,12
14141,17303,brd-k25006240,-0.0077445153,0.11267036,4
14142,17305,brd-k77502932,-0.0076850746,0.061696943,5
14143,17306,brd-k36928611,-0.007654922,0.10024504,6
14144,17308,brd-k19204484,-0.0076316777,0.07822837,6
14145,17309,brd-k39658422,-0.0076273642,0.038361453,7
14146,17310,brd-k01093405,-0.007621149,0.11219148,4
14147,17316,brd-k94988014,-0.007543538,0.056071706,4
14148,17317,brd-k89952884,-0.0075319465,0.051714316,4
14149,17318,brd-k76423693,-0.007527143,0.029901505,3
14150,17319,brd-k30214283,-0.0074870777,0.05924077,5
14151,17320,brd-a29119732,-0.0074856244,0.08411783,6
14152,17324,brd-k29381365,-0.0074309385,0.04709313,4
14153,17325,brd-k32992890,-0.0073687234,-0.0069621513,3
14154,17327,brd-k52593146,-0.0072214627,-0.005664891,3
14155,17328,brd-k61242280,-0.007147305,0.023271501,3
14156,17330,brd-k54589358,-0.007137491,0.0422585,4
14157,17331,brd-k82633701,-0.007092076,0.008016178,6
14158,17334,cefalotin,-0.0070155524,0.034281507,4
14159,17341,ro-3306,-0.006858309,0.074149676,11
14160,17345,brd-k04831789,-0.0067894584,0.05386079,4
14161,17347,brd-k85630885,-0.00676061,0.08504227,4
14162,17348,tioconazole,-0.0067364606,0.023888636,3
14163,17349,brd-k09821933,-0.0067253434,0.023696791,4
14164,17351,brd-k78710535,-0.0066712536,0.10409173,6
14165,17352,brd-k93086630,-0.006659524,0.01736082,4
14166,17354,brd-k02960110,-0.006648672,0.10627538,3
14167,17356,brd-k82048228,-0.006640084,0.04895434,3
14168,17357,brd-k50990408,-0.0066362503,0.035101064,3
14169,17358,brd-k58340898,-0.006616156,0.040409226,5
14170,17359,brd-k91617567,-0.006592776,0.053733855,4
14171,17361,brd-k27425684,-0.006472591,0.017550616,5
14172,17362,yl-61,-0.006465923,0.10933213,11
14173,17364,brd-k64247367,-0.0064108185,0.013943205,6
14174,17365,brd-k16117792,-0.0064055584,0.032957423,6
14175,17366,brd-k17492515,-0.006404652,0.016114168,4
14176,17367,brd-k89493095,-0.0063549383,0.011251072,6
14177,17368,brd-k77264230,-0.006325699,0.04181108,6
14178,17371,brd-k29252735,-0.006271676,0.06917543,5
14179,17374,brd-k01777999,-0.0062280176,-0.002750918,3
14180,17378,brd-k98092496,-0.0061508715,0.058846407,4
14181,17380,brd-k60569491,-0.006057667,0.056837417,4
14182,17381,brd-k89597637,-0.006036627,0.07371738,4
14183,17383,brd-k46643133,-0.0059565604,0.021225637,5
14184,17384,brd-k33451389,-0.005929903,0.034488775,4
14185,17385,brd-k41005527,-0.0058949557,0.019437127,3
14186,17386,brd-k09964916,-0.0058746478,0.09419784,3
14187,17387,brd-k81476029,-0.005863749,0.039634675,6
14188,17389,brd-k28451547,-0.005776915,0.0053378628,5
14189,17390,brd-k31812476,-0.0057406556,0.01025663,3
14190,17393,brd-k85879095,-0.0056694294,0.063028395,4
14191,17394,brd-k16670827,-0.0056429757,0.04759022,3
14192,17396,brd-k76896099,-0.005580244,0.054408908,3
14193,17397,brd-k28831272,-0.005506382,-0.0032934714,3
14194,17399,brd-k13782405,-0.0054616053,0.049585048,4
14195,17401,brd-k14781269,-0.005439875,0.18685871,4
14196,17402,adiphenine,-0.005435013,0.048498303,3
14197,17404,brd-k08963966,-0.0053844284,0.04311008,4
14198,17407,brd-k25018652,-0.0053093894,-0.00017859472,4
14199,17410,brd-k23410901,-0.0052069244,0.00034050248,3
14200,17411,brd-k22941245,-0.0051973327,0.015224671,3
14201,17413,brd-k32350897,-0.0051544267,0.056622252,4
14202,17414,brd-k29720768,-0.0050747683,0.09631884,6
14203,17415,brd-k69048763,-0.005044291,0.02412775,3
14204,17416,brd-k44150994,-0.0050428933,0.02155343,4
14205,17419,jtc-801,-0.0049716895,0.082315445,8
14206,17420,brd-k42216874,-0.004919516,0.017067952,4
14207,17422,brd-k48254300,-0.0048971106,0.008669644,5
14208,17424,brd-k34332553,-0.0048684874,0.11570272,11
14209,17425,brd-k00972013,-0.004764086,0.023964131,3
14210,17426,brd-k42957595,-0.0047378163,0.032480642,5
14211,17427,brd-k49881099,-0.0046602855,-0.00072400586,3
14212,17432,brd-k84121706,-0.00442673,0.005608374,3
14213,17434,brd-k86842803,-0.004373797,0.047357462,6
14214,17436,brd-k18721752,-0.0043447195,0.0047242064,3
14215,17439,brd-k06804050,-0.0042871856,0.0538449,4
14216,17440,brd-k89502948,-0.004252477,0.094106555,4
14217,17446,brd-k18220124,-0.004053767,0.015403712,3
14218,17447,dichlorodiamine-platinum,-0.004045762,0.14467673,3
14219,17453,brd-k34834946,-0.0038949964,0.015520592,5
14220,17455,brd-k84963986,-0.00386855,0.0037298128,4
14221,17456,brd-k13428252,-0.0038521122,0.070414975,4
14222,17458,brd-k00398667,-0.0038003155,0.039706107,3
14223,17461,brd-k20203275,-0.0037426369,0.08422831,5
14224,17464,brd-k51888384,-0.0035821141,0.03487531,3
14225,17465,brd-k71531260,-0.003498202,0.07930724,4
14226,17466,brd-k58421169,-0.0034975742,0.039603896,6
14227,17468,brd-k34516743,-0.0034888173,0.04471874,6
14228,17469,brd-k47014407,-0.003437515,0.059807107,3
14229,17470,brd-k39294074,-0.0034237255,0.077610075,4
14230,17471,topotecan,-0.00339306,0.15608858,31
14231,17472,brd-k60809157,-0.0033188253,0.039183885,4
14232,17473,brd-k21153751,-0.0033170825,0.07173375,3
14233,17474,brd-k47587697,-0.003308409,0.058486357,4
14234,17475,brd-k64147688,-0.0032924023,0.03848502,4
14235,17476,brd-k65200617,-0.003215531,0.13387716,8
14236,17478,brd-k94067270,-0.0031248718,0.08119877,4
14237,17479,brd-k21448715,-0.0030907032,0.013491937,3
14238,17480,brd-k89562681,-0.003086072,0.04594558,3
14239,17482,brd-k17120478,-0.0030550836,0.022564897,3
14240,17485,brd-u71399930,-0.0029993025,0.03436289,6
14241,17487,brd-k31158126,-0.0029769393,0.021830302,3
14242,17489,brd-k44699604,-0.0029669523,0.054544494,7
14243,17491,brd-k70797508,-0.0029415693,0.0789779,4
14244,17493,brd-k77295570,-0.002925124,0.09414239,5
14245,17496,brd-k61531144,-0.0028569768,0.023831856,4
14246,17500,brd-k88311084,-0.0027896818,0.021997767,3
14247,17501,brd-k41031205,-0.0027893279,0.049887452,3
14248,17502,brd-k48548528,-0.0027596138,0.077091165,5
14249,17503,brd-k01576758,-0.0027403247,0.021118823,5
14250,17504,brd-k68701561,-0.0027347866,0.0839329,4
14251,17506,brd-k13205342,-0.0026276228,0.066295,3
14252,17509,brd-k54381041,-0.002593567,0.05805361,6
14253,17512,brd-a91404865,-0.0024964518,0.00043186793,3
14254,17516,brd-k94694331,-0.0023614836,0.017709183,4
14255,17517,brd-k54521353,-0.0023566552,0.08112237,3
14256,17521,brd-k47303556,-0.0022880228,0.16847533,4
14257,17522,brd-k58826089,-0.0022317297,0.075127006,4
14258,17526,brd-k24193032,-0.0021111455,0.08563344,5
14259,17529,brd-k41421455,-0.0019209835,0.06582042,3
14260,17530,brd-k47597660,-0.001903941,0.04509176,3
14261,17531,brd-k45386827,-0.0018830127,0.16326517,4
14262,17533,brd-k69276764,-0.0018545268,0.099335395,6
14263,17534,brd-k46533463,-0.0018049731,0.12777293,4
14264,17538,brd-k39599822,-0.0016948176,0.074622214,6
14265,17539,brd-k96747266,-0.0016911572,0.0596827,3
14266,17540,brd-k00348196,-0.0016697667,0.034363504,5
14267,17543,brd-k40311869,-0.0016472485,0.09614227,5
14268,17545,brd-k13997553,-0.0016269154,0.0748167,3
14269,17546,brd-a82976242,-0.0016256231,0.08371869,13
14270,17551,utmb-00530,-0.0015365557,0.08010301,13
14271,17553,brd-k44525591,-0.0014992931,0.07276403,3
14272,17556,brd-k36656125,-0.0014337617,0.10709954,5
14273,17557,brd-k25631986,-0.0014014607,0.038002107,3
14274,17558,brd-k02943940,-0.0013999585,0.012628301,3
14275,17559,brd-k86124549,-0.0013593265,0.021761708,6
14276,17561,brd-k71499021,-0.0013556596,0.033596218,3
14277,17562,brd-k95642310,-0.0013247153,0.013716125,3
14278,17566,brd-k89949395,-0.0011933547,0.025667261,3
14279,17569,brd-k13706246,-0.0010604585,0.07747977,4
14280,17570,brd-k08351986,-0.0010476143,0.094255395,5
14281,17572,brd-k24991044,-0.0009750087,0.061836794,6
14282,17573,brd-k42400758,-0.00095305796,0.0703936,4
14283,17575,brd-k53682606,-0.0009279946,0.0012102043,3
14284,17578,brd-k20079620,-0.00085569086,0.0528896,3
14285,17579,brd-k66149656,-0.0007622172,0.0105050765,4
14286,17584,brd-k84195984,-0.00058466726,0.02100531,4
14287,17587,brd-k83426260,-0.000487139,0.012409893,6
14288,17589,brd-k47519681,-0.00046123745,0.026913835,3
14289,17593,brd-k36619075,-0.0004200815,0.051929418,5
14290,17596,brd-k02448874,-0.0003496628,0.022870788,4
14291,17598,brd-k38891183,-0.00032108728,0.057885803,4
14292,17599,brd-k21120783,-0.00018833256,0.006120092,3
14293,17600,brd-k22886798,-0.00017385166,0.08286302,4
14294,17604,sa-1459481,-9.203841e-05,0.122839406,8
14295,17606,brd-k54327934,-7.9961086e-05,0.0388593,4
14296,17607,brd-k87988402,-1.5532556e-05,0.05689715,5
14297,17608,norcitalopram,-1.0315548e-05,0.022727687,6
14298,17609,cyclizine,1.9100362e-05,0.021584162,4
14299,17610,brd-k68166950,2.1645505e-05,0.032680053,6
14300,17612,brd-k31746020,6.688738e-05,0.077180885,4
14301,17613,brd-k06380515,7.3823765e-05,0.029343236,6
14302,17614,brd-k69280720,0.00010909612,0.08897262,4
14303,17616,brd-k66783461,0.00027144296,0.05123618,5
14304,17617,brd-k14433433,0.00027906545,0.06850996,7
14305,17624,brd-k57397611,0.00046546457,0.04742887,3
14306,17625,cosmosiin,0.00047783722,0.06491515,8
14307,17626,brd-k27293696,0.0004872777,0.05291073,5
14308,17628,brd-k58826761,0.0005270344,0.047168422,3
14309,17629,brd-k37407046,0.00055520074,0.0031225088,3
14310,17631,brd-k08502366,0.0006033269,0.07248233,5
14311,17632,brd-k33385950,0.0006914385,0.07367191,3
14312,17635,brd-k85667327,0.000722747,0.028532762,5
14313,17642,brd-k31538032,0.0008796957,0.046137165,3
14314,17645,brd-k06397242,0.000964144,0.05326429,6
14315,17648,brd-k40734828,0.0009928306,0.027868249,4
14316,17652,brd-k65851733,0.0010676964,0.053139977,6
14317,17654,brd-k53780220,0.0010838794,0.1534476,11
14318,17655,brd-k75353513,0.0011762185,0.07296562,4
14319,17658,brd-k39887954,0.0012431877,0.07750969,3
14320,17659,brd-k98622504,0.0012699526,0.059564356,3
14321,17660,brd-k98607641,0.0012891341,0.13105956,4
14322,17663,brd-k44475992,0.001344644,0.019511875,5
14323,17665,brd-k45319854,0.0013762743,0.114630714,4
14324,17666,brd-k19818442,0.0013817664,0.037721287,7
14325,17667,brd-k33668351,0.0013929203,0.10900551,4
14326,17670,brd-k11677408,0.001516715,0.010413018,3
14327,17671,brd-k21453542,0.0015250059,0.007757667,3
14328,17672,brd-k16479870,0.0015592964,0.16812171,4
14329,17673,brd-k15260875,0.0015651279,0.02674211,4
14330,17674,brd-k40496631,0.001587148,0.09353189,3
14331,17680,brd-k82121314,0.0017707666,0.067292504,4
14332,17686,felbinac,0.0019199478,0.036891602,4
14333,17689,brd-k68359762,0.0019425247,0.09218997,3
14334,17693,brd-k11957915,0.0019681982,0.027451074,3
14335,17694,brd-k17003857,0.0020025112,0.10214194,3
14336,17697,bisphenol-a,0.0020572403,0.10600798,3
14337,17698,brd-k63711119,0.0020598064,0.117477566,3
14338,17701,brd-k95982530,0.002110834,0.027179318,4
14339,17705,brd-k28576143,0.0022277336,0.013197608,4
14340,17706,brd-k11401713,0.002239977,0.07088014,4
14341,17707,brd-k49534870,0.0022609993,0.07639526,5
14342,17710,brd-k23217353,0.0023147112,0.029388752,5
14343,17713,brd-k08725381,0.002355719,0.06853935,3
14344,17714,brd-k95790481,0.0023785818,0.046737976,5
14345,17715,vancomycin,0.0023923307,0.089456834,4
14346,17716,brd-k40098720,0.0024226818,0.060851328,6
14347,17717,alcuronium,0.0024636579,0.06294506,4
14348,17719,brd-k42595694,0.0025258965,0.029169947,5
14349,17720,brd-k74042281,0.0025807896,0.067085706,4
14350,17722,brd-k79145303,0.0026448588,0.15820199,4
14351,17723,brd-k36627189,0.002654151,0.030240817,5
14352,17728,brd-k10055851,0.0028447493,0.03271417,4
14353,17729,sa-97378,0.0028870362,0.15176159,12
14354,17734,brd-k79382100,0.0030768632,0.06346937,4
14355,17735,brd-k57502578,0.0031363042,0.03459642,4
14356,17736,brd-k76243153,0.003149284,0.05778036,5
14357,17737,brd-k20898254,0.003164976,0.0913087,3
14358,17738,brd-k86427056,0.0031777418,0.02544557,4
14359,17739,brd-k91565112,0.0031927081,0.025721876,3
14360,17742,brd-k51579714,0.0032484096,0.09996536,3
14361,17743,brd-k84336022,0.0033079262,0.038373142,6
14362,17744,brd-k40258090,0.003314179,0.090543516,7
14363,17746,brd-k01711704,0.0033797761,0.09467694,4
14364,17747,brd-k76712687,0.0034034054,0.02879396,4
14365,17750,brd-k68350686,0.0035629722,0.06952377,3
14366,17752,brd-k92333822,0.0036168387,0.0381205,3
14367,17754,brd-k09796735,0.0036463167,0.0631412,4
14368,17757,brd-k91892860,0.003691467,0.052596793,6
14369,17759,brd-k77006185,0.0037502155,0.034218926,7
14370,17760,brd-k24167577,0.003765197,0.05792941,4
14371,17761,brd-k19873942,0.003768182,0.037527673,3
14372,17763,brd-k75085700,0.0038275265,0.048294276,3
14373,17764,brd-k12089955,0.0038577998,0.044975523,3
14374,17766,brd-k20725229,0.003935772,0.05149866,4
14375,17767,brd-k02475229,0.0039390335,0.09204967,4
14376,17768,brd-k31928320,0.0039707366,0.07904428,5
14377,17769,brd-k49047603,0.0039878525,0.088323146,3
14378,17771,brd-k32859585,0.0039929585,0.0060686166,3
14379,17775,brd-k35786295,0.0040441086,0.059823513,4
14380,17778,brd-k97727749,0.0041354657,0.025399867,3
14381,17783,brd-k81654062,0.004219775,0.12260009,4
14382,17784,brd-k26886657,0.0042357114,0.008422982,3
14383,17787,brd-k45956042,0.00429256,0.046628144,5
14384,17791,brd-k34786682,0.004450161,0.021226512,3
14385,17793,brd-k52157979,0.0044986717,0.041868024,3
14386,17794,brd-k58660339,0.004507326,0.07148376,4
14387,17795,brd-k19833084,0.0045582103,0.0886978,4
14388,17796,paromomycin,0.004558658,0.10205777,4
14389,17798,brd-k80648041,0.004600104,0.052963093,4
14390,17804,brd-k93296644,0.0047834995,0.10108141,17
14391,17806,brd-k69431670,0.004838211,0.008122725,3
14392,17808,brd-k45347683,0.004909549,0.055804163,3
14393,17811,brd-k38586507,0.0049530957,0.09911549,5
14394,17813,brd-k93620106,0.004967801,0.031039234,3
14395,17816,brd-k16339566,0.0051676054,0.028847113,3
14396,17819,brd-k59230034,0.005286752,0.06124324,5
14397,17820,sa-90544,0.0052911844,0.108765796,14
14398,17821,brd-k63832750,0.005448518,0.045989342,4
14399,17822,brd-k05931533,0.0054537617,0.04105633,4
14400,17825,brd-k83242582,0.005534513,0.036191903,3
14401,17831,brd-k32550888,0.0057434617,0.03409937,3
14402,17833,brd-k65608865,0.005767279,0.04203561,4
14403,17834,brd-k70459579,0.0057750093,0.06806133,3
14404,17836,brd-k55293774,0.005806517,0.06895868,4
14405,17837,brd-k21232697,0.0058839032,0.06948896,4
14406,17840,brd-k77144489,0.0059598335,0.1875744,4
14407,17843,brd-k56244259,0.0060534123,0.018052833,3
14408,17846,brd-k36938987,0.0061793285,0.048869655,5
14409,17849,brd-k45223163,0.0062298714,0.08328939,3
14410,17850,brd-k45295352,0.006238387,0.066912815,4
14411,17851,brd-k30098855,0.0062429537,0.055288233,5
14412,17852,brd-k86638751,0.0062530064,0.07316315,4
14413,17856,brd-k46760727,0.0064089643,0.19688934,4
14414,17857,brd-k37728465,0.0064096036,0.21685934,4
14415,17860,brd-k00845702,0.0065032206,0.039785653,3
14416,17862,brd-k98668154,0.006540092,0.07325296,4
14417,17863,brd-k88965984,0.006570353,0.092962146,3
14418,17866,brd-k15600521,0.00660215,0.15114208,4
14419,17869,brd-k13119088,0.0067011267,0.048123803,4
14420,17872,brd-k13765840,0.0068264618,0.054044396,3
14421,17873,brd-k36620425,0.0068526864,0.061040178,8
14422,17875,brd-k21200579,0.0068872776,0.0082169995,3
14423,17877,sulfadimethoxine,0.006923757,0.10341942,4
14424,17879,brd-k01886140,0.006946314,0.09223344,5
14425,17881,brd-k24427624,0.0069748736,0.06599317,6
14426,17882,brd-k70316332,0.0069937003,0.051904388,3
14427,17885,brd-k67763841,0.007043857,0.027187577,5
14428,17888,ioversol,0.0071321954,0.075222895,4
14429,17891,brd-k43031910,0.0073378603,0.06965517,7
14430,17893,brd-k82004360,0.007375029,0.050575018,6
14431,17895,furan,0.007402999,0.079508945,3
14432,17896,brd-k30855709,0.007403231,0.098619804,4
14433,17897,brd-k64302818,0.00740362,0.053652696,6
14434,17902,brd-k72692763,0.0075154486,0.10782692,3
14435,17905,brd-k00474848,0.0075926986,0.0377983,4
14436,17906,brd-k68937877,0.007624099,0.032998662,3
14437,17908,brd-k98062568,0.0076827635,0.029675592,4
14438,17911,brd-k38289428,0.00777425,0.078551754,4
14439,17912,brd-k12126940,0.0077857873,0.05066468,5
14440,17913,brd-k62638625,0.0078032315,0.053548206,6
14441,17915,benzocaine,0.007877217,0.038447186,4
14442,17918,brd-k28530075,0.007943218,0.032191914,4
14443,17919,brd-k98168655,0.007944006,0.0648274,4
14444,17920,brd-k38889985,0.00796524,0.0118118785,3
14445,17921,brd-k64190282,0.007973663,0.105200194,4
14446,17923,brd-k97400656,0.007985464,0.03397924,3
14447,17924,brd-k39014631,0.007996767,0.044308048,3
14448,17928,brd-k01008530,0.008072979,0.028023398,3
14449,17929,brd-k46808525,0.008073795,0.056824435,3
14450,17930,brd-k27718415,0.008101891,0.08758968,4
14451,17931,brd-k32162676,0.008145941,0.027432963,5
14452,17932,sa-1922796,0.00818801,0.22940774,8
14453,17934,brd-k91395443,0.008199437,0.096263744,4
14454,17935,brd-k82502275,0.008302294,0.041132767,4
14455,17938,brd-k35702939,0.008352588,0.06098637,4
14456,17940,brd-k12279187,0.008394335,0.072131604,4
14457,17942,brd-k02522894,0.008399195,0.0784674,4
14458,17945,brd-k99626290,0.008452876,0.026453411,3
14459,17946,brd-k08725721,0.008494229,0.048878886,4
14460,17947,amikacin,0.008621148,0.018310217,3
14461,17948,brd-k79094264,0.008707347,0.067624435,5
14462,17949,brd-k81524996,0.008762314,0.09197282,8
14463,17952,brd-k25980346,0.008810326,0.0526124,4
14464,17953,kdm-103,0.008822503,0.1148273,6
14465,17955,brd-k68597821,0.008906702,0.054480165,4
14466,17956,brd-k23060864,0.0089163035,0.095862456,3
14467,17964,brd-k17800788,0.00908318,0.037773263,3
14468,17965,brd-k64951577,0.009089336,0.05203528,6
14469,17966,brd-k05418735,0.009181948,0.048848376,5
14470,17968,brd-k82204596,0.009389626,0.032782678,4
14471,17969,brd-k76749891,0.009423167,0.1121127,4
14472,17971,brd-k59704843,0.009440584,0.07330921,4
14473,17975,brd-k23688566,0.009522142,0.039007008,4
14474,17980,brd-k70783031,0.0096062375,0.1248619,4
14475,17981,brd-k63164901,0.009636309,0.0778984,4
14476,17984,brd-k82015643,0.00970779,0.08530021,4
14477,17985,brd-k35965314,0.00971003,0.035057344,3
14478,17986,brd-k66046471,0.009797872,0.039823048,3
14479,17987,brd-k98783629,0.009817011,0.011130844,3
14480,17989,brd-k54801580,0.009870114,0.019601652,5
14481,17990,brd-k60863614,0.009881703,0.056016587,5
14482,17996,brd-k82003968,0.010052496,0.040918406,4
14483,17999,brd-k68554461,0.010279959,0.097083434,4
14484,18000,brd-k05841102,0.010281606,0.036426593,5
14485,18002,brd-a78236793,0.010334713,0.05197969,6
14486,18003,brd-k61004012,0.010339741,0.08102733,6
14487,18004,brd-k01572707,0.010355953,0.044140942,4
14488,18006,brd-k56215828,0.010400528,0.07050298,5
14489,18007,brd-k68796015,0.010408322,0.06637545,5
14490,18009,brd-k34799054,0.0104601495,0.070743635,4
14491,18014,diaminoquinazoline,0.010528867,0.07736768,3
14492,18015,ramifenazone,0.010548693,0.11270836,4
14493,18020,brd-k75965029,0.010609154,0.020427382,3
14494,18021,brd-k31194232,0.010622248,0.018927628,3
14495,18022,brd-k71631401,0.010626728,0.03442511,5
14496,18024,brd-k81332148,0.010698808,0.07753618,4
14497,18025,brd-k10388622,0.010698982,0.027989298,4
14498,18027,brd-k72500499,0.01079516,0.025991166,5
14499,18028,brd-k78586486,0.010832578,0.060370866,6
14500,18029,brd-k85410924,0.010845665,0.024225585,3
14501,18031,brd-k16914190,0.010877856,0.03884022,3
14502,18032,brd-k60462241,0.01088918,0.10134595,4
14503,18033,brd-k00472408,0.010911695,0.07511923,5
14504,18035,brd-k01751906,0.010952192,0.041439805,5
14505,18039,brd-k75342738,0.011001955,0.074094936,3
14506,18041,brd-k15778794,0.011072698,0.025467493,4
14507,18042,brd-k86448961,0.0110744275,0.041141726,4
14508,18045,spiramycin,0.011132595,0.024627162,4
14509,18047,brd-k15923694,0.011199232,0.14034209,3
14510,18048,brd-k22416922,0.011224871,0.06321509,3
14511,18049,chlorzoxazone,0.011283401,0.023955496,3
14512,18050,brd-k80324403,0.011344768,0.093889624,4
14513,18052,brd-k10558099,0.0114317415,0.061450377,5
14514,18055,brd-k76494382,0.011466228,0.0732002,3
14515,18057,brd-k24658364,0.011479682,0.073057204,4
14516,18060,brd-k47724214,0.011572432,0.24049562,4
14517,18061,sa-96816,0.011631103,0.18350199,12
14518,18064,aminocaproic-acid,0.01169663,0.063158676,4
14519,18065,atenolol,0.011709684,0.04988353,4
14520,18068,brd-k13448237,0.011797074,0.052867264,4
14521,18071,brd-k89550909,0.011864503,0.057743642,3
14522,18072,brd-k19019278,0.0118887955,0.0750015,3
14523,18078,brd-k65242613,0.012067769,0.13811585,13
14524,18079,brd-k41593073,0.012111437,0.18030727,4
14525,18086,brd-k20154295,0.012263795,0.013789876,5
14526,18087,brd-k61855818,0.012283663,0.07051868,6
14527,18088,brd-k90928795,0.012326412,0.033087146,5
14528,18089,brd-k59899596,0.012370871,0.025552616,3
14529,18090,brd-k57659231,0.012389143,0.103574485,4
14530,18092,brd-k73994412,0.012450788,0.055407677,3
14531,18094,brd-k86112430,0.0125133945,0.056339536,5
14532,18096,brd-k77233343,0.012529339,0.07218839,4
14533,18097,sa-1920756,0.012592043,0.1844412,8
14534,18099,brd-k40997335,0.012642407,0.081280865,4
14535,18101,brd-k00575273,0.012686174,0.07820206,4
14536,18104,brd-k59562667,0.012804556,0.17818594,4
14537,18105,brd-k01241136,0.012807284,0.046899304,4
14538,18106,brd-k14974894,0.012851556,0.08499197,4
14539,18109,brd-k25471349,0.0129066,0.065481946,4
14540,18112,brd-k63521663,0.013035931,0.109400384,5
14541,18113,brd-k15627143,0.013220077,0.03180247,3
14542,18117,brd-k00232157,0.013297893,0.059158046,3
14543,18118,brd-k82053812,0.013310647,0.06737695,3
14544,18119,brd-k78217164,0.013327117,0.05593655,3
14545,18121,brd-k78484446,0.01341909,0.114561796,4
14546,18123,brd-k59076458,0.013482097,0.058983557,4
14547,18125,brd-k32253397,0.013550092,0.102233514,5
14548,18129,brd-a41228941,0.013726105,0.05767098,3
14549,18134,brd-k62447749,0.013861011,0.0856535,3
14550,18135,brd-k07807999,0.013872468,0.062576324,4
14551,18137,sulfamethizole,0.013901087,0.123507015,4
14552,18140,brd-k59870400,0.013917602,0.049884357,3
14553,18141,brd-k50472386,0.013922225,0.03648445,3
14554,18142,brd-k63197664,0.0139399795,0.024341052,3
14555,18144,brd-k56395592,0.013961518,0.04316174,3
14556,18147,brd-k00412766,0.014011961,0.102325425,4
14557,18150,brd-k63030439,0.0141135305,0.06342207,4
14558,18153,brd-k95360473,0.01429384,0.08743614,4
14559,18156,brd-k76909981,0.014402442,0.033893105,3
14560,18157,brd-k10082717,0.014463113,0.04065031,5
14561,18159,brd-k57375725,0.014512931,0.05444196,3
14562,18160,brd-k57873755,0.014544762,0.12507115,3
14563,18161,brd-k26304855,0.014580054,0.13674328,12
14564,18163,brd-k19845538,0.014636459,0.109000854,3
14565,18166,brd-k43460092,0.014735991,0.0315963,5
14566,18167,brd-k30724479,0.014889141,0.06883342,4
14567,18172,brd-k89830699,0.01495872,0.018118236,3
14568,18173,brd-k89715659,0.014989826,0.03487106,4
14569,18174,brd-k93667957,0.0150185805,0.043959275,4
14570,18177,brd-k76224440,0.015080654,0.04542826,3
14571,18178,minocycline,0.0151423365,0.06495011,3
14572,18180,brd-k41430692,0.015172879,0.07834946,3
14573,18181,brd-k60558875,0.015251384,0.04501228,5
14574,18183,brd-k27811024,0.015323973,0.05719785,3
14575,18184,brd-k58918780,0.015351361,0.040623493,6
14576,18190,brd-k07653295,0.015482012,0.059411608,6
14577,18191,brd-k12302379,0.015584357,0.037803616,5
14578,18193,brd-k19696710,0.015699212,0.067692176,4
14579,18195,brd-k80150641,0.015764194,0.042533606,3
14580,18196,guanethidine,0.015792118,0.1402461,3
14581,18197,brd-k99721024,0.015803473,0.058760714,3
14582,18198,brd-k24486079,0.015849574,0.084301084,3
14583,18199,brd-k21627123,0.015859487,0.067680985,3
14584,18200,brd-k52887203,0.015878804,0.07560364,4
14585,18201,brd-k61825138,0.015908735,0.04578654,4
14586,18202,brd-k47119747,0.015924826,0.07657798,3
14587,18203,brd-k30758067,0.01593607,0.01962844,3
14588,18208,brd-k20345035,0.016212646,0.03810258,5
14589,18209,brd-k91969329,0.01621325,0.02619542,3
14590,18210,brd-k91729331,0.016234536,0.1283046,7
14591,18212,brd-k12604570,0.016339915,0.038412243,3
14592,18213,brd-k00391235,0.016366934,0.02195627,4
14593,18214,brd-k05733208,0.016394949,0.08209062,5
14594,18217,brd-k37795473,0.016569931,0.11018103,3
14595,18218,brd-k63964021,0.016607165,0.036434427,4
14596,18221,brd-k19938940,0.01673255,0.07478639,6
14597,18222,brd-k05519665,0.016785152,0.0476204,4
14598,18223,brd-k58969952,0.016794166,0.13314468,8
14599,18225,brd-k91034707,0.016975384,0.08238676,8
14600,18229,brd-k80598371,0.017137956,0.062064826,4
14601,18230,brd-k26755359,0.017140713,0.09959744,5
14602,18231,brd-k91694818,0.017173719,0.078433044,3
14603,18236,brd-k00314651,0.017450547,0.060097992,4
14604,18237,brd-k79437423,0.017500276,0.031252846,4
14605,18241,brd-k62676049,0.017654622,0.055409938,3
14606,18243,brd-k08403039,0.017674528,0.07588889,4
14607,18247,brd-k11293573,0.01774494,0.052031368,3
14608,18249,brd-k26319806,0.01778564,0.07250331,3
14609,18250,brd-k28107603,0.017802022,0.17015938,3
14610,18251,brd-k04076294,0.017805835,0.21391025,4
14611,18255,brd-k65044501,0.017893245,0.068253696,3
14612,18256,brd-k35944454,0.017907042,0.09407014,3
14613,18263,brd-k99750636,0.018225655,0.10096772,4
14614,18266,brd-k87801302,0.01839351,0.044215042,5
14615,18267,brd-k88003242,0.018412007,0.07872496,6
14616,18268,fadrozole,0.018424,0.17292282,3
14617,18269,brd-k64582453,0.018476292,0.11002953,4
14618,18270,brd-k82110567,0.018478777,0.083912164,5
14619,18271,brd-k35410462,0.018510785,0.061597306,3
14620,18273,brd-k34739003,0.01855482,0.07775744,5
14621,18276,brd-k03445781,0.018637948,0.12337838,4
14622,18277,brd-k12957211,0.018674122,0.04939417,3
14623,18280,brd-k16827616,0.018769959,0.123900734,10
14624,18283,brd-k18244645,0.0188298,0.08969063,4
14625,18285,brd-k80806285,0.018982237,0.04307144,4
14626,18288,brd-k93200353,0.019016502,0.06245412,6
14627,18291,brd-k35944577,0.019158872,0.033497628,4
14628,18292,brd-k62590692,0.019168008,0.052706853,3
14629,18298,brd-k14196440,0.01936686,0.043366123,3
14630,18301,brd-k31556224,0.01941712,0.0491798,4
14631,18303,brd-k48193278,0.01948898,0.053235415,5
14632,18304,brd-k03981069,0.019489214,0.06389882,6
14633,18306,brd-k73575094,0.019519038,0.053209033,5
14634,18307,brd-k81821583,0.019535832,0.037749078,3
14635,18310,brd-k04309313,0.019920863,0.072700396,4
14636,18311,brd-k75717096,0.019932026,0.087397456,3
14637,18314,brd-k89034694,0.01998422,0.034357987,4
14638,18316,brd-k34451734,0.020087915,0.021127509,3
14639,18318,brd-k42383812,0.020214919,0.10316653,4
14640,18321,brd-k80398603,0.020277629,0.093573645,7
14641,18325,brd-k24062021,0.020442642,0.028114669,4
14642,18326,brd-k91665395,0.020503307,0.024015546,3
14643,18327,brd-k12132598,0.020510975,0.088843875,4
14644,18333,brd-k74370838,0.020703092,0.038247142,4
14645,18336,brd-k74338856,0.020754064,0.083117336,3
14646,18338,dactinomycin,0.020784108,0.16836697,30
14647,18339,brd-k00585841,0.020803034,0.06034573,3
14648,18341,brd-k17663841,0.020907864,0.14401123,3
14649,18343,brd-k08706435,0.020994166,0.03427615,4
14650,18344,brd-k59194364,0.021003075,0.06713759,5
14651,18349,brd-k51774400,0.021101728,0.07110834,4
14652,18351,brd-k58149752,0.02136201,0.03707552,3
14653,18355,roxarsone,0.021503154,0.04548034,4
14654,18358,brd-k52159901,0.021525806,0.07092498,3
14655,18359,brd-k82909508,0.021534009,0.10810296,4
14656,18360,brd-k94412749,0.021552172,0.13736653,4
14657,18362,brd-k85123694,0.021645363,0.0293747,5
14658,18365,brd-k62384871,0.02185134,0.04948829,5
14659,18368,brd-k37613339,0.021896526,0.14263421,4
14660,18371,brd-k59261663,0.022015454,0.09109042,3
14661,18373,brd-k12057275,0.02205178,0.1030663,3
14662,18376,brd-k12524159,0.022164896,0.042690545,3
14663,18377,brd-k62714403,0.02219772,0.0914186,3
14664,18380,thonzonium,0.022338236,0.05468795,3
14665,18383,brd-k43231198,0.022457832,0.0955278,4
14666,18384,brd-k90466405,0.022479294,0.04013612,4
14667,18385,brd-k85853281,0.022497207,0.14321528,12
14668,18386,brd-k67663786,0.022532446,0.11548636,4
14669,18390,brd-k30706668,0.022722594,0.079667054,3
14670,18395,brd-k84831408,0.022925543,0.062880814,5
14671,18396,brd-k32324469,0.022944873,0.06387587,3
14672,18397,brd-k79435297,0.022956086,0.09687014,3
14673,18398,brd-k02375958,0.023096858,0.08315755,4
14674,18400,brd-k39709536,0.0232861,0.024054488,3
14675,18404,brd-k44079161,0.023351228,0.040802978,4
14676,18405,brd-k49948755,0.023536054,0.07779384,4
14677,18410,brd-k58194762,0.023735436,0.060570538,4
14678,18411,sa-427604,0.02377349,0.17548716,12
14679,18414,brd-k13529284,0.024084643,0.03633204,4
14680,18415,brd-k86780816,0.024097804,0.0349193,7
14681,18417,brd-k09722997,0.024271347,0.11617189,5
14682,18419,brd-k83491689,0.024395451,0.042631455,3
14683,18420,brd-k20824632,0.024474625,0.09097798,6
14684,18422,brd-k75512942,0.024578912,0.061324354,5
14685,18423,brd-k26952068,0.024691958,0.043413077,3
14686,18425,brd-k74042299,0.024755517,0.09416354,4
14687,18426,brd-k00036326,0.024857653,0.034138102,3
14688,18428,brd-k84687999,0.024909629,0.11123678,3
14689,18432,brd-k15505145,0.02518632,0.09487598,3
14690,18434,brd-k41908552,0.025286822,0.05532404,5
14691,18435,cadmium-chloride,0.025326036,0.11340819,3
14692,18436,brd-k80732408,0.025378894,0.072269574,4
14693,18440,brd-k38841486,0.025745953,0.22438976,4
14694,18441,brd-k85644737,0.025763068,0.0520175,4
14695,18442,brd-k73804157,0.025773007,0.028735455,4
14696,18443,brd-k46815273,0.025780408,0.09022028,5
14697,18444,brd-k33236383,0.025827287,0.038106117,3
14698,18445,brd-k59085546,0.025923567,0.03399648,5
14699,18448,brd-k70125131,0.025951937,0.13154787,5
14700,18453,brd-k84447176,0.026307696,0.083223686,6
14701,18454,brd-k14079892,0.026337411,0.08859076,5
14702,18455,brd-k26362026,0.026403746,0.04384545,4
14703,18458,brd-k78173425,0.026475646,0.06500998,3
14704,18459,brd-k99049289,0.02649828,0.046845336,5
14705,18462,brd-k23077259,0.026605882,0.051962852,3
14706,18465,brd-k39475284,0.026704514,0.04694908,3
14707,18467,brd-k36337571,0.026736919,0.04883464,3
14708,18477,brd-k89161054,0.027077178,0.13136883,4
14709,18478,brd-k75265238,0.02713713,0.08042607,4
14710,18480,brd-k09852122,0.02721282,0.045625612,4
14711,18481,brd-k71590271,0.02722934,0.12227379,5
14712,18482,brd-k79222491,0.027274283,0.13495502,12
14713,18486,brd-k66633149,0.027495323,0.11371656,4
14714,18488,brd-k94206926,0.027646178,0.03463556,3
14715,18491,brd-k88269272,0.02766426,0.07332857,3
14716,18493,brd-k29335396,0.027802022,0.090279356,3
14717,18496,brd-k01282863,0.02786868,0.19686219,8
14718,18498,brd-k21159035,0.027947158,0.067810535,3
14719,18499,brd-k11624501,0.02797456,0.077932335,4
14720,18501,brd-k93373675,0.028033493,0.048046205,3
14721,18506,brd-k36424250,0.028253643,0.035840087,3
14722,18515,brd-k84907327,0.028645452,0.077155724,4
14723,18516,brd-k85132040,0.028662166,0.056093633,5
14724,18517,brd-k05688054,0.028690876,0.056380183,4
14725,18520,brd-k94843767,0.028796848,0.09979785,4
14726,18524,brd-k60993486,0.028903294,0.053770795,4
14727,18525,brd-k62465706,0.0289344,0.04036767,4
14728,18529,brd-k59977049,0.029049681,0.08595256,6
14729,18530,brd-k30094073,0.029096663,0.20427811,6
14730,18531,brd-k76624532,0.029101703,0.112784564,3
14731,18535,brd-k62774106,0.029309815,0.06318731,3
14732,18536,brd-k77760488,0.029327521,0.12866104,4
14733,18540,eserine,0.029437015,0.064010225,4
14734,18541,brd-k50605719,0.029443203,0.0353982,3
14735,18546,brd-k62014585,0.02967712,0.114653416,4
14736,18549,brd-k92158425,0.029837588,0.14830339,10
14737,18550,brd-k62839271,0.0298414,0.07094577,4
14738,18561,epirubicin,0.030232528,0.1585361,32
14739,18568,brd-k88701555,0.030367568,0.045755476,5
14740,18571,brd-a98777808,0.030429197,0.09735843,11
14741,18572,brd-k50078508,0.030599326,0.04837235,4
14742,18573,brd-k02076218,0.030678034,0.07134437,3
14743,18576,brd-k96634415,0.030856598,0.1406762,4
14744,18577,propidium,0.030865256,0.1440899,4
14745,18579,brd-k95919017,0.03094282,0.068594255,5
14746,18581,brd-k50281141,0.031008072,0.03178571,3
14747,18584,brd-k87182158,0.031041993,0.04710768,5
14748,18585,brd-k38454082,0.031063674,0.15403008,4
14749,18586,ch-223191,0.031132482,0.14739059,3
14750,18587,brd-k29745382,0.03129003,0.043641042,4
14751,18588,brd-k69735552,0.031324346,0.10525708,4
14752,18590,brd-k46419847,0.03147298,0.03173463,3
14753,18596,brd-k15389391,0.03167862,0.14385405,4
14754,18597,brd-k25804113,0.03168851,0.039214917,3
14755,18599,brd-k69845975,0.031818885,0.038017813,4
14756,18603,brd-k36747900,0.03204399,0.13540123,3
14757,18609,brd-k76820571,0.03223663,0.061758615,4
14758,18616,brd-k61190439,0.032467548,0.09104657,4
14759,18617,brd-k48374441,0.032597255,0.075587966,6
14760,18618,brd-k61533941,0.032620627,0.07347809,4
14761,18621,brd-k30941218,0.032732848,0.096191384,6
14762,18625,brd-k84792586,0.032870233,0.10282277,3
14763,18628,brd-k67780580,0.0329286,0.0772142,4
14764,18630,brd-k74055572,0.032936476,0.110794716,3
14765,18632,brd-k55467482,0.032959912,0.12168728,3
14766,18633,brd-k78525220,0.03296231,0.19013703,6
14767,18637,brd-k14736141,0.03308829,0.037077073,4
14768,18642,brd-k58225827,0.033179816,0.046782076,3
14769,18646,brd-k40690989,0.03323698,0.1662301,4
14770,18647,brd-k64305210,0.033346884,0.13691479,4
14771,18650,brd-k98716460,0.033406846,0.049329847,4
14772,18653,tcdd-dioxin,0.0335267,0.050608624,3
14773,18655,brd-k09080977,0.033558115,0.13364919,3
14774,18658,brd-k20729616,0.03371652,0.039705325,3
14775,18659,brd-k74919500,0.03374087,0.09759881,3
14776,18663,brd-k10812716,0.033875,0.07539037,4
14777,18664,brd-k95995661,0.033878595,0.12696747,3
14778,18668,brd-k02311587,0.034188867,0.051261634,4
14779,18670,brd-k25768791,0.034295622,0.035043366,3
14780,18671,brd-k41723088,0.034318563,0.06416608,4
14781,18675,brd-a53271750,0.034455623,0.09811944,3
14782,18680,c2-dihydroceramide,0.03452816,0.09299516,6
14783,18681,brd-k57759735,0.034638934,0.077227496,6
14784,18682,brd-k31931684,0.03469801,0.11646799,4
14785,18683,brd-k19629349,0.034699857,0.11971964,4
14786,18685,chromomycin-a3,0.03477244,0.114621736,15
14787,18686,brd-k25481209,0.03482666,0.10320046,3
14788,18688,brd-k35522326,0.034943067,0.045140747,5
14789,18689,brd-k26586614,0.035075407,0.12463506,3
14790,18691,brd-k13307254,0.035256356,0.064705744,5
14791,18692,brd-k00801770,0.03532923,0.09283531,4
14792,18696,brd-k65481562,0.03550508,0.066061206,4
14793,18697,brd-k67925802,0.03558086,0.08786525,4
14794,18698,brd-k81858524,0.035702314,0.21641009,4
14795,18701,brd-k76436920,0.035821382,0.08117429,4
14796,18707,brd-k94224651,0.036043383,0.13148814,4
14797,18712,brd-k40329609,0.036245815,0.06451809,12
14798,18715,brd-k93410934,0.036282435,0.10741918,4
14799,18717,brd-a58924247,0.036333483,0.14729537,12
14800,18720,brd-k10846167,0.03649899,0.1289881,11
14801,18725,brd-k60474245,0.036696713,0.10227013,3
14802,18728,brd-k84807441,0.03687331,0.08767164,4
14803,18732,brd-k31569005,0.037215326,0.054013904,3
14804,18734,brd-k29785890,0.0373733,0.07045943,5
14805,18739,brd-k90630790,0.037532706,0.04893246,4
14806,18743,brd-k33013391,0.037642933,0.088334635,5
14807,18746,brd-k46959535,0.03776869,0.12863258,3
14808,18747,brd-k32290015,0.037833408,0.10985026,3
14809,18752,brd-k67187917,0.038068555,0.055930063,3
14810,18753,brd-k79906422,0.038107675,0.043746665,3
14811,18764,brd-k73334096,0.0387023,0.06755544,4
14812,18766,sa-243423,0.038766395,0.10193728,8
14813,18769,brd-k40249559,0.038914293,0.084574215,7
14814,18774,brd-k42863614,0.039401595,0.15008447,5
14815,18776,brd-k68496959,0.03944676,0.051684193,3
14816,18781,brd-k61873274,0.039785292,0.113615125,4
14817,18785,brd-k09977695,0.040067896,0.05145172,3
14818,18789,brd-k76150628,0.040379245,0.074971944,3
14819,18790,brd-k13701195,0.04039533,0.10167721,4
14820,18791,brd-k81146569,0.040402967,0.04132641,3
14821,18792,brd-k95718241,0.04049319,0.08723713,4
14822,18798,brd-k82210103,0.04074365,0.061638825,4
14823,18802,brd-k04570341,0.040799,0.051775437,4
14824,18810,brd-k47419679,0.04135482,0.3159362,4
14825,18811,brd-k42419992,0.04164055,0.11373816,4
14826,18812,brd-k72583129,0.041716065,0.052798025,3
14827,18813,brd-k79962460,0.04175274,0.053171754,5
14828,18815,brd-k24595067,0.04186714,0.06835846,3
14829,18818,brd-k83577967,0.041912094,0.06066836,5
14830,18820,brd-k44916273,0.042034015,0.09463573,10
14831,18826,brd-k07107626,0.042342648,0.06257197,4
14832,18829,brd-k42800143,0.042494137,0.060735226,3
14833,18832,brd-k06725890,0.042632546,0.06734979,3
14834,18833,brd-k77328005,0.042638563,0.088809595,5
14835,18837,brd-k89896024,0.04307287,0.055818107,3
14836,18838,brd-k26785978,0.043279536,0.07436753,4
14837,18843,brd-k96482472,0.043690253,0.074874505,4
14838,18844,brd-k51394868,0.043739945,0.081254944,3
14839,18845,brd-k90338784,0.043740436,0.09891157,4
14840,18847,arbutin,0.043802395,0.048432052,4
14841,18848,debrisoquine,0.043807026,0.24919467,3
14842,18849,brd-k79490177,0.04392747,0.09439215,4
14843,18851,brd-k36721554,0.044017415,0.13633971,5
14844,18852,brd-k07888312,0.044017978,0.056111515,3
14845,18855,brd-k89299922,0.044175502,0.055232957,4
14846,18861,brd-k47906330,0.044281192,0.1258862,4
14847,18862,brd-k88908047,0.044314176,0.094493456,4
14848,18864,brd-k71894218,0.044488773,0.111887924,4
14849,18866,brd-k75234292,0.04456217,0.051064044,4
14850,18872,brd-k98370047,0.044810668,0.06351693,5
14851,18877,brd-k97748657,0.0449595,0.13256049,3
14852,18879,sr-48692,0.04498945,0.07543874,6
14853,18880,brd-k95196306,0.04503533,0.07733935,4
14854,18881,brd-k60151881,0.04506986,0.08128275,4
14855,18888,brd-k85957472,0.045648135,0.07981271,4
14856,18890,erythrosine,0.045829944,0.22007406,22
14857,18891,brd-k03438483,0.045837194,0.06891035,3
14858,18893,sertindole,0.04592985,0.08560549,4
14859,18897,brd-k88686946,0.0462658,0.05644459,4
14860,18899,brd-k22070096,0.04631782,0.08945919,4
14861,18900,brd-k45760843,0.046322685,0.0677704,3
14862,18905,brd-k63938446,0.046794195,0.18334585,3
14863,18906,brd-k60002786,0.046824474,0.12855767,3
14864,18910,brd-k16121755,0.047136597,0.1337843,4
14865,18912,brd-k37563991,0.047248922,0.1794842,3
14866,18916,brd-k62875000,0.047499835,0.04751552,3
14867,18919,brd-k08043024,0.04757876,0.08013304,3
14868,18920,brd-k56664261,0.047626037,0.12947881,4
14869,18922,brd-k95488738,0.047704883,0.09979444,6
14870,18923,brd-k01780082,0.04774493,0.067521304,3
14871,18940,brd-k20281332,0.048509955,0.079703644,7
14872,18941,brd-k05391634,0.048519157,0.06412928,4
14873,18943,brd-k95462612,0.048706714,0.06734346,3
14874,18948,brd-k79184162,0.048837483,0.060986035,4
14875,18952,brd-k21558506,0.04916346,0.1200661,4
14876,18954,brd-k46714753,0.049290765,0.08575575,4
14877,18955,brd-k48723823,0.0493584,0.1640875,4
14878,18956,brd-k98194519,0.04943245,0.06263581,3
14879,18961,brd-k76252019,0.05002759,0.068996474,3
14880,18963,methyl-hydantoin,0.050161347,0.10354413,4
14881,18964,brd-k05322955,0.05017998,0.11015872,4
14882,18969,brd-k97924280,0.050521113,0.11014509,5
14883,18971,brd-k80472474,0.050680455,0.11285547,3
14884,18979,brd-k92827116,0.050961208,0.06735247,3
14885,18980,brd-k86217343,0.051007982,0.13760033,4
14886,18981,brd-k59255802,0.051055096,0.11971211,5
14887,18984,methoxychlor,0.051203795,0.17056069,3
14888,18986,brd-k39435863,0.051249094,0.08748712,3
14889,18988,brd-k43621195,0.051507954,0.10049982,4
14890,18989,brd-k61543740,0.051688295,0.068862915,4
14891,18999,brd-k27998900,0.052282296,0.08750357,3
14892,19007,brd-k94034047,0.052943945,0.09498724,4
14893,19017,brd-k83365102,0.053357556,0.091338456,3
14894,19018,brd-k31045868,0.053417582,0.071649164,3
14895,19020,brd-k30377297,0.05352983,0.08099466,4
14896,19024,brd-k18793708,0.053797685,0.05688013,3
14897,19025,brd-k20652606,0.053842753,0.05849179,3
14898,19026,brd-k88384060,0.053857185,0.101578146,4
14899,19032,brd-k82365559,0.0545768,0.09949749,4
14900,19033,brd-k77995433,0.054580975,0.06293529,4
14901,19035,brd-k60144416,0.054686863,0.0726828,6
14902,19037,brd-k54029516,0.05482645,0.056749146,3
14903,19048,brd-k86569253,0.055436004,0.06524719,3
14904,19056,brd-k86694468,0.055721816,0.1281362,5
14905,19061,brd-k04613932,0.056123637,0.06652555,3
14906,19068,brd-k90365097,0.056924257,0.0727365,3
14907,19071,brd-k22166546,0.05732709,0.07479719,3
14908,19072,brd-k90734182,0.057329804,0.119534224,4
14909,19073,brd-k65067638,0.057345793,0.06685035,3
14910,19077,brd-k65393151,0.057798598,0.07617883,5
14911,19085,brd-k74327009,0.05847207,0.10752341,3
14912,19086,brd-k84421421,0.058518663,0.071661286,3
14913,19091,brd-k72425572,0.05916114,0.13594511,4
14914,19092,brd-k48914099,0.05930241,0.08462764,3
14915,19101,brd-k66809950,0.060234107,0.08761913,3
14916,19106,brd-k45033698,0.060504895,0.11560807,4
14917,19108,trolox,0.060887977,0.14061835,4
14918,19109,brd-k70868165,0.06095547,0.10967525,4
14919,19110,betaescin,0.06101429,0.083284646,4
14920,19114,brd-k60151092,0.06117175,0.079000965,4
14921,19116,brd-k68906258,0.06131192,0.09680914,5
14922,19119,tolnaftate,0.06170174,0.24391235,3
14923,19121,brd-k58469266,0.06175326,0.1411419,4
14924,19132,lomefloxacin,0.06253175,0.18887813,3
14925,19135,brd-k40813780,0.06303944,0.13202316,3
14926,19138,brd-k63987424,0.06322847,0.07081023,4
14927,19140,brd-k70588377,0.06338145,0.105678044,3
14928,19145,brd-k53740625,0.0637837,0.11362289,4
14929,19147,brd-k89793492,0.06384743,0.08521361,3
14930,19152,brd-k35628245,0.06415428,0.123627186,4
14931,19153,brd-k45231869,0.06419551,0.09804486,3
14932,19154,brd-k01896723,0.06421243,0.14224976,10
14933,19155,brd-k78300612,0.064436264,0.09183611,4
14934,19168,brd-k17976466,0.06506493,0.09118823,3
14935,19169,brd-k19268781,0.065085225,0.08800003,3
14936,19177,brd-k67794838,0.06554074,0.1048443,4
14937,19181,brd-m36167927,0.06586817,0.08900504,6
14938,19184,brd-k85134515,0.06617675,0.13849089,5
14939,19186,iq1,0.066318996,0.10355541,6
14940,19195,brd-k22649335,0.06705697,0.07888879,3
14941,19197,brd-k74569352,0.06712617,0.15689445,4
14942,19207,brd-k81814927,0.068076424,0.12228033,11
14943,19208,brd-k40461288,0.06809223,0.14045148,4
14944,19209,brd-k33832590,0.068097375,0.075049035,3
14945,19211,brd-k30160673,0.0682418,0.1318397,4
14946,19215,brd-k63946052,0.0684149,0.10506487,4
14947,19222,brd-k60520051,0.06868979,0.112483375,3
14948,19225,brd-k88352433,0.068910055,0.08259305,3
14949,19227,brd-k34095629,0.06901941,0.1458588,4
14950,19229,brd-k35979672,0.069352396,0.09256804,4
14951,19232,brd-k55288106,0.069559276,0.0938248,3
14952,19236,brd-k80230516,0.0696684,0.16148114,4
14953,19246,brd-k37957530,0.07090788,0.11530034,4
14954,19249,brd-k69947829,0.07100426,0.12586184,5
14955,19252,lestaurtinib,0.07116693,0.17902094,30
14956,19254,brd-k88819433,0.07121535,0.092082895,5
14957,19256,brd-k68007071,0.07131353,0.10167848,4
14958,19257,brd-k92659561,0.071339704,0.13686964,4
14959,19259,brd-k65315692,0.07150614,0.18541472,4
14960,19262,er-27319,0.07196591,0.16483332,18
14961,19266,brd-k65572849,0.07219854,0.1826118,4
14962,19267,tetrachloroethylene,0.072199725,0.08994135,3
14963,19269,brd-k36232701,0.07226024,0.101143286,4
14964,19270,brd-k03958924,0.07235273,0.09778323,3
14965,19282,brd-k81249055,0.073331736,0.12325225,4
14966,19283,acetazolamide,0.073494345,0.080323204,3
14967,19284,brd-k25214457,0.07352654,0.18724701,4
14968,19285,brd-k74020160,0.073533975,0.11157058,4
14969,19286,brd-k13226037,0.07353945,0.15032844,4
14970,19288,brd-k35727710,0.073794045,0.11339144,3
14971,19291,brd-k06432527,0.073919974,0.17345454,4
14972,19300,brd-k39245862,0.07465102,0.0801721,3
14973,19306,brd-k69343050,0.07505433,0.1257106,3
14974,19308,brd-k86265745,0.0751566,0.16029173,4
14975,19326,brd-k40988761,0.077152014,0.10401227,4
14976,19328,brd-k54864501,0.0774385,0.12626274,3
14977,19330,brd-k01326303,0.077531874,0.10116082,4
14978,19331,brd-a56001686,0.077817634,0.11887494,4
14979,19336,brd-k27467349,0.07809791,0.088703476,3
14980,19339,brd-k63157607,0.07862352,0.19425006,4
14981,19343,brd-k23349860,0.07891857,0.0830686,3
14982,19351,brd-k56242781,0.079555474,0.10195182,3
14983,19353,sa-1921599,0.079923846,0.17462555,8
14984,19354,brd-k06296238,0.07997284,0.13164377,4
14985,19374,brd-k62237490,0.081452124,0.091195635,3
14986,19376,brd-k06973013,0.081543155,0.100558326,4
14987,19378,sk-383933,0.081995785,0.115943596,6
14988,19380,brd-k77681376,0.08218334,0.15210018,9
14989,19388,brd-k52421542,0.0827701,0.09196559,5
14990,19390,brd-k30342454,0.082867585,0.18969816,4
14991,19393,brd-k32605960,0.0830731,0.11498584,3
14992,19395,brd-k81763433,0.0833996,0.09071791,3
14993,19397,ethosuximide,0.08354269,0.1663419,3
14994,19402,brd-k10749532,0.08394054,0.10743797,3
14995,19403,brd-k05885800,0.08407045,0.14332202,4
14996,19404,brd-k52497027,0.08411219,0.11918016,4
14997,19412,brd-k75048204,0.08520978,0.12978625,3
14998,19413,brd-k92434623,0.08521377,0.14692044,4
14999,19415,bisindolylmaleimide-ix,0.085616335,0.16804148,21
15000,19419,brd-k70759550,0.08615774,0.0896273,3
15001,19421,kepone,0.08620089,0.13051426,3
15002,19432,brd-k09926293,0.087221846,0.09556783,3
15003,19433,brd-k40123546,0.08734771,0.107921705,4
15004,19439,brd-k32654925,0.087874,0.08928848,3
15005,19448,brd-m06931697,0.08877989,0.178633,4
15006,19451,brd-k72567746,0.08938243,0.1338666,3
15007,19453,imipenem,0.08944957,0.096254274,4
15008,19458,brd-k92331543,0.09030236,0.10713135,3
15009,19461,brd-k25362512,0.090453856,0.11509985,4
15010,19466,butirosin,0.090744294,0.12016557,4
15011,19484,brd-k40576182,0.09255986,0.17923546,4
15012,19485,brd-k64639565,0.09264836,0.11502907,3
15013,19486,brd-k85642378,0.092970215,0.116160646,6
15014,19487,brd-k30228236,0.09300697,0.09307007,3
15015,19491,brd-k74964997,0.09333429,0.12075905,4
15016,19494,brd-k18999740,0.09350509,0.13105041,4
15017,19498,baclofen,0.09394665,0.10255813,3
15018,19500,brd-k13614235,0.09399326,0.09834284,3
15019,19501,brd-k94672699,0.094481915,0.15043579,3
15020,19514,brd-k64643280,0.09588591,0.14477202,4
15021,19515,brd-k56842656,0.096202195,0.21879837,4
15022,19532,brd-k08123737,0.098509505,0.1205502,4
15023,19534,brd-k40223625,0.09881337,0.11104344,3
15024,19543,brd-k34692511,0.099912845,0.101437174,3
15025,19544,brd-k01575212,0.09992329,0.2214253,4
15026,19545,brd-k59578981,0.10031117,0.12858963,3
15027,19558,brd-k39507536,0.10200125,0.1046215,5
15028,19569,brd-k70397964,0.102697775,0.13172258,4
15029,19574,brd-k16717061,0.10361253,0.20731246,4
15030,19575,cefepime,0.10370828,0.120149106,4
15031,19582,eucatropine,0.10481939,0.19311526,4
15032,19587,brd-k14356875,0.10565972,0.11768084,3
15033,19588,brd-k07748118,0.10568483,0.14367896,4
15034,19591,moroxydine,0.10645056,0.1721855,3
15035,19598,clofilium,0.10773179,0.20032668,3
15036,19607,brd-k50079182,0.10937946,0.19566865,4
15037,19609,brd-k24776817,0.109744444,0.12192943,4
15038,19635,brd-k87888439,0.11390778,0.16688697,4
15039,19647,brd-k37517867,0.11571551,0.14308666,3
15040,19652,brd-k08461556,0.116298795,0.17387018,4
15041,19659,brd-k40397365,0.117489286,0.18031728,8
15042,19660,brd-k73439593,0.11895402,0.19331336,4
15043,19668,zearalenone,0.12068645,0.1215977,3
15044,19673,brd-k94243176,0.12183588,0.1374346,4
15045,19674,peruvoside,0.121836156,0.13347414,6
15046,19678,brd-k93291593,0.122762494,0.13733155,4
15047,19679,brd-k03785392,0.1230113,0.14695925,4
15048,19691,brd-k90619727,0.1262914,0.14746451,4
15049,19693,brd-k23021002,0.12698735,0.19951612,4
15050,19696,brd-k57328348,0.12746225,0.18082109,4
15051,19700,brd-k72561299,0.12896183,0.139658,3
15052,19727,brd-k53174909,0.13689709,0.21807462,3
15053,19729,brd-k50916779,0.1377277,0.18764263,4
15054,19732,brd-k34314104,0.13937661,0.17343684,4
15055,19759,plumbagin,0.15488584,0.1990501,6
15056,19761,brd-k18170480,0.15521157,0.23373714,8
15057,19773,actinomycin-d,0.16910665,0.17385587,3
15058,19778,emodin,0.17197263,0.17208418,3
15059,19808,brd-k17197507,0.21188319,0.22076881,4
